Cód.IBGE_6,Cód.IBGE_7,UF,Município,2020,2021,2022,2023,2024,2025
110001,1100015,RO,Alta Floresta D'Oeste,22'728,22'516,21'494,23'081,22'853,22'787
110002,1100023,RO,Ariquemes,109'523,111'148,96'833,107'677,108'573,109'170
110003,1100031,RO,Cabixi,5'188,5'067,5'351,5'746,5'690,5'664
110004,1100049,RO,Cacoal,85'893,86'416,86'887,96'530,97'637,98'280
110005,1100056,RO,Cerejeiras,16'204,16'088,15'890,17'047,16'975,16'966
110006,1100064,RO,Colorado do Oeste,15'544,15'213,15'663,16'806,16'588,16'508
110007,1100072,RO,Corumbiara,7'220,7'052,7'519,8'075,8'001,7'968
110008,1100080,RO,Costa Marques,18'798,19'255,12'627,13'608,13'522,13'510
110009,1100098,RO,Espigão D'Oeste,32'695,33'009,29'414,32'587,32'717,32'842
110010,1100106,RO,Guajará-Mirim,46'556,46'930,39'387,43'685,43'553,43'594
110011,1100114,RO,Jaru,51'620,51'469,50'591,55'595,55'583,55'682
110012,1100122,RO,Ji-Paraná,130'009,131'026,124'333,138'274,139'359,140'101
110013,1100130,RO,Machadinho D'Oeste,40'867,41'724,30'707,34'046,34'063,34'149
110014,1100148,RO,Nova Brasilândia D'Oeste,20'489,20'504,15'679,16'811,16'504,16'374
110015,1100155,RO,Ouro Preto do Oeste,35'737,35'445,35'044,38'869,38'681,38'684
110018,1100189,RO,Pimenta Bueno,36'881,37'098,35'079,38'856,39'053,39'220
110020,1100205,RO,Porto Velho,539'354,548'952,460'434,511'343,514'873,517'709
110025,1100254,RO,Presidente Médici,18'571,18'165,19'327,20'761,20'518,20'443
110026,1100262,RO,Rio Crespo,3'804,3'843,3'471,3'722,3'753,3'767
110028,1100288,RO,Rolim de Moura,55'407,55'748,56'406,61'885,62'559,62'959
110029,1100296,RO,Santa Luzia D'Oeste,6'216,5'942,7'419,7'977,7'877,7'837
110030,1100304,RO,Vilhena,102'211,104'517,95'832,106'700,108'528,109'651
110032,1100320,RO,São Miguel do Guaporé,23'077,23'147,21'635,22'271,22'267,22'305
110033,1100338,RO,Nova Mamoré,31'392,32'184,25'444,28'166,28'496,28'701
110034,1100346,RO,Alvorada D'Oeste,14'106,13'807,13'117,14'098,13'837,13'720
110037,1100379,RO,Alto Alegre dos Parecis,13'255,13'268,11'479,12'360,12'263,12'237
110040,1100403,RO,Alto Paraíso,21'847,22'258,16'320,17'518,17'463,17'467
110045,1100452,RO,Buritis,40'356,41'043,27'992,31'026,30'729,30'649
110050,1100502,RO,Novo Horizonte do Oeste,8'329,8'125,7'667,8'215,8'056,7'972
110060,1100601,RO,Cacaulândia,6'269,6'307,4'150,4'398,4'345,4'292
110070,1100700,RO,Campo Novo de Rondônia,14'266,14'391,8'844,9'436,9'225,9'095
110080,1100809,RO,Candeias do Jamari,27'388,28'068,22'310,23'947,24'163,24'313
110090,1100908,RO,Castanheiras,2'987,2'923,3'233,3'447,3'456,3'450
110092,1100924,RO,Chupinguaia,11'472,11'755,9'324,10'020,10'129,10'191
110094,1100940,RO,Cujubim,26'183,27'131,14'863,15'926,15'883,15'877
110100,1101005,RO,Governador Jorge Teixeira,7'445,7'130,8'001,8'556,8'420,8'340
110110,1101104,RO,Itapuã do Oeste,10'641,10'819,8'548,9'184,9'209,9'228
110120,1101203,RO,Ministro Andreazza,9'559,9'461,6'466,6'837,6'657,6'519
110130,1101302,RO,Mirante da Serra,10'818,10'691,9'235,9'918,9'740,9'657
110140,1101401,RO,Monte Negro,16'007,16'158,11'548,12'411,12'241,12'168
110143,1101435,RO,Nova União,6'895,6'822,6'200,6'656,6'577,6'541
110145,1101450,RO,Parecis,6'198,6'319,4'125,4'405,4'390,4'372
110146,1101468,RO,Pimenteiras do Oeste,2'148,2'127,2'156,2'286,2'311,2'309
110147,1101476,RO,Primavera de Rondônia,2'776,2'697,3'076,3'282,3'279,3'268
110148,1101484,RO,São Felipe D'Oeste,5'066,4'962,5'258,5'653,5'605,5'588
110149,1101492,RO,São Francisco do Guaporé,20'681,21'088,16'286,17'465,17'511,17'557
110150,1101500,RO,Seringueiras,11'851,11'846,11'171,12'983,12'954,12'965
110155,1101559,RO,Teixeirópolis,4'233,4'160,4'256,4'569,4'536,4'521
110160,1101609,RO,Theobroma,10'395,10'348,8'113,8'692,8'540,8'459
110170,1101708,RO,Urupá,11'272,11'081,10'725,11'533,11'377,11'314
110175,1101757,RO,Vale do Anari,11'377,11'545,7'788,8'358,8'265,8'220
110180,1101807,RO,Vale do Paraíso,6'656,6'490,6'479,6'958,6'843,6'790
120001,1200013,AC,Acrelândia,15'490,15'721,14'021,14'589,14'657,14'712
120005,1200054,AC,Assis Brasil,7'534,7'649,8'100,8'420,8'573,8'648
120010,1200104,AC,Brasiléia,26'702,27'123,26'000,27'491,27'841,28'028
120013,1200138,AC,Bujari,10'420,10'572,12'917,13'431,13'766,13'928
120017,1200179,AC,Capixaba,12'008,12'280,10'392,10'834,10'922,10'981
120020,1200203,AC,Cruzeiro do Sul,89'072,89'760,91'888,97'662,98'382,98'916
120025,1200252,AC,Epitaciolândia,18'696,18'979,18'757,19'496,19'739,19'874
120030,1200302,AC,Feijó,34'884,34'986,35'426,37'572,37'644,37'764
120032,1200328,AC,Jordão,8'473,8'628,9'222,9'567,9'787,9'884
120033,1200336,AC,Mâncio Lima,19'311,19'643,19'294,20'076,20'329,20'479
120034,1200344,AC,Manoel Urbano,9'581,9'701,11'996,12'442,12'776,12'923
120035,1200351,AC,Marechal Thaumaturgo,19'299,19'727,17'093,17'798,17'951,18'057
120038,1200385,AC,Plácido de Castro,19'955,20'147,16'560,17'230,17'127,17'107
120039,1200393,AC,Porto Walter,12'241,12'497,10'735,11'171,11'275,11'333
120040,1200401,AC,Rio Branco,413'418,419'452,364'756,387'662,387'852,389'001
120042,1200427,AC,Rodrigues Alves,19'351,19'767,14'938,15'555,15'537,15'560
120043,1200435,AC,Santa Rosa do Purus,6'717,6'893,6'723,6'942,7'143,7'217
120045,1200450,AC,Senador Guiomard,23'236,23'446,21'454,22'359,22'352,22'402
120050,1200500,AC,Sena Madureira,46'511,47'168,41'343,43'867,43'916,44'049
120060,1200609,AC,Tarauacá,43'151,43'730,43'467,46'058,46'517,46'816
120070,1200708,AC,Xapuri,19'596,19'866,18'243,18'979,19'090,19'170
120080,1200807,AC,Porto Acre,18'824,19'141,16'693,17'381,17'455,17'523
130002,1300029,AM,Alvarães,16'220,16'396,15'866,16'535,16'670,16'806
130006,1300060,AM,Amaturá,11'736,11'934,10'819,11'316,11'411,11'533
130008,1300086,AM,Anamã,13'956,14'292,9'962,10'343,10'318,9'981
130010,1300102,AM,Anori,21'477,21'937,17'194,17'913,17'932,18'056
130014,1300144,AM,Apuí,22'359,22'739,20'647,21'553,21'735,21'781
130020,1300201,AM,Atalaia do Norte,20'398,20'868,15'314,15'921,15'892,15'889
130030,1300300,AM,Autazes,40'290,41'005,41'564,44'419,45'328,45'960
130040,1300409,AM,Barcelos,27'638,27'772,18'834,19'071,18'626,18'210
130050,1300508,AM,Barreirinha,32'483,32'919,31'051,33'141,33'436,33'722
130060,1300607,AM,Benjamin Constant,43'935,44'873,37'648,40'165,40'509,40'908
130063,1300631,AM,Beruri,20'093,20'503,20'718,21'669,22'136,22'495
130068,1300680,AM,Boa Vista do Ramos,19'626,20'040,23'785,24'906,25'769,26'479
130070,1300706,AM,Boca do Acre,34'635,34'958,35'447,37'824,38'246,38'792
130080,1300805,AM,Borba,41'748,42'328,33'080,35'119,34'879,34'869
130083,1300839,AM,Caapiranga,13'283,13'482,13'469,14'109,14'310,14'806
130090,1300904,AM,Canutama,15'807,15'981,16'869,17'646,17'885,18'109
130100,1301001,AM,Carauari,28'508,28'719,28'742,30'674,30'892,31'130
130110,1301100,AM,Careiro,38'348,38'820,30'792,32'697,32'442,32'336
130115,1301159,AM,Careiro da Várzea,30'846,31'459,19'637,20'184,19'809,20'324
130120,1301209,AM,Coari,85'910,86'713,70'616,74'504,73'820,73'576
130130,1301308,AM,Codajás,29'168,29'691,23'549,24'505,24'451,24'572
130140,1301407,AM,Eirunepé,35'700,36'121,33'170,35'395,35'534,35'793
130150,1301506,AM,Envira,20'393,20'748,17'186,17'888,17'920,17'985
130160,1301605,AM,Fonte Boa,17'005,16'409,25'871,27'608,27'875,28'227
130165,1301654,AM,Guajará,16'937,17'193,13'815,14'372,14'332,14'344
130170,1301704,AM,Humaitá,56'144,57'195,57'473,61'079,62'312,63'454
130180,1301803,AM,Ipixuna,30'436,31'172,24'311,25'273,25'458,25'629
130185,1301852,AM,Iranduba,49'011,49'718,61'163,65'278,67'114,68'862
130190,1301902,AM,Itacoatiara,102'701,104'046,103'598,111'102,112'520,113'917
130195,1301951,AM,Itamarati,7'814,7'777,10'937,11'474,11'730,11'956
130200,1302009,AM,Itapiranga,9'230,9'312,10'162,10'640,10'805,10'955
130210,1302108,AM,Japurá,2'251,1'755,8'858,9'263,9'397,9'420
130220,1302207,AM,Juruá,15'106,15'495,10'742,11'162,11'152,11'093
130230,1302306,AM,Jutaí,13'886,13'462,25'172,26'971,27'656,28'202
130240,1302405,AM,Lábrea,46'882,47'685,45'448,48'221,48'927,49'469
130250,1302504,AM,Manacapuru,98'502,99'613,101'883,109'219,110'691,111'751
130255,1302553,AM,Manaquiri,33'049,33'981,17'107,17'445,17'009,16'211
130260,1302603,AM,Manaus,2'219'580,2'255'903,2'063'689,2'255'389,2'279'686,2'303'732
130270,1302702,AM,Manicoré,56'583,57'405,53'914,57'136,57'758,58'018
130280,1302801,AM,Maraã,18'261,18'298,15'529,15'992,15'843,15'815
130290,1302900,AM,Maués,65'040,66'159,61'204,65'026,65'714,66'336
130300,1303007,AM,Nhamundá,21'443,21'710,20'136,20'987,21'106,21'251
130310,1303106,AM,Nova Olinda do Norte,38'026,38'665,27'062,28'621,28'267,28'123
130320,1303205,AM,Novo Airão,19'928,20'395,15'761,16'421,16'467,16'562
130330,1303304,AM,Novo Aripuanã,26'046,26'443,23'818,24'814,24'987,25'325
130340,1303403,AM,Parintins,115'363,116'439,96'372,102'535,101'956,101'855
130350,1303502,AM,Pauini,19'522,19'616,19'373,20'165,20'232,20'229
130353,1303536,AM,Presidente Figueiredo,37'193,38'095,30'668,32'737,33'004,33'291
130356,1303569,AM,Rio Preto da Eva,34'106,34'856,24'936,25'886,25'723,25'364
130360,1303601,AM,Santa Isabel do Rio Negro,25'865,26'566,14'164,14'472,14'176,13'947
130370,1303700,AM,Santo Antônio do Içá,21'243,20'889,28'211,30'140,30'448,30'679
130380,1303809,AM,São Gabriel da Cachoeira,46'303,47'031,51'795,55'039,56'406,57'396
130390,1303908,AM,São Paulo de Olivença,40'073,40'837,32'967,35'120,35'196,35'442
130395,1303957,AM,São Sebastião do Uatumã,14'352,14'678,11'670,12'172,12'247,12'338
130400,1304005,AM,Silves,9'230,9'289,11'559,12'128,12'404,12'619
130406,1304062,AM,Tabatinga,67'182,68'502,66'764,70'982,72'283,73'348
130410,1304104,AM,Tapauá,17'015,16'876,19'599,20'400,20'501,20'728
130420,1304203,AM,Tefé,59'547,59'250,73'669,78'256,79'278,80'137
130423,1304237,AM,Tonantins,18'897,19'038,19'247,20'070,20'224,20'257
130426,1304260,AM,Uarini,13'690,13'839,14'431,15'081,15'278,15'640
130430,1304302,AM,Urucará,16'130,16'007,18'631,19'389,19'505,19'617
130440,1304401,AM,Urucurituba,23'585,24'098,23'945,25'009,25'592,25'965
140002,1400027,RR,Amajari,13'185,13'561,13'927,15'053,15'583,16'112
140005,1400050,RR,Alto Alegre,15'380,15'249,21'096,22'526,23'049,23'589
140010,1400100,RR,Boa Vista,419'652,436'591,413'486,454'980,470'169,485'477
140015,1400159,RR,Bonfim,12'557,12'701,13'923,14'905,15'222,15'570
140017,1400175,RR,Cantá,18'799,19'257,18'682,20'064,20'552,21'102
140020,1400209,RR,Caracaraí,22'283,22'635,20'957,22'198,22'443,22'750
140023,1400233,RR,Caroebe,10'383,10'595,10'656,11'449,11'708,12'004
140028,1400282,RR,Iracema,12'296,12'637,10'023,10'653,10'778,10'937
140030,1400308,RR,Mucajaí,18'172,18'482,18'095,19'281,19'619,20'006
140040,1400407,RR,Normandia,11'532,11'772,13'986,15'171,15'744,16'323
140045,1400456,RR,Pacaraima,18'913,20'108,19'305,21'025,22'104,23'112
140047,1400472,RR,Rorainópolis,30'782,31'387,32'647,35'764,36'747,37'787
140050,1400506,RR,São João da Baliza,8'348,8'492,8'858,9'530,9'727,9'969
140060,1400605,RR,São Luiz,8'110,8'232,7'315,7'733,7'777,7'848
140070,1400704,RR,Uiramutã,10'789,11'014,13'751,14'938,15'571,16'186
150010,1500107,PA,Abaetetuba,159'080,160'439,158'188,169'354,170'999,172'344
150013,1500131,PA,Abel Figueiredo,7'486,7'536,6'136,6'364,6'302,6'275
150020,1500206,PA,Acará,55'669,55'744,59'023,62'311,62'701,63'110
150030,1500305,PA,Afuá,39'567,39'910,37'765,40'008,40'246,40'473
150034,1500347,PA,Água Azul do Norte,27'615,27'797,18'080,18'546,17'960,17'596
150040,1500404,PA,Alenquer,57'092,57'390,69'377,73'171,74'836,75'882
150050,1500503,PA,Almeirim,34'076,34'044,34'280,36'343,36'334,36'442
150060,1500602,PA,Altamira,115'969,117'320,126'279,134'390,136'982,138'749
150070,1500701,PA,Anajás,29'688,30'091,28'011,29'669,30'003,30'247
150080,1500800,PA,Ananindeua,535'547,540'410,478'778,507'841,507'838,509'227
150085,1500859,PA,Anapu,28'607,29'312,31'850,33'715,34'947,35'638
150090,1500909,PA,Augusto Corrêa,46'471,46'937,44'573,47'301,47'596,47'912
150095,1500958,PA,Aurora do Pará,31'773,32'200,23'774,24'610,24'321,24'193
150100,1501006,PA,Aveiro,16'404,16'421,18'290,19'014,19'223,19'380
150110,1501105,PA,Bagre,31'325,31'967,31'892,33'841,34'633,35'147
150120,1501204,PA,Baião,48'459,49'454,51'641,54'561,55'949,56'850
150125,1501253,PA,Bannach,3'262,3'239,4'031,4'193,4'252,4'290
150130,1501303,PA,Barcarena,127'027,129'333,126'650,134'830,137'331,139'076
150140,1501402,PA,Belém,1'499'641,1'506'420,1'303'403,1'407'017,1'398'531,1'397'315
150145,1501451,PA,Belterra,17'839,17'944,18'099,18'825,18'954,19'075
150150,1501501,PA,Benevides,63'768,64'780,63'567,67'159,68'191,68'962
150157,1501576,PA,Bom Jesus do Tocantins,17'118,17'254,18'005,18'811,18'958,19'129
150160,1501600,PA,Bonito,16'530,16'769,12'622,13'095,12'998,12'961
150170,1501709,PA,Bragança,128'914,130'122,123'082,130'919,131'679,132'489
150172,1501725,PA,Brasil Novo,14'983,14'883,24'718,25'691,26'606,27'130
150175,1501758,PA,Brejo Grande do Araguaia,7'368,7'357,6'783,7'051,6'985,6'966
150178,1501782,PA,Breu Branco,67'332,68'597,45'712,48'145,47'351,47'066
150180,1501808,PA,Breves,103'497,104'280,106'968,113'690,115'051,116'058
150190,1501907,PA,Bujaru,29'427,29'717,24'383,25'256,25'112,25'065
150195,1501956,PA,Cachoeira do Piriá,34'609,35'307,19'630,20'127,19'578,19'223
150200,1502004,PA,Cachoeira do Arari,24'064,24'355,23'981,24'923,25'243,25'467
150210,1502103,PA,Cametá,139'364,140'814,134'184,142'692,143'837,144'859
150215,1502152,PA,Canaã dos Carajás,38'103,39'103,77'079,80'767,86'629,89'524
150220,1502202,PA,Capanema,69'431,69'828,70'394,74'270,74'808,75'309
150230,1502301,PA,Capitão Poço,54'425,54'545,56'506,59'606,59'960,60'318
150240,1502400,PA,Castanhal,203'251,205'667,192'256,205'882,207'603,209'126
150250,1502509,PA,Chaves,23'948,24'175,20'757,21'497,21'487,21'501
150260,1502608,PA,Colares,12'131,12'175,12'868,13'430,13'526,13'625
150270,1502707,PA,Conceição do Araguaia,47'991,48'115,44'617,47'300,47'099,47'144
150275,1502756,PA,Concórdia do Pará,33'781,34'236,26'881,28'426,28'287,28'270
150276,1502764,PA,Cumaru do Norte,13'761,14'044,14'036,14'586,14'937,15'150
150277,1502772,PA,Curionópolis,17'846,17'764,19'950,20'786,20'859,20'975
150280,1502806,PA,Curralinho,34'994,35'530,33'903,35'946,36'451,36'814
150285,1502855,PA,Curuá,14'587,14'776,14'117,14'680,14'834,14'954
150290,1502905,PA,Curuçá,40'584,41'093,41'262,43'889,44'413,44'880
150293,1502939,PA,Dom Eliseu,60'469,61'206,58'484,61'780,62'322,62'823
150295,1502954,PA,Eldorado do Carajás,33'940,34'069,28'192,29'874,29'425,29'287
150300,1503002,PA,Faro,7'070,6'949,8'728,9'070,9'125,9'167
150304,1503044,PA,Floresta do Araguaia,20'525,20'742,17'898,18'625,18'565,18'595
150307,1503077,PA,Garrafão do Norte,26'111,26'155,24'703,25'650,25'552,25'558
150309,1503093,PA,Goianésia do Pará,41'081,41'678,26'362,27'780,27'059,26'703
150310,1503101,PA,Gurupá,33'755,34'127,31'786,33'687,33'922,34'137
150320,1503200,PA,Igarapé-Açu,39'023,39'234,35'797,37'877,37'855,37'925
150330,1503309,PA,Igarapé-Miri,63'036,63'367,64'831,68'444,68'955,69'446
150340,1503408,PA,Inhangapi,11'861,12'009,10'325,10'733,10'754,10'784
150345,1503457,PA,Ipixuna do Pará,65'625,67'170,30'329,31'060,30'158,29'264
150350,1503507,PA,Irituia,32'595,32'639,30'955,32'775,32'698,32'740
150360,1503606,PA,Itaituba,101'395,101'541,123'314,131'070,133'684,135'369
150370,1503705,PA,Itupiranga,53'355,53'439,49'754,52'587,52'187,52'201
150375,1503754,PA,Jacareacanga,7'590,6'952,24'042,24'799,26'006,26'579
150380,1503804,PA,Jacundá,59'842,60'517,37'707,39'537,38'391,37'726
150390,1503903,PA,Juruti,58'960,59'961,50'881,53'683,53'952,54'255
150400,1504000,PA,Limoeiro do Ajuru,29'282,29'623,29'569,31'348,31'778,32'088
150405,1504059,PA,Mãe do Rio,30'235,30'389,34'353,36'465,37'048,37'473
150410,1504109,PA,Magalhães Barata,8'573,8'598,8'115,8'414,8'428,8'439
150420,1504208,PA,Marabá,283'542,287'664,266'533,286'445,288'513,290'975
150430,1504307,PA,Maracanã,29'516,29'559,25'971,27'417,27'207,27'129
150440,1504406,PA,Marapanim,28'450,28'563,26'573,28'092,28'105,28'159
150442,1504422,PA,Marituba,133'685,135'812,111'785,118'804,118'998,119'437
150445,1504455,PA,Medicilândia,31'975,32'347,27'094,28'691,28'633,28'677
150450,1504505,PA,Melgaço,27'890,28'121,27'881,29'561,29'846,30'080
150460,1504604,PA,Mocajuba,31'530,31'917,27'198,28'802,28'821,28'903
150470,1504703,PA,Moju,83'182,84'251,84'094,89'474,90'795,91'760
150475,1504752,PA,Mojuí dos Campos,16'184,16'282,23'501,24'471,25'312,25'818
150480,1504802,PA,Monte Alegre,58'162,58'289,60'012,63'302,63'641,64'002
150490,1504901,PA,Muaná,40'906,41'454,45'368,47'910,48'955,49'648
150495,1504950,PA,Nova Esperança do Piriá,21'444,21'519,20'478,21'274,21'259,21'304
150497,1504976,PA,Nova Ipixuna,16'854,17'027,13'955,14'541,14'417,14'400
150500,1505007,PA,Nova Timboteua,15'506,15'646,12'806,13'290,13'204,13'175
150503,1505031,PA,Novo Progresso,25'766,25'769,33'638,35'621,36'518,37'054
150506,1505064,PA,Novo Repartimento,77'214,78'488,60'732,64'191,63'754,63'796
150510,1505106,PA,Óbidos,52'306,52'473,52'229,55'106,55'271,55'527
150520,1505205,PA,Oeiras do Pará,32'850,33'182,33'844,35'910,36'377,36'734
150530,1505304,PA,Oriximiná,74'016,74'921,68'294,72'097,72'460,72'889
150540,1505403,PA,Ourém,17'961,18'079,17'855,18'579,18'675,18'783
150543,1505437,PA,Ourilândia do Norte,33'335,33'831,32'467,34'538,34'905,35'252
150548,1505486,PA,Pacajá,48'414,49'110,41'097,43'665,43'594,43'741
150549,1505494,PA,Palestina do Pará,7'582,7'575,6'885,7'153,7'086,7'063
150550,1505502,PA,Paragominas,114'503,115'838,105'550,112'299,112'843,113'498
150553,1505536,PA,Parauapebas,213'576,218'787,267'836,286'345,298'854,305'771
150555,1505551,PA,Pau D'Arco,5'410,5'339,6'931,7'231,7'296,7'354
150560,1505601,PA,Peixe-Boi,8'081,8'084,8'285,8'641,8'651,8'686
150563,1505635,PA,Piçarra,12'979,12'976,12'832,13'376,13'341,13'366
150565,1505650,PA,Placas,31'659,32'325,18'668,19'137,18'772,18'510
150570,1505700,PA,Ponta de Pedras,31'549,32'007,24'984,25'902,25'767,25'736
150580,1505809,PA,Portel,62'945,63'831,62'503,65'959,66'898,67'580
150590,1505908,PA,Porto de Moz,41'801,42'456,40'597,43'111,43'673,44'121
150600,1506005,PA,Prainha,29'846,29'827,35'577,37'717,38'318,38'733
150610,1506104,PA,Primavera,10'857,10'889,10'851,11'290,11'332,11'379
150611,1506112,PA,Quatipuru,13'702,13'794,11'524,11'953,11'870,11'838
150613,1506138,PA,Redenção,85'563,86'326,85'597,91'171,91'947,92'694
150616,1506161,PA,Rio Maria,18'201,18'208,18'384,19'148,19'129,19'190
150618,1506187,PA,Rondon do Pará,52'803,53'242,53'143,56'339,56'593,57'031
150619,1506195,PA,Rurópolis,51'500,52'473,35'769,37'787,37'360,37'198
150620,1506203,PA,Salinópolis,40'922,41'164,44'772,47'506,48'168,48'663
150630,1506302,PA,Salvaterra,24'075,24'392,24'129,25'105,25'441,25'687
150635,1506351,PA,Santa Bárbara do Pará,21'449,21'811,21'087,21'993,22'288,22'530
150640,1506401,PA,Santa Cruz do Arari,10'314,10'496,7'445,7'699,7'654,7'626
150650,1506500,PA,Santa Izabel do Pará,71'837,72'856,73'019,77'255,78'317,79'195
150655,1506559,PA,Santa Luzia do Pará,19'843,19'839,20'370,21'189,21'217,21'295
150658,1506583,PA,Santa Maria das Barreiras,21'850,22'244,16'548,17'178,17'079,17'065
150660,1506609,PA,Santa Maria do Pará,24'995,25'127,24'624,25'594,25'696,25'815
150670,1506708,PA,Santana do Araguaia,74'419,75'995,32'413,33'171,31'683,30'455
150680,1506807,PA,Santarém,306'480,308'339,331'942,352'581,357'311,360'871
150690,1506906,PA,Santarém Novo,6'753,6'796,6'116,6'342,6'348,6'355
150700,1507003,PA,Santo Antônio do Tauá,31'918,32'346,27'461,29'096,29'134,29'234
150710,1507102,PA,São Caetano de Odivelas,18'129,18'207,16'666,17'282,17'248,17'258
150715,1507151,PA,São Domingos do Araguaia,25'753,25'945,21'092,21'926,21'638,21'555
150720,1507201,PA,São Domingos do Capim,32'139,32'285,30'599,32'472,32'449,32'554
150730,1507300,PA,São Félix do Xingu,132'138,135'732,65'418,68'179,65'957,64'651
150740,1507409,PA,São Francisco do Pará,15'930,15'978,14'894,15'467,15'418,15'429
150745,1507458,PA,São Geraldo do Araguaia,24'705,24'566,24'255,25'220,24'978,24'929
150746,1507466,PA,São João da Ponta,6'217,6'294,4'430,4'548,4'509,4'470
150747,1507474,PA,São João de Pirabas,23'244,23'440,20'689,21'469,21'447,21'477
150750,1507508,PA,São João do Araguaia,14'051,14'105,13'664,14'278,14'246,14'293
150760,1507607,PA,São Miguel do Guamá,59'632,60'268,52'894,55'747,55'798,55'970
150770,1507706,PA,São Sebastião da Boa Vista,26'974,27'302,25'643,27'171,27'441,27'651
150775,1507755,PA,Sapucaia,6'009,6'088,5'847,6'077,6'160,6'212
150780,1507805,PA,Senador José Porfírio,11'480,11'305,22'576,23'428,24'441,24'989
150790,1507904,PA,Soure,25'565,25'752,24'204,25'149,25'218,25'315
150795,1507953,PA,Tailândia,108'969,111'554,72'493,76'033,75'526,75'290
150796,1507961,PA,Terra Alta,11'847,11'971,10'400,10'816,10'815,10'837
150797,1507979,PA,Terra Santa,18'917,19'063,18'782,19'508,19'667,19'792
150800,1508001,PA,Tomé-Açu,64'030,64'604,67'585,71'307,72'326,73'058
150803,1508035,PA,Tracuateua,31'257,31'549,28'595,30'329,30'373,30'494
150805,1508050,PA,Trairão,19'168,19'344,15'242,15'748,15'619,15'550
150808,1508084,PA,Tucumã,40'136,40'661,39'550,42'000,42'480,42'883
150810,1508100,PA,Tucuruí,115'144,116'605,91'306,97'217,96'238,96'119
150812,1508126,PA,Ulianópolis,60'761,62'286,37'972,40'040,39'576,39'360
150815,1508159,PA,Uruará,45'435,45'395,43'558,46'140,45'939,45'962
150820,1508209,PA,Vigia,54'172,54'650,50'832,53'609,53'806,54'062
150830,1508308,PA,Viseu,61'751,62'093,58'692,61'962,61'970,62'189
150835,1508357,PA,Vitória do Xingu,15'279,15'421,15'607,16'250,16'414,16'552
150840,1508407,PA,Xinguara,45'086,45'416,52'893,55'913,56'999,57'768
160005,1600055,AP,Serra do Navio,5'488,5'577,4'673,4'943,4'986,5'003
160010,1600105,AP,Amapá,9'187,9'265,7'943,8'451,8'434,8'440
160015,1600154,AP,Pedra Branca do Amapari,17'067,17'625,12'847,13'604,13'798,13'888
160020,1600204,AP,Calçoene,11'306,11'493,10'612,11'268,11'391,11'461
160021,1600212,AP,Cutias,6'101,6'217,4'461,4'730,4'725,4'723
160023,1600238,AP,Ferreira Gomes,7'967,8'151,6'666,7'082,7'145,7'184
160025,1600253,AP,Itaubal,5'617,5'730,5'599,5'936,6'043,6'097
160027,1600279,AP,Laranjal do Jari,51'362,52'302,35'114,38'462,37'969,37'872
160030,1600303,AP,Macapá,512'902,522'357,442'933,484'629,487'200,489'676
160040,1600402,AP,Mazagão,22'053,22'468,21'924,23'214,23'575,23'773
160050,1600501,AP,Oiapoque,27'906,28'534,27'482,29'856,30'481,30'786
160053,1600535,AP,Porto Grande,22'452,22'927,17'848,18'971,18'988,19'048
160055,1600550,AP,Pracuúba,5'246,5'370,3'803,4'033,4'042,4'048
160060,1600600,AP,Santana,123'096,124'808,107'618,118'128,118'353,118'803
160070,1600709,AP,Tartarugalzinho,17'769,18'217,12'945,13'797,13'785,13'816
160080,1600808,AP,Vitória do Jari,16'254,16'572,11'291,12'020,11'922,11'899
170025,1700251,TO,Abreulândia,2'594,2'609,2'576,2'633,2'668,2'682
170030,1700301,TO,Aguiarnópolis,6'892,7'049,4'497,4'560,4'537,4'502
170035,1700350,TO,Aliança do Tocantins,5'346,5'303,5'147,5'252,5'222,5'196
170040,1700400,TO,Almas,6'979,6'905,6'499,6'601,6'542,6'483
170070,1700707,TO,Alvorada,8'396,8'381,8'802,9'065,9'094,9'128
170100,1701002,TO,Ananás,9'492,9'435,10'325,10'641,10'662,10'700
170105,1701051,TO,Angico,3'454,3'475,2'876,2'922,2'918,2'903
170110,1701101,TO,Aparecida do Rio Negro,4'848,4'901,4'856,5'024,5'067,5'110
170130,1701309,TO,Aragominas,5'731,5'705,5'290,5'398,5'360,5'330
170190,1701903,TO,Araguacema,7'155,7'223,5'927,6'050,6'039,6'022
170200,1702000,TO,Araguaçu,8'467,8'418,8'133,8'323,8'273,8'242
170210,1702109,TO,Araguaína,183'381,186'245,171'301,179'778,181'493,183'024
170215,1702158,TO,Araguanã,5'793,5'856,4'310,4'363,4'338,4'300
170220,1702208,TO,Araguatins,36'170,36'573,31'918,33'238,33'205,33'286
170230,1702307,TO,Arapoema,6'616,6'590,5'550,5'627,5'553,5'488
170240,1702406,TO,Arraias,10'534,10'502,10'287,10'558,10'522,10'511
170255,1702554,TO,Augustinópolis,18'643,18'870,17'484,18'031,18'128,18'237
170270,1702703,TO,Aurora do Tocantins,3'783,3'809,3'342,3'424,3'420,3'418
170290,1702901,TO,Axixá do Tocantins,9'787,9'817,10'262,10'586,10'663,10'732
170300,1703008,TO,Babaçulândia,10'666,10'668,7'880,7'929,7'779,7'636
170305,1703057,TO,Bandeirantes do Tocantins,3'592,3'631,3'407,3'481,3'534,3'555
170307,1703073,TO,Barra do Ouro,4'632,4'673,4'476,4'611,4'641,4'667
170310,1703107,TO,Barrolândia,5'651,5'669,4'846,4'948,4'915,4'890
170320,1703206,TO,Bernardo Sayão,4'448,4'439,4'229,4'319,4'316,4'307
170330,1703305,TO,Bom Jesus do Tocantins,5'008,5'120,4'038,4'133,4'181,4'201
170360,1703602,TO,Brasilândia do Tocantins,2'211,2'221,1'974,2'001,2'016,2'013
170370,1703701,TO,Brejinho de Nazaré,5'519,5'540,4'725,4'810,4'796,4'774
170380,1703800,TO,Buriti do Tocantins,11'497,11'644,10'307,10'632,10'654,10'696
170382,1703826,TO,Cachoeirinha,2'284,2'293,1'961,1'977,1'991,1'982
170384,1703842,TO,Campos Lindos,10'312,10'505,8'653,8'901,8'951,8'990
170386,1703867,TO,Cariri do Tocantins,4'441,4'499,4'007,4'117,4'147,4'166
170388,1703883,TO,Carmolândia,2'603,2'627,2'201,2'236,2'246,2'242
170389,1703891,TO,Carrasco Bonito,4'130,4'165,3'318,3'354,3'362,3'344
170390,1703909,TO,Caseara,5'442,5'514,4'847,4'976,5'009,5'028
170410,1704105,TO,Centenário,2'936,2'966,2'131,2'139,2'135,2'111
170460,1704600,TO,Chapada de Areia,1'410,1'415,1'501,1'522,1'563,1'574
170510,1705102,TO,Chapada da Natividade,3'331,3'330,3'117,3'162,3'182,3'176
170550,1705508,TO,Colinas do Tocantins,35'851,36'271,34'233,35'678,35'957,36'209
170555,1705557,TO,Combinado,4'861,4'870,4'756,4'889,4'896,4'906
170560,1705607,TO,Conceição do Tocantins,4'087,4'070,3'887,3'958,3'956,3'942
170600,1706001,TO,Couto Magalhães,5'639,5'690,5'331,5'493,5'515,5'540
170610,1706100,TO,Cristalândia,7'278,7'268,6'371,6'490,6'437,6'392
170625,1706258,TO,Crixás do Tocantins,1'735,1'749,1'470,1'474,1'499,1'494
170650,1706506,TO,Darcinópolis,6'174,6'250,5'827,6'003,6'054,6'093
170700,1707009,TO,Dianópolis,22'424,22'704,17'739,18'145,18'031,17'966
170710,1707108,TO,Divinópolis do Tocantins,6'943,6'986,7'024,7'255,7'297,7'343
170720,1707207,TO,Dois Irmãos do Tocantins,7'185,7'173,6'327,6'449,6'395,6'352
170730,1707306,TO,Dueré,4'686,4'686,4'248,4'338,4'321,4'304
170740,1707405,TO,Esperantina,11'139,11'280,7'530,7'617,7'493,7'385
170755,1707553,TO,Fátima,3'830,3'824,3'467,3'512,3'520,3'503
170765,1707652,TO,Figueirópolis,5'243,5'222,5'211,5'339,5'336,5'334
170770,1707702,TO,Filadélfia,8'874,8'892,7'712,7'891,7'823,7'784
170820,1708205,TO,Formoso do Araguaia,18'399,18'358,18'881,19'419,19'428,19'473
170825,1708254,TO,Tabocão,2'602,2'615,3'455,3'587,3'676,3'741
170830,1708304,TO,Goianorte,5'130,5'136,4'738,4'846,4'840,4'832
170900,1709005,TO,Goiatins,13'095,13'169,12'433,12'785,12'816,12'851
170930,1709302,TO,Guaraí,26'165,26'403,24'775,25'560,25'681,25'831
170950,1709500,TO,Gurupi,87'545,88'428,85'125,88'921,89'574,90'209
170980,1709807,TO,Ipueiras,2'052,2'088,1'590,1'605,1'627,1'626
171050,1710508,TO,Itacajá,7'452,7'471,6'819,6'984,6'969,6'959
171070,1710706,TO,Itaguatins,5'832,5'801,5'172,5'260,5'206,5'160
171090,1710904,TO,Itapiratins,3'795,3'814,3'577,3'645,3'679,3'685
171110,1711100,TO,Itaporã do Tocantins,2'420,2'412,2'404,2'447,2'464,2'464
171150,1711506,TO,Jaú do Tocantins,3'878,3'906,3'334,3'409,3'403,3'396
171180,1711803,TO,Juarina,2'184,2'174,2'243,2'275,2'305,2'308
171190,1711902,TO,Lagoa da Confusão,13'676,13'989,15'288,15'852,16'312,16'629
171195,1711951,TO,Lagoa do Tocantins,4'393,4'470,3'516,3'583,3'610,3'613
171200,1712009,TO,Lajeado,3'167,3'199,3'357,3'459,3'520,3'559
171215,1712157,TO,Lavandeira,1'954,1'984,1'626,1'644,1'673,1'676
171240,1712405,TO,Lizarda,3'733,3'727,2'999,3'007,2'991,2'950
171245,1712454,TO,Luzinópolis,3'154,3'200,2'717,2'778,2'803,2'811
171250,1712504,TO,Marianópolis do Tocantins,5'254,5'332,4'615,4'743,4'772,4'793
171270,1712702,TO,Mateiros,2'729,2'773,2'748,2'813,2'888,2'922
171280,1712801,TO,Maurilândia do Tocantins,3'448,3'470,3'095,3'151,3'171,3'171
171320,1713205,TO,Miracema do Tocantins,17'936,17'628,18'566,18'980,18'787,18'679
171330,1713304,TO,Miranorte,13'493,13'551,12'701,13'071,13'056,13'073
171360,1713601,TO,Monte do Carmo,8'066,8'182,5'694,5'775,5'722,5'667
171370,1713700,TO,Monte Santo do Tocantins,2'295,2'311,2'396,2'454,2'500,2'521
171380,1713809,TO,Palmeiras do Tocantins,6'745,6'830,4'872,4'939,4'897,4'850
171395,1713957,TO,Muricilândia,3'587,3'623,3'367,3'454,3'485,3'501
171420,1714203,TO,Natividade,9'250,9'256,8'754,8'982,8'961,8'956
171430,1714302,TO,Nazaré,3'834,3'772,4'521,4'656,4'660,4'672
171488,1714880,TO,Nova Olinda,11'917,12'014,10'367,10'655,10'609,10'600
171500,1715002,TO,Nova Rosalândia,4'304,4'348,3'362,3'397,3'403,3'382
171510,1715101,TO,Novo Acordo,4'397,4'450,3'969,4'069,4'102,4'118
171515,1715150,TO,Novo Alegre,2'332,2'332,1'846,1'835,1'841,1'817
171525,1715259,TO,Novo Jardim,2'745,2'768,2'230,2'241,2'263,2'251
171550,1715507,TO,Oliveira de Fátima,1'118,1'124,1'164,1'175,1'211,1'220
171570,1715705,TO,Palmeirante,6'131,6'234,4'798,4'920,4'909,4'905
171575,1715754,TO,Palmeirópolis,7'676,7'694,6'975,7'151,7'119,7'104
171610,1716109,TO,Paraíso do Tocantins,51'891,52'521,52'360,54'515,55'164,55'704
171620,1716208,TO,Paranã,10'437,10'426,10'542,10'864,10'854,10'877
171630,1716307,TO,Pau D'Arco,4'867,4'885,4'043,4'102,4'085,4'057
171650,1716505,TO,Pedro Afonso,13'773,13'964,14'055,14'545,14'731,14'895
171660,1716604,TO,Peixe,11'873,11'996,9'317,9'523,9'438,9'384
171665,1716653,TO,Pequizeiro,5'512,5'546,4'921,5'045,5'038,5'035
171670,1716703,TO,Colméia,8'141,8'078,8'941,9'184,9'158,9'155
171700,1717008,TO,Pindorama do Tocantins,4'430,4'414,4'478,4'596,4'596,4'599
171720,1717206,TO,Piraquê,3'033,3'038,2'282,2'267,2'265,2'229
171750,1717503,TO,Pium,7'743,7'830,7'128,7'336,7'375,7'408
171780,1717800,TO,Ponte Alta do Bom Jesus,4'591,4'586,4'220,4'317,4'295,4'280
171790,1717909,TO,Ponte Alta do Tocantins,8'116,8'192,7'586,7'817,7'842,7'874
171800,1718006,TO,Porto Alegre do Tocantins,3'170,3'200,2'866,2'920,2'953,2'960
171820,1718204,TO,Porto Nacional,53'316,53'618,64'418,67'201,68'555,69'551
171830,1718303,TO,Praia Norte,8'498,8'563,9'044,9'368,9'460,9'552
171840,1718402,TO,Presidente Kennedy,3'676,3'668,3'047,3'069,3'051,3'016
171845,1718451,TO,Pugmil,2'717,2'746,2'193,2'213,2'231,2'223
171850,1718501,TO,Recursolândia,4'342,4'389,3'421,3'466,3'471,3'454
171855,1718550,TO,Riachinho,4'684,4'723,3'960,4'038,4'039,4'029
171865,1718659,TO,Rio da Conceição,2'171,2'211,1'768,1'790,1'822,1'827
171870,1718709,TO,Rio dos Bois,2'856,2'879,2'738,2'791,2'833,2'845
171875,1718758,TO,Rio Sono,6'488,6'498,4'841,4'861,4'798,4'718
171880,1718808,TO,Sampaio,4'794,4'876,4'215,4'335,4'372,4'397
171884,1718840,TO,Sandolândia,3'373,3'371,3'723,3'844,3'873,3'900
171886,1718865,TO,Santa Fé do Araguaia,7'595,7'678,7'216,7'445,7'489,7'533
171888,1718881,TO,Santa Maria do Tocantins,3'486,3'537,2'680,2'715,2'726,2'716
171889,1718899,TO,Santa Rita do Tocantins,2'386,2'407,2'219,2'248,2'291,2'299
171890,1718907,TO,Santa Rosa do Tocantins,4'846,4'864,4'653,4'756,4'789,4'799
171900,1719004,TO,Santa Tereza do Tocantins,2'897,2'928,2'781,2'839,2'889,2'907
172000,1720002,TO,Santa Terezinha do Tocantins,2'530,2'530,2'406,2'439,2'463,2'461
172010,1720101,TO,São Bento do Tocantins,5'391,5'457,5'654,5'869,5'936,6'004
172015,1720150,TO,São Félix do Tocantins,1'598,1'610,1'783,1'832,1'875,1'897
172020,1720200,TO,São Miguel do Tocantins,12'294,12'445,13'241,13'743,13'939,14'116
172025,1720259,TO,São Salvador do Tocantins,3'094,3'106,2'385,2'385,2'385,2'356
172030,1720309,TO,São Sebastião do Tocantins,4'852,4'898,4'100,4'195,4'189,4'182
172049,1720499,TO,São Valério,3'904,3'848,4'422,4'546,4'547,4'554
172065,1720655,TO,Silvanópolis,5'428,5'452,5'108,5'234,5'252,5'259
172080,1720804,TO,Sítio Novo do Tocantins,8'997,8'965,10'830,11'209,11'334,11'446
172085,1720853,TO,Sucupira,1'986,2'007,1'577,1'577,1'599,1'591
172090,1720903,TO,Taguatinga,16'825,16'966,14'011,14'337,14'247,14'199
172093,1720937,TO,Taipas do Tocantins,2'166,2'183,2'021,2'061,2'086,2'092
172097,1720978,TO,Talismã,2'812,2'831,2'456,2'484,2'509,2'505
172100,1721000,TO,Palmas,306'296,313'349,302'692,319'558,323'625,328'499
172110,1721109,TO,Tocantínia,7'617,7'688,7'459,7'677,7'751,7'802
172120,1721208,TO,Tocantinópolis,22'845,22'820,22'615,23'235,23'203,23'225
172125,1721257,TO,Tupirama,1'922,1'952,1'909,1'961,2'003,2'024
172130,1721307,TO,Tupiratins,2'729,2'785,1'874,1'895,1'897,1'886
172208,1722081,TO,Wanderlândia,11'734,11'783,10'522,10'799,10'751,10'734
172210,1722107,TO,Xambioá,11'520,11'500,10'517,10'765,10'683,10'636
210005,2100055,MA,Açailândia,113'121,113'783,106'550,110'521,110'506,110'611
210010,2100105,MA,Afonso Cunha,6'578,6'631,6'144,6'276,6'296,6'303
210015,2100154,MA,Água Doce do Maranhão,12'652,12'731,12'142,12'423,12'446,12'461
210020,2100204,MA,Alcântara,22'112,22'126,18'467,19'060,18'774,18'721
210030,2100303,MA,Aldeias Altas,26'757,26'979,23'286,23'855,23'782,23'776
210040,2100402,MA,Altamira do Maranhão,8'189,8'250,6'447,6'644,6'565,6'549
210043,2100436,MA,Alto Alegre do Maranhão,27'858,28'066,24'048,24'705,24'543,24'528
210047,2100477,MA,Alto Alegre do Pindaré,31'943,31'967,25'710,26'883,26'411,26'321
210050,2100501,MA,Alto Parnaíba,11'212,11'233,11'109,11'360,11'382,11'392
210055,2100550,MA,Amapá do Maranhão,7'005,7'047,7'170,7'307,7'364,7'380
210060,2100600,MA,Amarante do Maranhão,41'729,42'017,37'085,38'471,38'333,38'335
210070,2100709,MA,Anajatuba,26'988,27'170,25'322,26'184,26'221,26'250
210080,2100808,MA,Anapurus,15'894,16'054,13'793,14'149,14'111,14'113
210083,2100832,MA,Apicum-Açu,17'413,17'582,17'519,17'815,17'984,18'033
210087,2100873,MA,Araguanã,15'551,15'675,11'181,11'567,11'347,11'297
210090,2100907,MA,Araioses,46'771,47'095,39'052,40'614,40'278,40'231
210095,2100956,MA,Arame,32'764,32'825,25'517,26'634,26'191,26'089
210100,2101004,MA,Arari,29'932,30'014,29'472,30'494,30'521,30'555
210110,2101103,MA,Axixá,12'183,12'234,11'790,12'076,12'079,12'091
210120,2101202,MA,Bacabal,104'790,105'094,103'711,107'392,107'620,107'755
210125,2101251,MA,Bacabeira,17'252,17'446,16'966,17'267,17'414,17'459
210130,2101301,MA,Bacuri,18'654,18'726,16'290,16'729,16'610,16'591
210135,2101350,MA,Bacurituba,5'670,5'696,5'252,5'381,5'374,5'375
210140,2101400,MA,Balsas,95'929,96'951,101'767,104'507,106'094,105'974
210150,2101509,MA,Barão de Grajaú,18'924,19'026,18'984,19'385,19'458,19'493
210160,2101608,MA,Barra do Corda,88'492,88'895,84'532,87'633,87'672,87'757
210170,2101707,MA,Barreirinhas,63'217,63'891,65'589,67'172,67'999,68'234
210173,2101731,MA,Belágua,7'528,7'586,8'460,8'553,8'716,8'751
210177,2101772,MA,Bela Vista do Maranhão,11'279,11'347,11'750,11'989,12'073,12'104
210180,2101806,MA,Benedito Leite,5'638,5'643,5'469,5'595,5'597,5'599
210190,2101905,MA,Bequimão,21'299,21'317,19'584,20'121,19'983,19'968
210193,2101939,MA,Bernardo do Mearim,6'073,6'102,5'840,5'975,5'983,5'989
210197,2101970,MA,Boa Vista do Gurupi,8'382,8'494,7'574,7'751,7'769,7'781
210200,2102002,MA,Bom Jardim,41'822,42'010,33'100,34'567,34'035,33'936
210203,2102036,MA,Bom Jesus das Selvas,34'567,35'095,28'599,29'653,29'588,29'606
210207,2102077,MA,Bom Lugar,16'438,16'578,12'212,12'619,12'414,12'371
210210,2102101,MA,Brejo,36'651,36'900,34'120,35'337,35'322,35'354
210215,2102150,MA,Brejo de Areia,9'014,8'841,9'218,9'492,9'387,9'363
210220,2102200,MA,Buriti,28'798,28'916,29'685,30'596,30'799,30'866
210230,2102309,MA,Buriti Bravo,23'939,23'993,22'455,23'049,22'940,22'938
210232,2102325,MA,Buriticupu,72'983,73'595,55'499,57'827,56'896,56'733
210235,2102358,MA,Buritirana,15'467,15'503,12'918,13'326,13'157,13'125
210237,2102374,MA,Cachoeira Grande,9'478,9'524,9'732,9'908,10'004,10'032
210240,2102408,MA,Cajapió,11'216,11'255,10'121,10'404,10'342,10'336
210250,2102507,MA,Cajari,19'451,19'521,16'412,16'889,16'711,16'680
210255,2102556,MA,Campestre do Maranhão,14'453,14'530,12'301,12'649,12'553,12'536
210260,2102606,MA,Cândido Mendes,20'278,20'376,19'932,20'366,20'413,20'440
210270,2102705,MA,Cantanhede,22'117,22'236,24'303,24'679,24'976,25'059
210275,2102754,MA,Capinzal do Norte,10'935,10'937,11'374,11'620,11'664,11'681
210280,2102804,MA,Carolina,24'165,24'151,24'062,24'650,24'606,24'619
210290,2102903,MA,Carutapera,23'952,24'095,24'238,24'726,24'855,24'906
210300,2103000,MA,Caxias,165'525,166'159,156'973,163'476,163'428,163'546
210310,2103109,MA,Cedral,10'693,10'711,10'208,10'468,10'444,10'446
210312,2103125,MA,Central do Maranhão,8'740,8'806,7'094,7'293,7'233,7'220
210315,2103158,MA,Centro do Guilherme,13'670,13'876,12'342,12'594,12'668,12'693
210317,2103174,MA,Centro Novo do Maranhão,21'840,22'056,16'267,16'755,16'529,16'477
210320,2103208,MA,Chapadinha,80'195,80'705,81'386,83'675,84'202,84'395
210325,2103257,MA,Cidelândia,14'777,14'855,12'878,13'250,13'152,13'141
210330,2103307,MA,Codó,123'116,123'368,114'275,118'783,118'295,118'283
210340,2103406,MA,Coelho Neto,49'621,49'804,41'658,43'393,42'918,42'841
210350,2103505,MA,Colinas,41'312,41'443,40'316,41'703,41'745,41'788
210355,2103554,MA,Conceição do Lago-Açu,16'400,16'559,14'915,15'263,15'264,15'278
210360,2103604,MA,Coroatá,65'544,65'788,59'566,61'632,61'351,61'337
210370,2103703,MA,Cururupu,32'626,32'559,31'558,32'752,32'608,32'602
210375,2103752,MA,Davinópolis,12'916,12'923,14'404,14'645,14'788,14'828
210380,2103802,MA,Dom Pedro,23'372,23'393,23'053,23'596,23'579,23'594
210390,2103901,MA,Duque Bacelar,11'401,11'451,10'223,10'494,10'448,10'443
210400,2104008,MA,Esperantinópolis,17'104,16'971,18'311,18'762,18'725,18'734
210405,2104057,MA,Estreito,42'527,43'097,33'294,34'582,34'353,34'321
210407,2104073,MA,Feira Nova do Maranhão,8'484,8'506,8'048,8'247,8'236,8'237
210408,2104081,MA,Fernando Falcão,10'460,10'559,10'873,11'040,11'184,11'219
210409,2104099,MA,Formosa da Serra Negra,19'258,19'425,17'719,18'154,18'133,18'150
210410,2104107,MA,Fortaleza dos Nogueiras,12'647,12'662,12'640,12'929,12'951,12'963
210420,2104206,MA,Fortuna,17'790,17'812,16'976,17'389,17'346,17'347
210430,2104305,MA,Godofredo Viana,11'963,12'104,10'186,10'428,10'422,10'424
210440,2104404,MA,Gonçalves Dias,17'944,17'953,17'206,17'634,17'579,17'580
210450,2104503,MA,Governador Archer,10'886,10'931,10'231,10'472,10'472,10'476
210455,2104552,MA,Governador Edison Lobão,18'520,18'740,18'411,18'734,18'908,18'963
210460,2104602,MA,Governador Eugênio Barros,14'656,14'703,13'930,14'289,14'258,14'264
210462,2104628,MA,Governador Luiz Rocha,7'844,7'878,7'063,7'245,7'219,7'216
210465,2104651,MA,Governador Newton Bello,10'151,10'121,10'713,10'972,10'981,10'993
210467,2104677,MA,Governador Nunes Freire,25'539,25'502,23'128,23'829,23'563,23'526
210470,2104701,MA,Graça Aranha,6'261,6'261,6'023,6'169,6'161,6'160
210480,2104800,MA,Grajaú,70'065,70'692,73'872,75'640,76'578,76'837
210490,2104909,MA,Guimarães,11'997,11'966,10'290,10'608,10'470,10'439
210500,2105005,MA,Humberto de Campos,28'932,29'143,25'680,26'656,26'546,26'550
210510,2105104,MA,Icatu,27'269,27'423,24'794,25'419,25'332,25'332
210515,2105153,MA,Igarapé do Meio,14'324,14'470,13'974,14'275,14'350,14'383
210520,2105203,MA,Igarapé Grande,11'387,11'453,10'231,10'506,10'463,10'461
210530,2105302,MA,Imperatriz,259'337,259'980,273'110,283'028,285'146,285'806
210535,2105351,MA,Itaipava do Grajaú,16'005,16'158,13'828,14'201,14'143,14'142
210540,2105401,MA,Itapecuru Mirim,68'723,69'233,60'440,62'497,62'269,62'264
210542,2105427,MA,Itinga do Maranhão,26'068,26'134,22'513,23'152,22'934,22'896
210545,2105450,MA,Jatobá,10'310,10'464,7'471,7'670,7'610,7'593
210547,2105476,MA,Jenipapo dos Vieiras,17'040,17'123,17'076,17'407,17'499,17'529
210550,2105500,MA,João Lisboa,23'740,23'677,24'709,25'280,25'287,25'311
210560,2105609,MA,Joselândia,16'198,16'228,14'924,15'315,15'235,15'227
210565,2105658,MA,Junco do Maranhão,4'392,4'334,5'146,5'259,5'275,5'282
210570,2105708,MA,Lago da Pedra,50'616,50'959,44'403,46'083,45'875,45'865
210580,2105807,MA,Lago do Junco,10'869,10'900,9'506,9'781,9'700,9'687
210590,2105906,MA,Lago Verde,16'314,16'369,14'769,15'164,15'077,15'069
210592,2105922,MA,Lagoa do Mato,11'265,11'280,10'572,10'847,10'809,10'806
210594,2105948,MA,Lago dos Rodrigues,8'857,8'841,8'758,8'990,8'961,8'962
210596,2105963,MA,Lagoa Grande do Maranhão,11'464,11'534,11'411,11'655,11'710,11'731
210598,2105989,MA,Lajeado Novo,7'602,7'653,7'057,7'225,7'227,7'232
210600,2106003,MA,Lima Campos,11'918,11'943,11'297,11'586,11'558,11'559
210610,2106102,MA,Loreto,12'214,12'271,11'597,11'889,11'876,11'884
210620,2106201,MA,Luís Domingues,6'984,7'016,7'161,7'296,7'351,7'366
210630,2106300,MA,Magalhães de Almeida,20'029,20'228,13'807,14'276,14'001,13'933
210632,2106326,MA,Maracaçumé,21'586,21'773,21'149,21'551,21'686,21'730
210635,2106359,MA,Marajá do Sena,7'775,7'757,7'027,7'209,7'165,7'153
210637,2106375,MA,Maranhãozinho,16'511,16'754,13'761,14'092,14'086,14'092
210640,2106409,MA,Mata Roma,16'977,17'122,17'090,17'413,17'537,17'581
210650,2106508,MA,Matinha,23'482,23'591,22'034,22'581,22'530,22'540
210660,2106607,MA,Matões,33'943,34'099,32'174,33'344,33'300,33'327
210663,2106631,MA,Matões do Norte,17'033,17'316,17'432,17'632,17'945,18'021
210667,2106672,MA,Milagres do Maranhão,8'483,8'502,8'818,9'017,9'048,9'065
210670,2106706,MA,Mirador,21'031,21'045,21'030,21'520,21'518,21'536
210675,2106755,MA,Miranda do Norte,28'754,29'121,23'864,24'485,24'377,24'373
210680,2106805,MA,Mirinzal,15'011,15'059,13'978,14'334,14'297,14'298
210690,2106904,MA,Monção,33'664,33'888,27'751,28'897,28'606,28'563
210700,2107001,MA,Montes Altos,9'111,9'064,9'106,9'336,9'309,9'306
210710,2107100,MA,Morros,19'572,19'708,18'554,18'982,18'994,19'015
210720,2107209,MA,Nina Rodrigues,14'642,14'826,14'176,14'402,14'551,14'589
210725,2107258,MA,Nova Colinas,5'427,5'469,5'021,5'138,5'144,5'148
210730,2107308,MA,Nova Iorque,4'682,4'682,4'320,4'415,4'412,4'409
210735,2107357,MA,Nova Olinda do Maranhão,21'080,21'228,14'314,14'826,14'468,14'379
210740,2107407,MA,Olho d'Água das Cunhãs,19'561,19'616,17'919,18'393,18'295,18'288
210745,2107456,MA,Olinda Nova do Maranhão,14'836,14'968,13'577,13'912,13'909,13'921
210750,2107506,MA,Paço do Lumiar,123'747,125'265,145'643,148'800,152'306,153'158
210760,2107605,MA,Palmeirândia,19'781,19'840,21'059,21'453,21'606,21'657
210770,2107704,MA,Paraibano,21'479,21'571,18'274,18'778,18'619,18'589
210780,2107803,MA,Parnarama,35'008,35'108,31'250,32'454,32'256,32'232
210790,2107902,MA,Passagem Franca,19'137,19'253,17'220,17'641,17'592,17'591
210800,2108009,MA,Pastos Bons,19'583,19'693,18'802,19'222,19'246,19'266
210805,2108058,MA,Paulino Neves,16'166,16'295,17'056,17'327,17'523,17'578
210810,2108108,MA,Paulo Ramos,21'066,21'092,20'341,20'852,20'792,20'798
210820,2108207,MA,Pedreiras,39'191,39'153,37'050,38'504,38'267,38'252
210825,2108256,MA,Pedro do Rosário,25'354,25'560,24'320,24'833,24'917,24'955
210830,2108306,MA,Penalva,38'731,38'987,32'511,33'803,33'534,33'496
210840,2108405,MA,Peri Mirim,14'345,14'371,11'108,11'495,11'277,11'229
210845,2108454,MA,Peritoró,23'364,23'530,20'479,21'009,20'910,20'903
210850,2108504,MA,Pindaré-Mirim,33'065,33'186,31'429,32'563,32'521,32'542
210860,2108603,MA,Pinheiro,83'777,84'160,84'621,87'425,87'919,88'091
210870,2108702,MA,Pio XII,21'379,21'274,21'886,22'449,22'369,22'374
210880,2108801,MA,Pirapemas,18'720,18'814,17'714,18'129,18'120,18'132
210890,2108900,MA,Poção de Pedras,17'595,17'321,17'161,17'706,17'444,17'394
210900,2109007,MA,Porto Franco,24'092,24'294,23'903,24'361,24'517,24'571
210905,2109056,MA,Porto Rico do Maranhão,5'955,5'936,5'954,6'105,6'091,6'092
210910,2109106,MA,Presidente Dutra,48'036,48'264,45'155,46'574,46'578,46'606
210920,2109205,MA,Presidente Juscelino,12'838,12'939,11'356,11'642,11'616,11'616
210923,2109239,MA,Presidente Médici,7'070,7'124,4'696,4'838,4'748,4'717
210927,2109270,MA,Presidente Sarney,19'069,19'217,17'511,17'927,17'913,17'925
210930,2109304,MA,Presidente Vargas,11'261,11'328,10'549,10'806,10'791,10'791
210940,2109403,MA,Primeira Cruz,15'431,15'545,13'614,13'981,13'922,13'920
210945,2109452,MA,Raposa,31'177,31'586,30'839,31'666,32'054,32'156
210950,2109502,MA,Riachão,20'334,20'288,22'145,22'616,22'699,22'740
210955,2109551,MA,Ribamar Fiquene,7'825,7'859,7'420,7'601,7'597,7'601
210960,2109601,MA,Rosário,42'994,43'243,38'475,39'913,39'763,39'761
210970,2109700,MA,Sambaíba,5'679,5'686,5'568,5'686,5'701,6'234
210975,2109759,MA,Santa Filomena do Maranhão,7'826,7'878,6'697,6'857,6'839,6'833
210980,2109809,MA,Santa Helena,42'483,42'829,41'561,42'888,43'112,43'200
210990,2109908,MA,Santa Inês,89'489,89'927,85'014,88'126,88'167,88'249
211000,2110005,MA,Santa Luzia,72'887,73'105,57'635,60'114,59'037,58'839
211003,2110039,MA,Santa Luzia do Paruá,25'371,25'487,24'307,24'869,24'870,24'890
211010,2110104,MA,Santa Quitéria do Maranhão,25'764,25'884,23'957,24'551,24'489,24'495
211020,2110203,MA,Santa Rita,38'298,38'732,37'035,38'129,38'446,38'542
211023,2110237,MA,Santana do Maranhão,13'547,13'704,10'567,10'869,10'777,10'759
211027,2110278,MA,Santo Amaro do Maranhão,16'034,16'219,13'949,14'286,14'280,14'287
211030,2110302,MA,Santo Antônio dos Lopes,14'522,14'516,14'304,14'649,14'623,14'628
211040,2110401,MA,São Benedito do Rio Preto,18'717,18'769,18'364,18'784,18'793,18'810
211050,2110500,MA,São Bento,45'604,45'989,46'395,47'610,48'036,48'166
211060,2110609,MA,São Bernardo,28'667,28'825,26'943,27'907,27'887,27'910
211065,2110658,MA,São Domingos do Azeitão,7'420,7'448,7'992,8'149,8'213,8'236
211070,2110708,MA,São Domingos do Maranhão,34'384,34'391,34'034,35'256,35'221,35'247
211080,2110807,MA,São Félix de Balsas,4'562,4'540,4'402,4'511,4'495,4'491
211085,2110856,MA,São Francisco do Brejão,11'941,12'082,9'051,9'308,9'222,9'202
211090,2110906,MA,São Francisco do Maranhão,12'218,12'226,12'064,12'365,12'353,12'360
211100,2111003,MA,São João Batista,20'701,20'736,18'544,19'066,18'909,18'889
211102,2111029,MA,São João do Carú,15'787,15'768,12'251,12'688,12'421,12'360
211105,2111052,MA,São João do Paraíso,11'193,11'207,9'904,10'178,10'105,10'091
211107,2111078,MA,São João do Soter,18'645,18'746,16'889,17'333,17'254,17'253
211110,2111102,MA,São João dos Patos,25'996,26'063,25'020,25'911,25'891,25'910
211120,2111201,MA,São José de Ribamar,179'028,180'345,244'579,250'953,257'414,259'164
211125,2111250,MA,São José dos Basílios,7'640,7'639,6'957,7'144,7'102,7'094
211130,2111300,MA,São Luís,1'108'975,1'115'932,1'037'775,1'088'510,1'088'057,1'089'215
211140,2111409,MA,São Luís Gonzaga do Maranhão,18'727,18'600,17'818,18'349,18'153,18'123
211150,2111508,MA,São Mateus do Maranhão,41'579,41'750,38'829,40'242,40'160,40'177
211153,2111532,MA,São Pedro da Água Branca,12'735,12'779,14'338,14'578,14'736,14'786
211157,2111573,MA,São Pedro dos Crentes,4'684,4'700,5'783,5'856,5'965,5'993
211160,2111607,MA,São Raimundo das Mangabeiras,18'980,19'090,18'672,19'078,19'129,19'158
211163,2111631,MA,São Raimundo do Doca Bezerra,5'131,5'028,5'650,5'798,5'767,5'761
211167,2111672,MA,São Roberto,6'789,6'856,4'544,4'682,4'602,4'577
211170,2111706,MA,São Vicente Ferrer,22'350,22'452,19'498,20'033,19'885,19'865
211172,2111722,MA,Satubinha,14'096,14'274,8'784,9'091,8'880,8'821
211174,2111748,MA,Senador Alexandre Costa,11'214,11'285,10'207,10'457,10'445,10'447
211176,2111763,MA,Senador La Rocque,14'050,13'981,14'700,15'063,15'035,15'044
211178,2111789,MA,Serrano do Maranhão,10'299,10'343,10'202,10'422,10'461,10'475
211180,2111805,MA,Sítio Novo,18'160,18'237,17'074,17'502,17'457,17'464
211190,2111904,MA,Sucupira do Norte,10'634,10'631,10'238,10'490,10'471,10'471
211195,2111953,MA,Sucupira do Riachão,5'676,5'692,4'985,5'107,5'088,5'081
211200,2112001,MA,Tasso Fragoso,8'582,8'642,8'862,9'029,9'106,9'130
211210,2112100,MA,Timbiras,29'183,29'241,26'484,27'476,27'344,27'328
211220,2112209,MA,Timon,170'222,171'317,174'465,180'821,182'241,182'711
211223,2112233,MA,Trizidela do Vale,22'112,22'223,22'484,22'954,23'052,23'097
211227,2112274,MA,Tufilândia,5'854,5'868,5'507,5'643,5'633,5'633
211230,2112308,MA,Tuntum,42'040,42'242,36'251,37'684,37'401,37'364
211240,2112407,MA,Turiaçu,35'709,35'811,37'491,38'618,38'905,38'993
211245,2112456,MA,Turilândia,25'868,26'112,31'638,32'172,33'032,33'219
211250,2112506,MA,Tutóia,59'398,59'927,53'356,55'060,55'041,55'076
211260,2112605,MA,Urbano Santos,33'459,33'791,32'812,33'832,34'060,34'143
211270,2112704,MA,Vargem Grande,57'168,57'813,43'261,45'134,44'540,44'444
211280,2112803,MA,Viana,52'649,52'852,51'442,53'006,53'115,53'176
211285,2112852,MA,Vila Nova dos Martírios,13'598,13'800,10'362,10'658,10'575,10'561
211290,2112902,MA,Vitória do Mearim,32'861,32'956,30'805,31'941,31'851,31'859
211300,2113009,MA,Vitorino Freire,31'522,31'520,30'845,31'981,31'906,31'920
211400,2114007,MA,Zé Doca,51'956,52'190,40'801,42'631,41'943,41'815
220005,2200053,PI,Acauã,7'102,7'119,6'420,6'534,6'515,6'323
220010,2200103,PI,Agricolândia,5'131,5'123,4'940,5'011,5'023,5'016
220020,2200202,PI,Água Branca,17'470,17'525,17'573,17'960,18'033,18'095
220025,2200251,PI,Alagoinha do Piauí,7'665,7'678,6'819,6'932,6'901,6'876
220027,2200277,PI,Alegrete do Piauí,4'918,4'921,4'634,4'702,4'713,4'707
220030,2200301,PI,Alto Longá,14'339,14'371,13'479,13'766,13'734,13'729
220040,2200400,PI,Altos,40'605,40'681,47'453,48'941,49'637,50'094
220045,2200459,PI,Alvorada do Gurguéia,5'445,5'469,5'322,5'428,5'459,5'474
220050,2200509,PI,Amarante,17'604,17'609,17'234,17'590,17'577,17'594
220060,2200608,PI,Angical do Piauí,6'783,6'779,6'827,6'964,6'982,6'991
220070,2200707,PI,Anísio de Abreu,9'938,9'994,9'407,9'607,9'631,9'649
220080,2200806,PI,Antônio Almeida,3'170,3'175,3'152,3'200,3'228,3'234
220090,2200905,PI,Aroazes,5'827,5'819,5'369,5'460,5'433,5'413
220095,2200954,PI,Aroeiras do Itaim,2'551,2'551,2'690,2'738,2'766,2'777
220100,2201002,PI,Arraial,4'720,4'713,4'520,4'597,4'593,4'517
220105,2201051,PI,Assunção do Piauí,7'863,7'879,7'452,7'612,7'597,7'596
220110,2201101,PI,Avelino Lopes,11'326,11'361,10'866,11'106,11'106,11'118
220115,2201150,PI,Baixa Grande do Ribeiro,11'671,11'751,13'272,13'579,13'838,13'983
220117,2201176,PI,Barra D'Alcântara,3'952,3'953,3'995,4'070,4'091,4'099
220120,2201200,PI,Barras,47'185,47'298,47'938,49'340,49'533,49'703
220130,2201309,PI,Barreiras do Piauí,3'352,3'356,3'264,3'305,3'334,3'336
220140,2201408,PI,Barro Duro,7'027,7'022,6'640,6'759,6'744,6'731
220150,2201507,PI,Batalha,26'905,26'951,26'300,27'108,27'123,27'129
220155,2201556,PI,Bela Vista do Piauí,4'030,4'044,4'091,4'160,4'208,4'225
220157,2201572,PI,Belém do Piauí,3'587,3'607,3'423,3'477,3'508,3'515
220160,2201606,PI,Beneditinos,10'473,10'479,9'929,10'142,10'104,10'093
220170,2201705,PI,Bertolínia,5'507,5'512,5'562,5'680,5'701,5'715
220173,2201739,PI,Betânia do Piauí,6'210,6'214,6'220,6'341,6'368,6'596
220177,2201770,PI,Boa Hora,6'815,6'848,6'902,7'069,7'108,7'140
220180,2201804,PI,Bocaina,4'505,4'509,4'078,4'149,4'131,4'118
220190,2201903,PI,Bom Jesus,25'387,25'584,28'796,29'841,30'321,30'658
220191,2201919,PI,Bom Princípio do Piauí,5'651,5'670,5'636,5'753,5'786,5'805
220192,2201929,PI,Bonfim do Piauí,5'685,5'700,5'913,6'039,6'089,6'117
220194,2201945,PI,Boqueirão do Piauí,6'426,6'443,6'545,6'702,6'728,6'751
220196,2201960,PI,Brasileira,8'347,8'364,8'436,8'619,8'658,8'684
220198,2201988,PI,Brejo do Piauí,3'848,3'824,3'904,3'965,3'969,3'964
220200,2202000,PI,Buriti dos Lopes,19'807,19'832,19'654,20'034,20'096,20'130
220202,2202026,PI,Buriti dos Montes,8'264,8'282,7'434,7'560,7'538,7'517
220205,2202059,PI,Cabeceiras do Piauí,10'630,10'671,10'212,10'437,10'449,10'466
220207,2202075,PI,Cajazeiras do Piauí,3'573,3'586,3'108,3'135,3'146,3'135
220208,2202083,PI,Cajueiro da Praia,7'674,7'704,7'957,8'131,8'203,8'246
220209,2202091,PI,Caldeirão Grande do Piauí,5'781,5'786,5'503,5'595,5'605,5'602
220210,2202109,PI,Campinas do Piauí,5'620,5'628,4'938,5'016,4'988,4'964
220211,2202117,PI,Campo Alegre do Fidalgo,5'069,5'093,4'616,4'692,4'701,4'698
220213,2202133,PI,Campo Grande do Piauí,5'965,5'987,6'020,6'152,6'188,6'211
220217,2202174,PI,Campo Largo do Piauí,7'311,7'342,7'419,7'589,7'636,7'669
220220,2202208,PI,Campo Maior,46'893,46'950,45'793,47'053,47'074,47'119
220225,2202251,PI,Canavieira,3'944,3'938,3'414,3'438,3'429,3'404
220230,2202307,PI,Canto do Buriti,21'258,21'326,19'365,19'738,19'669,19'639
220240,2202406,PI,Capitão de Campos,11'445,11'471,11'100,11'350,11'347,11'362
220245,2202455,PI,Capitão Gervásio Oliveira,4'114,4'127,3'974,4'040,4'065,4'071
220250,2202505,PI,Caracol,10'964,11'009,10'318,10'520,10'538,10'546
220253,2202539,PI,Caraúbas do Piauí,5'890,5'910,5'630,5'726,5'755,5'581
220255,2202554,PI,Caridade do Piauí,5'085,5'102,5'033,5'135,5'162,5'176
220260,2202604,PI,Castelo do Piauí,19'715,19'716,19'288,19'691,19'663,19'669
220265,2202653,PI,Caxingó,5'451,5'477,5'496,5'602,5'657,5'682
220270,2202703,PI,Cocal,27'845,27'901,28'212,29'103,29'209,29'302
220271,2202711,PI,Cocal de Telha,4'899,4'908,4'911,5'021,5'034,5'046
220272,2202729,PI,Cocal dos Alves,6'168,6'180,6'386,6'510,6'569,6'596
220273,2202737,PI,Coivaras,4'032,4'044,4'117,4'197,4'233,4'249
220275,2202752,PI,Colônia do Gurguéia,6'516,6'545,6'150,6'276,6'287,6'294
220277,2202778,PI,Colônia do Piauí,7'661,7'665,6'994,7'109,7'088,7'067
220280,2202802,PI,Conceição do Canindé,4'807,4'811,4'932,5'040,5'063,5'078
220285,2202851,PI,Coronel José Dias,4'685,4'688,4'250,4'318,4'305,4'291
220290,2202901,PI,Corrente,26'709,26'771,27'278,28'129,28'275,28'381
220300,2203008,PI,Cristalândia do Piauí,8'323,8'350,7'356,7'485,7'454,7'431
220310,2203107,PI,Cristino Castro,10'444,10'464,10'503,10'712,10'772,10'801
220320,2203206,PI,Curimatá,11'426,11'461,11'270,11'526,11'552,11'581
220323,2203230,PI,Currais,4'968,4'982,4'854,4'940,4'968,4'977
220325,2203255,PI,Curralinhos,4'459,4'475,4'413,4'512,4'527,4'555
220327,2203271,PI,Curral Novo do Piauí,5'367,5'390,5'073,5'151,5'185,5'191
220330,2203305,PI,Demerval Lobão,13'840,13'862,16'352,16'767,16'998,17'139
220335,2203354,PI,Dirceu Arcoverde,7'029,7'046,7'054,7'210,7'238,7'259
220340,2203404,PI,Dom Expedito Lopes,6'922,6'940,6'320,6'435,6'421,6'410
220342,2203420,PI,Domingos Mourão,4'354,4'352,4'075,4'122,4'138,4'129
220345,2203453,PI,Dom Inocêncio,9'565,9'574,9'159,9'358,9'335,9'332
220350,2203503,PI,Elesbão Veloso,14'575,14'550,13'607,13'871,13'786,13'743
220360,2203602,PI,Eliseu Martins,4'930,4'943,4'377,4'447,4'435,4'421
220370,2203701,PI,Esperantina,39'848,39'953,40'970,42'244,42'510,42'710
220375,2203750,PI,Fartura do Piauí,5'319,5'330,5'284,5'389,5'414,5'426
220380,2203800,PI,Flores do Piauí,4'462,4'461,4'414,4'496,4'508,4'512
220385,2203859,PI,Floresta do Piauí,2'560,2'561,2'333,2'344,2'364,2'354
220390,2203909,PI,Floriano,60'025,60'111,62'036,63'833,64'150,64'393
220400,2204006,PI,Francinópolis,5'347,5'345,4'505,4'537,4'517,4'481
220410,2204105,PI,Francisco Ayres,4'323,4'300,4'412,4'487,4'494,4'548
220415,2204154,PI,Francisco Macedo,3'200,3'216,2'929,2'964,2'986,2'985
220420,2204204,PI,Francisco Santos,9'372,9'423,8'237,8'386,8'366,8'349
220430,2204303,PI,Fronteiras,11'659,11'690,10'259,10'446,10'382,10'344
220435,2204352,PI,Geminiano,5'460,5'477,5'445,5'556,5'587,5'604
220440,2204402,PI,Gilbués,10'694,10'698,10'892,11'112,11'166,11'193
220450,2204501,PI,Guadalupe,10'497,10'496,10'270,10'479,10'478,10'480
220455,2204550,PI,Guaribas,4'568,4'573,4'276,4'340,4'350,4'344
220460,2204600,PI,Hugo Napoleão,3'879,3'880,3'518,3'553,3'562,3'550
220465,2204659,PI,Ilha Grande,9'457,9'487,9'274,9'461,9'501,9'522
220470,2204709,PI,Inhuma,15'319,15'330,14'958,15'279,15'259,15'268
220480,2204808,PI,Ipiranga do Piauí,9'838,9'863,9'420,9'630,9'620,9'627
220490,2204907,PI,Isaías Coelho,8'566,8'582,7'774,7'924,7'886,7'867
220500,2205003,PI,Itainópolis,11'551,11'571,10'790,11'006,10'980,10'969
220510,2205102,PI,Itaueira,11'028,11'037,10'323,10'533,10'493,10'477
220515,2205151,PI,Jacobina do Piauí,5'729,5'718,5'613,5'720,5'715,5'711
220520,2205201,PI,Jaicós,19'170,19'233,17'527,17'854,17'811,17'789
220525,2205250,PI,Jardim do Mulato,4'513,4'522,4'180,4'250,4'251,4'235
220527,2205276,PI,Jatobá do Piauí,4'875,4'885,4'494,4'582,4'568,4'560
220530,2205300,PI,Jerumenha,4'447,4'443,4'497,4'578,4'600,4'606
220535,2205359,PI,João Costa,3'005,3'003,2'970,3'004,3'031,3'033
220540,2205409,PI,Joaquim Pires,14'376,14'396,13'886,14'160,14'175,14'265
220545,2205458,PI,Joca Marques,5'466,5'488,5'394,5'497,5'535,5'552
220550,2205508,PI,José de Freitas,39'336,39'457,42'559,43'957,44'391,44'689
220551,2205516,PI,Juazeiro do Piauí,5'485,5'491,5'214,5'321,5'311,5'308
220552,2205524,PI,Júlio Borges,5'640,5'653,5'388,5'477,5'499,5'501
220553,2205532,PI,Jurema,4'777,4'790,4'425,4'498,4'505,4'501
220554,2205540,PI,Lagoinha do Piauí,2'858,2'870,2'939,2'994,3'029,3'044
220555,2205557,PI,Lagoa Alegre,8'577,8'610,8'256,8'447,8'449,8'464
220556,2205565,PI,Lagoa do Barro do Piauí,4'656,4'658,4'995,5'087,5'146,5'171
220557,2205573,PI,Lagoa de São Francisco,6'777,6'795,6'331,6'448,6'449,6'446
220558,2205581,PI,Lagoa do Piauí,4'075,4'086,4'810,4'930,5'009,5'017
220559,2205599,PI,Lagoa do Sítio,5'198,5'219,4'520,4'585,4'575,4'559
220560,2205607,PI,Landri Sales,5'283,5'272,5'213,5'321,5'311,5'309
220570,2205706,PI,Luís Correia,30'438,30'558,30'641,31'616,31'775,31'901
220580,2205805,PI,Luzilândia,25'504,25'521,25'375,26'168,26'204,26'143
220585,2205854,PI,Madeiro,8'342,8'372,8'032,8'197,8'218,8'231
220590,2205904,PI,Manoel Emídio,5'351,5'352,5'209,5'311,5'314,5'315
220595,2205953,PI,Marcolândia,8'543,8'590,8'533,8'703,8'783,8'822
220600,2206001,PI,Marcos Parente,4'547,4'546,4'724,4'811,4'848,4'863
220605,2206050,PI,Massapê do Piauí,6'449,6'456,5'218,5'271,5'215,5'165
220610,2206100,PI,Matias Olímpio,10'958,10'979,10'641,10'854,10'875,10'886
220620,2206209,PI,Miguel Alves,33'833,33'901,32'150,33'107,33'071,33'074
220630,2206308,PI,Miguel Leão,1'242,1'239,1'318,1'321,1'352,1'355
220635,2206357,PI,Milton Brandão,6'608,6'603,6'542,6'674,6'678,6'681
220640,2206407,PI,Monsenhor Gil,10'564,10'563,10'255,10'461,10'455,10'513
220650,2206506,PI,Monsenhor Hipólito,7'767,7'785,7'577,7'738,7'751,7'762
220660,2206605,PI,Monte Alegre do Piauí,10'615,10'618,10'660,10'877,10'910,10'928
220665,2206654,PI,Morro Cabeça no Tempo,4'530,4'527,4'377,4'451,4'458,4'456
220667,2206670,PI,Morro do Chapéu do Piauí,6'811,6'825,6'425,6'533,6'547,6'548
220669,2206696,PI,Murici dos Portelas,9'209,9'258,9'797,10'036,10'139,10'210
220670,2206704,PI,Nazaré do Piauí,7'322,7'307,6'665,6'782,6'729,6'697
220672,2206720,PI,Nazária,8'602,8'632,10'262,10'550,10'706,10'821
220675,2206753,PI,Nossa Senhora de Nazaré,4'891,4'911,5'228,5'356,5'406,5'442
220680,2206803,PI,Nossa Senhora dos Remédios,8'723,8'751,8'525,8'706,8'732,8'751
220690,2206902,PI,Novo Oriente do Piauí,6'556,6'548,6'097,6'215,6'178,6'158
220695,2206951,PI,Novo Santo Antônio,3'003,3'014,2'827,2'874,2'886,2'888
220700,2207009,PI,Oeiras,37'085,37'138,38'161,39'386,39'545,39'687
220710,2207108,PI,Olho D'Água do Piauí,2'468,2'477,2'637,2'680,2'725,2'730
220720,2207207,PI,Padre Marcos,6'873,6'879,6'382,6'498,6'481,6'468
220730,2207306,PI,Paes Landim,4'126,4'124,4'088,4'149,4'174,4'176
220735,2207355,PI,Pajeú do Piauí,3'404,3'416,3'000,3'048,3'041,3'032
220740,2207405,PI,Palmeira do Piauí,5'036,5'029,4'952,5'029,5'048,5'047
220750,2207504,PI,Palmeirais,14'587,14'633,13'264,13'534,13'480,13'458
220755,2207553,PI,Paquetá,3'937,3'931,3'813,3'875,3'878,3'873
220760,2207603,PI,Parnaguá,10'819,10'846,10'103,10'307,10'289,10'282
220770,2207702,PI,Parnaíba,153'482,153'863,162'159,168'258,169'552,170'491
220775,2207751,PI,Passagem Franca do Piauí,4'323,4'331,4'135,4'196,4'220,4'222
220777,2207777,PI,Patos do Piauí,6'406,6'420,5'425,5'509,5'461,5'427
220779,2207793,PI,Pau D'Arco do Piauí,4'065,4'084,3'880,3'959,3'972,3'979
220780,2207801,PI,Paulistana,20'554,20'583,21'055,21'506,21'601,21'633
220785,2207850,PI,Pavussu,3'669,3'662,3'628,3'689,3'698,3'697
220790,2207900,PI,Pedro II,38'778,38'812,37'894,39'053,39'039,39'072
220793,2207934,PI,Pedro Laurentino,2'544,2'551,2'458,2'488,2'514,2'517
220795,2207959,PI,Nova Santa Rita,4'383,4'392,4'076,4'140,4'147,4'142
220800,2208007,PI,Picos,78'431,78'627,83'090,85'708,86'228,86'701
220810,2208106,PI,Pimenteiras,12'139,12'150,11'341,11'578,11'528,11'487
220820,2208205,PI,Pio IX,18'459,18'492,17'613,17'949,17'947,17'948
220830,2208304,PI,Piracuruca,28'874,28'952,28'846,29'732,29'849,29'721
220840,2208403,PI,Piripiri,63'787,63'829,65'538,67'419,67'676,67'887
220850,2208502,PI,Porto,12'608,12'646,12'052,12'291,12'312,12'323
220855,2208551,PI,Porto Alegre do Piauí,2'720,2'728,2'364,2'379,2'391,2'382
220860,2208601,PI,Prata do Piauí,3'150,3'149,3'042,3'076,3'098,3'096
220865,2208650,PI,Queimada Nova,9'017,9'041,8'738,8'921,8'936,8'948
220870,2208700,PI,Redenção do Gurguéia,8'796,8'814,8'394,8'566,8'563,8'565
220880,2208809,PI,Regeneração,17'979,17'979,17'133,17'477,17'418,17'400
220885,2208858,PI,Riacho Frio,4'309,4'306,4'165,4'238,4'241,4'238
220887,2208874,PI,Ribeira do Piauí,4'488,4'499,4'055,4'111,4'114,4'105
220890,2208908,PI,Ribeiro Gonçalves,7'376,7'408,6'164,6'241,6'215,6'182
220900,2209005,PI,Rio Grande do Piauí,6'433,6'434,5'801,5'893,5'868,5'845
220910,2209104,PI,Santa Cruz do Piauí,6'247,6'254,5'831,5'945,5'928,5'872
220915,2209153,PI,Santa Cruz dos Milagres,4'033,4'046,3'435,3'468,3'466,3'448
220920,2209203,PI,Santa Filomena,6'254,6'256,6'087,6'185,6'209,6'210
220930,2209302,PI,Santa Luz,5'882,5'903,5'336,5'431,5'425,5'418
220935,2209351,PI,Santana do Piauí,4'642,4'650,4'125,4'182,4'174,4'159
220937,2209377,PI,Santa Rosa do Piauí,5'255,5'254,4'650,4'715,4'690,4'666
220940,2209401,PI,Santo Antônio de Lisboa,6'441,6'466,5'839,5'950,5'938,5'930
220945,2209450,PI,Santo Antônio dos Milagres,2'166,2'172,2'138,2'160,2'189,2'169
220950,2209500,PI,Santo Inácio do Piauí,3'803,3'809,3'646,3'709,3'719,3'682
220955,2209559,PI,São Braz do Piauí,4'451,4'454,4'358,4'435,4'451,4'454
220960,2209609,PI,São Félix do Piauí,2'932,2'923,2'842,2'879,2'885,2'879
220965,2209658,PI,São Francisco de Assis do Piauí,5'779,5'801,5'572,5'682,5'703,5'713
220970,2209708,PI,São Francisco do Piauí,6'420,6'417,5'392,5'461,5'404,5'358
220975,2209757,PI,São Gonçalo do Gurguéia,3'057,3'071,2'947,2'984,3'019,3'026
220980,2209807,PI,São Gonçalo do Piauí,5'030,5'044,4'837,4'911,4'944,4'985
220985,2209856,PI,São João da Canabrava,4'614,4'619,4'242,4'312,4'306,4'359
220987,2209872,PI,São João da Fronteira,6'064,6'084,5'522,5'607,5'615,5'608
220990,2209906,PI,São João da Serra,6'122,6'106,6'114,6'246,6'233,6'232
220995,2209955,PI,São João da Varjota,4'848,4'856,4'383,4'444,4'443,4'430
220997,2209971,PI,São João do Arraial,8'038,8'085,8'186,8'372,8'443,8'494
221000,2210003,PI,São João do Piauí,20'662,20'720,21'421,21'892,22'036,22'137
221005,2210052,PI,São José do Divino,5'354,5'361,4'841,4'907,4'906,5'317
221010,2210102,PI,São José do Peixe,3'741,3'737,3'297,3'338,3'320,3'300
221020,2210201,PI,São José do Piauí,6'700,6'696,6'597,6'732,6'732,6'733
221030,2210300,PI,São Julião,6'371,6'379,6'025,6'135,6'135,6'131
221035,2210359,PI,São Lourenço do Piauí,4'577,4'581,4'410,4'495,4'497,4'497
221037,2210375,PI,São Luis do Piauí,2'646,2'648,2'309,2'317,2'329,2'277
221038,2210383,PI,São Miguel da Baixa Grande,2'454,2'456,2'269,2'289,2'304,2'299
221039,2210391,PI,São Miguel do Fidalgo,3'038,3'037,2'829,2'849,2'870,2'864
221040,2210409,PI,São Miguel do Tapuio,17'639,17'617,17'554,17'942,17'902,17'911
221050,2210508,PI,São Pedro do Piauí,14'324,14'356,13'755,14'038,14'046,14'055
221060,2210607,PI,São Raimundo Nonato,34'877,35'035,38'934,40'281,40'784,41'139
221062,2210623,PI,Sebastião Barros,3'451,3'434,3'202,3'226,3'228,3'210
221063,2210631,PI,Sebastião Leal,4'303,4'311,4'446,4'538,4'572,4'590
221065,2210656,PI,Sigefredo Pacheco,10'058,10'074,9'460,9'656,9'631,9'623
221070,2210706,PI,Simões,14'649,14'664,14'350,14'647,14'650,14'664
221080,2210805,PI,Simplício Mendes,12'746,12'778,13'870,14'216,14'342,14'437
221090,2210904,PI,Socorro do Piauí,4'563,4'557,4'141,4'192,4'184,4'165
221093,2210938,PI,Sussuapara,6'767,6'801,6'220,6'330,6'345,6'346
221095,2210953,PI,Tamboril do Piauí,2'929,2'939,2'949,2'996,3'029,3'040
221097,2210979,PI,Tanque do Piauí,2'773,2'781,2'316,2'322,2'330,2'319
221100,2211001,PI,Teresina,868'075,871'126,866'300,901'841,902'644,905'692
221110,2211100,PI,União,44'569,44'649,46'119,47'444,47'707,47'896
221120,2211209,PI,Uruçuí,21'655,21'746,25'203,26'075,26'501,26'779
221130,2211308,PI,Valença do Piauí,20'929,20'940,22'279,22'808,22'920,23'025
221135,2211357,PI,Várzea Branca,4'938,4'930,5'055,5'137,5'173,5'181
221140,2211407,PI,Várzea Grande,4'386,4'382,4'417,4'513,4'515,4'520
221150,2211506,PI,Vera Mendes,3'080,3'082,3'185,3'246,3'271,3'282
221160,2211605,PI,Vila Nova do Piauí,2'952,2'935,2'935,2'962,2'979,2'972
221170,2211704,PI,Wall Ferraz,4'471,4'479,4'059,4'116,4'117,4'195
230010,2300101,CE,Abaiara,11'853,11'965,10'038,10'284,10'282,10'269
230015,2300150,CE,Acarape,15'036,15'140,14'027,14'255,14'306,14'340
230020,2300200,CE,Acaraú,63'104,63'556,65'264,67'980,68'758,69'317
230030,2300309,CE,Acopiara,54'481,54'687,44'962,46'731,46'215,45'937
230040,2300408,CE,Aiuaba,17'493,17'584,14'076,14'363,14'220,14'115
230050,2300507,CE,Alcântaras,11'781,11'846,11'369,11'696,11'754,11'795
230060,2300606,CE,Altaneira,7'650,7'712,6'782,6'961,6'970,6'974
230070,2300705,CE,Alto Santo,17'196,16'077,14'155,14'477,14'418,14'372
230075,2300754,CE,Amontada,43'829,44'195,42'156,44'074,44'342,44'584
230080,2300804,CE,Antonina do Norte,7'378,7'402,7'245,7'469,7'484,7'507
230090,2300903,CE,Apuiarés,14'672,14'742,12'928,13'268,13'219,13'193
230100,2301000,CE,Aquiraz,80'935,81'581,80'645,84'015,84'737,85'316
230110,2301109,CE,Aracati,74'975,75'392,75'113,78'210,78'752,79'205
230120,2301208,CE,Aracoiaba,26'535,26'600,25'553,26'650,26'696,26'752
230125,2301257,CE,Ararendá,10'959,10'983,11'096,11'436,11'485,11'532
230130,2301307,CE,Araripe,21'654,21'707,19'783,20'314,20'223,20'194
230140,2301406,CE,Aratuba,11'802,11'759,11'224,11'510,11'459,11'427
230150,2301505,CE,Arneiroz,7'844,7'848,7'429,7'620,7'619,7'615
230160,2301604,CE,Assaré,23'478,23'537,21'697,22'276,22'212,22'195
230170,2301703,CE,Aurora,24'610,24'567,23'714,24'327,24'267,24'244
230180,2301802,CE,Baixio,6'303,6'318,5'704,5'846,5'832,5'821
230185,2301851,CE,Banabuiú,18'256,18'313,17'195,17'642,17'654,17'667
230190,2301901,CE,Barbalha,61'228,61'662,75'033,78'588,80'217,81'441
230195,2301950,CE,Barreira,22'573,22'715,22'392,23'192,23'351,23'474
230200,2302008,CE,Barro,22'758,22'834,19'381,19'829,19'669,19'569
230205,2302057,CE,Barroquinha,15'044,15'069,14'567,14'957,14'977,14'998
230210,2302107,CE,Baturité,35'941,36'127,35'218,36'796,36'978,37'147
230220,2302206,CE,Beberibe,53'949,54'315,53'114,55'318,55'666,55'977
230230,2302305,CE,Bela Cruz,32'722,32'851,32'775,34'228,34'441,34'613
230240,2302404,CE,Boa Viagem,54'577,54'680,50'411,52'301,52'169,52'133
230250,2302503,CE,Brejo Santo,49'842,50'195,51'090,53'220,53'778,54'192
230260,2302602,CE,Camocim,63'907,64'147,62'326,64'800,65'031,65'251
230270,2302701,CE,Campos Sales,27'470,27'513,25'135,26'166,26'082,26'049
230280,2302800,CE,Canindé,77'244,77'484,74'174,77'097,77'207,77'376
230290,2302909,CE,Capistrano,17'786,17'830,17'254,17'735,17'760,17'795
230300,2303006,CE,Caridade,22'782,23'011,16'377,16'610,16'419,16'234
230310,2303105,CE,Cariré,18'459,18'470,17'632,18'073,18'075,18'074
230320,2303204,CE,Caririaçu,26'987,27'008,26'320,27'445,27'482,27'532
230330,2303303,CE,Cariús,18'699,18'700,17'015,17'446,17'333,17'277
230340,2303402,CE,Carnaubal,17'685,17'763,17'210,17'693,17'758,17'815
230350,2303501,CE,Cascavel,72'232,72'706,72'720,75'721,76'365,76'866
230360,2303600,CE,Catarina,20'871,21'041,10'243,9'946,9'577,9'110
230365,2303659,CE,Catunda,10'376,10'410,10'444,10'766,10'817,10'864
230370,2303709,CE,Caucaia,365'212,368'918,355'679,372'133,375'730,378'406
230380,2303808,CE,Cedro,25'585,25'612,22'344,22'887,22'678,22'564
230390,2303907,CE,Chaval,13'091,13'112,12'462,12'798,12'805,12'811
230393,2303931,CE,Choró,13'565,13'608,12'113,12'430,12'380,12'352
230395,2303956,CE,Chorozinho,20'274,20'286,20'163,20'726,20'763,20'808
230400,2304004,CE,Coreaú,23'239,23'340,20'953,21'450,21'438,21'417
230410,2304103,CE,Crateús,75'159,75'241,76'390,79'453,79'809,80'130
230420,2304202,CE,Crato,133'031,133'913,131'050,137'280,138'232,139'027
230423,2304236,CE,Croatá,18'133,18'201,17'481,17'968,18'007,18'050
230425,2304251,CE,Cruz,24'977,25'121,29'761,31'163,31'847,32'288
230426,2304269,CE,Deputado Irapuan Pinheiro,9'662,9'698,8'932,9'178,9'172,9'173
230427,2304277,CE,Ereré,7'225,7'254,6'474,6'392,6'393,6'381
230428,2304285,CE,Eusébio,54'337,55'035,74'170,77'563,80'304,82'016
230430,2304301,CE,Farias Brito,19'389,19'330,18'217,18'672,18'557,18'498
230435,2304350,CE,Forquilha,24'452,24'680,24'173,24'903,25'127,25'298
230440,2304400,CE,Fortaleza,2'686'612,2'703'391,2'428'708,2'576'728,2'574'412,2'578'483
230445,2304459,CE,Fortim,16'631,16'776,17'294,17'863,18'052,18'213
230450,2304509,CE,Frecheirinha,14'134,14'195,15'657,16'109,16'362,16'516
230460,2304608,CE,General Sampaio,7'694,7'767,6'734,6'908,6'924,6'929
230465,2304657,CE,Graça,14'407,14'415,13'801,14'188,14'174,14'176
230470,2304707,CE,Granja,54'962,55'170,53'344,55'469,55'633,55'809
230480,2304806,CE,Granjeiro,4'814,4'784,4'841,4'956,4'960,4'955
230490,2304905,CE,Groaíras,11'144,11'219,10'910,11'231,11'313,11'369
230495,2304954,CE,Guaiúba,26'290,26'508,24'325,25'017,25'085,25'158
230500,2305001,CE,Guaraciaba do Norte,40'784,40'921,42'053,43'956,44'294,44'565
230510,2305100,CE,Guaramiranga,5'132,5'073,5'654,5'798,5'819,5'826
230520,2305209,CE,Hidrolândia,20'053,20'126,17'855,18'277,18'225,18'186
230523,2305233,CE,Horizonte,68'529,69'688,74'755,78'011,79'934,81'161
230526,2305266,CE,Ibaretama,13'369,13'385,11'956,12'253,12'191,12'149
230530,2305308,CE,Ibiapina,25'082,25'165,23'965,24'608,24'649,24'689
230533,2305332,CE,Ibicuitinga,12'629,12'730,11'611,11'960,11'979,12'008
230535,2305357,CE,Icapuí,20'060,20'183,21'433,22'138,22'367,22'562
230540,2305407,CE,Icó,68'162,68'303,62'642,65'071,64'802,64'745
230550,2305506,CE,Iguatu,103'074,103'633,98'064,101'968,102'251,102'588
230560,2305605,CE,Independência,26'187,26'196,24'024,24'645,24'530,24'463
230565,2305654,CE,Ipaporanga,11'596,11'597,11'575,11'927,11'937,11'963
230570,2305704,CE,Ipaumirim,12'485,12'507,12'083,12'431,12'441,12'459
230580,2305803,CE,Ipu,42'058,42'148,41'081,42'844,42'968,43'084
230590,2305902,CE,Ipueiras,38'114,38'064,36'798,38'345,38'285,38'287
230600,2306009,CE,Iracema,14'326,14'351,14'001,14'391,14'411,14'440
230610,2306108,CE,Irauçuba,24'305,24'450,23'915,24'624,24'751,24'867
230620,2306207,CE,Itaiçaba,7'866,7'904,7'536,7'751,7'779,7'801
230625,2306256,CE,Itaitinga,38'325,38'661,64'650,68'018,70'679,72'512
230630,2306306,CE,Itapajé,53'067,53'448,46'426,49'225,49'086,49'073
230640,2306405,CE,Itapipoca,130'539,131'687,131'123,136'460,137'892,138'978
230650,2306504,CE,Itapiúna,20'520,20'653,17'841,18'296,18'228,18'197
230655,2306553,CE,Itarema,42'215,42'595,42'957,44'926,45'465,45'852
230660,2306603,CE,Itatira,21'836,22'018,20'424,21'020,21'087,21'160
230670,2306702,CE,Jaguaretama,18'147,18'133,17'232,17'646,17'625,17'604
230680,2306801,CE,Jaguaribara,11'492,11'580,10'356,10'632,10'656,10'668
230690,2306900,CE,Jaguaribe,34'636,34'592,33'726,35'138,35'124,35'143
230700,2307007,CE,Jaguaruana,33'834,33'960,31'701,33'049,33'070,33'115
230710,2307106,CE,Jardim,27'181,27'187,27'411,28'643,28'707,28'801
230720,2307205,CE,Jati,8'130,8'150,7'861,8'081,8'100,8'114
230725,2307254,CE,Jijoca de Jericoacoara,20'087,20'351,25'555,26'950,27'662,28'198
230730,2307304,CE,Juazeiro do Norte,276'264,278'264,286'120,299'305,303'004,305'531
230740,2307403,CE,Jucás,24'892,24'949,23'922,24'594,24'591,24'624
230750,2307502,CE,Lavras da Mangabeira,31'492,31'476,30'802,32'136,32'123,32'163
230760,2307601,CE,Limoeiro do Norte,59'890,60'232,59'560,61'880,62'285,62'623
230763,2307635,CE,Madalena,19'864,20'031,16'896,17'340,17'264,17'235
230765,2307650,CE,Maracanaú,229'458,230'986,234'509,247'166,249'684,251'613
230770,2307700,CE,Maranguape,130'346,131'677,105'093,109'589,108'937,108'622
230780,2307809,CE,Marco,27'595,27'822,25'799,26'884,27'064,27'177
230790,2307908,CE,Martinópole,11'321,11'407,10'846,11'158,11'232,11'280
230800,2308005,CE,Massapê,39'044,39'341,37'697,39'342,39'633,39'840
230810,2308104,CE,Mauriti,48'168,48'370,45'561,47'345,47'406,47'501
230820,2308203,CE,Meruoca,15'185,15'309,15'157,15'612,15'749,15'853
230830,2308302,CE,Milagres,27'462,27'413,25'900,26'971,26'860,26'819
230835,2308351,CE,Milhã,13'142,13'129,14'123,14'535,14'635,14'713
230837,2308377,CE,Miraíma,13'894,13'965,14'196,14'611,14'736,14'826
230840,2308401,CE,Missão Velha,35'480,35'566,36'822,38'484,38'767,38'997
230850,2308500,CE,Mombaça,43'858,43'917,37'735,39'006,38'649,38'451
230860,2308609,CE,Monsenhor Tabosa,17'249,17'264,17'149,17'623,17'664,17'705
230870,2308708,CE,Morada Nova,61'738,61'590,61'443,65'300,65'323,65'390
230880,2308807,CE,Moraújo,8'779,8'833,8'254,8'482,8'516,8'537
230890,2308906,CE,Morrinhos,22'685,22'830,22'753,23'421,23'608,23'747
230900,2309003,CE,Mucambo,14'549,14'561,13'666,14'025,14'009,13'999
230910,2309102,CE,Mulungu,10'941,11'056,10'569,10'904,10'993,11'064
230920,2309201,CE,Nova Olinda,15'684,15'798,15'399,15'842,15'960,16'045
230930,2309300,CE,Nova Russas,32'408,32'487,30'699,32'016,32'014,32'053
230940,2309409,CE,Novo Oriente,28'673,28'737,27'545,29'009,29'043,29'097
230945,2309458,CE,Ocara,25'833,25'958,24'493,25'182,25'218,25'272
230950,2309508,CE,Orós,21'384,21'342,19'675,20'178,20'019,19'943
230960,2309607,CE,Pacajus,73'188,74'145,70'983,73'990,74'825,75'454
230970,2309706,CE,Pacatuba,84'554,85'647,81'524,84'930,85'873,86'564
230980,2309805,CE,Pacoti,12'288,12'313,11'186,11'480,11'442,11'421
230990,2309904,CE,Pacujá,6'549,6'565,6'175,6'324,6'345,6'348
231000,2310001,CE,Palhano,9'422,9'458,9'346,9'645,9'671,9'709
231010,2310100,CE,Palmácia,13'439,13'553,10'242,10'450,10'339,10'252
231020,2310209,CE,Paracuru,35'304,35'526,38'980,40'822,41'447,41'894
231025,2310258,CE,Paraipaba,32'992,33'232,32'216,33'669,33'896,34'086
231030,2310308,CE,Parambu,31'455,31'391,31'445,32'810,32'816,32'867
231040,2310407,CE,Paramoti,12'252,12'276,10'384,10'623,10'528,10'462
231050,2310506,CE,Pedra Branca,43'309,43'359,40'187,42'407,42'257,42'227
231060,2310605,CE,Penaforte,9'143,9'207,8'972,9'233,9'308,9'357
231070,2310704,CE,Pentecoste,37'900,38'045,37'813,39'492,39'715,39'903
231080,2310803,CE,Pereiro,16'331,16'356,15'274,15'899,15'869,15'858
231085,2310852,CE,Pindoretama,20'769,20'964,23'391,24'135,24'607,24'919
231090,2310902,CE,Piquet Carneiro,17'086,17'210,16'616,17'129,17'202,17'285
231095,2310951,CE,Pires Ferreira,11'001,11'052,10'606,10'931,10'952,10'984
231100,2311009,CE,Poranga,12'347,12'358,12'065,12'412,12'423,12'441
231110,2311108,CE,Porteiras,14'958,14'920,17'050,17'581,17'745,17'877
231120,2311207,CE,Potengi,11'106,11'165,8'833,9'017,8'926,8'854
231123,2311231,CE,Potiretama,6'437,6'455,5'974,6'115,6'129,6'128
231126,2311264,CE,Quiterianópolis,21'166,21'246,20'213,20'501,20'506,20'545
231130,2311306,CE,Quixadá,88'321,88'899,84'168,88'035,88'483,88'846
231135,2311355,CE,Quixelô,16'147,16'116,15'910,17'028,16'992,16'998
231140,2311405,CE,Quixeramobim,81'778,82'455,82'177,84'912,85'797,86'431
231150,2311504,CE,Quixeré,22'293,22'432,20'874,21'542,21'607,21'659
231160,2311603,CE,Redenção,29'146,29'238,27'214,28'364,28'359,28'382
231170,2311702,CE,Reriutaba,18'385,18'279,18'606,19'084,19'059,19'051
231180,2311801,CE,Russas,78'882,79'550,72'928,74'341,74'582,74'834
231190,2311900,CE,Saboeiro,15'788,15'757,13'854,14'195,14'036,13'943
231195,2311959,CE,Salitre,16'635,16'714,16'633,17'122,17'220,17'303
231200,2312007,CE,Santana do Acaraú,32'654,32'851,30'628,31'965,32'043,32'133
231210,2312106,CE,Santana do Cariri,17'712,17'726,16'954,17'417,17'388,17'391
231220,2312205,CE,Santa Quitéria,43'711,43'719,40'183,41'815,41'647,41'569
231230,2312304,CE,São Benedito,48'131,48'354,47'640,49'532,49'829,50'058
231240,2312403,CE,São Gonçalo do Amarante,48'869,49'306,54'143,56'440,57'499,58'191
231250,2312502,CE,São João do Jaguaribe,7'601,7'557,5'855,5'861,5'792,5'683
231260,2312601,CE,São Luís do Curu,13'044,13'086,10'822,11'051,10'962,10'888
231270,2312700,CE,Senador Pompeu,25'456,25'418,24'266,25'204,25'143,25'108
231280,2312809,CE,Senador Sá,7'691,7'758,7'262,7'465,7'519,7'551
231290,2312908,CE,Sobral,210'711,212'437,203'023,213'684,215'286,216'519
231300,2313005,CE,Solonópole,18'357,18'389,18'179,18'698,18'736,18'785
231310,2313104,CE,Tabuleiro do Norte,30'807,32'079,30'652,31'979,32'044,32'122
231320,2313203,CE,Tamboril,26'225,26'199,24'815,25'421,25'331,25'287
231325,2313252,CE,Tarrafas,8'573,8'555,7'529,7'683,7'626,7'574
231330,2313302,CE,Tauá,59'062,59'259,61'227,63'798,64'255,64'655
231335,2313351,CE,Tejuçuoca,19'371,19'551,17'154,17'623,17'626,17'646
231340,2313401,CE,Tianguá,76'537,77'111,81'506,84'860,86'137,86'968
231350,2313500,CE,Trairi,56'291,56'653,58'415,60'849,61'516,62'004
231355,2313559,CE,Tururu,16'431,16'588,15'412,15'372,15'457,15'524
231360,2313609,CE,Ubajara,35'047,35'295,32'767,34'181,34'312,34'424
231370,2313708,CE,Umari,7'736,7'740,6'871,7'033,6'993,6'963
231375,2313757,CE,Umirim,19'903,19'976,17'470,17'898,17'804,17'751
231380,2313807,CE,Uruburetama,22'040,22'223,20'189,21'227,21'279,21'331
231390,2313906,CE,Uruoca,13'915,13'988,13'746,14'146,14'243,14'308
231395,2313955,CE,Varjota,18'471,18'520,18'105,18'590,18'660,18'708
231400,2314003,CE,Várzea Alegre,40'903,41'078,38'984,40'698,40'771,40'878
231410,2314102,CE,Viçosa do Ceará,61'410,61'916,59'712,62'146,62'609,62'972
240010,2400109,RN,Acari,11'121,11'106,10'597,10'897,10'865,10'855
240020,2400208,RN,Açu,58'384,58'743,56'496,58'670,58'906,59'099
240030,2400307,RN,Afonso Bezerra,11'029,11'024,10'839,11'156,11'149,11'158
240040,2400406,RN,Água Nova,3'272,3'293,2'946,3'005,3'028,3'029
240050,2400505,RN,Alexandria,13'553,13'529,13'640,14'051,14'042,14'058
240060,2400604,RN,Almino Afonso,4'710,4'685,4'687,4'815,4'806,4'802
240070,2400703,RN,Alto do Rodrigues,14'728,14'923,12'484,12'838,12'857,12'874
240080,2400802,RN,Angicos,11'705,11'695,11'632,11'960,11'973,11'985
240090,2400901,RN,Antônio Martins,7'154,7'162,6'577,6'757,6'738,6'730
240100,2401008,RN,Apodi,35'874,35'904,36'093,37'293,37'390,37'486
240110,2401107,RN,Areia Branca,27'967,28'156,24'093,24'763,24'643,24'607
240120,2401206,RN,Arês,14'417,14'526,13'251,13'643,13'657,13'681
240130,2401305,RN,Campo Grande,9'670,9'686,9'730,10'016,10'045,10'071
240140,2401404,RN,Baía Formosa,9'322,9'373,8'825,9'089,9'098,9'115
240145,2401453,RN,Baraúna,28'747,29'112,26'913,28'044,28'268,28'415
240150,2401503,RN,Barcelona,3'994,3'989,3'986,4'086,4'103,4'108
240160,2401602,RN,Bento Fernandes,5'525,5'552,4'807,4'932,4'920,4'911
240165,2401651,RN,Bodó,2'197,2'171,2'306,2'346,2'363,2'360
240170,2401701,RN,Bom Jesus,10'267,10'323,9'952,10'241,10'279,10'308
240180,2401800,RN,Brejinho,12'787,12'873,12'202,12'567,12'603,12'638
240185,2401859,RN,Caiçara do Norte,6'561,6'572,6'293,6'465,6'474,6'479
240190,2401909,RN,Caiçara do Rio do Vento,3'715,3'745,3'268,3'323,3'359,3'360
240200,2402006,RN,Caicó,68'343,68'726,61'146,63'458,63'339,63'338
240210,2402105,RN,Campo Redondo,11'291,11'363,10'215,10'517,10'504,10'510
240220,2402204,RN,Canguaretama,34'548,34'814,29'668,30'936,30'806,30'789
240230,2402303,RN,Caraúbas,20'541,20'588,19'727,20'173,20'161,20'182
240240,2402402,RN,Carnaúba dos Dantas,8'239,8'297,7'992,8'220,8'267,8'296
240250,2402501,RN,Carnaubais,10'867,10'972,9'714,9'993,10'010,10'026
240260,2402600,RN,Ceará-Mirim,73'886,74'268,79'115,82'095,83'009,83'543
240270,2402709,RN,Cerro Corá,11'181,11'182,11'000,11'306,11'322,11'334
240280,2402808,RN,Coronel Ezequiel,5'504,5'501,5'117,5'244,5'241,5'233
240290,2402907,RN,Coronel João Pessoa,4'915,4'918,4'237,4'330,4'315,4'297
240300,2403004,RN,Cruzeta,7'983,7'968,8'005,8'233,8'238,8'245
240310,2403103,RN,Currais Novos,44'905,45'022,41'313,43'039,42'930,42'922
240320,2403202,RN,Doutor Severiano,7'072,7'068,7'044,7'248,7'253,7'262
240325,2403251,RN,Parnamirim,267'036,272'490,252'716,264'690,269'298,271'713
240330,2403301,RN,Encanto,5'668,5'697,6'016,6'187,6'252,6'289
240340,2403400,RN,Equador,6'054,6'064,5'360,5'475,5'476,5'461
240350,2403509,RN,Espírito Santo,10'484,10'463,10'620,10'936,10'936,10'951
240360,2403608,RN,Extremoz,28'936,29'282,61'635,64'577,66'993,68'584
240370,2403707,RN,Felipe Guerra,5'997,6'009,5'944,6'454,6'458,6'472
240375,2403756,RN,Fernando Pedroza,3'067,3'081,2'938,2'997,3'029,3'035
240380,2403806,RN,Florânia,9'786,9'772,10'196,10'496,10'528,10'556
240390,2403905,RN,Francisco Dantas,2'813,2'801,2'700,2'744,2'763,2'758
240400,2404002,RN,Frutuoso Gomes,4'041,4'015,4'122,4'225,4'231,4'230
240410,2404101,RN,Galinhos,2'845,2'903,2'104,2'136,2'160,2'159
240420,2404200,RN,Goianinha,26'669,27'004,26'741,27'819,28'212,28'422
240430,2404309,RN,Governador Dix-Sept Rosado,13'076,13'115,11'938,12'268,12'239,12'231
240440,2404408,RN,Grossos,10'463,10'541,9'924,10'211,10'251,10'281
240450,2404507,RN,Guamaré,15'963,16'261,15'295,15'736,15'947,16'076
240460,2404606,RN,Ielmo Marinho,13'901,14'033,11'615,11'957,11'903,11'889
240470,2404705,RN,Ipanguaçu,15'626,15'759,14'131,14'533,14'539,14'560
240480,2404804,RN,Ipueira,2'253,2'264,2'035,2'068,2'090,2'090
240485,2404853,RN,Itajá,7'595,7'641,7'292,7'521,7'531,7'551
240490,2404903,RN,Itaú,5'897,5'916,5'320,5'458,5'452,5'447
240500,2405009,RN,Jaçanã,9'238,9'341,7'834,8'046,8'051,8'053
240510,2405108,RN,Jandaíra,6'893,6'907,6'562,6'739,6'748,6'752
240520,2405207,RN,Janduís,5'248,5'228,4'746,4'852,4'834,4'813
240530,2405306,RN,Januário Cicco,10'275,10'367,9'051,8'839,8'836,8'843
240540,2405405,RN,Japi,4'995,4'935,5'117,5'250,5'231,5'219
240550,2405504,RN,Jardim de Angicos,2'606,2'600,2'437,2'471,2'493,2'488
240560,2405603,RN,Jardim de Piranhas,14'942,15'044,13'977,14'372,14'416,14'446
240570,2405702,RN,Jardim do Seridó,12'396,12'397,11'655,11'997,11'952,11'942
240580,2405801,RN,João Câmara,35'160,35'360,33'290,34'684,34'768,34'849
240590,2405900,RN,João Dias,2'654,2'653,2'076,2'078,2'093,2'073
240600,2406007,RN,José da Penha,5'946,5'941,5'803,5'961,5'964,5'966
240610,2406106,RN,Jucurutu,18'315,18'335,17'793,18'287,18'286,18'304
240615,2406155,RN,Jundiá,3'922,3'945,3'739,3'825,3'859,3'868
240620,2406205,RN,Lagoa d'Anta,6'811,6'851,6'654,6'692,6'733,6'756
240630,2406304,RN,Lagoa de Pedras,7'584,7'624,7'338,7'546,7'577,7'597
240640,2406403,RN,Lagoa de Velhos,2'732,2'732,2'567,2'610,2'633,2'631
240650,2406502,RN,Lagoa Nova,15'749,15'880,15'573,16'017,16'126,16'203
240660,2406601,RN,Lagoa Salgada,8'297,8'348,8'319,8'546,8'619,8'657
240670,2406700,RN,Lajes,11'344,11'410,9'866,10'136,10'108,10'094
240680,2406809,RN,Lajes Pintadas,4'763,4'768,4'787,4'907,4'939,4'950
240690,2406908,RN,Lucrécia,4'025,4'053,3'490,3'574,3'579,3'576
240700,2407005,RN,Luís Gomes,10'146,10'175,9'070,9'325,9'286,9'271
240710,2407104,RN,Macaíba,81'821,82'828,82'249,85'278,86'433,87'056
240720,2407203,RN,Macau,32'039,32'260,27'369,28'509,28'384,28'350
240725,2407252,RN,Major Sales,4'062,4'102,3'924,4'032,4'067,4'086
240730,2407302,RN,Marcelino Vieira,8'336,8'325,7'896,8'112,8'092,8'083
240740,2407401,RN,Martins,8'758,8'790,8'179,8'413,8'411,8'415
240750,2407500,RN,Maxaranguape,12'544,12'714,10'255,10'569,10'534,10'534
240760,2407609,RN,Messias Targino,4'634,4'665,4'274,4'376,4'404,4'410
240770,2407708,RN,Montanhas,11'208,11'166,11'444,11'767,11'774,11'785
240780,2407807,RN,Monte Alegre,22'576,22'698,23'031,23'657,23'843,23'953
240790,2407906,RN,Monte das Gameleiras,2'084,2'063,2'276,2'310,2'343,2'345
240800,2408003,RN,Mossoró,300'618,303'792,264'577,277'623,278'034,278'587
240810,2408102,RN,Natal,890'480,896'708,751'300,792'717,785'368,784'249
240820,2408201,RN,Nísia Floresta,27'938,28'266,31'942,33'193,33'949,34'325
240830,2408300,RN,Nova Cruz,37'450,37'554,34'269,35'665,35'534,35'523
240840,2408409,RN,Olho d'Água do Borges,4'244,4'231,3'905,3'745,3'748,3'736
240850,2408508,RN,Ouro Branco,4'813,4'813,4'913,5'043,5'071,5'084
240860,2408607,RN,Paraná,4'276,4'298,3'934,4'031,4'046,4'048
240870,2408706,RN,Paraú,3'750,3'732,3'579,3'649,3'659,3'650
240880,2408805,RN,Parazinho,5'272,5'307,4'801,4'910,4'940,4'945
240890,2408904,RN,Parelhas,21'545,21'611,21'499,22'095,22'179,22'242
240895,2408953,RN,Rio do Fogo,10'905,10'961,10'351,10'664,10'672,10'692
240910,2409100,RN,Passa e Fica,13'474,13'667,10'896,11'421,11'406,11'407
240920,2409209,RN,Passagem,3'102,3'114,3'115,3'183,3'222,3'233
240930,2409308,RN,Patu,12'809,12'861,11'007,11'321,11'245,11'215
240933,2409332,RN,Santa Maria,5'621,5'689,4'847,4'962,4'992,5'000
240940,2409407,RN,Pau dos Ferros,30'600,30'802,30'479,31'726,31'975,32'123
240950,2409506,RN,Pedra Grande,3'199,3'163,3'618,3'698,3'729,3'736
240960,2409605,RN,Pedra Preta,2'438,2'419,2'441,2'476,2'499,2'495
240970,2409704,RN,Pedro Avelino,6'653,6'591,6'242,6'397,6'345,6'312
240980,2409803,RN,Pedro Velho,14'844,14'881,13'824,14'236,14'197,14'197
240990,2409902,RN,Pendências,15'272,15'411,12'278,12'609,12'536,12'499
241000,2410009,RN,Pilões,3'869,3'900,2'965,3'015,3'010,2'992
241010,2410108,RN,Poço Branco,15'531,15'646,12'390,12'744,12'619,12'565
241020,2410207,RN,Portalegre,7'906,7'944,7'601,7'823,7'842,7'859
241025,2410256,RN,Porto do Mangue,6'522,6'605,5'228,5'347,5'357,5'351
241030,2410306,RN,Serra Caiada,10'522,10'646,10'125,11'040,11'146,11'203
241040,2410405,RN,Pureza,9'724,9'825,9'362,9'634,9'707,9'752
241050,2410504,RN,Rafael Fernandes,5'128,5'158,5'432,5'586,5'647,5'682
241060,2410603,RN,Rafael Godeiro,3'208,3'214,2'934,2'996,3'008,3'005
241070,2410702,RN,Riacho da Cruz,3'614,3'648,2'701,2'738,2'741,2'724
241080,2410801,RN,Riacho de Santana,4'199,4'194,4'127,4'238,4'243,4'245
241090,2410900,RN,Riachuelo,8'220,8'310,7'389,7'589,7'627,7'646
241100,2411007,RN,Rodolfo Fernandes,4'462,4'457,4'242,4'345,4'349,4'345
241105,2411056,RN,Tibau,4'140,4'173,5'382,5'574,5'674,5'748
241110,2411106,RN,Ruy Barbosa,3'592,3'584,3'206,3'264,3'266,3'253
241120,2411205,RN,Santa Cruz,39'988,40'295,37'313,38'880,38'996,39'101
241140,2411403,RN,Santana do Matos,11'956,11'808,12'456,12'808,12'746,12'722
241142,2411429,RN,Santana do Seridó,2'689,2'699,2'696,2'754,2'787,2'796
241150,2411502,RN,Santo Antônio,24'280,24'422,22'177,22'819,22'779,22'793
241160,2411601,RN,São Bento do Norte,2'717,2'687,3'304,3'375,3'426,3'442
241170,2411700,RN,São Bento do Trairí,4'495,4'541,3'792,3'872,3'892,3'890
241180,2411809,RN,São Fernando,3'595,3'606,3'492,3'579,3'600,3'606
241190,2411908,RN,São Francisco do Oeste,4'255,4'281,4'161,4'276,4'304,4'319
241200,2412005,RN,São Gonçalo do Amarante,103'672,104'919,115'838,120'489,123'207,124'495
241210,2412104,RN,São João do Sabugi,6'207,6'221,5'956,6'125,6'130,6'136
241220,2412203,RN,São José de Mipibu,44'236,44'566,47'286,49'012,49'693,50'053
241230,2412302,RN,São José do Campestre,12'879,12'901,11'121,11'434,11'340,11'298
241240,2412401,RN,São José do Seridó,4'665,4'696,4'558,4'675,4'716,4'733
241250,2412500,RN,São Miguel,23'655,23'789,23'537,24'214,24'329,24'422
241255,2412559,RN,São Miguel do Gostoso,10'362,10'441,10'221,10'509,10'590,10'636
241260,2412609,RN,São Paulo do Potengi,17'720,17'858,16'786,17'267,17'320,17'371
241270,2412708,RN,São Pedro,5'930,5'889,5'776,5'924,5'905,5'890
241280,2412807,RN,São Rafael,8'192,8'183,7'711,7'927,7'899,7'889
241290,2412906,RN,São Tomé,11'053,11'051,9'972,10'260,10'188,10'161
241300,2413003,RN,São Vicente,6'450,6'476,6'310,6'482,6'514,6'530
241310,2413102,RN,Senador Elói de Souza,6'127,6'167,5'965,5'965,6'007,6'027
241320,2413201,RN,Senador Georgino Avelino,4'484,4'527,4'065,4'167,4'193,4'202
241330,2413300,RN,Serra de São Bento,5'751,5'739,5'703,5'852,5'864,5'866
241335,2413359,RN,Serra do Mel,12'083,12'225,13'091,13'450,13'694,13'819
241340,2413409,RN,Serra Negra do Norte,8'092,8'105,7'597,7'816,7'801,7'800
241350,2413508,RN,Serrinha,6'178,6'128,6'436,6'616,6'609,6'608
241355,2413557,RN,Serrinha dos Pintos,4'816,4'832,4'659,4'777,4'802,4'810
241360,2413607,RN,Severiano Melo,2'088,1'743,5'487,5'630,5'623,5'616
241370,2413706,RN,Sítio Novo,5'561,5'600,4'654,4'762,4'758,4'746
241380,2413805,RN,Taboleiro Grande,2'586,2'606,2'338,2'362,2'406,2'409
241390,2413904,RN,Taipu,12'297,12'314,11'422,11'767,11'716,11'708
241400,2414001,RN,Tangará,15'869,16'008,13'281,13'680,13'602,13'583
241410,2414100,RN,Tenente Ananias,10'855,10'923,10'262,10'552,10'587,10'610
241415,2414159,RN,Tenente Laurentino Cruz,6'019,6'085,5'891,6'067,6'118,6'152
241420,2414209,RN,Tibau do Sul,14'440,14'694,16'929,17'339,17'840,18'080
241430,2414308,RN,Timbaúba dos Batistas,2'421,2'427,2'348,2'398,2'420,2'424
241440,2414407,RN,Touros,33'503,33'716,33'035,34'425,34'624,34'767
241445,2414456,RN,Triunfo Potiguar,3'216,3'195,3'376,3'448,3'474,3'477
241450,2414506,RN,Umarizal,10'520,10'485,10'078,10'713,10'671,10'655
241460,2414605,RN,Upanema,14'800,14'937,13'577,13'983,14'013,14'048
241470,2414704,RN,Várzea,5'515,5'529,5'233,5'365,5'383,5'387
241475,2414753,RN,Venha-Ver,4'205,4'232,3'014,3'039,3'035,3'005
241480,2414803,RN,Vera Cruz,12'637,12'789,10'735,11'042,11'044,11'053
241490,2414902,RN,Viçosa,1'725,1'731,1'822,1'846,1'890,1'900
241500,2415008,RN,Vila Flor,3'194,3'217,3'174,3'225,3'289,3'304
250010,2500106,PB,Água Branca,10'306,10'375,9'335,9'588,9'578,9'580
250020,2500205,PB,Aguiar,5'630,5'622,5'003,5'077,5'061,5'026
250030,2500304,PB,Alagoa Grande,28'439,28'384,26'062,26'891,26'774,26'655
250040,2500403,PB,Alagoa Nova,20'921,20'992,21'013,21'614,21'724,21'823
250050,2500502,PB,Alagoinha,14'560,14'629,13'725,14'101,14'118,14'140
250053,2500536,PB,Alcantil,5'509,5'527,5'578,5'730,5'777,5'806
250057,2500577,PB,Algodão de Jandaíra,2'577,2'588,2'953,3'040,3'105,3'143
250060,2500601,PB,Alhandra,19'727,19'865,21'730,22'473,22'797,23'065
250070,2500700,PB,São João do Rio do Peixe,18'026,18'020,17'964,18'466,18'468,18'500
250073,2500734,PB,Amparo,2'251,2'264,2'234,2'279,2'316,2'328
250077,2500775,PB,Aparecida,8'416,8'482,7'960,8'193,8'225,8'257
250080,2500809,PB,Araçagi,16'921,16'857,16'646,17'041,17'012,16'991
250090,2500908,PB,Arara,13'542,13'613,12'212,12'518,12'496,12'482
250100,2501005,PB,Araruna,20'463,20'610,17'189,17'544,17'442,17'360
250110,2501104,PB,Areia,22'656,22'493,22'633,23'152,23'082,23'031
250115,2501153,PB,Areia de Baraúnas,2'116,2'105,2'005,2'006,2'036,2'027
250120,2501203,PB,Areial,7'027,7'054,7'128,7'350,7'393,7'434
250130,2501302,PB,Aroeiras,19'116,19'081,18'705,19'150,19'148,19'142
250135,2501351,PB,Assunção,4'029,4'067,4'152,4'290,4'342,4'383
250140,2501401,PB,Baía da Traição,9'096,9'197,9'224,9'521,9'648,9'741
250150,2501500,PB,Bananeiras,21'269,21'220,23'134,23'843,23'989,24'134
250153,2501534,PB,Baraúna,4'964,5'033,4'762,4'915,4'968,5'010
250157,2501575,PB,Barra de Santana,8'349,8'338,8'059,8'255,8'253,8'247
250160,2501609,PB,Barra de Santa Rosa,15'497,15'607,12'904,13'170,13'094,13'024
250170,2501708,PB,Barra de São Miguel,6'065,6'095,5'906,6'061,6'101,6'123
250180,2501807,PB,Bayeux,97'203,97'519,82'742,85'028,84'404,83'862
250190,2501906,PB,Belém,17'705,17'733,16'401,16'792,16'740,16'710
250200,2502003,PB,Belém do Brejo do Cruz,7'349,7'356,6'268,6'370,6'324,6'272
250205,2502052,PB,Bernardino Batista,3'536,3'571,3'504,3'599,3'650,3'677
250210,2502102,PB,Boa Ventura,5'307,5'248,5'207,5'294,5'277,5'246
250215,2502151,PB,Boa Vista,7'136,7'218,6'377,6'544,6'575,6'592
250220,2502201,PB,Bom Jesus,2'575,2'588,2'286,2'300,2'333,2'328
250230,2502300,PB,Bom Sucesso,4'956,4'937,4'661,4'754,4'740,4'720
250240,2502409,PB,Bonito de Santa Fé,12'022,12'126,10'252,10'490,10'460,10'433
250250,2502508,PB,Boqueirão,17'870,17'934,17'598,18'085,18'153,18'216
250260,2502607,PB,Igaracy,6'105,6'092,5'648,5'755,5'743,5'719
250270,2502706,PB,Borborema,5'287,5'311,4'214,4'250,4'231,4'185
250280,2502805,PB,Brejo do Cruz,14'206,14'287,13'613,14'008,14'050,14'095
250290,2502904,PB,Brejo dos Santos,6'464,6'479,5'742,5'851,5'840,5'816
250300,2503001,PB,Caaporã,21'955,22'079,21'193,21'792,21'865,21'942
250310,2503100,PB,Cabaceiras,5'661,5'710,5'335,5'480,5'515,5'537
250320,2503209,PB,Cabedelo,68'767,69'773,66'519,69'297,70'067,70'734
250330,2503308,PB,Cachoeira dos Índios,10'305,10'364,9'151,9'369,9'351,9'335
250340,2503407,PB,Cacimba de Areia,3'695,3'708,3'291,3'330,3'354,3'344
250350,2503506,PB,Cacimba de Dentro,17'178,17'169,16'064,16'438,16'373,16'332
250355,2503555,PB,Cacimbas,7'199,7'225,7'223,7'447,7'478,7'513
250360,2503605,PB,Caiçara,7'191,7'182,6'602,6'739,6'713,6'684
250370,2503704,PB,Cajazeiras,62'289,62'576,63'239,65'745,66'171,66'585
250375,2503753,PB,Cajazeirinhas,3'205,3'217,2'740,2'770,2'776,2'760
250380,2503803,PB,Caldas Brandão,6'046,6'077,5'753,5'888,5'928,5'942
250390,2503902,PB,Camalaú,6'031,6'048,6'085,6'264,6'298,6'327
250400,2504009,PB,Campina Grande,411'807,413'830,419'379,437'666,440'939,443'911
250403,2504033,PB,Capim,6'620,6'715,6'970,7'208,7'347,7'446
250407,2504074,PB,Caraúbas,4'185,4'206,3'944,4'025,4'059,4'067
250410,2504108,PB,Carrapateira,2'687,2'714,2'312,2'327,2'367,2'365
250415,2504157,PB,Casserengue,7'499,7'530,6'889,7'059,7'056,7'052
250420,2504207,PB,Catingueira,4'935,4'938,4'491,4'565,4'572,4'556
250430,2504306,PB,Catolé do Rocha,30'684,30'819,30'661,31'980,32'118,32'288
250435,2504355,PB,Caturité,4'875,4'898,5'254,5'422,5'492,5'544
250440,2504405,PB,Conceição,19'007,19'030,18'260,18'735,18'723,18'731
250450,2504504,PB,Condado,6'658,6'662,6'451,6'631,6'624,6'629
250460,2504603,PB,Conde,25'010,25'341,27'605,28'986,29'543,30'007
250470,2504702,PB,Congo,4'787,4'787,4'933,5'058,5'102,5'124
250480,2504801,PB,Coremas,15'441,15'438,14'683,15'041,15'005,14'987
250485,2504850,PB,Coxixola,1'935,1'948,1'824,1'851,1'882,1'888
250490,2504900,PB,Cruz do Espírito Santo,17'461,17'599,17'095,17'594,17'718,17'821
250500,2505006,PB,Cubati,7'832,7'866,7'580,7'781,7'820,7'842
250510,2505105,PB,Cuité,20'334,20'331,19'719,20'197,20'205,20'208
250520,2505204,PB,Cuitegi,6'775,6'748,6'730,6'878,6'894,6'890
250523,2505238,PB,Cuité de Mamanguape,6'356,6'360,6'251,6'417,6'431,6'441
250527,2505279,PB,Curral de Cima,5'218,5'209,5'254,5'391,5'406,5'415
250530,2505303,PB,Curral Velho,2'512,2'508,2'292,2'304,2'327,2'316
250535,2505352,PB,Damião,5'370,5'409,4'982,5'105,5'131,5'141
250540,2505402,PB,Desterro,8'315,8'332,8'067,8'292,8'300,8'314
250550,2505501,PB,Vista Serrana,3'824,3'850,3'641,3'715,3'759,3'772
250560,2505600,PB,Diamante,6'528,6'506,6'299,6'433,6'431,6'416
250570,2505709,PB,Dona Inês,10'413,10'375,10'380,10'638,10'640,10'638
250580,2505808,PB,Duas Estradas,3'582,3'569,3'327,3'373,3'377,3'360
250590,2505907,PB,Emas,3'539,3'556,3'011,3'045,3'053,3'036
250600,2506004,PB,Esperança,33'199,33'386,31'231,32'432,32'522,32'599
250610,2506103,PB,Fagundes,11'215,11'180,11'049,11'312,11'315,11'307
250620,2506202,PB,Frei Martinho,2'989,2'989,2'846,2'890,2'913,2'911
250625,2506251,PB,Gado Bravo,8'303,8'292,8'179,8'384,8'395,8'398
250630,2506301,PB,Guarabira,59'115,59'389,57'484,59'616,59'836,60'057
250640,2506400,PB,Gurinhém,14'127,14'125,13'766,14'127,14'133,14'141
250650,2506509,PB,Gurjão,3'453,3'477,3'242,3'301,3'343,3'352
250660,2506608,PB,Ibiara,5'903,5'877,5'631,5'745,5'733,5'713
250670,2506707,PB,Imaculada,11'848,11'877,10'392,10'629,10'550,10'497
250680,2506806,PB,Ingá,18'144,18'184,17'692,18'162,18'197,18'234
250690,2506905,PB,Itabaiana,24'419,24'363,23'182,23'715,23'621,23'558
250700,2507002,PB,Itaporanga,24'828,24'960,23'940,24'640,24'686,24'766
250710,2507101,PB,Itapororoca,18'823,18'978,18'382,18'920,19'054,19'165
250720,2507200,PB,Itatuba,11'016,11'069,10'499,10'785,10'816,10'840
250730,2507309,PB,Jacaraú,14'450,14'467,14'477,14'878,14'923,14'969
250740,2507408,PB,Jericó,7'745,7'751,7'516,7'725,7'721,7'728
250750,2507507,PB,João Pessoa,817'511,825'796,833'932,881'644,888'679,897'633
250760,2507606,PB,Juarez Távora,7'976,8'014,7'796,8'024,8'057,8'088
250770,2507705,PB,Juazeirinho,18'298,18'422,17'007,17'449,17'488,17'520
250780,2507804,PB,Junco do Seridó,7'195,7'238,6'793,6'983,7'002,7'019
250790,2507903,PB,Juripiranga,10'793,10'830,10'012,10'251,10'259,10'255
250800,2508000,PB,Juru,9'849,9'831,9'234,9'444,9'410,9'380
250810,2508109,PB,Lagoa,4'653,4'640,4'415,4'499,4'502,4'489
250820,2508208,PB,Lagoa de Dentro,7'737,7'754,7'819,8'046,8'088,8'123
250830,2508307,PB,Lagoa Seca,27'617,27'728,27'730,28'885,29'053,29'209
250840,2508406,PB,Lastro,2'718,2'698,3'162,3'241,3'292,3'316
250850,2508505,PB,Livramento,7'265,7'274,6'877,7'057,7'045,7'041
250855,2508554,PB,Logradouro,4'369,4'406,4'797,4'954,5'045,5'107
250860,2508604,PB,Lucena,13'214,13'344,12'560,12'944,13'019,13'088
250870,2508703,PB,Mãe d'Água,3'999,3'988,3'583,3'626,3'624,3'599
250880,2508802,PB,Malta,5'752,5'745,6'046,6'229,6'259,6'288
250890,2508901,PB,Mamanguape,45'136,45'385,44'599,46'424,46'719,46'966
250900,2509008,PB,Manaíra,10'972,10'988,10'434,10'720,10'700,10'699
250905,2509057,PB,Marcação,8'653,8'746,8'999,9'294,9'435,9'537
250910,2509107,PB,Mari,21'866,21'895,21'512,22'091,22'126,22'170
250915,2509156,PB,Marizópolis,6'654,6'689,6'705,6'922,6'960,7'001
250920,2509206,PB,Massaranduba,13'998,14'077,14'139,14'561,14'666,14'756
250930,2509305,PB,Mataraca,8'539,8'642,8'244,8'506,8'585,8'650
250933,2509339,PB,Matinhas,4'515,4'528,4'571,4'688,4'735,4'759
250937,2509370,PB,Mato Grosso,2'926,2'944,2'543,2'567,2'592,2'584
250939,2509396,PB,Maturéia,6'630,6'690,6'433,6'625,6'677,6'717
250940,2509404,PB,Mogeiro,13'261,13'238,13'899,14'305,14'375,14'435
250950,2509503,PB,Montadas,5'738,5'806,5'812,6'010,6'083,6'144
250960,2509602,PB,Monte Horebe,4'842,4'867,4'338,4'416,4'435,4'429
250970,2509701,PB,Monteiro,33'433,33'638,32'277,33'590,33'742,33'886
250980,2509800,PB,Mulungu,9'932,9'962,8'791,8'982,8'945,8'909
250990,2509909,PB,Natuba,10'451,10'449,8'945,9'096,9'014,8'935
251000,2510006,PB,Nazarezinho,7'286,7'271,7'203,7'393,7'392,7'394
251010,2510105,PB,Nova Floresta,10'626,10'614,9'724,9'912,9'884,9'840
251020,2510204,PB,Nova Olinda,5'920,5'892,5'787,5'921,5'909,5'897
251030,2510303,PB,Nova Palmeira,4'959,5'011,4'259,4'356,4'362,4'359
251040,2510402,PB,Olho d'Água,6'462,6'399,6'060,6'152,6'111,6'059
251050,2510501,PB,Olivedos,3'961,3'989,3'580,3'658,3'674,3'675
251060,2510600,PB,Ouro Velho,3'046,3'052,2'918,2'968,2'998,3'000
251065,2510659,PB,Parari,1'758,1'747,1'720,1'725,1'751,1'745
251070,2510709,PB,Passagem,2'436,2'453,2'463,2'523,2'562,2'580
251080,2510808,PB,Patos,108'192,108'766,103'165,107'414,107'774,108'104
251090,2510907,PB,Paulista,12'379,12'411,11'834,12'150,12'160,12'172
251100,2511004,PB,Pedra Branca,3'802,3'802,3'739,3'828,3'846,3'851
251110,2511103,PB,Pedra Lavrada,7'899,7'954,6'859,7'019,6'998,6'980
251120,2511202,PB,Pedras de Fogo,28'533,28'607,29'662,30'932,31'152,31'356
251130,2511301,PB,Piancó,16'111,16'147,16'441,16'944,17'006,17'088
251140,2511400,PB,Picuí,18'720,18'737,18'333,18'797,18'835,18'862
251150,2511509,PB,Pilar,11'977,12'036,12'311,12'707,12'801,12'889
251160,2511608,PB,Pilões,6'576,6'518,6'815,6'964,6'979,6'974
251170,2511707,PB,Pilõezinhos,4'955,4'937,5'329,5'470,5'514,5'539
251180,2511806,PB,Pirpirituba,10'584,10'590,9'340,9'525,9'467,9'411
251190,2511905,PB,Pitimbu,19'275,19'478,16'751,17'172,17'164,17'166
251200,2512002,PB,Pocinhos,18'708,18'848,17'469,17'948,17'990,18'038
251203,2512036,PB,Poço Dantas,3'882,3'877,3'830,3'915,3'932,3'934
251207,2512077,PB,Poço de José de Moura,4'337,4'366,4'006,4'101,4'120,4'126
251210,2512101,PB,Pombal,32'802,32'803,32'473,33'753,33'796,33'866
251220,2512200,PB,Prata,4'238,4'265,3'915,4'006,4'027,4'032
251230,2512309,PB,Princesa Isabel,23'549,23'749,21'114,21'654,21'659,21'674
251240,2512408,PB,Puxinanã,13'741,13'801,14'277,14'713,14'837,14'942
251250,2512507,PB,Queimadas,44'179,44'388,47'658,49'637,50'214,50'698
251260,2512606,PB,Quixaba,1'983,2'009,1'743,1'768,1'798,1'803
251270,2512705,PB,Remígio,19'798,19'973,17'885,18'354,18'373,18'399
251272,2512721,PB,Pedro Régis,6'114,6'139,5'766,5'907,5'925,5'932
251274,2512747,PB,Riachão,3'619,3'650,2'927,2'944,2'964,2'945
251275,2512754,PB,Riachão do Bacamarte,4'541,4'562,4'690,4'830,4'877,4'911
251276,2512762,PB,Riachão do Poço,4'540,4'571,4'738,4'883,4'946,4'989
251278,2512788,PB,Riacho de Santo Antônio,1'974,1'999,1'955,2'000,2'044,2'063
251280,2512804,PB,Riacho dos Cavalos,8'541,8'555,8'493,8'728,8'762,8'788
251290,2512903,PB,Rio Tinto,24'218,24'258,24'581,25'271,25'394,25'500
251300,2513000,PB,Salgadinho,3'931,3'975,3'355,3'425,3'437,3'435
251310,2513109,PB,Salgado de São Félix,12'131,12'123,11'505,11'795,11'760,11'741
251315,2513158,PB,Santa Cecília,6'541,6'526,7'670,7'927,8'031,8'113
251320,2513208,PB,Santa Cruz,6'581,6'579,5'947,6'073,6'041,6'013
251330,2513307,PB,Santa Helena,5'871,5'853,5'865,6'019,6'020,6'023
251335,2513356,PB,Santa Inês,3'593,3'591,3'227,3'271,3'274,3'256
251340,2513406,PB,Santa Luzia,15'426,15'470,14'959,15'360,15'387,15'418
251350,2513505,PB,Santana de Mangueira,5'129,5'098,5'010,5'103,5'106,5'090
251360,2513604,PB,Santana dos Garrotes,6'986,6'942,6'569,6'692,6'657,6'618
251365,2513653,PB,Joca Claudino,2'639,2'640,2'539,2'569,2'606,2'607
251370,2513703,PB,Santa Rita,137'349,138'093,149'910,156'901,159'121,160'852
251380,2513802,PB,Santa Teresinha,4'562,4'550,4'402,4'509,4'499,4'492
251385,2513851,PB,Santo André,2'509,2'496,2'622,2'674,2'702,2'708
251390,2513901,PB,São Bento,34'344,34'650,32'235,33'576,33'700,33'845
251392,2513927,PB,São Bentinho,4'566,4'602,4'327,4'450,4'473,4'490
251394,2513943,PB,São Domingos do Cariri,2'630,2'645,2'585,2'630,2'676,2'688
251396,2513968,PB,São Domingos,3'097,3'119,2'595,2'617,2'636,2'624
251398,2513984,PB,São Francisco,3'384,3'377,3'137,3'179,3'190,3'176
251400,2514008,PB,São João do Cariri,4'184,4'170,4'226,4'316,4'341,4'345
251410,2514107,PB,São João do Tigre,4'415,4'408,4'263,4'343,4'363,4'359
251420,2514206,PB,São José da Lagoa Tapada,7'626,7'622,7'126,7'297,7'270,7'251
251430,2514305,PB,São José de Caiana,6'376,6'394,5'034,5'053,5'032,4'966
251440,2514404,PB,São José de Espinharas,4'656,4'631,4'083,4'122,4'099,4'056
251445,2514453,PB,São José dos Ramos,5'998,6'037,5'891,6'051,6'105,6'137
251450,2514503,PB,São José de Piranhas,20'329,20'406,19'067,19'556,19'552,19'561
251455,2514552,PB,São José de Princesa,3'950,3'898,3'416,3'391,3'383,3'323
251460,2514602,PB,São José do Bonfim,3'588,3'619,3'242,3'296,3'333,3'337
251465,2514651,PB,São José do Brejo do Cruz,1'811,1'821,1'699,1'723,1'748,1'750
251470,2514701,PB,São José do Sabugi,4'147,4'153,4'138,4'249,4'270,4'283
251480,2514800,PB,São José dos Cordeiros,3'618,3'607,3'411,3'458,3'474,3'462
251490,2514909,PB,São Mamede,7'702,7'682,7'470,7'669,7'640,7'629
251500,2515005,PB,São Miguel de Taipu,7'410,7'450,7'066,7'262,7'287,7'307
251510,2515104,PB,São Sebastião de Lagoa de Roça,11'728,11'793,11'040,11'346,11'365,11'387
251520,2515203,PB,São Sebastião do Umbuzeiro,3'512,3'534,3'279,3'332,3'376,3'382
251530,2515302,PB,Sapé,52'804,52'977,51'306,53'151,53'309,53'457
251540,2515401,PB,São Vicente do Seridó,10'848,10'919,10'291,10'577,10'620,10'652
251550,2515500,PB,Serra Branca,13'754,13'807,13'614,14'033,14'075,14'131
251560,2515609,PB,Serra da Raiz,3'131,3'114,3'094,3'137,3'162,3'156
251570,2515708,PB,Serra Grande,2'916,2'921,2'942,3'001,3'043,3'056
251580,2515807,PB,Serra Redonda,7'021,7'001,6'828,6'978,6'984,6'975
251590,2515906,PB,Serraria,6'068,6'037,4'885,4'885,4'839,4'754
251593,2515930,PB,Sertãozinho,5'089,5'152,5'054,5'225,5'282,5'332
251597,2515971,PB,Sobrado,7'815,7'845,8'236,8'499,8'579,8'646
251600,2516003,PB,Solânea,26'227,26'051,26'774,27'772,27'749,27'748
251610,2516102,PB,Soledade,15'102,15'211,13'968,14'355,14'381,14'409
251615,2516151,PB,Sossêgo,3'594,3'631,3'345,3'425,3'461,3'476
251620,2516201,PB,Sousa,69'723,69'997,67'259,69'743,69'876,70'066
251630,2516300,PB,Sumé,17'031,17'096,17'166,17'668,17'763,17'852
251640,2516409,PB,Tacima,10'969,11'024,8'010,8'043,7'934,7'794
251650,2516508,PB,Taperoá,15'441,15'505,14'068,14'405,14'376,14'358
251660,2516607,PB,Tavares,14'759,14'791,14'101,14'476,14'464,14'473
251670,2516706,PB,Teixeira,15'248,15'333,14'631,15'042,15'082,15'129
251675,2516755,PB,Tenório,3'081,3'103,2'966,3'025,3'069,3'082
251680,2516805,PB,Triunfo,9'464,9'473,9'892,10'196,10'259,10'315
251690,2516904,PB,Uiraúna,15'300,15'356,14'930,15'342,15'386,15'431
251700,2517001,PB,Umbuzeiro,9'911,9'914,9'124,9'324,9'302,9'274
251710,2517100,PB,Várzea,2'841,2'870,2'668,2'748,2'764,2'777
251720,2517209,PB,Vieirópolis,5'372,5'395,4'864,4'973,4'974,4'967
251740,2517407,PB,Zabelê,2'255,2'269,2'228,2'271,2'310,2'323
260005,2600054,PE,Abreu e Lima,100'346,100'698,98'462,103'659,103'945,104'248
260010,2600104,PE,Afogados da Ingazeira,37'404,37'546,40'241,41'965,42'407,42'672
260020,2600203,PE,Afrânio,19'810,19'981,18'674,19'271,19'349,19'409
260030,2600302,PE,Agrestina,25'065,25'240,23'779,24'515,24'615,24'680
260040,2600401,PE,Água Preta,37'082,37'386,26'461,27'730,27'221,26'981
260050,2600500,PE,Águas Belas,43'686,43'923,41'548,43'613,43'713,43'822
260060,2600609,PE,Alagoinha,14'718,14'798,13'542,14'355,14'355,14'460
260070,2600708,PE,Aliança,38'397,38'408,35'741,37'563,37'372,37'349
260080,2600807,PE,Altinho,22'984,22'996,20'674,21'295,21'185,21'134
260090,2600906,PE,Amaraji,22'870,22'910,18'205,18'755,18'471,18'335
260100,2601003,PE,Angelim,11'226,11'301,10'241,10'575,10'580,10'591
260105,2601052,PE,Araçoiaba,20'733,20'936,19'243,19'858,19'936,19'996
260110,2601102,PE,Araripina,84'864,85'301,85'088,89'400,90'104,90'504
260120,2601201,PE,Arcoverde,74'822,75'295,77'742,81'125,82'003,82'487
260130,2601300,PE,Barra de Guabiraba,14'510,14'632,12'263,12'653,12'616,12'601
260140,2601409,PE,Barreiros,42'764,42'866,40'121,42'159,42'056,42'083
260150,2601508,PE,Belém de Maria,12'122,12'169,10'378,10'905,10'829,10'798
260160,2601607,PE,Belém do São Francisco,20'730,20'730,18'301,18'856,18'713,18'648
260170,2601706,PE,Belo Jardim,76'687,76'930,79'507,82'945,83'647,84'033
260180,2601805,PE,Betânia,12'765,12'811,11'232,12'040,11'981,11'961
260190,2601904,PE,Bezerros,60'880,60'960,61'694,64'535,64'809,65'007
260200,2602001,PE,Bodocó,38'378,38'605,34'478,36'151,36'129,36'145
260210,2602100,PE,Bom Conselho,48'767,48'975,44'294,46'311,46'192,46'202
260220,2602209,PE,Bom Jardim,39'983,40'038,37'629,39'341,39'278,39'289
260230,2602308,PE,Bonito,38'117,38'101,37'474,39'119,39'163,39'212
260240,2602407,PE,Brejão,8'987,8'981,9'079,9'363,9'399,9'417
260250,2602506,PE,Brejinho,7'488,7'489,7'720,7'988,8'010,8'033
260260,2602605,PE,Brejo da Madre de Deus,51'225,51'696,48'648,50'777,51'107,51'308
260270,2602704,PE,Buenos Aires,13'190,13'224,12'808,13'256,13'254,13'276
260280,2602803,PE,Buíque,58'919,59'448,52'097,54'494,54'425,53'489
260290,2602902,PE,Cabo de Santo Agostinho,208'944,210'796,203'440,215'335,216'969,218'049
260300,2603009,PE,Cabrobó,34'503,34'778,30'294,31'767,31'746,31'762
260310,2603108,PE,Cachoeirinha,20'501,20'618,19'899,20'513,20'612,20'673
260320,2603207,PE,Caetés,28'904,29'065,28'827,30'229,30'441,30'571
260330,2603306,PE,Calçado,11'018,10'983,11'093,11'447,11'445,11'453
260340,2603405,PE,Calumbi,5'747,5'744,5'228,5'365,5'367,5'354
260345,2603454,PE,Camaragibe,158'899,159'945,147'771,155'599,155'771,156'112
260350,2603504,PE,Camocim de São Félix,18'900,19'032,17'419,17'961,17'991,18'018
260360,2603603,PE,Camutanga,8'572,8'592,7'750,7'991,7'972,7'962
260370,2603702,PE,Canhotinho,24'773,24'743,24'329,25'137,25'090,25'103
260380,2603801,PE,Capoeiras,20'048,20'048,18'338,18'998,18'890,18'854
260390,2603900,PE,Carnaíba,19'609,19'666,18'644,19'527,19'513,19'533
260392,2603926,PE,Carnaubeira da Penha,13'025,13'117,12'239,12'649,12'682,12'712
260400,2604007,PE,Carpina,84'395,85'131,79'293,82'865,83'205,83'482
260410,2604106,PE,Caruaru,365'278,369'343,378'048,396'292,402'290,405'408
260415,2604155,PE,Casinhas,14'368,14'395,12'967,13'549,13'489,13'468
260420,2604205,PE,Catende,43'340,43'778,32'156,33'729,33'279,33'086
260430,2604304,PE,Cedro,11'891,11'972,10'518,10'846,10'845,10'843
260440,2604403,PE,Chã de Alegria,13'556,13'641,12'984,13'411,13'461,13'496
260450,2604502,PE,Chã Grande,21'815,21'929,20'546,21'204,21'224,21'258
260460,2604601,PE,Condado,26'590,26'755,24'587,25'381,25'383,25'416
260470,2604700,PE,Correntes,18'268,18'327,17'131,17'677,17'660,17'670
260480,2604809,PE,Cortês,12'560,12'543,10'198,10'672,10'512,10'426
260490,2604908,PE,Cumaru,10'192,9'494,15'920,16'356,16'252,16'215
260500,2605004,PE,Cupira,24'173,24'237,23'518,24'258,24'301,24'343
260510,2605103,PE,Custódia,37'375,37'633,37'699,39'052,39'403,39'609
260515,2605152,PE,Dormentes,19'079,19'246,17'188,17'731,17'749,17'850
260520,2605202,PE,Escada,69'292,69'701,59'891,62'596,62'252,62'174
260530,2605301,PE,Exu,31'766,31'709,31'843,33'398,33'436,33'486
260540,2605400,PE,Feira Nova,22'247,22'360,21'427,22'117,22'169,22'222
260545,2605459,PE,Fernando de Noronha,3'101,3'140,3'167,3'247,3'316,3'341
260550,2605509,PE,Ferreiros,12'170,12'216,15'026,15'583,15'794,15'955
260560,2605608,PE,Flores,22'618,22'612,20'347,20'979,20'835,20'776
260570,2605707,PE,Floresta,33'184,33'488,30'137,31'519,31'627,31'702
260580,2605806,PE,Frei Miguelinho,15'546,15'633,13'636,14'110,14'070,14'055
260590,2605905,PE,Gameleira,31'318,31'578,18'214,18'463,17'973,17'583
260600,2606002,PE,Garanhuns,140'577,141'347,142'506,149'855,151'064,151'803
260610,2606101,PE,Glória do Goitá,30'751,30'847,29'347,30'354,30'370,30'420
260620,2606200,PE,Goiana,80'055,80'345,81'055,84'713,85'160,85'497
260630,2606309,PE,Granito,7'537,7'586,6'967,7'188,7'206,7'217
260640,2606408,PE,Gravatá,84'699,85'309,86'516,90'964,91'887,92'429
260650,2606507,PE,Iati,19'241,19'284,17'165,17'723,17'605,17'570
260660,2606606,PE,Ibimirim,29'412,29'585,26'593,28'666,28'760,28'825
260670,2606705,PE,Ibirajuba,7'768,7'773,7'140,7'355,7'344,7'334
260680,2606804,PE,Igarassu,118'370,119'690,115'196,121'148,122'312,123'017
260690,2606903,PE,Iguaracy,12'247,12'265,11'081,11'416,11'366,11'347
260700,2607000,PE,Inajá,23'645,24'034,25'603,26'912,27'488,27'758
260710,2607109,PE,Ingazeira,4'543,4'537,4'765,4'921,4'959,4'975
260720,2607208,PE,Ipojuca,97'669,99'101,98'932,103'902,105'638,106'539
260730,2607307,PE,Ipubi,31'187,31'515,29'009,30'401,30'603,30'720
260740,2607406,PE,Itacuruba,4'966,5'013,4'284,4'453,4'490,4'491
260750,2607505,PE,Itaíba,26'308,26'268,32'650,33'182,33'691,33'995
260760,2607604,PE,Ilha de Itamaracá,26'672,27'076,24'540,25'330,25'529,25'658
260765,2607653,PE,Itambé,36'471,36'495,34'935,36'672,36'626,36'652
260770,2607703,PE,Itapetim,13'553,13'492,13'791,14'245,14'232,14'236
260775,2607752,PE,Itapissuma,26'900,27'144,27'749,29'161,29'463,29'669
260780,2607802,PE,Itaquitinga,17'006,17'056,16'554,17'105,17'109,17'142
260790,2607901,PE,Jaboatão dos Guararapes,706'867,711'330,644'037,683'422,683'285,684'293
260795,2607950,PE,Jaqueira,11'644,11'632,10'247,10'575,10'483,10'440
260800,2608008,PE,Jataúba,17'228,17'305,15'843,16'327,16'323,16'328
260805,2608057,PE,Jatobá,14'850,14'904,14'020,14'459,14'463,14'477
260810,2608107,PE,João Alfredo,33'328,33'570,27'725,29'083,28'903,28'842
260820,2608206,PE,Joaquim Nabuco,16'011,15'999,13'269,13'675,13'506,13'416
260825,2608255,PE,Jucati,11'485,11'545,11'517,11'915,11'975,12'023
260830,2608305,PE,Jupi,14'922,15'007,15'329,15'799,15'943,16'022
260840,2608404,PE,Jurema,15'431,15'483,13'648,14'086,14'027,14'002
260845,2608453,PE,Lagoa do Carro,18'252,18'429,17'981,18'567,18'708,18'804
260850,2608503,PE,Lagoa de Itaenga,21'460,21'490,19'003,20'065,19'915,19'863
260860,2608602,PE,Lagoa do Ouro,13'224,13'300,11'933,12'393,12'364,12'367
260870,2608701,PE,Lagoa dos Gatos,16'318,16'345,14'076,14'495,14'386,14'333
260875,2608750,PE,Lagoa Grande,25'849,26'090,24'088,24'820,24'952,24'951
260880,2608800,PE,Lajedo,40'589,40'883,39'582,41'513,41'786,41'960
260890,2608909,PE,Limoeiro,56'198,56'149,56'510,59'061,59'125,59'236
260900,2609006,PE,Macaparana,25'472,25'565,23'879,24'643,24'624,24'642
260910,2609105,PE,Machados,16'321,16'549,11'333,11'610,11'471,11'387
260915,2609154,PE,Manari,21'776,22'110,23'763,26'273,26'773,27'046
260920,2609204,PE,Maraial,11'220,11'098,9'359,9'623,9'432,9'322
260930,2609303,PE,Mirandiba,15'470,15'548,14'166,14'584,14'599,14'605
260940,2609402,PE,Moreno,63'294,63'792,55'292,57'811,57'647,57'654
260950,2609501,PE,Nazaré da Mata,32'573,32'673,30'648,32'188,32'153,32'187
260960,2609600,PE,Olinda,393'115,393'734,349'976,367'946,365'402,364'717
260970,2609709,PE,Orobó,23'935,23'985,21'808,22'527,22'438,22'412
260980,2609808,PE,Orocó,15'152,15'309,13'613,14'051,14'100,14'129
260990,2609907,PE,Ouricuri,69'969,70'466,65'245,68'148,68'329,68'489
261000,2610004,PE,Palmares,63'500,63'745,54'584,57'087,56'615,56'475
261010,2610103,PE,Palmeirina,7'600,7'509,7'031,7'234,7'154,7'104
261020,2610202,PE,Panelas,26'456,26'438,22'991,23'709,23'449,23'337
261030,2610301,PE,Paranatama,11'566,11'608,12'199,12'615,12'712,12'778
261040,2610400,PE,Parnamirim,22'106,22'198,18'612,19'178,19'028,18'960
261050,2610509,PE,Passira,28'894,28'856,28'340,29'751,29'719,29'744
261060,2610608,PE,Paudalho,56'933,57'346,56'665,59'236,59'638,59'924
261070,2610707,PE,Paulista,334'376,336'919,342'167,359'206,362'960,365'144
261080,2610806,PE,Pedra,22'668,22'716,22'795,23'514,23'605,23'671
261090,2610905,PE,Pesqueira,67'735,68'067,62'722,65'410,65'408,65'481
261100,2611002,PE,Petrolândia,36'901,37'246,34'161,35'861,35'991,36'104
261110,2611101,PE,Petrolina,354'317,359'372,386'791,406'411,414'083,418'444
261120,2611200,PE,Poção,11'305,11'308,10'500,10'831,10'805,10'792
261130,2611309,PE,Pombos,27'148,27'204,27'552,26'713,26'847,26'942
261140,2611408,PE,Primavera,15'101,15'231,13'838,14'338,14'351,14'380
261150,2611507,PE,Quipapá,26'175,26'309,17'928,18'261,17'974,17'731
261153,2611533,PE,Quixaba,6'805,6'796,6'554,6'766,6'755,6'753
261160,2611606,PE,Recife,1'653'461,1'661'017,1'488'920,1'592'362,1'587'707,1'588'376
261170,2611705,PE,Riacho das Almas,20'646,20'744,20'639,21'282,21'411,21'490
261180,2611804,PE,Ribeirão,47'616,47'813,33'507,35'048,34'255,33'843
261190,2611903,PE,Rio Formoso,23'628,23'719,20'009,20'642,20'460,20'388
261200,2612000,PE,Sairé,9'764,9'600,10'887,11'249,11'218,11'213
261210,2612109,PE,Salgadinho,11'068,11'214,5'727,5'783,5'620,5'478
261220,2612208,PE,Salgueiro,61'249,61'561,62'372,65'070,65'635,65'946
261230,2612307,PE,Saloá,15'862,15'880,13'836,14'281,14'173,14'125
261240,2612406,PE,Sanharó,26'890,27'308,18'624,19'168,18'933,18'812
261245,2612455,PE,Santa Cruz,15'558,15'713,13'841,14'300,14'320,14'342
261247,2612471,PE,Santa Cruz da Baixa Verde,12'650,12'708,11'567,11'933,11'933,11'934
261250,2612505,PE,Santa Cruz do Capibaribe,109'897,111'812,98'254,103'277,104'277,104'854
261255,2612554,PE,Santa Filomena,14'562,14'645,12'106,12'491,12'402,12'360
261260,2612604,PE,Santa Maria da Boa Vista,42'100,42'266,40'578,42'557,42'682,42'782
261270,2612703,PE,Santa Maria do Cambucá,14'223,14'308,14'013,14'459,14'533,14'586
261280,2612802,PE,Santa Terezinha,11'865,11'914,10'244,10'564,10'513,10'487
261290,2612901,PE,São Benedito do Sul,16'069,16'239,13'113,13'546,13'479,13'456
261300,2613008,PE,São Bento do Una,60'042,60'567,49'449,51'557,51'264,51'165
261310,2613107,PE,São Caitano,37'368,37'488,37'126,38'952,39'117,39'243
261320,2613206,PE,São João,22'899,23'002,23'837,24'567,24'772,24'895
261330,2613305,PE,São Joaquim do Monte,21'398,21'439,20'037,20'475,20'440,20'438
261340,2613404,PE,São José da Coroa Grande,21'586,21'868,18'825,19'438,19'468,19'511
261350,2613503,PE,São José do Belmonte,34'021,34'082,34'843,36'570,36'752,36'890
261360,2613602,PE,São José do Egito,34'056,34'210,31'004,32'545,32'491,32'508
261370,2613701,PE,São Lourenço da Mata,114'079,114'910,111'249,117'053,117'759,118'258
261380,2613800,PE,São Vicente Férrer,18'085,18'150,16'677,17'191,17'176,17'177
261390,2613909,PE,Serra Talhada,86'915,87'467,92'228,96'947,98'143,98'816
261400,2614006,PE,Serrita,19'196,19'226,18'207,18'773,18'759,18'764
261410,2614105,PE,Sertânia,36'050,36'189,32'811,34'377,34'269,34'271
261420,2614204,PE,Sirinhaém,46'361,46'845,37'596,39'500,39'233,39'171
261430,2614303,PE,Moreilândia,11'270,11'269,10'540,10'885,10'849,10'839
261440,2614402,PE,Solidão,6'021,6'034,5'210,5'417,5'403,5'386
261450,2614501,PE,Surubim,65'647,66'192,64'120,67'046,67'515,67'821
261460,2614600,PE,Tabira,28'704,28'860,27'681,28'979,29'093,29'180
261470,2614709,PE,Tacaimbó,12'859,12'843,13'738,14'202,14'277,14'330
261480,2614808,PE,Tacaratu,26'106,26'439,23'902,24'661,24'803,24'898
261485,2614857,PE,Tamandaré,23'623,23'852,23'561,24'320,24'534,24'670
261500,2615003,PE,Taquaritinga do Norte,29'127,29'472,24'736,25'494,25'497,25'511
261510,2615102,PE,Terezinha,7'198,7'227,6'513,6'864,6'857,6'853
261520,2615201,PE,Terra Nova,10'206,10'314,8'920,9'200,9'221,9'231
261530,2615300,PE,Timbaúba,52'802,52'587,46'147,48'198,47'575,47'312
261540,2615409,PE,Toritama,46'164,47'088,41'137,43'113,43'636,43'921
261550,2615508,PE,Tracunhaém,13'813,13'856,13'867,14'344,14'393,14'439
261560,2615607,PE,Trindade,30'816,31'103,30'321,31'730,32'086,32'257
261570,2615706,PE,Triunfo,15'243,15'232,14'705,15'161,15'142,15'141
261580,2615805,PE,Tupanatinga,27'551,27'793,26'937,26'781,27'009,28'141
261590,2615904,PE,Tuparetama,8'256,8'266,8'005,8'243,8'252,8'261
261600,2616001,PE,Venturosa,18'661,18'835,17'251,17'557,17'609,17'563
261610,2616100,PE,Verdejante,9'553,9'572,9'169,9'446,9'474,9'483
261618,2616183,PE,Vertente do Lério,7'571,7'526,7'558,7'804,7'782,7'776
261620,2616209,PE,Vertentes,20'954,21'172,21'959,22'642,22'955,23'127
261630,2616308,PE,Vicência,32'772,32'897,26'359,27'652,27'297,27'151
261640,2616407,PE,Vitória de Santo Antão,139'583,140'389,134'084,143'263,143'799,144'243
261650,2616506,PE,Xexéu,14'757,14'789,11'611,11'953,11'791,11'699
270010,2700102,AL,Água Branca,20'230,20'263,19'008,19'594,19'550,19'550
270020,2700201,AL,Anadia,17'526,17'507,13'966,14'448,14'193,14'167
270030,2700300,AL,Arapiraca,233'047,234'309,234'696,242'026,243'661,243'906
270040,2700409,AL,Atalaia,47'365,47'540,37'512,39'106,38'530,38'480
270050,2700508,AL,Barra de Santo Antônio,16'068,16'201,16'365,16'569,16'735,16'756
270060,2700607,AL,Barra de São Miguel,8'378,8'434,7'944,8'088,8'118,8'123
270070,2700706,AL,Batalha,18'338,18'440,16'448,17'110,17'103,17'103
270080,2700805,AL,Belém,4'284,4'226,4'722,4'817,4'820,4'819
270090,2700904,AL,Belo Monte,6'710,6'717,5'936,5'911,5'898,5'895
270100,2701001,AL,Boca da Mata,27'356,27'429,21'187,21'923,21'517,21'479
270110,2701100,AL,Branquinha,10'460,10'426,9'603,9'863,9'786,9'779
270120,2701209,AL,Cacimbinhas,10'889,10'920,10'482,10'684,10'701,10'705
270130,2701308,AL,Cajueiro,21'331,21'397,16'024,16'934,16'605,16'572
270135,2701357,AL,Campestre,6'954,6'972,6'665,6'800,6'807,6'808
270140,2701407,AL,Campo Alegre,57'537,57'997,32'106,33'702,32'714,32'558
270150,2701506,AL,Campo Grande,9'567,9'576,8'143,8'361,8'293,8'285
270160,2701605,AL,Canapi,17'719,17'715,15'559,15'868,15'743,15'730
270170,2701704,AL,Capela,16'979,16'907,15'032,15'269,15'068,15'051
270180,2701803,AL,Carneiros,9'159,9'568,8'999,9'152,9'200,9'206
270190,2701902,AL,Chã Preta,7'311,7'311,5'910,6'101,6'010,6'000
270200,2702009,AL,Coité do Nóia,10'643,10'594,10'810,11'034,11'036,11'036
270210,2702108,AL,Colônia Leopoldina,21'818,21'935,15'816,16'268,15'949,15'915
270220,2702207,AL,Coqueiro Seco,5'864,5'882,5'581,5'696,5'700,5'701
270230,2702306,AL,Coruripe,57'294,57'647,50'414,51'980,51'788,51'784
270235,2702355,AL,Craíbas,24'309,24'396,25'397,25'861,26'115,26'144
270240,2702405,AL,Delmiro Gouveia,52'262,52'501,51'318,52'539,52'809,52'845
270250,2702504,AL,Dois Riachos,11'067,11'059,9'805,9'969,9'906,9'898
270255,2702553,AL,Estrela de Alagoas,18'255,18'304,15'429,15'865,15'701,15'688
270260,2702603,AL,Feira Grande,22'178,22'192,22'712,23'103,23'191,23'204
270270,2702702,AL,Feliz Deserto,4'779,4'803,3'963,4'053,4'038,4'035
270280,2702801,AL,Flexeiras,12'807,12'823,9'618,9'936,9'767,9'745
270290,2702900,AL,Girau do Ponciano,41'237,41'549,36'102,37'370,37'335,37'337
270300,2703007,AL,Ibateguara,15'627,15'637,13'731,14'102,13'992,13'982
270310,2703106,AL,Igaci,25'613,25'596,23'995,24'561,24'452,24'445
270320,2703205,AL,Igreja Nova,24'586,24'670,21'372,22'284,22'125,22'113
270330,2703304,AL,Inhapi,18'392,18'398,15'167,15'573,15'417,15'396
270340,2703403,AL,Jacaré dos Homens,5'219,5'185,5'083,5'186,5'182,5'180
270350,2703502,AL,Jacuípe,7'006,6'992,5'352,5'530,5'432,5'419
270360,2703601,AL,Japaratinga,8'403,8'444,9'219,9'316,9'443,9'457
270370,2703700,AL,Jaramataia,5'761,5'751,4'985,5'094,5'075,5'069
270375,2703759,AL,Jequiá da Praia,11'536,11'495,9'470,9'782,9'625,9'607
270380,2703809,AL,Joaquim Gomes,24'081,24'167,17'150,17'801,17'386,17'342
270390,2703908,AL,Jundiá,4'137,4'119,4'092,4'171,4'176,4'175
270400,2704005,AL,Junqueiro,24'722,24'716,23'907,24'428,24'381,24'382
270410,2704104,AL,Lagoa da Canoa,17'771,17'692,18'457,18'787,18'831,18'836
270420,2704203,AL,Limoeiro de Anadia,28'771,28'904,24'740,25'323,25'197,25'184
270430,2704302,AL,Maceió,1'025'360,1'031'597,957'916,992'975,994'464,994'952
270440,2704401,AL,Major Isidoro,19'864,19'923,17'700,17'906,17'834,17'828
270450,2704500,AL,Maragogi,33'032,33'351,32'174,32'904,33'232,33'269
270460,2704609,AL,Maravilha,9'004,8'850,9'534,9'774,9'715,9'709
270470,2704708,AL,Marechal Deodoro,52'380,52'848,60'370,61'021,62'341,62'477
270480,2704807,AL,Maribondo,13'193,13'123,13'679,13'955,13'968,13'970
270490,2704906,AL,Mar Vermelho,3'494,3'474,3'155,3'228,3'212,3'208
270500,2705002,AL,Mata Grande,25'207,25'200,21'844,22'374,22'147,22'126
270510,2705101,AL,Matriz de Camaragibe,24'634,24'627,23'857,24'373,24'330,24'331
270520,2705200,AL,Messias,18'031,18'201,15'405,15'752,15'707,15'706
270530,2705309,AL,Minador do Negrão,5'322,5'315,4'845,4'953,4'938,4'935
270540,2705408,AL,Monteirópolis,7'165,7'171,7'184,7'324,7'341,7'344
270550,2705507,AL,Murici,28'333,28'428,25'187,26'046,25'933,25'926
270560,2705606,AL,Novo Lino,12'764,12'837,10'020,10'408,10'298,10'285
270570,2705705,AL,Olho d'Água das Flores,21'738,21'690,20'695,21'117,21'132,21'135
270580,2705804,AL,Olho d'Água do Casado,9'441,9'507,8'349,8'517,8'522,8'522
270590,2705903,AL,Olho d'Água Grande,5'128,5'133,4'330,4'408,4'384,4'381
270600,2706000,AL,Olivença,11'657,11'681,10'812,11'039,11'048,11'047
270610,2706109,AL,Ouro Branco,11'535,11'573,11'446,11'652,11'699,11'706
270620,2706208,AL,Palestina,5'037,5'061,4'325,4'413,4'410,4'408
270630,2706307,AL,Palmeira dos Índios,73'337,73'452,71'574,73'495,73'596,73'621
270640,2706406,AL,Pão de Açúcar,24'351,24'307,23'823,24'328,24'291,24'291
270642,2706422,AL,Pariconha,10'539,10'546,10'573,10'773,10'803,10'807
270644,2706448,AL,Paripueira,13'332,13'484,13'835,13'975,14'176,14'199
270650,2706505,AL,Passo de Camaragibe,15'258,15'270,13'804,14'167,14'076,14'070
270660,2706604,AL,Paulo Jacinto,7'560,7'556,6'576,6'749,6'697,6'691
270670,2706703,AL,Penedo,63'846,64'005,58'650,60'391,60'189,60'185
270680,2706802,AL,Piaçabuçu,17'848,17'868,15'908,16'305,16'201,16'192
270690,2706901,AL,Pilar,35'212,35'310,35'370,36'347,36'499,36'525
270700,2707008,AL,Pindoba,2'905,2'903,2'731,2'773,2'786,2'786
270710,2707107,AL,Piranhas,25'183,25'324,22'609,23'074,23'053,23'053
270720,2707206,AL,Poço das Trincheiras,14'418,14'447,12'518,13'061,12'974,12'965
270730,2707305,AL,Porto Calvo,27'249,27'331,24'071,24'679,24'520,24'509
270740,2707404,AL,Porto de Pedras,7'701,7'618,9'295,9'417,9'508,9'517
270750,2707503,AL,Porto Real do Colégio,20'112,20'158,20'082,20'211,20'262,20'273
270760,2707602,AL,Quebrangulo,11'248,11'202,11'080,11'314,11'305,11'303
270770,2707701,AL,Rio Largo,75'394,75'662,93'927,95'158,97'435,97'658
270780,2707800,AL,Roteiro,6'649,6'634,6'474,6'613,6'607,6'606
270790,2707909,AL,Santa Luzia do Norte,7'320,7'344,6'919,7'037,7'065,7'066
270800,2708006,AL,Santana do Ipanema,47'819,47'910,46'220,47'260,47'397,47'418
270810,2708105,AL,Santana do Mundaú,10'687,10'637,11'323,11'548,11'568,11'572
270820,2708204,AL,São Brás,6'969,6'977,6'555,6'561,6'557,6'557
270830,2708303,AL,São José da Laje,23'996,24'064,20'813,21'354,21'193,21'180
270840,2708402,AL,São José da Tapera,32'405,32'462,30'604,31'479,31'557,31'569
270850,2708501,AL,São Luís do Quitunde,34'692,34'825,30'873,31'931,31'792,31'785
270860,2708600,AL,São Miguel dos Campos,61'797,62'328,51'990,53'648,53'391,53'380
270870,2708709,AL,São Miguel dos Milagres,8'013,8'073,8'482,8'557,8'687,8'700
270880,2708808,AL,São Sebastião,34'290,34'424,31'786,32'712,32'701,32'707
270890,2708907,AL,Satuba,13'936,14'042,24'278,24'278,25'000,25'105
270895,2708956,AL,Senador Rui Palmeira,13'921,13'893,12'303,12'584,12'549,12'545
270900,2709004,AL,Tanque d'Arca,6'138,6'115,5'796,5'923,5'909,5'906
270910,2709103,AL,Taquarana,20'072,20'162,19'032,19'404,19'422,19'428
270915,2709152,AL,Teotônio Vilela,44'372,44'570,38'053,39'391,39'161,39'143
270920,2709202,AL,Traipu,27'826,27'934,23'565,24'316,24'124,24'106
270930,2709301,AL,União dos Palmares,65'790,65'963,59'280,61'157,60'874,60'860
270940,2709400,AL,Viçosa,25'693,25'655,24'092,24'560,24'423,24'414
280010,2800100,SE,Amparo do São Francisco,2'380,2'386,2'170,2'183,2'206,2'202
280020,2800209,SE,Aquidabã,21'681,21'796,20'131,20'580,20'542,20'556
280030,2800308,SE,Aracaju,664'908,672'614,602'757,627'688,628'849,630'932
280040,2800407,SE,Arauá,9'947,9'840,10'318,10'542,10'483,10'464
280050,2800506,SE,Areia Branca,18'686,18'825,18'081,18'502,18'560,18'626
280060,2800605,SE,Barra dos Coqueiros,30'930,31'439,41'511,43'462,44'384,45'175
280067,2800670,SE,Boquim,26'899,26'980,24'636,25'177,25'038,25'007
280070,2800704,SE,Brejo Grande,8'353,8'396,7'841,8'001,8'016,8'025
280100,2801009,SE,Campo do Brito,18'218,18'325,18'149,18'555,18'646,18'719
280110,2801108,SE,Canhoba,4'006,4'003,3'791,3'833,3'855,3'850
280120,2801207,SE,Canindé de São Francisco,30'402,30'894,26'834,33'313,33'491,33'641
280130,2801306,SE,Capela,34'514,34'808,31'645,32'696,32'716,32'783
280140,2801405,SE,Carira,22'239,22'393,19'939,20'359,20'315,20'314
280150,2801504,SE,Carmópolis,16'937,17'232,13'853,14'174,14'179,14'203
280160,2801603,SE,Cedro de São João,5'913,5'929,5'391,5'492,5'482,5'474
280170,2801702,SE,Cristinápolis,18'029,18'181,17'100,17'487,17'539,17'594
280190,2801900,SE,Cumbe,3'998,4'008,3'824,3'882,3'906,3'872
280200,2802007,SE,Divina Pastora,5'215,5'290,4'340,4'409,4'433,4'436
280210,2802106,SE,Estância,69'556,69'919,65'078,67'029,66'978,67'060
280220,2802205,SE,Feira Nova,5'601,5'617,5'975,6'161,6'207,6'358
280230,2802304,SE,Frei Paulo,15'556,15'688,14'530,14'832,14'884,14'921
280240,2802403,SE,Gararu,11'601,11'599,11'096,11'339,11'301,11'294
280250,2802502,SE,General Maynard,3'384,3'421,3'037,3'074,3'111,3'118
280260,2802601,SE,Gracho Cardoso,5'824,5'831,5'834,5'963,5'979,5'910
280270,2802700,SE,Ilha das Flores,8'521,8'522,8'321,8'497,8'495,8'499
280280,2802809,SE,Indiaroba,18'149,18'337,16'549,16'931,16'949,16'991
280290,2802908,SE,Itabaiana,96'142,96'839,103'440,107'034,108'408,109'250
280300,2803005,SE,Itabaianinha,42'166,42'399,40'678,42'047,42'114,42'230
280310,2803104,SE,Itabi,4'886,4'869,4'745,4'828,4'823,4'816
280320,2803203,SE,Itaporanga d'Ajuda,34'709,35'054,34'411,35'573,35'863,36'074
280330,2803302,SE,Japaratuba,18'907,19'067,16'209,16'542,16'472,16'451
280340,2803401,SE,Japoatã,13'429,13'422,13'407,13'712,13'707,13'723
280350,2803500,SE,Lagarto,105'221,106'015,101'579,105'062,105'558,105'957
280360,2803609,SE,Laranjeiras,30'080,30'327,23'975,24'443,24'170,24'047
280370,2803708,SE,Macambira,6'961,7'002,6'838,6'991,7'024,7'048
280380,2803807,SE,Malhada dos Bois,3'699,3'715,3'579,3'630,3'666,3'674
280390,2803906,SE,Malhador,12'653,12'689,11'533,11'766,11'728,11'712
280400,2804003,SE,Maruim,17'271,17'328,15'719,16'062,15'975,15'956
280410,2804102,SE,Moita Bonita,11'348,11'361,11'050,11'297,11'288,11'297
280420,2804201,SE,Monte Alegre de Sergipe,15'175,15'315,14'336,14'671,14'732,14'781
280430,2804300,SE,Muribeca,7'639,7'653,7'822,7'996,8'033,8'059
280440,2804409,SE,Neópolis,18'703,18'688,16'426,16'744,16'558,16'473
280445,2804458,SE,Nossa Senhora Aparecida,8'809,8'822,9'232,9'453,9'496,9'534
280450,2804508,SE,Nossa Senhora da Glória,37'324,37'715,41'212,42'546,43'255,43'686
280460,2804607,SE,Nossa Senhora das Dores,26'795,26'957,24'996,25'547,25'537,25'569
280470,2804706,SE,Nossa Senhora de Lourdes,6'496,6'509,6'268,6'402,6'404,6'409
280480,2804805,SE,Nossa Senhora do Socorro,185'706,187'733,192'330,199'693,202'450,204'081
280490,2804904,SE,Pacatuba,14'540,14'650,12'502,12'774,12'709,12'690
280500,2805000,SE,Pedra Mole,3'285,3'309,2'778,2'783,2'818,2'811
280510,2805109,SE,Pedrinhas,9'665,9'727,7'396,7'514,7'416,7'355
280520,2805208,SE,Pinhão,6'627,6'678,5'677,5'767,5'769,5'759
280530,2805307,SE,Pirambu,9'359,9'436,7'913,8'079,8'037,8'021
280540,2805406,SE,Poço Redondo,35'122,35'461,33'439,28'989,29'117,29'238
280550,2805505,SE,Poço Verde,23'867,24'003,21'794,22'264,22'214,22'217
280560,2805604,SE,Porto da Folha,28'693,28'788,26'576,27'429,27'350,27'348
280570,2805703,SE,Propriá,29'692,29'756,26'618,27'442,27'273,27'213
280580,2805802,SE,Riachão do Dantas,19'809,19'813,18'313,18'696,18'579,18'541
280590,2805901,SE,Riachuelo,10'284,10'354,8'748,8'916,8'875,8'853
280600,2806008,SE,Ribeirópolis,18'773,18'891,17'033,17'401,17'362,17'365
280610,2806107,SE,Rosário do Catete,11'008,11'158,9'295,9'502,9'499,9'507
280620,2806206,SE,Salgado,20'025,20'051,20'279,20'757,20'772,20'825
280630,2806305,SE,Santa Luzia do Itanhy,14'121,14'205,13'616,13'927,13'965,14'003
280640,2806404,SE,Santana do São Francisco,7'844,7'906,7'346,7'511,7'530,7'549
280650,2806503,SE,Santa Rosa de Lima,3'923,3'933,3'937,4'010,4'038,4'049
280660,2806602,SE,Santo Amaro das Brotas,12'151,12'200,11'092,11'336,11'297,11'289
280670,2806701,SE,São Cristóvão,91'093,92'090,95'612,98'930,100'360,101'213
280680,2806800,SE,São Domingos,11'207,11'276,10'327,10'560,10'550,10'559
280690,2806909,SE,São Francisco,3'781,3'837,3'243,3'285,3'323,3'330
280700,2807006,SE,São Miguel do Aleixo,3'947,3'964,3'434,3'465,3'481,3'471
280710,2807105,SE,Simão Dias,40'606,40'724,42'578,43'980,44'285,44'503
280720,2807204,SE,Siriri,8'970,9'046,7'834,7'992,7'984,7'981
280730,2807303,SE,Telha,3'249,3'271,3'274,3'326,3'373,3'389
280740,2807402,SE,Tobias Barreto,52'530,52'861,50'905,52'447,52'613,52'783
280750,2807501,SE,Tomar do Geru,13'535,13'534,12'012,12'265,12'145,12'094
280760,2807600,SE,Umbaúba,25'550,25'800,23'917,24'447,24'538,24'618
290010,2900108,BA,Abaíra,8'710,8'681,7'301,7'550,7'452,7'407
290020,2900207,BA,Abaré,20'347,20'594,17'639,18'214,18'240,18'269
290030,2900306,BA,Acajutiba,15'187,15'214,13'795,14'284,14'215,14'200
290035,2900355,BA,Adustina,17'126,17'209,14'201,14'673,14'554,14'510
290040,2900405,BA,Água Fria,17'033,17'096,14'497,14'982,14'871,14'833
290050,2900504,BA,Érico Cardoso,10'560,10'513,10'604,10'976,10'948,10'947
290060,2900603,BA,Aiquara,4'416,4'387,4'447,4'575,4'586,4'583
290070,2900702,BA,Alagoinhas,152'327,153'023,151'055,159'592,160'662,161'196
290080,2900801,BA,Alcobaça,22'490,22'509,24'530,25'287,25'494,25'601
290090,2900900,BA,Almadina,5'366,5'273,5'218,5'386,5'327,5'296
290100,2901007,BA,Amargosa,37'441,37'631,36'521,38'258,38'478,38'585
290110,2901106,BA,Amélia Rodrigues,25'048,24'997,24'138,24'965,24'848,24'830
290115,2901155,BA,América Dourada,16'090,16'086,15'137,15'637,15'583,15'572
290120,2901205,BA,Anagé,21'607,21'229,25'438,26'738,26'715,26'745
290130,2901304,BA,Andaraí,13'132,13'122,13'080,13'530,13'531,13'545
290135,2901353,BA,Andorinha,14'503,14'416,15'012,15'478,15'485,15'491
290140,2901403,BA,Angical,13'938,13'902,13'732,14'205,14'178,14'178
290150,2901502,BA,Anguera,11'297,11'369,11'031,11'391,11'456,11'490
290160,2901601,BA,Antas,19'479,19'659,14'206,15'251,15'061,14'984
290170,2901700,BA,Antônio Cardoso,11'677,11'670,11'146,11'521,11'501,11'498
290180,2901809,BA,Antônio Gonçalves,11'878,11'955,10'862,11'213,11'236,11'248
290190,2901908,BA,Aporá,17'788,17'840,15'922,16'459,16'379,16'361
290195,2901957,BA,Apuarema,7'302,7'274,6'913,7'149,7'114,7'101
290200,2902005,BA,Aracatu,13'045,12'960,13'936,14'417,14'422,14'440
290205,2902054,BA,Araçás,12'208,12'237,11'557,11'946,11'946,11'953
290210,2902104,BA,Araci,54'648,54'903,48'294,50'535,50'336,50'308
290220,2902203,BA,Aramari,11'461,11'519,9'833,10'171,10'122,10'106
290225,2902252,BA,Arataca,10'961,10'904,10'191,10'558,10'463,10'433
290230,2902302,BA,Aratuípe,8'837,8'848,8'677,8'953,8'981,8'993
290240,2902401,BA,Aurelino Leal,11'299,11'079,11'179,11'566,11'409,11'339
290250,2902500,BA,Baianópolis,13'929,13'979,13'614,14'064,14'110,14'138
290260,2902609,BA,Baixa Grande,20'449,20'431,18'220,18'854,18'680,18'628
290265,2902658,BA,Banzaê,13'240,13'251,11'958,12'382,12'309,12'288
290270,2902708,BA,Barra,53'910,54'225,51'092,53'347,53'528,53'642
290280,2902807,BA,Barra da Estiva,20'392,20'198,26'026,27'208,27'582,27'743
290290,2902906,BA,Barra do Choça,31'209,30'831,36'539,38'328,38'481,38'581
290300,2903003,BA,Barra do Mendes,13'833,13'128,13'836,14'318,14'345,14'376
290310,2903102,BA,Barra do Rocha,5'612,5'515,5'775,5'966,5'920,5'898
290320,2903201,BA,Barreiras,156'975,158'432,159'734,168'317,170'667,171'634
290323,2903235,BA,Barro Alto,15'054,15'171,13'453,13'921,13'911,13'922
290327,2903276,BA,Barrocas,16'105,16'225,15'203,15'693,15'743,15'780
290330,2903300,BA,Barro Preto,5'448,5'312,5'833,6'033,5'966,5'936
290340,2903409,BA,Belmonte,23'437,23'540,20'121,20'713,20'567,20'527
290350,2903508,BA,Belo Campo,17'109,17'013,18'412,19'014,19'042,19'074
290360,2903607,BA,Biritinga,15'984,15'989,15'146,15'643,15'606,15'603
290370,2903706,BA,Boa Nova,12'329,12'039,13'690,14'180,14'052,14'008
290380,2903805,BA,Boa Vista do Tupim,18'531,18'491,16'873,17'461,17'307,17'262
290390,2903904,BA,Bom Jesus da Lapa,69'662,70'151,65'550,68'391,68'704,68'866
290395,2903953,BA,Bom Jesus da Serra,9'823,9'768,9'730,10'072,10'028,10'018
290400,2904001,BA,Boninal,14'446,14'518,13'622,14'070,14'104,14'125
290405,2904050,BA,Bonito,16'884,16'999,15'844,16'323,16'393,16'425
290410,2904100,BA,Boquira,21'497,21'486,19'322,19'970,19'829,19'782
290420,2904209,BA,Botuporã,10'129,10'050,11'024,11'396,11'411,11'427
290430,2904308,BA,Brejões,14'222,14'155,12'943,13'415,13'272,13'224
290440,2904407,BA,Brejolândia,10'618,10'675,9'108,9'421,9'377,9'363
290450,2904506,BA,Brotas de Macaúbas,10'130,10'705,11'765,12'175,12'169,12'180
290460,2904605,BA,Brumado,67'335,67'468,70'510,73'523,74'095,74'368
290470,2904704,BA,Buerarema,18'306,18'269,14'804,15'324,15'056,14'950
290475,2904753,BA,Buritirama,21'276,21'374,19'589,20'232,20'212,20'221
290480,2904803,BA,Caatiba,6'488,6'232,6'205,6'392,6'224,6'128
290485,2904852,BA,Cabaceiras do Paraguaçu,18'911,19'010,16'559,17'120,17'039,17'024
290490,2904902,BA,Cachoeira,33'567,33'659,29'250,30'761,30'550,30'498
290500,2905008,BA,Caculé,23'291,23'407,22'462,23'164,23'246,23'293
290510,2905107,BA,Caém,9'058,8'912,10'384,10'748,10'729,10'733
290515,2905156,BA,Caetanos,14'608,14'671,11'266,11'669,11'500,11'432
290520,2905206,BA,Caetité,51'081,51'184,52'012,54'269,54'572,54'730
290530,2905305,BA,Cafarnaum,18'513,18'585,17'466,18'021,18'039,18'057
290540,2905404,BA,Cairu,18'427,18'666,17'761,18'253,18'486,18'578
290550,2905503,BA,Caldeirão Grande,13'391,13'452,13'080,13'513,13'566,13'597
290560,2905602,BA,Camacan,32'006,32'023,22'579,23'338,22'756,22'485
290570,2905701,BA,Camaçari,304'302,309'208,300'372,313'831,319'394,321'636
290580,2905800,BA,Camamu,35'382,35'444,30'469,32'035,31'775,31'694
290590,2905909,BA,Campo Alegre de Lourdes,28'820,28'839,30'671,32'135,32'377,32'500
290600,2906006,BA,Campo Formoso,71'487,71'754,71'377,74'456,74'894,75'112
290610,2906105,BA,Canápolis,9'703,9'694,10'225,10'554,10'612,10'641
290620,2906204,BA,Canarana,26'325,26'468,24'206,24'992,24'989,25'007
290630,2906303,BA,Canavieiras,30'906,30'722,32'683,34'308,34'343,34'392
290640,2906402,BA,Candeal,8'181,8'109,7'772,8'037,7'969,7'940
290650,2906501,BA,Candeias,87'458,87'820,72'382,75'823,75'083,74'854
290660,2906600,BA,Candiba,14'368,14'415,13'016,13'483,13'425,13'417
290670,2906709,BA,Cândido Sales,25'053,24'921,25'247,26'541,26'465,26'469
290680,2906808,BA,Cansanção,34'882,34'929,37'439,39'197,39'556,39'725
290682,2906824,BA,Canudos,16'753,16'832,16'105,16'622,16'662,16'693
290685,2906857,BA,Capela do Alto Alegre,11'616,11'597,10'744,11'118,11'055,11'035
290687,2906873,BA,Capim Grosso,30'862,31'055,33'235,34'739,35'228,35'437
290689,2906899,BA,Caraíbas,8'801,8'659,9'940,10'292,10'260,10'259
290690,2906907,BA,Caravelas,22'093,22'166,20'580,21'265,21'229,21'384
290700,2907004,BA,Cardeal da Silva,9'346,9'395,8'365,8'646,8'634,8'633
290710,2907103,BA,Carinhanha,29'070,29'118,28'869,30'304,30'375,30'439
290720,2907202,BA,Casa Nova,72'545,73'092,72'086,75'122,75'815,76'131
290730,2907301,BA,Castro Alves,26'318,26'369,24'712,25'531,25'471,25'470
290740,2907400,BA,Catolândia,3'599,3'619,3'434,3'527,3'560,3'567
290750,2907509,BA,Catu,54'970,55'222,48'148,50'416,50'153,50'109
290755,2907558,BA,Caturama,9'316,9'303,8'841,9'143,9'115,9'108
290760,2907608,BA,Central,17'280,17'293,16'348,16'884,16'849,16'847
290770,2907707,BA,Chorrochó,11'200,11'221,10'579,10'939,10'929,10'933
290780,2907806,BA,Cícero Dantas,32'576,32'636,30'907,32'280,32'268,32'292
290790,2907905,BA,Cipó,17'352,17'402,17'230,17'781,17'836,17'875
290800,2908002,BA,Coaraci,16'549,16'128,17'333,17'945,17'663,17'557
290810,2908101,BA,Cocos,18'807,18'835,19'151,19'730,19'817,19'865
290820,2908200,BA,Conceição da Feira,22'762,22'933,20'800,21'471,21'499,21'529
290830,2908309,BA,Conceição do Almeida,17'165,17'087,15'794,16'330,16'184,16'134
290840,2908408,BA,Conceição do Coité,67'013,67'394,67'825,70'733,71'316,71'601
290850,2908507,BA,Conceição do Jacuípe,33'398,33'631,35'308,36'928,37'409,37'622
290860,2908606,BA,Conde,26'035,26'223,23'654,24'423,24'434,24'460
290870,2908705,BA,Condeúba,17'178,17'113,17'053,17'627,17'571,17'567
290880,2908804,BA,Contendas do Sincorá,4'045,4'025,4'333,4'466,4'490,4'499
290890,2908903,BA,Coração de Maria,22'495,22'391,26'692,27'927,28'258,28'408
290900,2909000,BA,Cordeiros,8'642,8'667,7'546,7'814,7'763,7'748
290910,2909109,BA,Coribe,14'149,14'108,13'990,14'502,14'464,14'463
290920,2909208,BA,Coronel João Sá,15'717,15'549,17'056,17'606,17'593,17'598
290930,2909307,BA,Correntina,32'191,32'243,32'457,34'035,34'179,34'266
290940,2909406,BA,Cotegipe,13'769,13'756,13'063,13'512,13'472,13'463
290950,2909505,BA,Cravolândia,5'351,5'352,4'415,4'553,4'514,4'491
290960,2909604,BA,Crisópolis,21'163,21'219,19'729,20'385,20'343,20'346
290970,2909703,BA,Cristópolis,13'947,13'981,13'993,14'460,14'514,14'549
290980,2909802,BA,Cruz das Almas,63'591,63'923,60'348,63'057,63'203,63'326
290990,2909901,BA,Curaçá,34'886,35'065,34'180,35'798,36'021,36'127
291000,2910008,BA,Dário Meira,10'525,10'347,10'820,11'202,11'094,11'054
291005,2910057,BA,Dias d'Ávila,82'432,83'705,71'485,74'646,75'053,75'296
291010,2910107,BA,Dom Basílio,12'240,12'281,11'884,12'285,12'309,12'329
291020,2910206,BA,Dom Macedo Costa,4'065,4'072,4'407,4'542,4'588,4'608
291030,2910305,BA,Elísio Medrado,8'126,8'129,7'808,8'077,8'066,8'069
291040,2910404,BA,Encruzilhada,16'446,15'914,19'107,19'775,19'535,19'450
291050,2910503,BA,Entre Rios,41'901,42'014,38'098,40'035,39'902,39'890
291060,2910602,BA,Esplanada,37'578,37'902,32'554,34'187,34'146,34'163
291070,2910701,BA,Euclides da Cunha,60'858,61'112,61'456,64'116,64'547,64'768
291072,2910727,BA,Eunápolis,114'396,115'360,113'710,119'333,120'515,121'067
291075,2910750,BA,Fátima,17'845,17'801,17'895,18'479,18'469,18'480
291077,2910776,BA,Feira da Mata,5'661,5'656,5'631,5'812,5'825,5'831
291080,2910800,BA,Feira de Santana,619'609,624'107,616'272,651'723,657'948,660'806
291085,2910859,BA,Filadélfia,16'345,16'314,17'897,18'437,18'573,18'637
291090,2910909,BA,Firmino Alves,5'629,5'641,4'873,5'030,5'006,4'993
291100,2911006,BA,Floresta Azul,10'575,10'525,11'059,11'443,11'442,11'455
291110,2911105,BA,Formosa do Rio Preto,25'857,26'111,25'899,27'092,27'421,27'567
291120,2911204,BA,Gandu,32'596,32'778,32'178,33'744,33'938,34'051
291125,2911253,BA,Gavião,4'440,4'417,4'360,4'499,4'493,4'489
291130,2911303,BA,Gentio do Ouro,11'259,11'284,10'884,11'244,11'263,11'276
291140,2911402,BA,Glória,15'234,15'247,15'524,16'014,16'072,16'107
291150,2911501,BA,Gongogi,6'985,6'852,5'555,5'707,5'567,5'479
291160,2911600,BA,Governador Mangabeira,20'762,20'800,20'605,21'289,21'314,21'353
291165,2911659,BA,Guajeru,6'646,6'371,8'050,8'322,8'225,8'177
291170,2911709,BA,Guanambi,84'928,85'353,87'817,92'276,93'065,93'488
291180,2911808,BA,Guaratinga,20'700,20'565,19'049,19'720,19'490,19'413
291185,2911857,BA,Heliópolis,12'987,12'946,12'309,13'138,13'074,13'055
291190,2911907,BA,Iaçu,24'121,23'950,24'607,25'448,25'333,25'315
291200,2912004,BA,Ibiassucê,9'031,8'849,10'429,10'805,10'754,10'746
291210,2912103,BA,Ibicaraí,21'378,21'083,21'665,22'417,22'200,22'131
291220,2912202,BA,Ibicoara,19'786,19'990,20'785,21'372,21'690,21'827
291230,2912301,BA,Ibicuí,16'230,16'262,13'934,14'443,14'306,14'264
291240,2912400,BA,Ibipeba,18'319,18'421,16'603,17'150,17'128,17'134
291250,2912509,BA,Ibipitanga,14'947,14'989,13'863,14'350,14'316,14'317
291260,2912608,BA,Ibiquera,4'046,4'047,3'725,3'828,3'837,3'833
291270,2912707,BA,Ibirapitanga,23'404,23'433,25'344,26'563,26'794,26'917
291280,2912806,BA,Ibirapuã,8'690,8'740,8'896,9'175,9'259,9'297
291290,2912905,BA,Ibirataia,14'882,14'476,18'792,19'402,19'375,19'377
291300,2913002,BA,Ibitiara,16'403,16'463,14'637,15'131,15'062,15'049
291310,2913101,BA,Ibititá,17'080,17'048,16'969,17'524,17'509,17'517
291320,2913200,BA,Ibotirama,27'003,27'076,26'309,27'563,27'670,27'723
291330,2913309,BA,Ichu,6'220,6'232,6'190,6'391,6'415,6'428
291340,2913408,BA,Igaporã,15'650,15'661,15'527,16'032,16'047,16'069
291345,2913457,BA,Igrapiúna,13'091,12'963,13'151,13'593,13'528,13'501
291350,2913507,BA,Iguaí,26'963,27'006,21'491,22'254,21'897,21'763
291360,2913606,BA,Ilhéus,159'923,157'639,178'649,189'293,189'028,189'149
291370,2913705,BA,Inhambupe,40'333,40'720,33'790,35'494,35'397,35'390
291380,2913804,BA,Ipecaetá,14'354,14'229,13'709,14'192,14'064,14'016
291390,2913903,BA,Ipiaú,45'922,45'969,40'706,42'802,42'507,42'429
291400,2914000,BA,Ipirá,59'435,59'281,56'876,59'515,59'264,59'222
291410,2914109,BA,Ipupiara,9'911,9'954,9'935,10'261,10'318,10'349
291420,2914208,BA,Irajuba,7'279,7'295,6'101,6'317,6'255,6'232
291430,2914307,BA,Iramaia,8'197,7'874,10'752,11'125,11'060,11'038
291440,2914406,BA,Iraquara,25'478,25'728,23'879,24'613,24'759,24'833
291450,2914505,BA,Irará,29'173,29'305,28'043,29'436,29'509,29'572
291460,2914604,BA,Irecê,73'524,74'050,74'507,77'740,78'425,78'781
291465,2914653,BA,Itabela,30'747,30'901,28'165,29'567,29'563,29'588
291470,2914703,BA,Itaberaba,64'646,64'795,65'073,67'931,68'244,68'425
291480,2914802,BA,Itabuna,213'685,214'123,186'708,198'115,196'676,196'344
291490,2914901,BA,Itacaré,28'684,29'051,27'704,28'964,29'337,29'496
291500,2915007,BA,Itaeté,16'110,16'164,13'472,13'936,13'822,13'775
291510,2915106,BA,Itagi,12'242,12'140,13'803,14'268,14'314,14'347
291520,2915205,BA,Itagibá,14'452,14'331,15'310,15'803,15'792,15'796
291530,2915304,BA,Itagimirim,6'825,6'784,6'347,6'561,6'512,6'490
291535,2915353,BA,Itaguaçu da Bahia,14'542,14'650,12'311,12'715,12'683,12'669
291540,2915403,BA,Itaju do Colônia,6'596,6'515,6'037,6'251,6'157,6'118
291550,2915502,BA,Itajuípe,20'398,20'309,18'781,19'432,19'249,19'191
291560,2915601,BA,Itamaraju,64'455,64'423,59'605,62'403,62'065,61'999
291570,2915700,BA,Itamari,8'003,7'971,7'051,7'300,7'219,7'187
291580,2915809,BA,Itambé,22'754,22'474,24'394,25'208,25'108,25'088
291590,2915908,BA,Itanagra,6'436,6'433,5'914,6'099,6'087,6'078
291600,2916005,BA,Itanhém,19'316,19'231,17'813,18'425,18'258,18'203
291610,2916104,BA,Itaparica,22'337,22'440,19'789,20'454,20'369,20'353
291620,2916203,BA,Itapé,8'526,8'300,10'341,10'703,10'658,10'649
291630,2916302,BA,Itapebi,10'215,10'173,9'174,9'603,9'501,9'464
291640,2916401,BA,Itapetinga,76'795,77'408,65'897,68'964,68'735,68'724
291650,2916500,BA,Itapicuru,35'883,36'173,31'679,33'249,33'254,33'284
291660,2916609,BA,Itapitanga,10'298,10'284,10'279,10'619,10'630,10'640
291670,2916708,BA,Itaquara,8'347,8'375,8'153,8'410,8'448,8'464
291680,2916807,BA,Itarantim,19'843,19'937,17'052,17'622,17'517,17'485
291685,2916856,BA,Itatim,14'539,14'588,15'737,16'205,16'375,16'454
291690,2916906,BA,Itiruçu,12'528,12'482,10'999,11'395,11'261,11'211
291700,2917003,BA,Itiúba,36'116,36'140,33'872,35'575,35'491,35'490
291710,2917102,BA,Itororó,20'388,20'394,16'617,17'202,16'945,16'849
291720,2917201,BA,Ituaçu,19'030,19'095,17'914,18'518,18'493,18'506
291730,2917300,BA,Ituberá,28'740,28'870,21'902,22'662,22'299,22'154
291733,2917334,BA,Iuiu,11'016,11'038,11'118,11'480,11'532,11'559
291735,2917359,BA,Jaborandi,8'277,8'176,9'275,9'574,9'592,9'600
291740,2917409,BA,Jacaraci,14'850,14'855,14'436,14'915,14'901,14'910
291750,2917508,BA,Jacobina,80'635,80'749,82'590,86'168,86'649,86'896
291760,2917607,BA,Jaguaquara,54'673,54'913,45'964,48'147,47'738,47'624
291770,2917706,BA,Jaguarari,33'746,33'915,32'703,34'269,34'440,34'528
291780,2917805,BA,Jaguaripe,18'981,19'162,17'659,18'227,18'300,18'349
291790,2917904,BA,Jandaíra,10'726,10'742,9'285,9'597,9'535,9'508
291800,2918001,BA,Jequié,156'126,156'277,158'813,167'863,168'733,169'201
291810,2918100,BA,Jeremoabo,40'651,40'832,37'626,39'492,39'501,39'539
291820,2918209,BA,Jiquiriçá,14'557,14'576,13'629,14'104,14'066,14'063
291830,2918308,BA,Jitaúna,10'808,10'470,14'355,14'825,14'815,14'824
291835,2918357,BA,João Dourado,25'402,25'606,24'854,25'635,25'799,25'892
291840,2918407,BA,Juazeiro,218'162,219'544,237'821,250'509,254'481,256'122
291845,2918456,BA,Jucuruçu,8'988,8'856,9'655,9'987,9'944,9'930
291850,2918506,BA,Jussara,15'262,15'241,16'354,16'894,16'956,17'007
291855,2918555,BA,Jussari,5'768,5'706,5'888,6'094,6'059,6'048
291860,2918605,BA,Jussiape,5'976,5'777,7'379,7'630,7'585,7'567
291870,2918704,BA,Lafaiete Coutinho,3'693,3'663,4'075,4'202,4'221,4'228
291875,2918753,BA,Lagoa Real,15'770,15'870,14'105,14'555,14'546,14'550
291880,2918803,BA,Laje,24'032,24'214,21'052,21'748,21'704,21'705
291890,2918902,BA,Lajedão,3'975,3'993,3'845,3'963,3'986,3'994
291900,2919009,BA,Lajedinho,3'758,3'735,3'527,3'624,3'621,3'610
291905,2919058,BA,Lajedo do Tabocal,8'577,8'591,7'494,7'749,7'702,7'683
291910,2919108,BA,Lamarão,8'191,8'078,9'015,9'322,9'305,9'303
291915,2919157,BA,Lapão,27'274,27'323,25'736,27'007,26'998,27'014
291920,2919207,BA,Lauro de Freitas,201'635,204'669,203'331,214'403,217'960,219'564
291930,2919306,BA,Lençóis,11'499,11'586,10'774,11'120,11'170,11'194
291940,2919405,BA,Licínio de Almeida,12'373,12'357,11'834,12'251,12'208,12'202
291950,2919504,BA,Livramento de Nossa Senhora,46'062,46'372,43'903,46'024,46'249,46'376
291955,2919553,BA,Luís Eduardo Magalhães,90'162,92'671,107'909,112'219,116'662,118'382
291960,2919603,BA,Macajuba,11'332,11'318,10'454,10'829,10'758,10'740
291970,2919702,BA,Macarani,18'909,19'056,21'599,22'307,22'596,22'768
291980,2919801,BA,Macaúbas,50'161,50'481,41'859,43'998,43'725,43'653
291990,2919900,BA,Macururé,7'787,7'752,7'256,7'502,7'455,7'435
291992,2919926,BA,Madre de Deus,21'432,21'754,18'504,19'103,19'173,19'224
291995,2919959,BA,Maetinga,2'764,2'386,6'973,7'205,7'212,7'218
292000,2920007,BA,Maiquinique,10'206,10'294,8'731,9'034,9'011,9'009
292010,2920106,BA,Mairi,18'602,18'535,17'674,18'266,18'161,18'130
292020,2920205,BA,Malhada,16'861,16'875,15'398,15'892,15'834,15'814
292030,2920304,BA,Malhada de Pedras,8'359,8'326,8'670,8'952,8'972,8'982
292040,2920403,BA,Manoel Vitorino,13'087,12'944,13'860,14'348,14'295,14'287
292045,2920452,BA,Mansidão,13'734,13'822,13'919,14'352,14'484,14'542
292050,2920502,BA,Maracás,20'393,19'973,27'620,28'905,29'197,29'330
292060,2920601,BA,Maragogipe,44'793,44'902,35'859,37'738,37'225,37'041
292070,2920700,BA,Maraú,20'617,20'664,24'527,25'205,25'626,25'804
292080,2920809,BA,Marcionílio Souza,10'380,10'357,9'267,9'585,9'507,9'475
292090,2920908,BA,Mascote,13'717,13'619,13'544,14'031,13'941,13'918
292100,2921005,BA,Mata de São João,47'126,47'643,42'566,44'647,44'839,44'962
292105,2921054,BA,Matina,12'283,12'359,10'330,10'684,10'629,10'611
292110,2921104,BA,Medeiros Neto,22'716,22'741,22'194,22'910,22'925,22'801
292120,2921203,BA,Miguel Calmon,25'894,25'771,24'661,25'504,25'317,25'263
292130,2921302,BA,Milagres,10'893,10'838,11'071,11'455,11'434,11'436
292140,2921401,BA,Mirangaba,18'474,18'603,15'734,16'261,16'185,16'167
292145,2921450,BA,Mirante,8'447,8'264,10'187,10'544,10'523,10'526
292150,2921500,BA,Monte Santo,49'278,49'145,47'780,49'993,49'823,49'807
292160,2921609,BA,Morpará,8'497,8'476,7'996,8'260,8'232,8'220
292170,2921708,BA,Morro do Chapéu,35'440,35'466,33'594,35'264,35'224,35'235
292180,2921807,BA,Mortugaba,12'052,12'063,11'143,11'537,11'487,11'477
292190,2921906,BA,Mucugê,8'889,8'725,12'137,12'512,12'650,12'712
292200,2922003,BA,Mucuri,42'251,42'729,37'977,39'828,40'005,40'114
292205,2922052,BA,Mulungu do Morro,10'673,10'469,13'152,13'570,13'625,13'648
292210,2922102,BA,Mundo Novo,26'970,27'153,17'305,17'772,17'417,17'197
292220,2922201,BA,Muniz Ferreira,7'443,7'464,7'190,7'434,7'443,7'453
292225,2922250,BA,Muquém do São Francisco,11'417,11'479,10'443,10'790,10'796,10'803
292230,2922300,BA,Muritiba,29'410,29'420,28'707,30'144,30'146,30'180
292240,2922409,BA,Mutuípe,22'282,22'340,20'037,20'696,20'612,20'590
292250,2922508,BA,Nazaré,28'594,28'661,27'060,28'414,28'403,28'427
292260,2922607,BA,Nilo Peçanha,14'079,14'156,12'063,12'482,12'418,12'399
292265,2922656,BA,Nordestina,13'164,13'197,18'523,19'105,19'500,19'711
292270,2922706,BA,Nova Canaã,16'472,16'482,13'715,14'226,14'035,13'970
292273,2922730,BA,Nova Fátima,7'821,7'830,7'967,8'244,8'264,8'283
292275,2922755,BA,Nova Ibiá,6'554,6'518,6'501,6'726,6'701,6'696
292280,2922805,BA,Nova Itarana,8'279,8'328,7'780,8'029,8'059,8'073
292285,2922854,BA,Nova Redenção,9'123,9'126,7'538,7'803,7'708,7'670
292290,2922904,BA,Nova Soure,26'998,27'047,24'236,25'070,24'906,24'865
292300,2923001,BA,Nova Viçosa,43'783,44'170,39'509,41'470,41'551,41'629
292303,2923035,BA,Novo Horizonte,12'522,12'653,11'162,11'516,11'565,11'586
292305,2923050,BA,Novo Triunfo,15'443,15'445,10'660,11'437,11'197,11'060
292310,2923100,BA,Olindina,28'304,28'373,22'633,23'432,23'085,22'956
292320,2923209,BA,Oliveira dos Brejinhos,21'810,21'797,20'715,21'393,21'334,21'323
292330,2923308,BA,Ouriçangas,8'570,8'575,7'716,7'965,7'939,7'925
292335,2923357,BA,Ourolândia,17'511,17'567,19'243,19'806,20'037,20'141
292340,2923407,BA,Palmas de Monte Alto,21'796,21'840,20'078,20'751,20'677,20'666
292350,2923506,BA,Palmeiras,9'071,9'123,10'339,10'649,10'819,10'894
292360,2923605,BA,Paramirim,21'695,21'777,20'351,21'015,21'009,21'025
292370,2923704,BA,Paratinga,32'141,32'274,29'252,30'723,30'671,30'680
292380,2923803,BA,Paripiranga,29'058,29'124,26'604,27'927,27'866,27'860
292390,2923902,BA,Pau Brasil,9'686,9'550,9'370,9'719,9'584,9'537
292400,2924009,BA,Paulo Afonso,118'516,119'213,112'870,118'648,119'128,119'418
292405,2924058,BA,Pé de Serra,13'556,13'535,13'243,13'717,13'675,13'677
292410,2924108,BA,Pedrão,7'394,7'438,6'235,6'440,6'415,6'403
292420,2924207,BA,Pedro Alexandre,16'682,16'698,13'954,14'430,14'288,14'226
292430,2924306,BA,Piatã,16'984,16'854,20'086,20'718,20'859,20'938
292440,2924405,BA,Pilão Arcado,35'175,35'295,35'357,37'081,37'272,37'388
292450,2924504,BA,Pindaí,16'285,16'308,14'731,15'213,15'146,15'125
292460,2924603,BA,Pindobaçu,20'098,20'048,19'083,19'699,19'625,19'601
292465,2924652,BA,Pintadas,10'394,10'353,10'325,10'678,10'656,10'654
292467,2924678,BA,Piraí do Norte,10'036,10'050,10'974,11'301,11'429,11'481
292470,2924702,BA,Piripá,10'475,10'253,9'152,9'479,9'255,9'143
292480,2924801,BA,Piritiba,24'964,25'162,17'566,18'154,17'838,17'697
292490,2924900,BA,Planaltino,9'370,9'415,8'022,8'300,8'254,8'239
292500,2925006,BA,Planalto,26'426,26'581,23'334,24'125,24'036,24'026
292510,2925105,BA,Poções,46'879,46'885,48'293,50'445,50'642,50'773
292520,2925204,BA,Pojuca,39'972,40'401,32'136,33'797,33'608,33'573
292525,2925253,BA,Ponto Novo,14'819,14'729,17'938,18'471,18'670,18'763
292530,2925303,BA,Porto Seguro,150'658,152'529,168'326,177'315,181'007,182'630
292540,2925402,BA,Potiraguá,6'916,6'623,10'274,10'616,10'636,10'651
292550,2925501,BA,Prado,28'194,28'214,35'003,36'527,37'241,37'533
292560,2925600,BA,Presidente Dutra,15'160,15'180,15'130,15'632,15'650,15'677
292570,2925709,BA,Presidente Jânio Quadros,12'179,12'028,12'621,13'074,12'986,12'963
292575,2925758,BA,Presidente Tancredo Neves,28'004,28'272,27'734,29'012,29'343,29'489
292580,2925808,BA,Queimadas,25'433,25'428,25'988,27'258,27'362,27'429
292590,2925907,BA,Quijingue,27'626,27'672,25'272,26'558,26'457,26'443
292593,2925931,BA,Quixabeira,8'956,8'939,9'461,9'784,9'815,9'839
292595,2925956,BA,Rafael Jambeiro,22'633,22'643,19'662,20'349,20'146,20'081
292600,2926004,BA,Remanso,41'170,41'324,40'586,42'576,42'746,42'855
292610,2926103,BA,Retirolândia,14'495,14'588,13'651,14'116,14'147,14'174
292620,2926202,BA,Riachão das Neves,22'334,22'330,21'642,22'356,22'323,22'329
292630,2926301,BA,Riachão do Jacuípe,33'468,33'498,33'386,35'026,35'118,35'188
292640,2926400,BA,Riacho de Santana,35'593,35'757,30'711,32'273,32'103,32'060
292650,2926509,BA,Ribeira do Amparo,14'612,14'631,13'841,14'546,14'525,14'528
292660,2926608,BA,Ribeira do Pombal,53'956,54'097,54'010,55'933,56'170,56'316
292665,2926657,BA,Ribeirão do Largo,5'343,4'896,9'740,10'079,10'039,10'029
292670,2926707,BA,Rio de Contas,12'932,12'878,13'184,13'639,13'627,13'634
292680,2926806,BA,Rio do Antônio,15'448,15'521,13'146,13'625,13'520,13'495
292690,2926905,BA,Rio do Pires,11'663,11'672,10'497,10'861,10'801,10'781
292700,2927002,BA,Rio Real,40'976,41'209,35'362,37'152,36'997,36'966
292710,2927101,BA,Rodelas,9'442,9'548,10'308,10'604,10'801,10'884
292720,2927200,BA,Ruy Barbosa,30'857,30'900,28'282,29'704,29'606,29'590
292730,2927309,BA,Salinas da Margarida,15'862,16'047,14'987,15'463,15'568,15'629
292740,2927408,BA,Salvador,2'886'698,2'900'319,2'417'678,2'589'296,2'568'928,2'564'204
292750,2927507,BA,Santa Bárbara,20'883,20'971,20'952,21'621,21'723,21'787
292760,2927606,BA,Santa Brígida,14'063,13'917,14'965,15'455,15'421,15'417
292770,2927705,BA,Santa Cruz Cabrália,27'922,28'058,29'185,30'566,30'862,31'007
292780,2927804,BA,Santa Cruz da Vitória,6'278,6'241,4'681,4'823,4'721,4'663
292790,2927903,BA,Santa Inês,10'606,10'583,10'300,10'646,10'628,10'625
292800,2928000,BA,Santaluz,37'531,37'704,37'834,39'652,39'922,40'066
292805,2928059,BA,Santa Luzia,12'449,12'308,13'896,14'331,14'377,14'392
292810,2928109,BA,Santa Maria da Vitória,39'775,39'707,38'604,40'540,40'467,40'474
292820,2928208,BA,Santana,26'705,26'792,24'755,25'587,25'520,25'521
292830,2928307,BA,Santanópolis,8'966,8'987,8'716,9'020,9'023,9'035
292840,2928406,BA,Santa Rita de Cássia,28'481,28'613,27'390,28'732,28'826,28'890
292850,2928505,BA,Santa Terezinha,10'464,10'520,10'441,10'767,10'847,10'882
292860,2928604,BA,Santo Amaro,60'131,60'190,56'012,58'602,58'413,58'398
292870,2928703,BA,Santo Antônio de Jesus,102'380,103'204,103'055,108'151,109'267,109'791
292880,2928802,BA,Santo Estêvão,53'269,53'666,52'276,54'492,54'940,55'146
292890,2928901,BA,São Desidério,34'266,34'764,32'828,34'299,34'783,34'982
292895,2928950,BA,São Domingos,9'072,9'085,8'426,8'730,8'693,8'690
292900,2929008,BA,São Félix,14'762,14'784,11'026,11'380,11'198,11'102
292905,2929057,BA,São Félix do Coribe,15'468,15'543,15'194,15'672,15'740,15'780
292910,2929107,BA,São Felipe,21'080,21'083,20'283,20'962,20'918,20'923
292920,2929206,BA,São Francisco do Conde,40'245,40'664,38'733,40'575,40'932,41'110
292925,2929255,BA,São Gabriel,18'789,18'785,18'600,19'224,19'210,19'229
292930,2929305,BA,São Gonçalo dos Campos,37'942,38'315,39'513,41'283,41'909,42'171
292935,2929354,BA,São José da Vitória,5'608,5'562,5'315,5'488,5'451,5'432
292937,2929370,BA,São José do Jacuípe,10'505,10'546,10'187,10'527,10'556,10'576
292940,2929404,BA,São Miguel das Matas,11'704,11'733,10'334,10'696,10'634,10'615
292950,2929503,BA,São Sebastião do Passé,44'430,44'554,40'958,43'025,42'936,42'944
292960,2929602,BA,Sapeaçu,17'409,17'421,17'963,18'527,18'609,18'656
292970,2929701,BA,Sátiro Dias,17'302,17'330,16'008,16'541,16'485,16'476
292975,2929750,BA,Saubara,12'105,12'163,11'438,11'828,11'842,11'859
292980,2929800,BA,Saúde,12'943,12'971,10'478,10'850,10'715,10'661
292990,2929909,BA,Seabra,44'234,44'370,46'160,48'107,48'530,48'721
293000,2930006,BA,Sebastião Laranjeiras,11'512,11'586,9'360,9'678,9'610,9'581
293010,2930105,BA,Senhor do Bonfim,79'424,79'813,74'523,77'801,77'976,78'090
293015,2930154,BA,Serra do Ramalho,31'416,31'362,34'222,35'809,36'119,36'252
293020,2930204,BA,Sento Sé,40'989,41'279,38'154,40'022,40'147,40'232
293030,2930303,BA,Serra Dourada,17'321,17'261,17'066,17'653,17'580,17'574
293040,2930402,BA,Serra Preta,14'699,14'531,17'996,18'558,18'685,18'754
293050,2930501,BA,Serrinha,81'286,81'693,80'435,83'966,84'428,84'690
293060,2930600,BA,Serrolândia,13'446,13'490,13'335,13'783,13'831,13'863
293070,2930709,BA,Simões Filho,135'783,137'117,114'559,120'671,120'394,120'419
293075,2930758,BA,Sítio do Mato,13'059,13'104,13'408,13'844,13'935,13'982
293076,2930766,BA,Sítio do Quinto,9'701,9'431,14'773,14'218,14'359,14'435
293077,2930774,BA,Sobradinho,23'233,23'274,25'475,26'635,26'959,27'097
293080,2930808,BA,Souto Soares,17'050,17'118,17'054,17'586,17'674,17'724
293090,2930907,BA,Tabocas do Brejo Velho,12'516,12'515,11'979,12'384,12'368,12'368
293100,2931004,BA,Tanhaçu,20'393,20'383,21'006,21'669,21'741,21'787
293105,2931053,BA,Tanque Novo,17'443,17'518,17'158,17'691,17'770,17'812
293110,2931103,BA,Tanquinho,7'928,7'936,7'717,7'966,7'983,7'991
293120,2931202,BA,Taperoá,21'253,21'421,18'044,18'659,18'571,18'556
293130,2931301,BA,Tapiramutá,16'974,16'939,15'818,16'344,16'253,16'226
293135,2931350,BA,Teixeira de Freitas,162'438,164'290,145'216,152'611,153'332,153'738
293140,2931400,BA,Teodoro Sampaio,7'359,7'296,7'110,7'346,7'301,7'280
293150,2931509,BA,Teofilândia,22'555,22'590,21'176,21'901,21'827,21'825
293160,2931608,BA,Teolândia,15'022,15'097,15'332,15'788,15'919,15'978
293170,2931707,BA,Terra Nova,13'025,13'018,10'798,11'169,11'035,10'976
293180,2931806,BA,Tremedal,16'189,15'996,16'296,16'831,16'691,16'646
293190,2931905,BA,Tucano,50'798,50'903,48'736,50'917,50'959,51'016
293200,2932002,BA,Uauá,24'113,23'991,24'665,25'473,25'441,25'449
293210,2932101,BA,Ubaíra,19'877,19'860,18'626,19'260,19'162,19'142
293220,2932200,BA,Ubaitaba,18'847,18'647,17'596,18'215,17'967,17'878
293230,2932309,BA,Ubatã,27'263,27'481,16'094,16'562,16'097,15'839
293240,2932408,BA,Uibaí,13'891,13'894,13'432,13'893,13'880,13'886
293245,2932457,BA,Umburanas,19'402,19'573,13'642,14'087,13'888,13'785
293250,2932507,BA,Una,18'544,18'108,18'131,18'771,18'403,18'254
293260,2932606,BA,Urandi,16'665,16'672,15'355,15'865,15'794,15'776
293270,2932705,BA,Uruçuca,20'413,20'312,21'420,22'120,22'130,22'155
293280,2932804,BA,Utinga,19'256,19'330,16'277,16'817,16'691,16'645
293290,2932903,BA,Valença,97'233,97'873,85'655,90'176,90'028,90'053
293300,2933000,BA,Valente,28'800,29'111,24'362,25'184,25'126,25'132
293305,2933059,BA,Várzea da Roça,14'121,14'135,13'800,14'264,14'279,14'294
293310,2933109,BA,Várzea do Poço,9'210,9'247,8'101,8'377,8'344,8'334
293315,2933158,BA,Várzea Nova,12'625,12'556,13'377,13'807,13'847,13'866
293317,2933174,BA,Varzedo,8'785,8'734,9'913,10'239,10'296,10'328
293320,2933208,BA,Vera Cruz,43'716,44'185,42'529,44'601,44'978,45'191
293325,2933257,BA,Vereda,6'153,6'105,6'003,6'200,6'171,6'157
293330,2933307,BA,Vitória da Conquista,341'128,343'643,370'879,388'375,394'024,396'613
293340,2933406,BA,Wagner,9'344,9'342,9'503,9'815,9'847,9'866
293345,2933455,BA,Wanderley,12'180,12'125,12'968,13'397,13'436,13'460
293350,2933505,BA,Wenceslau Guimarães,20'978,20'862,24'474,25'222,25'430,25'535
293360,2933604,BA,Xique-Xique,46'523,46'562,44'757,46'941,46'979,47'019
310010,3100104,MG,Abadia dos Dourados,7'006,7'022,6'272,6'385,6'365,6'345
310020,3100203,MG,Abaeté,23'250,23'263,22'675,23'181,23'161,23'173
310030,3100302,MG,Abre Campo,13'444,13'434,13'927,14'278,14'312,14'354
310040,3100401,MG,Acaiaca,3'994,3'995,3'909,3'981,3'997,3'998
310050,3100500,MG,Açucena,9'368,9'270,8'943,9'097,8'995,8'926
310060,3100609,MG,Água Boa,13'523,13'319,12'589,12'741,12'545,12'391
310070,3100708,MG,Água Comprida,1'992,1'986,2'108,2'129,2'165,2'171
310080,3100807,MG,Aguanil,4'522,4'557,4'357,4'455,4'490,4'509
310090,3100906,MG,Águas Formosas,19'247,19'285,18'448,18'863,18'841,18'850
310100,3101003,MG,Águas Vermelhas,13'599,13'656,14'037,14'389,14'486,14'567
310110,3101102,MG,Aimorés,25'141,25'116,25'269,26'151,26'165,26'212
310120,3101201,MG,Aiuruoca,5'976,5'949,6'233,6'363,6'382,6'389
310130,3101300,MG,Alagoa,2'665,2'657,2'749,2'790,2'816,2'820
310140,3101409,MG,Albertina,3'011,3'015,2'952,2'989,3'023,3'027
310150,3101508,MG,Além Paraíba,35'401,35'438,30'717,31'571,31'333,31'159
310160,3101607,MG,Alfenas,80'494,80'973,78'970,81'536,81'950,82'303
310163,3101631,MG,Alfredo Vasconcelos,6'981,7'052,6'931,7'124,7'184,7'236
310170,3101706,MG,Almenara,42'143,42'380,40'364,41'833,41'894,42'019
310180,3101805,MG,Alpercata,7'436,7'448,6'903,7'055,7'029,7'019
310190,3101904,MG,Alpinópolis,19'958,20'059,18'300,18'682,18'672,18'673
310200,3102001,MG,Alterosa,14'517,14'566,13'915,14'250,14'253,14'272
310205,3102050,MG,Alto Caparaó,5'894,5'938,5'795,5'926,5'982,6'014
310210,3102100,MG,Alto Rio Doce,10'859,10'723,10'891,11'074,10'994,10'931
310220,3102209,MG,Alvarenga,3'844,3'783,3'975,4'025,4'012,3'983
310230,3102308,MG,Alvinópolis,15'169,15'135,15'059,15'396,15'360,15'358
310240,3102407,MG,Alvorada de Minas,3'605,3'605,4'159,4'260,4'322,4'359
310250,3102506,MG,Amparo do Serra,4'678,4'643,4'541,4'611,4'595,4'574
310260,3102605,MG,Andradas,41'396,41'704,40'553,41'977,42'282,42'501
310270,3102704,MG,Cachoeira de Pajeú,9'442,9'470,9'110,9'345,9'333,9'347
310280,3102803,MG,Andrelândia,12'206,12'189,11'927,12'195,12'169,12'163
310285,3102852,MG,Angelândia,8'557,8'594,7'718,7'894,7'860,7'849
310290,3102902,MG,Antônio Carlos,11'459,11'471,11'095,11'351,11'345,11'350
310300,3103009,MG,Antônio Dias,9'275,9'233,9'219,9'411,9'388,9'375
310310,3103108,MG,Antônio Prado de Minas,1'587,1'577,1'538,1'541,1'558,1'552
310320,3103207,MG,Araçaí,2'354,2'360,2'181,2'214,2'224,2'222
310330,3103306,MG,Aracitaba,2'059,2'056,2'049,2'069,2'095,2'095
310340,3103405,MG,Araçuaí,36'712,36'715,34'297,35'451,35'250,35'185
310350,3103504,MG,Araguari,117'825,118'361,117'808,122'214,122'874,123'432
310360,3103603,MG,Arantina,2'787,2'779,2'915,2'969,2'991,2'998
310370,3103702,MG,Araponga,8'453,8'467,8'048,8'207,8'218,8'218
310375,3103751,MG,Araporã,6'931,6'992,8'479,8'738,8'935,9'069
310380,3103801,MG,Arapuá,2'835,2'836,2'631,2'654,2'674,2'668
310390,3103900,MG,Araújos,9'401,9'523,9'199,9'445,9'556,9'634
310400,3104007,MG,Araxá,107'337,108'403,111'691,115'980,117'677,118'786
310410,3104106,MG,Arceburgo,10'883,10'990,9'177,9'377,9'348,9'335
310420,3104205,MG,Arcos,40'380,40'658,41'416,42'942,43'348,43'653
310430,3104304,MG,Areado,15'181,15'288,13'881,14'217,14'212,14'229
310440,3104403,MG,Argirita,2'704,2'681,2'688,2'700,2'725,2'715
310445,3104452,MG,Aricanduva,5'269,5'305,4'719,4'822,4'820,4'820
310450,3104502,MG,Arinos,17'862,17'850,17'272,17'666,17'598,17'586
310460,3104601,MG,Astolfo Dutra,14'270,14'358,14'138,14'500,14'565,14'633
310470,3104700,MG,Ataléia,12'678,12'496,13'736,14'038,13'967,13'936
310480,3104809,MG,Augusto de Lima,4'851,4'833,4'538,4'625,4'593,4'572
310490,3104908,MG,Baependi,19'199,19'249,18'366,18'768,18'768,18'782
310500,3105004,MG,Baldim,7'803,7'780,7'492,7'648,7'614,7'595
310510,3105103,MG,Bambuí,23'898,23'964,23'546,24'088,24'144,24'203
310520,3105202,MG,Bandeira,4'766,4'738,4'741,4'841,4'821,4'811
310530,3105301,MG,Bandeira do Sul,5'778,5'808,5'943,6'089,6'146,6'183
310540,3105400,MG,Barão de Cocais,32'866,33'232,30'778,31'909,32'095,32'264
310550,3105509,MG,Barão de Monte Alto,5'354,5'311,4'964,5'028,4'991,4'952
310560,3105608,MG,Barbacena,138'204,139'061,125'317,129'746,129'630,129'695
310570,3105707,MG,Barra Longa,5'015,4'905,5'666,5'756,5'740,5'717
310590,3105905,MG,Barroso,20'897,20'981,20'080,20'550,20'566,20'604
310600,3106002,MG,Bela Vista de Minas,10'262,10'269,10'167,10'403,10'412,10'427
310610,3106101,MG,Belmiro Braga,3'425,3'422,3'244,3'293,3'299,3'292
310620,3106200,MG,Belo Horizonte,2'521'564,2'530'701,2'315'560,2'433'076,2'416'339,2'415'872
310630,3106309,MG,Belo Oriente,26'994,27'277,23'928,24'481,24'503,24'546
310640,3106408,MG,Belo Vale,7'719,7'723,8'627,8'876,8'946,9'012
310650,3106507,MG,Berilo,11'872,11'813,9'826,9'954,9'769,9'638
310660,3106606,MG,Bertópolis,4'607,4'609,4'451,4'538,4'546,4'546
310665,3106655,MG,Berizal,4'764,4'792,4'201,4'262,4'277,4'270
310670,3106705,MG,Betim,444'784,450'024,411'846,426'723,429'236,431'433
310680,3106804,MG,Bias Fortes,3'329,3'282,3'361,3'388,3'388,3'367
310690,3106903,MG,Bicas,14'554,14'612,13'978,14'329,14'331,14'358
310700,3107000,MG,Biquinhas,2'498,2'482,2'383,2'395,2'409,2'397
310710,3107109,MG,Boa Esperança,40'219,40'308,39'848,41'212,41'332,41'443
310720,3107208,MG,Bocaina de Minas,5'089,5'088,5'348,5'478,5'508,5'530
310730,3107307,MG,Bocaiúva,50'256,50'521,48'032,49'569,49'668,49'797
310740,3107406,MG,Bom Despacho,51'028,51'436,51'737,53'460,53'995,54'377
310750,3107505,MG,Bom Jardim de Minas,6'459,6'444,6'783,6'942,6'968,6'988
310760,3107604,MG,Bom Jesus da Penha,4'244,4'270,4'474,4'584,4'642,4'677
310770,3107703,MG,Bom Jesus do Amparo,6'133,6'182,5'631,5'749,5'775,5'786
310780,3107802,MG,Bom Jesus do Galho,14'862,14'792,14'536,14'842,14'756,14'719
310790,3107901,MG,Bom Repouso,10'537,10'527,12'649,12'980,13'183,13'312
310800,3108008,MG,Bom Sucesso,17'607,17'612,17'151,17'532,17'510,17'515
310810,3108107,MG,Bonfim,6'860,6'852,7'434,7'645,7'672,7'710
310820,3108206,MG,Bonfinópolis de Minas,5'444,5'397,5'528,5'620,5'615,5'600
310825,3108255,MG,Bonito de Minas,11'369,11'502,10'204,10'474,10'491,10'525
310830,3108305,MG,Borda da Mata,19'614,19'809,17'404,17'798,17'811,17'837
310840,3108404,MG,Botelhos,14'949,14'927,14'828,15'143,15'137,15'141
310850,3108503,MG,Botumirim,6'288,6'259,5'790,5'883,5'841,5'806
310855,3108552,MG,Brasilândia de Minas,16'748,16'950,15'020,15'360,15'432,15'485
310860,3108602,MG,Brasília de Minas,32'405,32'460,32'025,33'143,33'188,33'262
310870,3108701,MG,Brás Pires,4'293,4'255,4'260,4'340,4'314,4'296
310880,3108800,MG,Braúnas,4'769,4'737,4'441,4'513,4'475,4'445
310890,3108909,MG,Brazópolis,14'410,14'364,14'246,14'547,14'506,14'491
310900,3109006,MG,Brumadinho,40'666,41'208,38'915,40'374,40'777,41'090
310910,3109105,MG,Bueno Brandão,10'991,10'982,10'911,11'162,11'161,11'168
310920,3109204,MG,Buenópolis,10'353,10'342,9'150,9'301,9'229,9'171
310925,3109253,MG,Bugre,3'983,3'984,4'041,4'128,4'149,4'159
310930,3109303,MG,Buritis,25'013,25'179,24'030,24'624,24'693,24'779
310940,3109402,MG,Buritizeiro,28'121,28'184,23'910,24'291,24'068,23'908
310945,3109451,MG,Cabeceira Grande,6'988,7'025,6'627,6'784,6'797,6'811
310950,3109501,MG,Cabo Verde,14'075,14'074,11'410,11'499,11'396,11'269
310960,3109600,MG,Cachoeira da Prata,3'591,3'580,3'693,3'758,3'781,3'785
310970,3109709,MG,Cachoeira de Minas,11'579,11'609,11'883,12'177,12'248,12'302
310980,3109808,MG,Cachoeira Dourada,2'706,2'720,2'315,2'330,2'346,2'337
310990,3109907,MG,Caetanópolis,11'749,11'869,11'435,11'747,11'832,11'906
311000,3110004,MG,Caeté,45'047,45'364,38'776,40'050,39'850,39'775
311010,3110103,MG,Caiana,5'541,5'584,5'304,5'416,5'463,5'484
311020,3110202,MG,Cajuri,3'974,3'961,4'088,4'173,4'186,4'191
311030,3110301,MG,Caldas,14'541,14'600,14'217,14'546,14'588,14'628
311040,3110400,MG,Camacho,2'869,2'839,2'838,2'853,2'867,2'851
311050,3110509,MG,Camanducaia,21'801,21'831,26'097,27'051,27'551,27'860
311060,3110608,MG,Cambuí,29'814,30'068,29'536,30'588,30'870,31'066
311070,3110707,MG,Cambuquira,12'812,12'810,12'313,12'577,12'560,12'551
311080,3110806,MG,Campanário,3'730,3'739,2'923,2'932,2'917,2'884
311090,3110905,MG,Campanha,16'762,16'855,15'935,16'300,16'334,16'372
311100,3111002,MG,Campestre,21'054,21'052,20'696,21'147,21'143,21'155
311110,3111101,MG,Campina Verde,19'752,19'759,18'011,18'369,18'250,18'188
311115,3111150,MG,Campo Azul,3'824,3'830,3'714,3'780,3'802,3'806
311120,3111200,MG,Campo Belo,54'186,54'338,52'277,53'884,53'943,54'027
311130,3111309,MG,Campo do Meio,11'651,11'648,11'377,11'646,11'624,11'625
311140,3111408,MG,Campo Florido,8'269,8'383,8'466,8'688,8'838,8'931
311150,3111507,MG,Campos Altos,15'563,15'661,12'979,13'197,13'136,13'076
311160,3111606,MG,Campos Gerais,28'842,28'908,26'105,26'933,26'809,26'749
311170,3111705,MG,Canaã,4'548,4'533,4'715,4'813,4'832,4'839
311180,3111804,MG,Canápolis,12'201,12'251,10'608,10'793,10'755,10'716
311190,3111903,MG,Cana Verde,5'594,5'585,5'272,5'360,5'356,5'342
311200,3112000,MG,Candeias,14'888,14'890,14'001,14'284,14'236,14'211
311205,3112059,MG,Cantagalo,4'551,4'575,3'974,4'040,4'039,4'029
311210,3112109,MG,Caparaó,5'451,5'464,5'048,5'117,5'144,5'138
311220,3112208,MG,Capela Nova,4'634,4'616,4'362,4'446,4'416,4'397
311230,3112307,MG,Capelinha,38'057,38'321,39'626,41'133,41'536,41'858
311240,3112406,MG,Capetinga,6'890,6'860,6'562,6'669,6'652,6'627
311250,3112505,MG,Capim Branco,9'826,9'896,10'663,10'971,11'105,11'210
311260,3112604,MG,Capinópolis,16'234,16'294,14'655,14'933,14'899,14'872
311265,3112653,MG,Capitão Andrade,5'514,5'559,4'585,4'672,4'650,4'634
311270,3112703,MG,Capitão Enéas,15'313,15'388,14'108,14'404,14'401,14'403
311280,3112802,MG,Capitólio,8'663,8'693,10'380,10'727,10'863,10'991
311290,3112901,MG,Caputira,9'308,9'318,8'936,9'131,9'128,9'128
311300,3113008,MG,Caraí,23'780,23'872,19'548,19'917,19'654,19'511
311310,3113107,MG,Caranaíba,3'166,3'150,2'933,2'965,2'960,2'942
311320,3113206,MG,Carandaí,25'669,25'831,23'812,24'351,24'368,24'403
311330,3113305,MG,Carangola,33'011,33'022,31'240,32'228,32'165,32'134
311340,3113404,MG,Caratinga,92'603,93'124,87'360,90'507,90'687,90'890
311350,3113503,MG,Carbonita,9'414,9'423,8'512,8'681,8'633,8'603
311360,3113602,MG,Careaçu,6'792,6'826,6'816,6'978,7'029,7'062
311370,3113701,MG,Carlos Chagas,18'674,18'516,18'615,18'987,18'852,18'783
311380,3113800,MG,Carmésia,2'646,2'660,2'605,2'637,2'682,2'693
311390,3113909,MG,Carmo da Cachoeira,12'182,12'193,11'547,11'795,11'776,11'767
311400,3114006,MG,Carmo da Mata,11'511,11'546,11'019,11'276,11'279,11'291
311410,3114105,MG,Carmo de Minas,14'947,15'031,13'797,14'118,14'114,14'125
311420,3114204,MG,Carmo do Cajuru,22'693,22'900,23'479,24'095,24'376,24'581
311430,3114303,MG,Carmo do Paranaíba,30'334,30'339,29'011,29'968,29'899,29'885
311440,3114402,MG,Carmo do Rio Claro,21'268,21'310,20'954,21'449,21'464,21'506
311450,3114501,MG,Carmópolis de Minas,19'559,19'756,18'003,18'420,18'498,18'561
311455,3114550,MG,Carneirinho,10'066,10'103,9'422,9'630,9'630,9'633
311460,3114600,MG,Carrancas,4'049,4'052,4'049,4'126,4'153,4'161
311470,3114709,MG,Carvalhópolis,3'597,3'614,3'341,3'398,3'417,3'419
311480,3114808,MG,Carvalhos,4'461,4'445,4'422,4'491,4'507,4'503
311490,3114907,MG,Casa Grande,2'254,2'251,2'214,2'240,2'260,2'260
311500,3115003,MG,Cascalho Rico,3'092,3'108,2'712,2'744,2'757,2'751
311510,3115102,MG,Cássia,17'740,17'741,17'155,17'521,17'495,17'491
311520,3115201,MG,Conceição da Barra de Minas,3'946,3'939,3'560,3'588,3'596,3'576
311530,3115300,MG,Cataguases,75'540,75'942,66'261,68'158,67'872,67'732
311535,3115359,MG,Catas Altas,5'421,5'465,5'473,5'620,5'668,5'706
311540,3115409,MG,Catas Altas da Noruega,3'653,3'665,3'110,3'138,3'141,3'124
311545,3115458,MG,Catuji,6'257,6'206,7'030,7'214,7'226,7'248
311547,3115474,MG,Catuti,4'965,4'944,4'739,4'813,4'805,4'788
311550,3115508,MG,Caxambu,21'610,21'566,21'056,21'514,21'436,21'412
311560,3115607,MG,Cedro do Abaeté,1'157,1'150,1'081,1'078,1'091,1'084
311570,3115706,MG,Central de Minas,7'046,7'059,6'171,6'277,6'243,6'213
311580,3115805,MG,Centralina,10'346,10'343,10'207,10'401,10'440,10'447
311590,3115904,MG,Chácara,3'186,3'216,3'075,3'130,3'177,3'194
311600,3116001,MG,Chalé,5'699,5'695,6'075,6'206,6'261,6'289
311610,3116100,MG,Chapada do Norte,15'345,15'334,10'337,10'276,10'024,9'763
311615,3116159,MG,Chapada Gaúcha,13'953,14'217,12'355,12'673,12'810,12'904
311620,3116209,MG,Chiador,2'671,2'657,2'800,2'837,2'865,2'868
311630,3116308,MG,Cipotânea,6'799,6'811,5'581,5'644,5'599,5'549
311640,3116407,MG,Claraval,4'853,4'873,4'658,4'748,4'777,4'786
311650,3116506,MG,Claro dos Poções,7'514,7'478,7'166,7'309,7'259,7'230
311660,3116605,MG,Cláudio,28'859,29'093,30'159,31'280,31'665,31'936
311670,3116704,MG,Coimbra,7'594,7'631,7'117,7'284,7'285,7'293
311680,3116803,MG,Coluna,8'841,8'810,8'163,8'312,8'251,8'206
311690,3116902,MG,Comendador Gomes,3'120,3'128,2'773,2'774,2'813,2'804
311700,3117009,MG,Comercinho,6'774,6'624,6'660,6'739,6'627,6'540
311710,3117108,MG,Conceição da Aparecida,10'322,10'351,10'371,10'637,10'668,10'705
311720,3117207,MG,Conceição das Pedras,2'813,2'814,2'772,2'803,2'837,2'840
311730,3117306,MG,Conceição das Alagoas,28'346,28'782,28'381,29'452,29'949,30'278
311740,3117405,MG,Conceição de Ipanema,4'578,4'581,4'409,4'500,4'503,4'503
311750,3117504,MG,Conceição do Mato Dentro,17'503,17'438,23'163,23'727,24'254,24'559
311760,3117603,MG,Conceição do Pará,5'533,5'558,5'415,5'547,5'567,5'584
311770,3117702,MG,Conceição do Rio Verde,13'684,13'729,12'541,12'808,12'780,12'765
311780,3117801,MG,Conceição dos Ouros,11'748,11'852,10'880,11'143,11'183,11'218
311783,3117836,MG,Cônego Marinho,7'686,7'730,7'237,7'411,7'420,7'433
311787,3117876,MG,Confins,6'800,6'867,7'350,7'565,7'676,7'758
311790,3117900,MG,Congonhal,12'082,12'209,11'083,11'362,11'403,11'444
311800,3118007,MG,Congonhas,55'309,55'836,52'890,54'615,54'986,55'272
311810,3118106,MG,Congonhas do Norte,5'046,5'047,4'831,4'921,4'927,4'924
311820,3118205,MG,Conquista,6'969,6'997,6'694,6'832,6'864,6'878
311830,3118304,MG,Conselheiro Lafaiete,129'606,130'584,131'621,136'683,137'980,138'946
311840,3118403,MG,Conselheiro Pena,22'949,22'975,20'824,21'239,21'113,21'052
311850,3118502,MG,Consolação,1'784,1'786,1'563,1'548,1'578,1'569
311860,3118601,MG,Contagem,668'949,673'849,621'863,648'856,649'975,651'718
311870,3118700,MG,Coqueiral,9'128,9'099,9'023,9'210,9'197,9'188
311880,3118809,MG,Coração de Jesus,26'611,26'620,25'377,26'235,26'151,26'138
311890,3118908,MG,Cordisburgo,8'897,8'903,7'547,7'661,7'592,7'535
311900,3119005,MG,Cordislândia,3'542,3'546,3'200,3'237,3'247,3'236
311910,3119104,MG,Corinto,23'668,23'607,23'532,24'046,23'996,23'988
311920,3119203,MG,Coroaci,9'943,9'897,10'884,11'170,11'200,11'240
311930,3119302,MG,Coromandel,27'966,27'958,28'894,29'922,30'013,30'114
311940,3119401,MG,Coronel Fabriciano,110'290,110'709,104'736,108'531,108'551,108'708
311950,3119500,MG,Coronel Murta,9'215,9'209,8'200,8'349,8'283,8'237
311960,3119609,MG,Coronel Pacheco,3'090,3'095,2'762,2'777,2'799,2'789
311970,3119708,MG,Coronel Xavier Chaves,3'441,3'448,3'486,3'571,3'586,3'599
311980,3119807,MG,Córrego Danta,3'191,3'168,2'960,2'977,2'978,2'956
311990,3119906,MG,Córrego do Bom Jesus,3'694,3'685,4'272,4'367,4'429,4'462
311995,3119955,MG,Córrego Fundo,6'382,6'425,6'133,6'270,6'310,6'333
312000,3120003,MG,Córrego Novo,2'728,2'688,2'875,2'903,2'912,2'900
312010,3120102,MG,Couto de Magalhães de Minas,4'423,4'436,4'245,4'334,4'346,4'351
312015,3120151,MG,Crisólita,6'760,6'814,5'265,5'334,5'296,5'256
312020,3120201,MG,Cristais,12'931,13'060,12'197,12'509,12'576,12'634
312030,3120300,MG,Cristália,5'982,5'992,5'121,5'178,5'165,5'133
312040,3120409,MG,Cristiano Otoni,5'156,5'161,4'667,4'731,4'735,4'719
312050,3120508,MG,Cristina,10'226,10'211,10'374,10'606,10'627,10'643
312060,3120607,MG,Crucilândia,5'054,5'072,5'434,5'586,5'633,5'674
312070,3120706,MG,Cruzeiro da Fortaleza,3'639,3'651,3'521,3'571,3'610,3'616
312080,3120805,MG,Cruzília,15'474,15'529,15'362,15'712,15'779,15'831
312083,3120839,MG,Cuparaque,5'005,5'026,3'983,4'011,3'994,3'958
312087,3120870,MG,Curral de Dentro,7'799,7'867,7'406,7'582,7'630,7'662
312090,3120904,MG,Curvelo,80'616,81'085,80'665,83'334,83'862,84'297
312100,3121001,MG,Datas,5'421,5'431,5'465,5'591,5'618,5'635
312110,3121100,MG,Delfim Moreira,8'016,8'007,7'952,8'122,8'130,8'133
312120,3121209,MG,Delfinópolis,7'131,7'146,8'393,8'633,8'760,8'851
312125,3121258,MG,Delta,10'768,10'994,10'494,10'764,11'003,11'143
312130,3121308,MG,Descoberto,5'029,5'044,4'928,5'042,5'058,5'070
312140,3121407,MG,Desterro de Entre Rios,7'255,7'266,7'653,7'846,7'900,7'941
312150,3121506,MG,Desterro do Melo,2'884,2'867,2'994,3'043,3'059,3'060
312160,3121605,MG,Diamantina,47'825,47'924,47'702,49'238,49'353,49'493
312170,3121704,MG,Diogo de Vasconcelos,3'790,3'779,3'549,3'603,3'596,3'581
312180,3121803,MG,Dionísio,7'609,7'493,6'847,6'895,6'789,6'689
312190,3121902,MG,Divinésia,3'424,3'430,4'226,4'348,4'426,4'481
312200,3122009,MG,Divino,19'976,20'020,20'706,21'217,21'329,21'428
312210,3122108,MG,Divino das Laranjeiras,4'974,4'969,4'178,4'217,4'186,4'147
312220,3122207,MG,Divinolândia de Minas,7'614,7'655,6'516,6'630,6'607,6'583
312230,3122306,MG,Divinópolis,240'408,242'505,231'091,240'782,242'328,243'583
312235,3122355,MG,Divisa Alegre,6'868,6'946,6'321,6'484,6'513,6'541
312240,3122405,MG,Divisa Nova,6'025,6'039,5'851,5'977,5'993,6'002
312245,3122454,MG,Divisópolis,11'211,11'396,10'213,10'511,10'585,10'659
312247,3122470,MG,Dom Bosco,3'655,3'635,3'697,3'752,3'767,3'763
312250,3122504,MG,Dom Cavati,5'048,5'025,4'904,5'000,4'981,4'967
312260,3122603,MG,Dom Joaquim,4'451,4'436,4'899,5'019,5'051,5'074
312270,3122702,MG,Dom Silvério,5'232,5'227,5'228,5'345,5'350,5'355
312280,3122801,MG,Dom Viçoso,2'997,2'992,3'095,3'138,3'176,3'184
312290,3122900,MG,Dona Euzébia,6'619,6'664,6'093,6'228,6'241,6'250
312300,3123007,MG,Dores de Campos,10'223,10'291,10'007,10'256,10'313,10'359
312310,3123106,MG,Dores de Guanhães,5'154,5'139,5'029,5'128,5'121,5'114
312320,3123205,MG,Dores do Indaiá,13'427,13'373,12'630,12'875,12'786,12'730
312330,3123304,MG,Dores do Turvo,4'230,4'202,4'987,5'120,5'159,5'192
312340,3123403,MG,Doresópolis,1'533,1'539,1'461,1'473,1'496,1'498
312350,3123502,MG,Douradoquara,1'912,1'915,1'829,1'842,1'869,1'869
312352,3123528,MG,Durandé,7'870,7'898,7'817,7'992,8'038,8'065
312360,3123601,MG,Elói Mendes,28'320,28'556,26'336,27'251,27'343,27'429
312370,3123700,MG,Engenheiro Caldas,11'202,11'268,13'622,14'138,14'308,14'501
312380,3123809,MG,Engenheiro Navarro,7'241,7'240,6'354,6'444,6'411,6'373
312385,3123858,MG,Entre Folhas,5'377,5'383,5'179,5'290,5'293,5'295
312390,3123908,MG,Entre Rios de Minas,15'380,15'458,14'746,15'096,15'120,15'157
312400,3124005,MG,Ervália,18'958,19'019,20'255,20'796,20'951,21'091
312410,3124104,MG,Esmeraldas,71'551,72'512,85'598,88'914,91'573,93'103
312420,3124203,MG,Espera Feliz,25'122,25'287,24'102,24'650,24'761,24'844
312430,3124302,MG,Espinosa,31'610,31'603,30'443,31'456,31'385,31'375
312440,3124401,MG,Espírito Santo do Dourado,4'710,4'728,6'611,6'774,7'007,7'132
312450,3124500,MG,Estiva,11'386,11'416,11'502,11'777,11'836,11'880
312460,3124609,MG,Estrela Dalva,2'325,2'308,2'186,2'196,2'204,2'189
312470,3124708,MG,Estrela do Indaiá,3'491,3'483,2'772,2'767,2'750,2'711
312480,3124807,MG,Estrela do Sul,8'018,8'057,6'840,6'948,6'926,6'897
312490,3124906,MG,Eugenópolis,11'330,11'383,10'801,11'061,11'075,11'096
312500,3125002,MG,Ewbank da Câmara,3'923,3'932,3'875,3'940,3'977,3'986
312510,3125101,MG,Extrema,36'951,37'649,53'482,55'930,57'913,59'336
312520,3125200,MG,Fama,2'376,2'374,2'578,2'638,2'662,2'676
312530,3125309,MG,Faria Lemos,3'221,3'202,3'188,3'220,3'239,3'230
312540,3125408,MG,Felício dos Santos,4'704,4'656,5'133,5'248,5'248,5'251
312550,3125507,MG,São Gonçalo do Rio Preto,3'173,3'178,3'032,3'089,3'098,3'099
312560,3125606,MG,Felisburgo,7'504,7'548,6'489,6'616,6'592,6'575
312570,3125705,MG,Felixlândia,15'433,15'528,13'978,14'310,14'279,14'280
312580,3125804,MG,Fernandes Tourinho,3'466,3'500,2'789,2'828,2'825,2'814
312590,3125903,MG,Ferros,9'696,9'576,9'590,9'765,9'666,9'603
312595,3125952,MG,Fervedouro,11'054,11'100,10'445,10'689,10'693,10'705
312600,3126000,MG,Florestal,7'533,7'602,8'045,8'285,8'386,8'469
312610,3126109,MG,Formiga,67'822,67'956,68'248,70'420,70'668,70'897
312620,3126208,MG,Formoso,9'688,9'810,7'949,8'106,8'103,8'095
312630,3126307,MG,Fortaleza de Minas,4'437,4'460,3'477,3'486,3'485,3'453
312640,3126406,MG,Fortuna de Minas,2'967,2'986,3'093,3'155,3'207,3'230
312650,3126505,MG,Francisco Badaró,10'321,10'311,7'366,7'371,7'208,7'053
312660,3126604,MG,Francisco Dumont,5'242,5'268,4'503,4'573,4'564,4'547
312670,3126703,MG,Francisco Sá,26'369,26'459,23'476,23'953,23'819,23'753
312675,3126752,MG,Franciscópolis,5'338,5'287,5'034,5'095,5'062,5'023
312680,3126802,MG,Frei Gaspar,5'869,5'858,5'640,5'756,5'741,5'731
312690,3126901,MG,Frei Inocêncio,9'664,9'716,8'226,8'387,8'334,8'301
312695,3126950,MG,Frei Lagonegro,3'487,3'496,3'391,3'463,3'475,3'481
312700,3127008,MG,Fronteira,18'492,18'866,14'540,14'895,14'909,14'946
312705,3127057,MG,Fronteira dos Vales,4'561,4'542,4'345,4'428,4'405,4'389
312707,3127073,MG,Fruta de Leite,5'299,5'232,4'647,4'671,4'607,4'538
312710,3127107,MG,Frutal,60'012,60'508,58'588,60'476,60'942,61'275
312720,3127206,MG,Funilândia,4'392,4'434,4'686,4'817,4'886,4'934
312730,3127305,MG,Galiléia,6'790,6'764,6'222,6'312,6'281,6'244
312733,3127339,MG,Gameleiras,5'096,5'084,4'793,4'873,4'863,4'847
312735,3127354,MG,Glaucilândia,3'164,3'177,2'928,2'991,2'991,2'991
312737,3127370,MG,Goiabeira,3'378,3'402,2'830,2'860,2'869,2'859
312738,3127388,MG,Goianá,3'990,4'014,4'053,4'156,4'190,4'214
312740,3127404,MG,Gonçalves,4'355,4'360,4'727,4'835,4'891,4'922
312750,3127503,MG,Gonzaga,6'171,6'184,5'230,5'310,5'271,5'235
312760,3127602,MG,Gouveia,11'818,11'811,11'331,11'585,11'549,11'536
312770,3127701,MG,Governador Valadares,281'046,282'164,257'171,267'268,266'649,266'561
312780,3127800,MG,Grão Mogol,15'890,15'943,13'901,14'185,14'091,14'037
312790,3127909,MG,Grupiara,1'387,1'386,1'392,1'401,1'426,1'428
312800,3128006,MG,Guanhães,34'573,34'818,32'244,33'358,33'434,33'517
312810,3128105,MG,Guapé,14'258,14'269,13'772,14'083,14'073,14'076
312820,3128204,MG,Guaraciaba,10'315,10'307,9'753,9'960,9'921,9'901
312825,3128253,MG,Guaraciama,4'989,5'005,5'051,5'175,5'203,5'224
312830,3128303,MG,Guaranésia,19'017,19'014,19'150,19'571,19'611,19'646
312840,3128402,MG,Guarani,8'918,8'926,7'714,7'824,7'780,7'731
312850,3128501,MG,Guarará,3'775,3'755,3'149,3'121,3'132,3'091
312860,3128600,MG,Guarda-Mor,6'569,6'558,6'539,6'680,6'684,6'687
312870,3128709,MG,Guaxupé,52'078,52'234,50'911,52'502,52'621,52'744
312880,3128808,MG,Guidoval,7'051,7'026,7'131,7'273,7'284,7'285
312890,3128907,MG,Guimarânia,8'105,8'168,8'478,8'707,8'808,8'880
312900,3129004,MG,Guiricema,8'343,8'296,7'778,7'906,7'850,7'803
312910,3129103,MG,Gurinhatã,5'577,5'516,5'192,5'243,5'203,5'154
312920,3129202,MG,Heliodora,6'591,6'623,6'134,6'254,6'274,6'278
312930,3129301,MG,Iapu,11'045,11'085,12'030,12'345,12'486,12'583
312940,3129400,MG,Ibertioga,5'010,4'999,5'198,5'323,5'334,5'346
312950,3129509,MG,Ibiá,25'358,25'511,22'229,22'652,22'596,22'554
312960,3129608,MG,Ibiaí,8'437,8'478,6'286,6'324,6'254,6'172
312965,3129657,MG,Ibiracatu,5'369,5'340,5'081,5'165,5'139,5'113
312970,3129707,MG,Ibiraci,13'986,14'128,10'948,11'102,11'057,10'996
312980,3129806,MG,Ibirité,182'153,184'030,170'537,177'847,178'713,179'582
312990,3129905,MG,Ibitiúra de Minas,3'492,3'497,3'365,3'415,3'439,3'440
313000,3130002,MG,Ibituruna,2'996,3'003,2'698,2'720,2'740,2'733
313005,3130051,MG,Icaraí de Minas,12'097,12'200,10'677,10'924,10'912,10'914
313010,3130101,MG,Igarapé,43'817,44'561,45'847,47'463,48'475,49'120
313020,3130200,MG,Igaratinga,11'005,11'146,10'830,11'102,11'252,11'345
313030,3130309,MG,Iguatama,7'923,7'901,6'826,6'890,6'845,6'782
313040,3130408,MG,Ijaci,6'610,6'667,7'003,7'210,7'291,7'358
313050,3130507,MG,Ilicínea,12'444,12'511,12'741,13'072,13'171,13'248
313055,3130556,MG,Imbé de Minas,6'940,6'976,6'986,7'156,7'208,7'244
313060,3130606,MG,Inconfidentes,7'358,7'387,7'301,7'479,7'510,7'537
313065,3130655,MG,Indaiabira,7'339,7'328,6'346,6'440,6'379,6'328
313070,3130705,MG,Indianópolis,6'951,7'009,6'171,6'292,6'309,6'311
313080,3130804,MG,Ingaí,2'776,2'785,2'580,2'605,2'633,2'632
313090,3130903,MG,Inhapim,24'079,24'020,22'692,23'157,23'000,22'925
313100,3131000,MG,Inhaúma,6'312,6'352,6'239,6'400,6'435,6'465
313110,3131109,MG,Inimutaba,7'560,7'605,7'371,7'563,7'587,7'615
313115,3131158,MG,Ipaba,18'769,18'926,17'136,17'541,17'554,17'587
313120,3131208,MG,Ipanema,20'000,20'133,19'522,20'023,20'095,20'181
313130,3131307,MG,Ipatinga,265'409,267'333,227'731,236'445,235'445,235'311
313140,3131406,MG,Ipiaçu,4'225,4'229,3'775,3'818,3'823,3'807
313150,3131505,MG,Ipuiúna,10'118,10'156,9'135,9'328,9'299,9'283
313160,3131604,MG,Iraí de Minas,7'027,7'067,7'180,7'336,7'423,7'467
313170,3131703,MG,Itabira,120'904,121'717,113'343,117'580,117'747,118'053
313180,3131802,MG,Itabirinha,11'576,11'637,10'362,10'596,10'560,10'548
313190,3131901,MG,Itabirito,52'446,52'996,53'365,55'198,55'877,56'369
313200,3132008,MG,Itacambira,5'417,5'447,4'252,4'296,4'265,4'227
313210,3132107,MG,Itacarambi,18'164,18'175,17'208,17'571,17'521,17'502
313220,3132206,MG,Itaguara,13'435,13'510,13'846,14'204,14'325,14'415
313230,3132305,MG,Itaipé,12'836,12'910,10'463,10'657,10'549,10'482
313240,3132404,MG,Itajubá,97'334,97'782,93'073,96'414,96'632,96'855
313250,3132503,MG,Itamarandiba,34'936,35'130,32'948,34'115,34'137,34'210
313260,3132602,MG,Itamarati de Minas,4'375,4'395,3'690,3'715,3'730,3'710
313270,3132701,MG,Itambacuri,23'209,23'207,21'042,21'470,21'296,21'210
313280,3132800,MG,Itambé do Mato Dentro,2'056,2'032,2'142,2'156,2'175,2'168
313290,3132909,MG,Itamogi,10'157,10'122,10'770,11'024,11'062,11'092
313300,3133006,MG,Itamonte,15'714,15'844,14'786,15'116,15'193,15'245
313310,3133105,MG,Itanhandu,15'423,15'511,15'236,15'612,15'684,15'751
313320,3133204,MG,Itanhomi,12'244,12'259,11'128,11'377,11'298,11'264
313330,3133303,MG,Itaobim,21'029,20'997,19'151,19'529,19'354,19'263
313340,3133402,MG,Itapagipe,15'379,15'511,13'690,14'005,14'004,14'014
313350,3133501,MG,Itapecerica,21'761,21'760,21'046,21'508,21'462,21'456
313360,3133600,MG,Itapeva,9'881,9'976,12'692,12'943,13'332,13'561
313370,3133709,MG,Itatiaiuçu,11'252,11'354,12'966,13'385,13'603,13'779
313375,3133758,MG,Itaú de Minas,16'199,16'286,14'406,14'698,14'655,14'634
313380,3133808,MG,Itaúna,93'847,94'455,97'669,101'404,102'500,103'272
313390,3133907,MG,Itaverava,5'369,5'321,5'642,5'754,5'752,5'747
313400,3134004,MG,Itinga,15'022,15'053,13'745,14'074,13'982,13'954
313410,3134103,MG,Itueta,6'063,6'074,6'055,6'201,6'218,6'234
313420,3134202,MG,Ituiutaba,105'255,105'818,102'217,105'957,106'397,106'775
313430,3134301,MG,Itumirim,6'000,5'978,6'638,6'803,6'845,6'876
313440,3134400,MG,Iturama,39'690,40'101,38'295,39'677,40'011,40'259
313450,3134509,MG,Itutinga,3'768,3'749,4'217,4'316,4'347,4'366
313460,3134608,MG,Jaboticatubas,20'418,20'683,20'406,20'969,21'214,21'407
313470,3134707,MG,Jacinto,12'323,12'320,11'042,11'278,11'169,11'115
313480,3134806,MG,Jacuí,7'691,7'695,7'495,7'651,7'663,7'668
313490,3134905,MG,Jacutinga,26'264,26'538,25'525,26'467,26'705,26'888
313500,3135001,MG,Jaguaraçu,3'142,3'151,3'092,3'139,3'173,3'181
313505,3135050,MG,Jaíba,39'388,39'850,37'660,39'002,39'379,39'639
313507,3135076,MG,Jampruca,5'429,5'453,4'296,4'338,4'306,4'266
313510,3135100,MG,Janaúba,72'018,72'374,70'699,72'940,73'281,73'555
313520,3135209,MG,Januária,67'852,67'958,65'150,67'162,67'087,67'123
313530,3135308,MG,Japaraíba,4'384,4'418,4'506,4'604,4'672,4'706
313535,3135357,MG,Japonvar,7'982,7'991,8'127,8'335,8'357,8'385
313540,3135407,MG,Jeceaba,4'852,4'795,6'197,6'372,6'428,6'476
313545,3135456,MG,Jenipapo de Minas,7'738,7'781,6'100,6'195,6'124,6'072
313550,3135506,MG,Jequeri,12'315,12'246,12'419,12'666,12'652,12'636
313560,3135605,MG,Jequitaí,7'468,7'407,6'484,6'547,6'460,6'379
313570,3135704,MG,Jequitibá,5'207,5'203,5'883,6'037,6'098,6'142
313580,3135803,MG,Jequitinhonha,25'474,25'555,24'007,24'576,24'509,24'516
313590,3135902,MG,Jesuânia,4'780,4'774,5'138,5'248,5'296,5'320
313600,3136009,MG,Joaíma,15'455,15'476,13'888,14'192,14'084,14'035
313610,3136108,MG,Joanésia,4'476,4'382,4'329,4'359,4'304,4'246
313620,3136207,MG,João Monlevade,80'416,80'903,80'187,82'824,83'360,83'791
313630,3136306,MG,João Pinheiro,47'726,47'990,46'801,48'326,48'532,48'725
313640,3136405,MG,Joaquim Felício,4'727,4'757,3'854,3'891,3'891,3'868
313650,3136504,MG,Jordânia,10'842,10'872,10'304,10'549,10'536,10'541
313652,3136520,MG,José Gonçalves de Minas,4'487,4'474,3'969,4'019,3'993,3'963
313655,3136553,MG,José Raydan,5'050,5'104,4'268,4'354,4'352,4'349
313657,3136579,MG,Josenópolis,4'889,4'911,3'630,3'629,3'607,3'557
313660,3136603,MG,Nova União,5'732,5'739,5'909,6'048,6'083,6'107
313665,3136652,MG,Juatuba,27'392,27'823,30'716,31'923,32'726,33'249
313670,3136702,MG,Juiz de Fora,573'285,577'532,540'756,563'633,565'764,567'730
313680,3136801,MG,Juramento,4'345,4'359,3'768,3'823,3'815,3'798
313690,3136900,MG,Juruaia,10'681,10'795,11'084,11'387,11'543,11'652
313695,3136959,MG,Juvenília,5'715,5'706,5'789,5'924,5'929,5'937
313700,3137007,MG,Ladainha,18'193,18'272,14'383,14'629,14'399,14'263
313710,3137106,MG,Lagamar,7'600,7'588,6'631,6'729,6'672,6'622
313720,3137205,MG,Lagoa da Prata,52'711,53'236,51'412,53'112,53'583,53'927
313730,3137304,MG,Lagoa dos Patos,4'082,4'062,3'313,3'304,3'285,3'237
313740,3137403,MG,Lagoa Dourada,13'063,13'115,12'769,13'072,13'116,13'152
313750,3137502,MG,Lagoa Formosa,18'111,18'168,18'904,19'379,19'507,19'614
313753,3137536,MG,Lagoa Grande,9'608,9'681,8'969,9'187,9'210,9'235
313760,3137601,MG,Lagoa Santa,65'657,66'744,75'145,77'877,79'981,81'299
313770,3137700,MG,Lajinha,19'918,19'914,20'835,21'320,21'422,21'502
313780,3137809,MG,Lambari,20'907,20'995,20'414,20'895,20'950,21'010
313790,3137908,MG,Lamim,3'379,3'366,3'184,3'226,3'226,3'213
313800,3138005,MG,Laranjal,6'833,6'856,5'963,6'060,6'042,6'018
313810,3138104,MG,Lassance,6'503,6'494,7'124,7'321,7'358,7'398
313820,3138203,MG,Lavras,104'783,105'756,104'761,108'804,109'884,110'682
313830,3138302,MG,Leandro Ferreira,3'226,3'222,3'199,3'233,3'270,3'272
313835,3138351,MG,Leme do Prado,4'920,4'923,4'341,4'412,4'387,4'364
313840,3138401,MG,Leopoldina,52'640,52'690,51'145,52'723,52'696,52'739
313850,3138500,MG,Liberdade,5'031,4'994,4'737,4'808,4'775,4'744
313860,3138609,MG,Lima Duarte,16'724,16'749,17'221,17'648,17'712,17'782
313862,3138625,MG,Limeira do Oeste,7'589,7'640,8'687,8'934,9'087,9'191
313865,3138658,MG,Lontra,9'714,9'766,8'790,8'969,8'968,8'963
313867,3138674,MG,Luisburgo,6'258,6'249,6'956,7'127,7'195,7'239
313868,3138682,MG,Luislândia,6'718,6'735,6'210,6'342,6'329,6'323
313870,3138708,MG,Luminárias,5'438,5'431,5'586,5'717,5'731,5'744
313880,3138807,MG,Luz,18'257,18'297,17'875,18'282,18'304,18'336
313890,3138906,MG,Machacalis,7'111,7'112,6'487,6'620,6'579,6'556
313900,3139003,MG,Machado,42'413,42'682,37'684,38'904,38'831,38'809
313910,3139102,MG,Madre de Deus de Minas,5'109,5'119,5'191,5'305,5'341,5'360
313920,3139201,MG,Malacacheta,18'602,18'556,17'516,17'869,17'751,17'691
313925,3139250,MG,Mamonas,6'554,6'565,5'997,6'127,6'096,6'082
313930,3139300,MG,Manga,18'226,18'051,18'886,19'270,19'188,19'148
313940,3139409,MG,Manhuaçu,91'169,92'074,91'886,95'399,96'545,97'328
313950,3139508,MG,Manhumirim,22'802,22'894,20'613,21'032,20'970,20'939
313960,3139607,MG,Mantena,27'647,27'651,26'535,27'432,27'358,27'350
313970,3139706,MG,Maravilhas,8'046,8'113,7'333,7'503,7'518,7'532
313980,3139805,MG,Mar de Espanha,12'901,12'985,12'721,13'022,13'119,13'180
313990,3139904,MG,Maria da Fé,14'056,14'019,14'247,14'551,14'557,14'567
314000,3140001,MG,Mariana,61'288,61'830,61'387,63'483,64'058,64'506
314010,3140100,MG,Marilac,4'097,4'079,4'224,4'306,4'320,4'323
314015,3140159,MG,Mário Campos,15'619,15'814,15'900,16'316,16'546,16'705
314020,3140209,MG,Maripá de Minas,2'987,3'000,3'387,3'471,3'532,3'567
314030,3140308,MG,Marliéria,4'034,4'030,4'592,4'711,4'761,4'796
314040,3140407,MG,Marmelópolis,2'728,2'701,3'200,3'245,3'299,3'314
314050,3140506,MG,Martinho Campos,13'443,13'497,14'003,14'355,14'461,14'546
314053,3140530,MG,Martins Soares,8'531,8'640,8'396,8'615,8'725,8'797
314055,3140555,MG,Mata Verde,8'644,8'700,9'112,9'380,9'458,9'532
314060,3140605,MG,Materlândia,4'436,4'415,3'963,4'012,3'982,3'949
314070,3140704,MG,Mateus Leme,31'364,31'631,37'841,39'282,40'239,40'814
314080,3140803,MG,Matias Barbosa,14'548,14'626,14'121,14'468,14'501,14'547
314085,3140852,MG,Matias Cardoso,11'260,11'360,8'895,9'039,8'975,8'922
314090,3140902,MG,Matipó,19'005,19'098,18'552,18'989,19'054,19'115
314100,3141009,MG,Mato Verde,12'412,12'367,12'038,12'288,12'238,12'210
314110,3141108,MG,Matozinhos,38'151,38'469,37'618,39'023,39'291,39'529
314120,3141207,MG,Matutina,3'741,3'733,3'814,3'883,3'907,3'912
314130,3141306,MG,Medeiros,3'832,3'861,3'900,3'975,4'040,4'068
314140,3141405,MG,Medina,20'759,20'701,20'156,20'596,20'492,20'455
314150,3141504,MG,Mendes Pimentel,6'446,6'446,5'606,5'697,5'651,5'614
314160,3141603,MG,Mercês,10'758,10'775,10'373,10'622,10'609,10'615
314170,3141702,MG,Mesquita,5'546,5'489,5'040,5'084,5'038,4'984
314180,3141801,MG,Minas Novas,31'497,31'509,24'405,24'686,24'191,23'843
314190,3141900,MG,Minduri,3'893,3'891,3'741,3'798,3'815,3'811
314200,3142007,MG,Mirabela,13'620,13'651,13'651,13'991,14'029,14'071
314210,3142106,MG,Miradouro,10'787,10'818,8'968,9'094,9'026,8'961
314220,3142205,MG,Miraí,15'111,15'205,13'633,13'924,13'922,13'921
314225,3142254,MG,Miravânia,4'914,4'939,3'985,4'026,4'011,3'982
314230,3142304,MG,Moeda,4'934,4'948,5'125,5'245,5'291,5'314
314240,3142403,MG,Moema,7'554,7'589,7'548,7'735,7'778,7'812
314250,3142502,MG,Monjolos,2'202,2'184,2'169,2'186,2'196,2'187
314260,3142601,MG,Monsenhor Paulo,8'727,8'764,8'340,8'533,8'550,8'565
314270,3142700,MG,Montalvânia,14'747,14'621,14'060,14'291,14'160,14'068
314280,3142809,MG,Monte Alegre de Minas,21'236,21'349,20'170,20'630,20'666,20'708
314290,3142908,MG,Monte Azul,20'696,20'544,20'328,20'735,20'577,20'497
314300,3143005,MG,Monte Belo,13'152,13'139,13'046,13'344,13'340,13'347
314310,3143104,MG,Monte Carmelo,47'931,48'049,47'692,49'221,49'354,49'500
314315,3143153,MG,Monte Formoso,4'923,4'939,4'381,4'467,4'449,4'437
314320,3143203,MG,Monte Santo de Minas,21'513,21'504,20'890,21'334,21'301,21'294
314330,3143302,MG,Montes Claros,413'487,417'478,414'240,431'202,434'321,437'601
314340,3143401,MG,Monte Sião,24'029,24'247,24'089,24'702,24'933,25'107
314345,3143450,MG,Montezuma,8'315,8'379,6'888,7'027,6'979,6'951
314350,3143500,MG,Morada Nova de Minas,8'910,8'955,9'067,9'295,9'364,9'414
314360,3143609,MG,Morro da Garça,2'437,2'413,2'411,2'425,2'438,2'426
314370,3143708,MG,Morro do Pilar,3'153,3'126,3'133,3'161,3'174,3'161
314380,3143807,MG,Munhoz,5'994,5'960,7'451,7'753,7'857,7'930
314390,3143906,MG,Muriaé,109'392,109'997,104'108,107'857,108'161,108'447
314400,3144003,MG,Mutum,26'961,26'945,27'635,28'594,28'670,28'749
314410,3144102,MG,Muzambinho,20'545,20'522,21'891,22'447,22'527,22'620
314420,3144201,MG,Nacip Raydan,3'220,3'221,2'459,2'442,2'437,2'400
314430,3144300,MG,Nanuque,40'665,40'583,35'038,35'997,35'554,35'263
314435,3144359,MG,Naque,7'051,7'104,6'303,6'425,6'442,6'443
314437,3144375,MG,Natalândia,3'308,3'306,3'520,3'579,3'626,3'642
314440,3144409,MG,Natércia,4'728,4'727,4'691,4'789,4'800,4'805
314450,3144508,MG,Nazareno,8'660,8'710,8'179,8'363,8'390,8'407
314460,3144607,MG,Nepomuceno,26'826,26'882,25'018,25'838,25'774,25'757
314465,3144656,MG,Ninheira,10'326,10'355,10'588,10'872,10'915,10'965
314467,3144672,MG,Nova Belém,3'128,3'067,3'151,3'162,3'156,3'126
314470,3144706,MG,Nova Era,17'551,17'524,17'438,17'840,17'807,17'813
314480,3144805,MG,Nova Lima,96'157,97'378,111'697,116'219,119'142,120'959
314490,3144904,MG,Nova Módica,3'573,3'548,3'663,3'727,3'731,3'726
314500,3145000,MG,Nova Ponte,15'800,16'046,14'598,14'947,15'113,15'220
314505,3145059,MG,Nova Porteirinha,7'497,7'493,6'706,6'807,6'780,6'746
314510,3145109,MG,Nova Resende,16'832,16'937,16'387,16'774,16'854,16'919
314520,3145208,MG,Nova Serrana,105'520,108'241,105'552,109'691,112'910,114'791
314530,3145307,MG,Novo Cruzeiro,31'335,31'339,26'975,27'800,27'453,27'268
314535,3145356,MG,Novo Oriente de Minas,10'778,10'800,10'275,10'524,10'501,10'503
314537,3145372,MG,Novorizonte,5'324,5'348,4'571,4'653,4'630,4'612
314540,3145406,MG,Olaria,1'720,1'694,1'945,1'955,1'986,1'986
314545,3145455,MG,Olhos-d'Água,6'171,6'243,5'385,5'492,5'520,5'530
314550,3145505,MG,Olímpio Noronha,2'809,2'829,2'555,2'587,2'616,2'618
314560,3145604,MG,Oliveira,41'840,41'987,39'262,40'584,40'552,40'576
314570,3145703,MG,Oliveira Fortes,2'130,2'128,2'027,2'041,2'062,2'058
314580,3145802,MG,Onça de Pitangui,3'152,3'155,2'969,3'006,3'027,3'024
314585,3145851,MG,Oratórios,4'663,4'671,4'917,5'036,5'076,5'102
314587,3145877,MG,Orizânia,8'079,8'138,8'437,8'675,8'759,8'828
314590,3145901,MG,Ouro Branco,39'867,40'220,38'724,40'117,40'411,40'638
314600,3146008,MG,Ouro Fino,33'791,33'938,32'094,33'181,33'227,33'285
314610,3146107,MG,Ouro Preto,74'558,74'824,74'821,77'303,77'601,77'914
314620,3146206,MG,Ouro Verde de Minas,5'914,5'895,5'757,5'875,5'858,5'847
314625,3146255,MG,Padre Carvalho,6'423,6'466,5'058,5'118,5'085,5'045
314630,3146305,MG,Padre Paraíso,20'252,20'346,17'334,17'669,17'537,17'463
314640,3146404,MG,Paineiras,4'462,4'440,4'224,4'283,4'273,4'253
314650,3146503,MG,Pains,8'296,8'308,8'142,8'327,8'341,8'353
314655,3146552,MG,Pai Pedro,6'094,6'098,5'551,5'661,5'634,5'616
314660,3146602,MG,Paiva,1'523,1'517,1'474,1'476,1'498,1'495
314670,3146701,MG,Palma,6'611,6'606,5'707,5'777,5'742,5'699
314675,3146750,MG,Palmópolis,5'349,5'196,6'301,6'414,6'373,6'342
314690,3146909,MG,Papagaios,15'800,15'922,13'920,14'210,14'207,14'202
314700,3147006,MG,Paracatu,93'862,94'539,94'023,97'559,98'397,99'005
314710,3147105,MG,Pará de Minas,94'808,95'616,97'139,100'859,102'033,102'844
314720,3147204,MG,Paraguaçu,21'605,21'693,21'723,22'244,22'357,22'452
314730,3147303,MG,Paraisópolis,21'221,21'353,20'445,20'918,21'005,21'076
314740,3147402,MG,Paraopeba,24'700,24'854,24'107,24'700,24'800,24'899
314750,3147501,MG,Passabém,1'633,1'619,1'600,1'596,1'617,1'609
314760,3147600,MG,Passa Quatro,16'393,16'439,15'515,15'841,15'842,15'847
314770,3147709,MG,Passa Tempo,8'057,8'031,8'473,8'682,8'696,8'716
314780,3147808,MG,Passa Vinte,2'031,2'024,2'233,2'260,2'301,2'311
314790,3147907,MG,Passos,115'337,115'970,111'939,116'005,116'530,116'951
314795,3147956,MG,Patis,6'002,6'031,4'837,4'889,4'863,4'825
314800,3148004,MG,Patos de Minas,153'585,154'641,159'235,165'967,167'870,169'173
314810,3148103,MG,Patrocínio,91'449,92'116,89'826,93'170,93'852,94'357
314820,3148202,MG,Patrocínio do Muriaé,5'715,5'744,5'576,5'703,5'735,5'754
314830,3148301,MG,Paula Cândido,9'584,9'597,8'659,8'832,8'786,8'757
314840,3148400,MG,Paulistas,4'812,4'794,4'389,4'457,4'429,4'402
314850,3148509,MG,Pavão,8'419,8'390,8'047,8'220,8'168,8'143
314860,3148608,MG,Peçanha,17'537,17'534,17'446,17'858,17'843,17'863
314870,3148707,MG,Pedra Azul,24'329,24'333,24'410,24'977,24'999,25'045
314875,3148756,MG,Pedra Bonita,7'128,7'157,7'320,7'507,7'559,7'599
314880,3148806,MG,Pedra do Anta,3'005,2'960,3'311,3'355,3'371,3'366
314890,3148905,MG,Pedra do Indaiá,3'974,3'977,4'112,4'202,4'232,4'247
314900,3149002,MG,Pedra Dourada,2'532,2'559,2'757,2'823,2'883,2'916
314910,3149101,MG,Pedralva,11'146,11'098,10'760,10'975,10'924,10'891
314915,3149150,MG,Pedras de Maria da Cruz,12'212,12'313,10'433,10'656,10'619,10'601
314920,3149200,MG,Pedrinópolis,3'643,3'651,3'344,3'387,3'404,3'398
314930,3149309,MG,Pedro Leopoldo,64'712,65'149,62'580,64'643,64'910,65'174
314940,3149408,MG,Pedro Teixeira,1'806,1'804,1'810,1'835,1'854,1'857
314950,3149507,MG,Pequeri,3'330,3'340,3'351,3'415,3'448,3'461
314960,3149606,MG,Pequi,4'432,4'457,4'155,4'229,4'258,4'265
314970,3149705,MG,Perdigão,11'755,11'994,12'268,12'604,12'925,13'118
314980,3149804,MG,Perdizes,16'321,16'469,17'151,17'575,17'830,17'992
314990,3149903,MG,Perdões,21'485,21'577,21'384,21'897,21'991,22'075
314995,3149952,MG,Periquito,6'773,6'738,6'553,6'677,6'647,6'624
315000,3150000,MG,Pescador,4'256,4'261,3'570,3'614,3'587,3'559
315010,3150109,MG,Piau,2'733,2'719,2'796,2'843,2'854,2'854
315015,3150158,MG,Piedade de Caratinga,8'702,8'832,8'529,8'767,8'883,8'966
315020,3150208,MG,Piedade de Ponte Nova,4'140,4'141,3'976,4'028,4'056,4'054
315030,3150307,MG,Piedade do Rio Grande,4'466,4'436,4'604,4'681,4'697,4'694
315040,3150406,MG,Piedade dos Gerais,5'009,5'034,5'019,5'142,5'175,5'199
315050,3150505,MG,Pimenta,8'688,8'715,8'563,8'769,8'794,8'817
315053,3150539,MG,Pingo-d'Água,4'986,5'029,4'706,4'819,4'845,4'864
315057,3150570,MG,Pintópolis,7'524,7'540,7'084,7'262,7'231,7'228
315060,3150604,MG,Piracema,6'398,6'386,6'700,6'849,6'884,6'905
315070,3150703,MG,Pirajuba,6'348,6'491,5'537,5'677,5'762,5'814
315080,3150802,MG,Piranga,17'634,17'641,17'018,17'413,17'360,17'358
315090,3150901,MG,Piranguçu,5'488,5'504,6'041,6'201,6'271,6'320
315100,3151008,MG,Piranguinho,8'640,8'683,9'120,9'349,9'451,9'518
315110,3151107,MG,Pirapetinga,10'772,10'791,11'077,11'349,11'408,11'454
315120,3151206,MG,Pirapora,56'640,56'845,55'606,57'379,57'543,57'713
315130,3151305,MG,Piraúba,10'759,10'732,11'610,11'916,11'958,12'006
315140,3151404,MG,Pitangui,28'215,28'433,26'685,27'613,27'734,27'834
315150,3151503,MG,Piumhi,34'918,35'137,36'062,37'381,37'742,38'007
315160,3151602,MG,Planura,12'292,12'445,11'145,11'421,11'484,11'533
315170,3151701,MG,Poço Fundo,16'846,16'900,16'390,16'780,16'791,16'824
315180,3151800,MG,Poços de Caldas,168'641,169'838,163'742,170'494,171'533,172'339
315190,3151909,MG,Pocrane,8'359,8'288,8'350,8'513,8'468,8'438
315200,3152006,MG,Pompéu,32'035,32'248,31'047,32'146,32'305,32'441
315210,3152105,MG,Ponte Nova,59'875,60'003,57'776,59'557,59'569,59'638
315213,3152131,MG,Ponto Chique,4'283,4'305,3'747,3'784,3'807,3'797
315217,3152170,MG,Ponto dos Volantes,12'179,12'235,10'883,11'151,11'077,11'059
315220,3152204,MG,Porteirinha,37'864,37'823,37'438,38'708,38'668,38'692
315230,3152303,MG,Porto Firme,11'348,11'414,10'569,10'828,10'825,10'840
315240,3152402,MG,Poté,16'616,16'675,13'666,13'934,13'751,13'649
315250,3152501,MG,Pouso Alegre,152'549,154'293,152'217,158'592,160'751,162'133
315260,3152600,MG,Pouso Alto,5'900,5'862,6'566,6'715,6'755,6'779
315270,3152709,MG,Prados,9'080,9'128,9'048,9'285,9'327,9'369
315280,3152808,MG,Prata,28'017,28'173,28'342,29'356,29'578,29'745
315290,3152907,MG,Pratápolis,8'566,8'530,8'406,8'568,8'551,8'534
315300,3153004,MG,Pratinha,3'631,3'658,3'559,3'615,3'673,3'691
315310,3153103,MG,Presidente Bernardes,5'341,5'315,4'850,4'922,4'883,4'847
315320,3153202,MG,Presidente Juscelino,3'606,3'572,3'465,3'501,3'493,3'471
315330,3153301,MG,Presidente Kubitschek,3'001,3'000,3'071,3'135,3'154,3'162
315340,3153400,MG,Presidente Olegário,19'627,19'680,18'765,19'196,19'177,19'192
315350,3153509,MG,Alto Jequitibá,8'301,8'286,8'397,8'588,8'596,8'606
315360,3153608,MG,Prudente de Morais,10'834,10'931,11'466,11'774,11'940,12'052
315370,3153707,MG,Quartel Geral,3'584,3'603,3'179,3'227,3'237,3'232
315380,3153806,MG,Queluzito,1'943,1'948,1'770,1'778,1'800,1'796
315390,3153905,MG,Raposos,16'429,16'501,16'279,16'679,16'735,16'796
315400,3154002,MG,Raul Soares,23'711,23'663,23'423,23'945,23'882,23'874
315410,3154101,MG,Recreio,10'520,10'522,11'007,11'315,11'337,11'383
315415,3154150,MG,Reduto,7'201,7'247,7'848,8'062,8'170,8'246
315420,3154200,MG,Resende Costa,11'540,11'578,11'230,11'503,11'520,11'544
315430,3154309,MG,Resplendor,17'396,17'396,17'226,17'629,17'612,17'629
315440,3154408,MG,Ressaquinha,4'817,4'826,4'548,4'635,4'641,4'640
315445,3154457,MG,Riachinho,8'134,8'132,6'863,6'933,6'890,6'830
315450,3154507,MG,Riacho dos Machados,9'476,9'471,8'756,8'920,8'886,8'858
315460,3154606,MG,Ribeirão das Neves,338'197,341'415,329'794,342'332,344'828,346'971
315470,3154705,MG,Ribeirão Vermelho,4'047,4'061,4'080,4'170,4'201,4'217
315480,3154804,MG,Rio Acima,10'420,10'524,10'261,10'536,10'626,10'698
315490,3154903,MG,Rio Casca,13'473,13'384,12'789,13'029,12'921,12'851
315500,3155009,MG,Rio Doce,2'620,2'630,2'484,2'512,2'542,2'545
315510,3155108,MG,Rio do Prado,5'133,5'117,4'639,4'698,4'679,4'649
315520,3155207,MG,Rio Espera,5'402,5'332,5'429,5'516,5'479,5'447
315530,3155306,MG,Rio Manso,5'879,5'924,5'568,5'703,5'727,5'746
315540,3155405,MG,Rio Novo,8'957,8'964,8'518,8'713,8'689,8'683
315550,3155504,MG,Rio Paranaíba,12'335,12'356,14'532,14'899,15'143,15'297
315560,3155603,MG,Rio Pardo de Minas,31'045,31'171,28'271,29'201,29'123,29'103
315570,3155702,MG,Rio Piracicaba,14'332,14'325,14'631,14'982,15'001,15'036
315580,3155801,MG,Rio Pomba,17'959,18'007,17'443,17'828,17'856,17'885
315590,3155900,MG,Rio Preto,5'485,5'493,5'141,5'251,5'240,5'235
315600,3156007,MG,Rio Vermelho,12'739,12'635,12'641,12'920,12'815,12'770
315610,3156106,MG,Ritápolis,4'562,4'521,4'994,5'101,5'115,5'122
315620,3156205,MG,Rochedo de Minas,2'320,2'335,2'291,2'309,2'363,2'374
315630,3156304,MG,Rodeiro,8'224,8'333,8'664,8'939,9'064,9'168
315640,3156403,MG,Romaria,3'520,3'507,3'386,3'412,3'440,3'430
315645,3156452,MG,Rosário da Limeira,4'622,4'648,4'734,4'858,4'896,4'926
315650,3156502,MG,Rubelita,5'798,5'609,5'679,5'674,5'572,5'460
315660,3156601,MG,Rubim,10'256,10'269,10'298,10'546,10'575,10'602
315670,3156700,MG,Sabará,137'125,137'877,129'380,134'212,134'286,134'576
315680,3156809,MG,Sabinópolis,15'416,15'364,14'240,14'517,14'382,14'309
315690,3156908,MG,Sacramento,26'374,26'556,26'670,27'635,27'891,28'076
315700,3157005,MG,Salinas,41'699,41'864,40'178,41'584,41'641,41'736
315710,3157104,MG,Salto da Divisa,7'012,7'014,6'110,6'217,6'164,6'126
315720,3157203,MG,Santa Bárbara,31'604,31'873,30'466,31'572,31'756,31'916
315725,3157252,MG,Santa Bárbara do Leste,8'181,8'212,8'458,8'674,8'737,8'785
315727,3157278,MG,Santa Bárbara do Monte Verde,3'182,3'212,3'095,3'157,3'199,3'218
315730,3157302,MG,Santa Bárbara do Tugúrio,4'407,4'385,4'208,4'269,4'262,4'245
315733,3157336,MG,Santa Cruz de Minas,8'664,8'723,8'109,8'294,8'321,8'339
315737,3157377,MG,Santa Cruz de Salinas,4'107,4'074,3'910,3'963,3'944,3'919
315740,3157401,MG,Santa Cruz do Escalvado,4'725,4'693,4'673,4'749,4'743,4'728
315750,3157500,MG,Santa Efigênia de Minas,4'381,4'354,4'039,4'086,4'067,4'038
315760,3157609,MG,Santa Fé de Minas,3'826,3'806,3'522,3'555,3'551,3'528
315765,3157658,MG,Santa Helena de Minas,6'386,6'406,5'938,6'073,6'059,6'056
315770,3157708,MG,Santa Juliana,14'255,14'497,15'734,16'163,16'568,16'820
315780,3157807,MG,Santa Luzia,220'444,221'705,219'132,228'197,229'483,230'382
315790,3157906,MG,Santa Margarida,16'302,16'393,16'395,16'796,16'903,16'989
315800,3158003,MG,Santa Maria de Itabira,10'857,10'867,10'485,10'714,10'716,10'718
315810,3158102,MG,Santa Maria do Salto,5'217,5'203,4'755,4'837,4'803,4'777
315820,3158201,MG,Santa Maria do Suaçuí,14'611,14'607,12'788,13'023,12'898,12'817
315830,3158300,MG,Santana da Vargem,7'073,7'047,6'691,6'809,6'781,6'756
315840,3158409,MG,Santana de Cataguases,3'891,3'909,3'489,3'543,3'553,3'548
315850,3158508,MG,Santana de Pirapama,7'589,7'538,7'030,7'150,7'079,7'030
315860,3158607,MG,Santana do Deserto,3'981,3'985,3'747,3'801,3'819,3'815
315870,3158706,MG,Santana do Garambéu,2'476,2'494,2'137,2'152,2'175,2'171
315880,3158805,MG,Santana do Jacaré,4'834,4'847,4'214,4'275,4'265,4'246
315890,3158904,MG,Santana do Manhuaçu,8'667,8'660,8'987,9'196,9'236,9'264
315895,3158953,MG,Santana do Paraíso,35'369,36'048,44'800,47'145,48'286,49'025
315900,3159001,MG,Santana do Riacho,4'315,4'334,5'313,5'472,5'579,5'654
315910,3159100,MG,Santana dos Montes,3'765,3'753,3'469,3'516,3'507,3'490
315920,3159209,MG,Santa Rita de Caldas,8'924,8'900,8'460,8'621,8'588,8'561
315930,3159308,MG,Santa Rita de Jacutinga,4'863,4'843,4'755,4'843,4'836,4'826
315935,3159357,MG,Santa Rita de Minas,7'268,7'322,6'773,6'931,6'952,6'969
315940,3159407,MG,Santa Rita de Ibitipoca,3'402,3'380,3'301,3'340,3'344,3'331
315950,3159506,MG,Santa Rita do Itueto,5'457,5'426,5'826,5'958,5'973,5'984
315960,3159605,MG,Santa Rita do Sapucaí,43'753,44'226,40'635,42'064,42'320,42'517
315970,3159704,MG,Santa Rosa da Serra,3'357,3'364,3'382,3'439,3'476,3'487
315980,3159803,MG,Santa Vitória,19'872,19'997,20'973,21'557,21'745,21'914
315990,3159902,MG,Santo Antônio do Amparo,18'613,18'697,17'285,17'668,17'651,17'657
316000,3160009,MG,Santo Antônio do Aventureiro,3'602,3'602,3'769,3'849,3'881,3'896
316010,3160108,MG,Santo Antônio do Grama,3'886,3'861,4'229,4'303,4'342,4'352
316020,3160207,MG,Santo Antônio do Itambé,3'799,3'763,3'915,3'989,3'979,3'969
316030,3160306,MG,Santo Antônio do Jacinto,11'604,11'570,10'327,10'518,10'397,10'324
316040,3160405,MG,Santo Antônio do Monte,28'427,28'603,27'295,28'228,28'358,28'456
316045,3160454,MG,Santo Antônio do Retiro,7'297,7'316,6'629,6'770,6'743,6'729
316050,3160504,MG,Santo Antônio do Rio Abaixo,1'760,1'756,1'808,1'826,1'853,1'856
316060,3160603,MG,Santo Hipólito,3'065,3'044,2'717,2'722,2'720,2'692
316070,3160702,MG,Santos Dumont,46'421,46'357,42'406,43'702,43'392,43'218
316080,3160801,MG,São Bento Abade,5'349,5'411,4'713,4'798,4'835,4'846
316090,3160900,MG,São Brás do Suaçuí,3'754,3'770,3'989,4'093,4'133,4'161
316095,3160959,MG,São Domingos das Dores,5'658,5'672,5'626,5'761,5'778,5'793
316100,3161007,MG,São Domingos do Prata,17'327,17'296,17'392,17'808,17'771,17'783
316105,3161056,MG,São Félix de Minas,3'362,3'354,3'200,3'245,3'252,3'244
316110,3161106,MG,São Francisco,56'477,56'625,52'762,54'344,54'239,54'223
316120,3161205,MG,São Francisco de Paula,6'520,6'512,6'187,6'297,6'293,6'281
316130,3161304,MG,São Francisco de Sales,6'274,6'309,5'732,5'850,5'857,5'858
316140,3161403,MG,São Francisco do Glória,4'800,4'758,4'800,4'875,4'866,4'848
316150,3161502,MG,São Geraldo,12'562,12'751,10'282,10'494,10'517,10'524
316160,3161601,MG,São Geraldo da Piedade,3'910,3'860,3'305,3'289,3'258,3'200
316165,3161650,MG,São Geraldo do Baixio,4'059,4'104,3'143,3'173,3'175,3'158
316170,3161700,MG,São Gonçalo do Abaeté,8'459,8'527,7'375,7'528,7'521,7'515
316180,3161809,MG,São Gonçalo do Pará,12'597,12'776,11'770,12'080,12'192,12'275
316190,3161908,MG,São Gonçalo do Rio Abaixo,11'019,11'114,11'850,12'171,12'353,12'475
316200,3162005,MG,São Gonçalo do Sapucaí,25'561,25'670,23'959,24'474,24'480,24'497
316210,3162104,MG,São Gotardo,35'782,36'084,40'910,42'441,43'309,43'851
316220,3162203,MG,São João Batista do Glória,7'498,7'541,7'652,7'845,7'912,7'959
316225,3162252,MG,São João da Lagoa,4'932,4'949,4'822,4'930,4'950,4'962
316230,3162302,MG,São João da Mata,2'746,2'743,2'914,2'956,3'000,3'012
316240,3162401,MG,São João da Ponte,25'098,25'033,23'930,24'405,24'269,24'197
316245,3162450,MG,São João das Missões,13'125,13'232,13'024,13'352,13'467,13'547
316250,3162500,MG,São João del Rei,90'497,90'897,90'225,93'583,94'062,94'468
316255,3162559,MG,São João do Manhuaçu,11'674,11'785,11'246,11'516,11'614,11'676
316257,3162575,MG,São João do Manteninha,5'918,5'975,5'331,5'451,5'468,5'479
316260,3162609,MG,São João do Oriente,7'444,7'393,7'070,7'197,7'139,7'099
316265,3162658,MG,São João do Pacuí,4'448,4'476,3'972,4'050,4'052,4'050
316270,3162708,MG,São João do Paraíso,23'709,23'797,23'910,24'511,24'604,24'706
316280,3162807,MG,São João Evangelista,15'767,15'761,15'315,15'658,15'617,15'613
316290,3162906,MG,São João Nepomuceno,26'447,26'530,25'565,26'415,26'478,26'529
316292,3162922,MG,São Joaquim de Bicas,32'148,32'696,34'348,35'742,36'496,37'017
316294,3162948,MG,São José da Barra,7'480,7'532,7'793,8'003,8'084,8'145
316295,3162955,MG,São José da Lapa,24'135,24'490,26'090,27'119,27'710,28'087
316300,3163003,MG,São José da Safira,4'280,4'291,3'806,3'852,3'861,3'849
316310,3163102,MG,São José da Varginha,5'079,5'151,4'536,4'629,4'677,4'698
316320,3163201,MG,São José do Alegre,4'210,4'222,4'133,4'206,4'242,4'252
316330,3163300,MG,São José do Divino,3'856,3'851,3'464,3'501,3'501,3'482
316340,3163409,MG,São José do Goiabal,5'387,5'356,5'396,5'504,5'492,5'482
316350,3163508,MG,São José do Jacuri,6'431,6'409,6'197,6'329,6'298,6'282
316360,3163607,MG,São José do Mantimento,2'806,2'821,2'753,2'790,2'834,2'844
316370,3163706,MG,São Lourenço,46'202,46'539,44'798,46'407,46'653,46'868
316380,3163805,MG,São Miguel do Anta,6'944,6'949,6'334,6'459,6'430,6'410
316390,3163904,MG,São Pedro da União,4'610,4'563,4'885,4'964,4'979,4'973
316400,3164001,MG,São Pedro dos Ferros,7'706,7'634,7'166,7'260,7'194,7'132
316410,3164100,MG,São Pedro do Suaçuí,5'202,5'160,5'103,5'194,5'166,5'143
316420,3164209,MG,São Romão,12'529,12'713,10'315,10'544,10'553,10'562
316430,3164308,MG,São Roque de Minas,7'076,7'100,7'129,7'301,7'341,7'370
316440,3164407,MG,São Sebastião da Bela Vista,5'552,5'598,6'387,6'561,6'694,6'778
316443,3164431,MG,São Sebastião da Vargem Alegre,3'024,3'039,3'113,3'177,3'219,3'239
316447,3164472,MG,São Sebastião do Anta,6'627,6'697,6'194,6'345,6'386,6'415
316450,3164506,MG,São Sebastião do Maranhão,9'963,9'884,10'079,10'307,10'244,10'218
316460,3164605,MG,São Sebastião do Oeste,6'863,6'948,8'815,9'078,9'355,9'527
316470,3164704,MG,São Sebastião do Paraíso,71'445,71'915,71'796,74'148,74'742,75'179
316480,3164803,MG,São Sebastião do Rio Preto,1'492,1'478,1'259,1'228,1'248,1'229
316490,3164902,MG,São Sebastião do Rio Verde,2'250,2'259,2'300,2'333,2'373,2'385
316500,3165008,MG,São Tiago,10'960,10'979,11'192,11'482,11'517,11'559
316510,3165107,MG,São Tomás de Aquino,7'000,6'980,6'740,6'866,6'853,6'837
316520,3165206,MG,São Tomé das Letras,7'120,7'151,6'904,7'061,7'089,7'107
316530,3165305,MG,São Vicente de Minas,7'815,7'876,6'804,6'939,6'935,6'928
316540,3165404,MG,Sapucaí-Mirim,6'989,7'045,6'311,6'442,6'462,6'469
316550,3165503,MG,Sardoá,6'361,6'421,5'104,5'196,5'164,5'140
316553,3165537,MG,Sarzedo,33'413,34'050,36'844,38'264,39'327,39'974
316555,3165552,MG,Setubinha,12'378,12'493,9'917,10'142,10'032,9'985
316556,3165560,MG,Sem-Peixe,2'606,2'579,2'433,2'441,2'441,2'420
316557,3165578,MG,Senador Amaral,5'361,5'365,6'206,6'348,6'458,6'517
316560,3165602,MG,Senador Cortes,2'003,2'001,2'240,2'274,2'319,2'335
316570,3165701,MG,Senador Firmino,7'858,7'902,7'716,7'911,7'945,7'977
316580,3165800,MG,Senador José Bento,1'461,1'422,2'068,2'088,2'137,2'149
316590,3165909,MG,Senador Modestino Gonçalves,4'105,4'056,4'008,4'065,4'035,4'006
316600,3166006,MG,Senhora de Oliveira,5'786,5'786,5'483,5'606,5'584,5'577
316610,3166105,MG,Senhora do Porto,3'519,3'516,3'067,3'093,3'088,3'066
316620,3166204,MG,Senhora dos Remédios,10'467,10'474,10'384,10'624,10'640,10'657
316630,3166303,MG,Sericita,7'333,7'340,7'345,7'511,7'536,7'552
316640,3166402,MG,Seritinga,1'854,1'857,1'819,1'831,1'864,1'866
316650,3166501,MG,Serra Azul de Minas,4'292,4'292,3'792,3'830,3'829,3'808
316660,3166600,MG,Serra da Saudade,776,771,833,829,854,856
316670,3166709,MG,Serra dos Aimorés,8'713,8'725,6'944,7'033,6'936,6'859
316680,3166808,MG,Serra do Salitre,11'668,11'750,11'801,12'069,12'210,12'286
316690,3166907,MG,Serrania,7'668,7'667,7'621,7'793,7'802,7'811
316695,3166956,MG,Serranópolis de Minas,4'809,4'836,4'399,4'479,4'496,4'497
316700,3167004,MG,Serranos,1'956,1'949,1'990,2'000,2'035,2'036
316710,3167103,MG,Serro,20'940,20'915,21'952,22'474,22'550,22'624
316720,3167202,MG,Sete Lagoas,241'835,243'950,227'397,236'947,237'931,238'909
316730,3167301,MG,Silveirânia,2'264,2'267,2'323,2'361,2'391,2'399
316740,3167400,MG,Silvianópolis,6'248,6'258,6'179,6'315,6'336,6'348
316750,3167509,MG,Simão Pereira,2'618,2'621,2'947,3'025,3'060,3'084
316760,3167608,MG,Simonésia,19'736,19'834,19'750,20'228,20'339,20'431
316770,3167707,MG,Sobrália,5'514,5'476,5'137,5'209,5'175,5'140
316780,3167806,MG,Soledade de Minas,6'189,6'226,5'613,5'732,5'733,5'733
316790,3167905,MG,Tabuleiro,3'708,3'669,4'014,4'089,4'098,4'097
316800,3168002,MG,Taiobeiras,34'397,34'653,33'050,34'220,34'392,34'537
316805,3168051,MG,Taparuba,3'101,3'093,3'387,3'468,3'492,3'508
316810,3168101,MG,Tapira,4'832,4'890,4'118,4'174,4'212,4'215
316820,3168200,MG,Tapiraí,1'872,1'869,1'690,1'677,1'707,1'698
316830,3168309,MG,Taquaraçu de Minas,4'099,4'120,4'224,4'338,4'368,4'394
316840,3168408,MG,Tarumirim,14'302,14'280,14'709,15'067,15'072,15'104
316850,3168507,MG,Teixeiras,11'670,11'680,12'255,12'589,12'634,12'691
316860,3168606,MG,Teófilo Otoni,140'937,141'269,137'418,142'449,142'571,142'851
316870,3168705,MG,Timóteo,90'568,91'268,81'579,84'130,84'087,84'172
316880,3168804,MG,Tiradentes,8'072,8'160,7'744,7'949,8'008,8'056
316890,3168903,MG,Tiros,6'424,6'369,7'883,8'094,8'172,8'231
316900,3169000,MG,Tocantins,16'715,16'769,16'185,16'553,16'574,16'603
316905,3169059,MG,Tocos do Moji,4'109,4'117,3'826,3'893,3'899,3'894
316910,3169109,MG,Toledo,6'297,6'336,7'214,7'396,7'541,7'625
316920,3169208,MG,Tombos,7'850,7'683,8'609,8'752,8'699,8'653
316930,3169307,MG,Três Corações,80'032,80'561,75'485,77'862,78'079,78'291
316935,3169356,MG,Três Marias,32'716,33'062,28'895,29'923,29'927,29'985
316940,3169406,MG,Três Pontas,56'940,57'127,55'255,56'992,57'086,57'209
316950,3169505,MG,Tumiritinga,6'765,6'797,5'886,5'993,5'973,5'955
316960,3169604,MG,Tupaciguara,25'398,25'466,25'470,26'360,26'482,26'583
316970,3169703,MG,Turmalina,20'125,20'280,20'000,20'511,20'650,20'769
316980,3169802,MG,Turvolândia,5'070,5'099,4'935,5'043,5'078,5'097
316990,3169901,MG,Ubá,116'797,117'995,103'365,106'998,107'222,107'423
317000,3170008,MG,Ubaí,12'599,12'661,11'708,11'980,11'977,11'985
317005,3170057,MG,Ubaporanga,12'493,12'514,13'017,13'358,13'423,13'485
317010,3170107,MG,Uberaba,337'092,340'277,337'836,350'220,354'142,356'781
317020,3170206,MG,Uberlândia,699'097,706'597,713'224,744'735,754'954,761'835
317030,3170305,MG,Umburatiba,2'596,2'582,2'684,2'734,2'742,2'742
317040,3170404,MG,Unaí,84'930,85'461,86'619,89'925,90'724,91'320
317043,3170438,MG,União de Minas,4'284,4'265,3'828,3'846,3'848,3'818
317047,3170479,MG,Uruana de Minas,3'260,3'256,3'282,3'332,3'360,3'365
317050,3170503,MG,Urucânia,10'345,10'333,10'600,10'853,10'875,10'899
317052,3170529,MG,Urucuia,17'173,17'470,17'479,18'002,18'291,18'515
317057,3170578,MG,Vargem Alegre,6'470,6'460,5'780,5'868,5'834,5'800
317060,3170602,MG,Vargem Bonita,2'148,2'143,2'158,2'175,2'206,2'207
317065,3170651,MG,Vargem Grande do Rio Pardo,5'026,5'045,4'633,4'715,4'727,4'724
317070,3170701,MG,Varginha,136'602,137'608,136'467,141'600,142'802,143'676
317075,3170750,MG,Varjão de Minas,7'138,7'235,6'969,7'150,7'243,7'305
317080,3170800,MG,Várzea da Palma,39'803,40'101,33'744,34'806,34'639,34'555
317090,3170909,MG,Varzelândia,19'305,19'290,18'840,19'258,19'214,19'210
317100,3171006,MG,Vazante,20'642,20'692,19'975,20'418,20'433,20'459
317103,3171030,MG,Verdelândia,9'443,9'527,7'672,7'787,7'770,7'737
317107,3171071,MG,Veredinha,5'727,5'733,5'181,5'266,5'257,5'240
317110,3171105,MG,Veríssimo,4'045,4'090,3'411,3'461,3'480,3'478
317115,3171154,MG,Vermelho Novo,4'846,4'852,4'899,5'016,5'034,5'048
317120,3171204,MG,Vespasiano,129'765,131'849,129'246,134'514,136'826,138'583
317130,3171303,MG,Viçosa,79'388,79'910,76'430,78'930,79'221,79'517
317140,3171402,MG,Vieiras,3'589,3'570,3'700,3'768,3'780,3'781
317150,3171501,MG,Mathias Lobato,3'179,3'157,3'038,3'066,3'069,3'053
317160,3171600,MG,Virgem da Lapa,13'740,13'729,11'804,12'015,11'867,11'774
317170,3171709,MG,Virgínia,8'663,8'652,8'908,9'117,9'142,9'164
317180,3171808,MG,Virginópolis,10'484,10'459,10'314,10'546,10'519,10'511
317190,3171907,MG,Virgolândia,5'340,5'303,4'552,4'579,4'530,4'471
317200,3172004,MG,Visconde do Rio Branco,42'965,43'351,39'160,40'475,40'608,40'711
317210,3172103,MG,Volta Grande,5'261,5'270,4'443,4'492,4'473,4'441
317220,3172202,MG,Wenceslau Braz,2'548,2'543,2'356,2'372,2'387,2'377
320010,3200102,ES,Afonso Cláudio,30'455,30'326,30'684,32'509,32'446,32'456
320013,3200136,ES,Águia Branca,9'631,9'621,9'711,10'092,10'124,10'143
320016,3200169,ES,Água Doce do Norte,10'909,10'801,12'042,12'572,12'559,12'585
320020,3200201,ES,Alegre,29'975,29'869,29'177,30'840,30'744,30'702
320030,3200300,ES,Alfredo Chaves,14'636,14'670,13'836,14'398,14'373,14'376
320035,3200359,ES,Alto Rio Novo,7'874,7'911,7'434,7'742,7'747,7'760
320040,3200409,ES,Anchieta,29'779,30'285,29'984,32'049,32'584,33'017
320050,3200508,ES,Apiacá,7'554,7'542,7'223,7'475,7'474,7'462
320060,3200607,ES,Aracruz,103'101,104'942,94'765,101'279,102'410,103'363
320070,3200706,ES,Atílio Vivácqua,12'105,12'270,10'540,10'974,11'013,11'046
320080,3200805,ES,Baixo Guandu,31'132,31'263,30'674,32'584,32'694,32'829
320090,3200904,ES,Barra de São Francisco,44'979,45'301,42'498,45'102,45'250,45'415
320100,3201001,ES,Boa Esperança,15'092,15'146,13'608,14'118,14'079,14'054
320110,3201100,ES,Bom Jesus do Norte,9'962,9'988,10'254,10'689,10'764,10'820
320115,3201159,ES,Brejetuba,12'427,12'450,12'985,13'561,13'642,13'718
320120,3201209,ES,Cachoeiro de Itapemirim,210'589,212'172,185'786,198'756,198'323,198'342
320130,3201308,ES,Cariacica,383'917,386'495,353'491,375'671,375'485,376'200
320140,3201407,ES,Castelo,37'747,37'956,36'930,39'226,39'396,39'575
320150,3201506,ES,Colatina,123'400,124'283,120'033,127'902,128'622,129'301
320160,3201605,ES,Conceição da Barra,31'273,31'479,27'458,29'063,28'953,28'923
320170,3201704,ES,Conceição do Castelo,12'806,12'887,11'937,12'422,12'448,12'472
320180,3201803,ES,Divino de São Lourenço,4'270,4'236,5'083,5'303,5'359,5'397
320190,3201902,ES,Domingos Martins,33'986,34'120,35'416,37'717,37'972,38'236
320200,3202009,ES,Dores do Rio Preto,6'771,6'793,6'596,6'870,6'885,6'902
320210,3202108,ES,Ecoporanga,22'835,22'748,21'992,22'799,22'670,22'611
320220,3202207,ES,Fundão,21'948,22'379,18'014,18'761,18'824,18'898
320225,3202256,ES,Governador Lindenberg,12'880,13'047,11'009,11'461,11'467,11'484
320230,3202306,ES,Guaçuí,31'122,31'372,29'358,31'150,31'290,31'418
320240,3202405,ES,Guarapari,126'701,128'504,124'656,133'317,134'944,136'311
320245,3202454,ES,Ibatiba,26'426,26'762,25'380,27'014,27'308,27'543
320250,3202504,ES,Ibiraçu,12'591,12'701,11'723,12'222,12'261,12'304
320255,3202553,ES,Ibitirama,8'859,8'830,9'520,9'917,9'973,10'015
320260,3202603,ES,Iconha,13'973,14'083,12'326,12'823,12'793,12'790
320265,3202652,ES,Irupi,13'526,13'672,13'710,14'356,14'513,14'647
320270,3202702,ES,Itaguaçu,14'023,13'982,13'589,14'126,14'065,14'042
320280,3202801,ES,Itapemirim,34'656,34'957,39'832,42'563,43'362,44'020
320290,3202900,ES,Itarana,10'494,10'433,10'597,11'006,10'984,10'975
320300,3203007,ES,Iúna,29'290,29'417,28'590,30'340,30'444,30'556
320305,3203056,ES,Jaguaré,31'039,31'589,28'931,30'844,31'232,31'551
320310,3203106,ES,Jerônimo Monteiro,12'265,12'336,11'575,12'053,12'079,12'108
320313,3203130,ES,João Neiva,16'722,16'774,14'079,14'515,14'391,14'295
320316,3203163,ES,Laranja da Terra,10'933,10'919,11'094,11'555,11'572,11'597
320320,3203205,ES,Linhares,176'688,179'755,166'786,179'599,181'912,183'797
320330,3203304,ES,Mantenópolis,15'503,15'653,12'770,13'247,13'173,13'131
320332,3203320,ES,Marataízes,38'883,39'259,41'929,44'740,45'418,45'953
320334,3203346,ES,Marechal Floriano,16'920,17'141,17'641,18'454,18'743,18'964
320335,3203353,ES,Marilândia,12'963,13'091,12'387,12'945,13'014,13'087
320340,3203403,ES,Mimoso do Sul,26'115,26'079,24'475,25'337,25'179,25'088
320350,3203502,ES,Montanha,18'894,18'954,18'900,19'669,19'752,19'830
320360,3203601,ES,Mucurici,5'496,5'468,5'466,5'657,5'660,5'653
320370,3203700,ES,Muniz Freire,17'319,17'176,18'153,18'847,18'811,18'809
320380,3203809,ES,Muqui,15'526,15'602,13'745,14'273,14'213,14'185
320390,3203908,ES,Nova Venécia,50'434,50'751,49'065,51'844,52'084,52'324
320400,3204005,ES,Pancas,23'306,23'426,18'893,19'465,19'270,19'120
320405,3204054,ES,Pedro Canário,26'381,26'575,21'522,22'229,22'048,21'923
320410,3204104,ES,Pinheiros,27'327,27'601,23'915,24'856,24'825,24'843
320420,3204203,ES,Piúma,22'053,22'388,22'300,23'334,23'682,23'912
320425,3204252,ES,Ponto Belo,7'940,8'016,6'497,6'718,6'696,6'671
320430,3204302,ES,Presidente Kennedy,11'658,11'741,13'696,14'366,14'647,14'852
320435,3204351,ES,Rio Bananal,19'271,19'398,19'274,20'094,20'229,20'350
320440,3204401,ES,Rio Novo do Sul,11'626,11'630,11'069,11'498,11'479,11'471
320450,3204500,ES,Santa Leopoldina,12'197,12'171,13'106,13'693,13'747,13'813
320455,3204559,ES,Santa Maria de Jetibá,41'015,41'588,41'636,44'361,45'062,45'575
320460,3204609,ES,Santa Teresa,23'724,23'853,22'808,23'748,23'796,23'872
320465,3204658,ES,São Domingos do Norte,8'687,8'735,8'589,8'953,9'008,9'051
320470,3204708,ES,São Gabriel da Palha,38'522,39'085,32'252,34'196,34'210,34'272
320480,3204807,ES,São José do Calçado,10'546,10'536,10'878,11'338,11'373,11'411
320490,3204906,ES,São Mateus,132'642,134'629,123'752,132'201,133'359,134'423
320495,3204955,ES,São Roque do Canaã,12'510,12'602,10'886,11'321,11'271,11'256
320500,3205002,ES,Serra,527'240,536'765,520'653,562'996,572'274,579'720
320501,3205010,ES,Sooretama,30'680,31'278,26'502,28'212,28'453,28'668
320503,3205036,ES,Vargem Alta,21'591,21'778,19'563,20'339,20'353,20'390
320506,3205069,ES,Venda Nova do Imigrante,25'745,26'204,23'831,24'886,25'168,25'395
320510,3205101,ES,Viana,79'500,80'735,73'423,77'809,78'442,79'043
320515,3205150,ES,Vila Pavão,9'244,9'280,8'911,9'275,9'298,9'319
320517,3205176,ES,Vila Valério,14'073,14'065,13'728,14'257,14'263,14'267
320520,3205200,ES,Vila Velha,501'325,508'655,467'722,498'588,502'899,506'779
320530,3205309,ES,Vitória,365'855,369'534,322'869,342'987,342'800,343'378
330010,3300100,RJ,Angra dos Reis,207'044,210'171,167'434,179'494,179'120,179'142
330015,3300159,RJ,Aperibé,11'901,12'036,11'034,11'371,11'420,11'426
330020,3300209,RJ,Araruama,134'293,136'109,129'671,136'404,137'773,137'906
330022,3300225,RJ,Areal,12'669,12'763,11'828,12'201,12'236,12'239
330023,3300233,RJ,Armação dos Búzios,34'477,35'060,40'006,41'277,42'442,42'527
330025,3300258,RJ,Arraial do Cabo,30'593,30'827,30'986,32'518,32'794,32'822
330030,3300308,RJ,Barra do Piraí,100'764,101'139,92'883,98'730,98'501,98'506
330040,3300407,RJ,Barra Mansa,184'833,185'237,169'894,182'384,181'688,181'679
330045,3300456,RJ,Belford Roxo,513'118,515'239,483'087,518'225,518'263,518'384
330050,3300506,RJ,Bom Jardim,27'616,27'779,28'102,29'535,29'736,29'758
330060,3300605,RJ,Bom Jesus do Itabapoana,37'203,37'306,35'173,37'169,37'172,37'176
330070,3300704,RJ,Cabo Frio,230'378,234'077,222'161,235'133,238'166,238'438
330080,3300803,RJ,Cachoeiras de Macacu,59'303,59'652,56'943,59'685,59'837,59'861
330090,3300902,RJ,Cambuci,15'514,15'521,14'616,15'102,15'070,15'069
330093,3300936,RJ,Carapebus,16'586,16'859,13'847,14'304,14'325,14'329
330095,3300951,RJ,Comendador Levy Gasparian,8'576,8'590,8'741,9'012,9'044,9'048
330100,3301009,RJ,Campos dos Goytacazes,511'168,514'643,483'540,516'972,519'011,519'259
330110,3301108,RJ,Cantagalo,20'168,20'163,19'390,20'048,19'996,19'995
330115,3301157,RJ,Cardoso Moreira,12'821,12'818,12'958,13'377,13'403,13'407
330120,3301207,RJ,Carmo,19'030,19'161,17'198,17'772,17'740,17'741
330130,3301306,RJ,Casimiro de Abreu,45'041,45'864,46'110,47'625,48'563,48'636
330140,3301405,RJ,Conceição de Macabu,23'398,23'561,21'104,21'796,21'769,21'770
330150,3301504,RJ,Cordeiro,22'041,22'152,20'783,21'443,21'444,21'448
330160,3301603,RJ,Duas Barras,11'528,11'563,10'980,11'357,11'354,11'355
330170,3301702,RJ,Duque de Caxias,924'624,929'449,808'161,871'068,866'347,866'225
330180,3301801,RJ,Engenheiro Paulo de Frontin,14'071,14'138,12'242,12'701,12'648,12'644
330185,3301850,RJ,Guapimirim,61'388,62'225,51'696,54'322,54'300,54'311
330187,3301876,RJ,Iguaba Grande,28'837,29'344,27'920,29'113,29'577,29'616
330190,3301900,RJ,Itaboraí,242'543,244'416,224'267,239'640,240'040,240'127
330200,3302007,RJ,Itaguaí,134'819,136'547,116'841,123'825,123'980,124'021
330205,3302056,RJ,Italva,15'299,15'387,14'073,14'525,14'517,14'518
330210,3302106,RJ,Itaocara,23'222,23'211,22'919,23'667,23'643,23'645
330220,3302205,RJ,Itaperuna,103'800,104'354,101'041,106'866,107'246,107'297
330225,3302254,RJ,Itatiaia,32'064,32'312,30'908,32'551,32'694,32'713
330227,3302270,RJ,Japeri,105'548,106'296,96'289,102'246,102'149,102'171
330230,3302304,RJ,Laje do Muriaé,7'326,7'298,7'336,7'585,7'584,7'584
330240,3302403,RJ,Macaé,261'501,266'136,246'391,260'851,264'138,264'439
330245,3302452,RJ,Macuco,5'623,5'646,5'415,5'596,5'601,5'602
330250,3302502,RJ,Magé,246'433,247'741,228'127,244'242,244'092,244'142
330260,3302601,RJ,Mangaratiba,45'220,45'941,41'220,43'271,43'624,43'660
330270,3302700,RJ,Maricá,164'504,167'668,197'277,206'229,211'986,212'470
330280,3302809,RJ,Mendes,18'648,18'681,17'502,18'095,18'049,18'048
330285,3302858,RJ,Mesquita,176'569,177'016,167'127,178'965,178'803,178'830
330290,3302908,RJ,Miguel Pereira,25'581,25'622,26'582,27'995,28'123,28'142
330300,3303005,RJ,Miracema,27'154,27'134,26'881,28'399,28'411,28'416
330310,3303104,RJ,Natividade,15'311,15'305,15'074,15'554,15'550,15'551
330320,3303203,RJ,Nilópolis,162'693,162'893,146'774,156'616,155'544,155'500
330330,3303302,RJ,Niterói,515'317,516'981,481'749,517'015,516'720,516'787
330340,3303401,RJ,Nova Friburgo,191'158,191'664,189'939,202'757,203'328,203'417
330350,3303500,RJ,Nova Iguaçu,823'302,825'388,785'867,843'425,843'046,843'220
330360,3303609,RJ,Paracambi,52'683,53'093,41'375,44'067,43'656,43'627
330370,3303708,RJ,Paraíba do Sul,44'518,44'741,42'063,44'432,44'467,44'479
330380,3303807,RJ,Paraty,43'680,44'175,45'243,46'983,47'614,47'668
330385,3303856,RJ,Paty do Alferes,27'858,27'942,29'619,31'100,31'345,31'370
330390,3303906,RJ,Petrópolis,306'678,307'144,278'881,296'512,294'983,294'926
330395,3303955,RJ,Pinheiral,25'364,25'563,24'298,25'004,25'085,25'096
330400,3304003,RJ,Piraí,29'545,29'802,27'474,28'950,29'054,29'066
330410,3304102,RJ,Porciúncula,18'960,19'068,17'288,17'834,17'832,17'832
330411,3304110,RJ,Porto Real,19'974,20'254,20'373,20'793,21'064,21'089
330412,3304128,RJ,Quatis,14'435,14'562,13'682,14'109,14'158,14'165
330414,3304144,RJ,Queimados,151'335,152'311,140'523,149'018,149'093,149'135
330415,3304151,RJ,Quissamã,25'126,25'535,22'393,22'976,23'126,23'142
330420,3304201,RJ,Resende,132'312,133'244,129'612,136'847,137'612,137'697
330430,3304300,RJ,Rio Bonito,60'573,60'930,56'276,59'119,59'113,59'126
330440,3304409,RJ,Rio Claro,18'605,18'677,17'401,17'979,17'950,17'951
330450,3304508,RJ,Rio das Flores,9'344,9'401,8'954,9'234,9'264,9'267
330452,3304524,RJ,Rio das Ostras,155'193,159'529,156'491,163'096,168'099,168'455
330455,3304557,RJ,Rio de Janeiro,6'747'815,6'775'561,6'211'223,6'735'026,6'729'894,6'730'729
330460,3304607,RJ,Santa Maria Madalena,10'392,10'380,10'232,10'600,10'579,10'580
330470,3304706,RJ,Santo Antônio de Pádua,42'594,42'705,41'325,43'627,43'686,43'697
330475,3304755,RJ,São Francisco de Itabapoana,42'210,42'214,45'059,47'102,47'368,47'397
330480,3304805,RJ,São Fidélis,38'710,38'749,38'961,41'098,41'197,41'212
330490,3304904,RJ,São Gonçalo,1'091'737,1'098'357,896'744,969'681,960'652,960'196
330500,3305000,RJ,São João da Barra,36'423,36'731,36'573,38'422,38'708,38'740
330510,3305109,RJ,São João de Meriti,472'906,473'385,440'962,468'418,466'536,466'503
330513,3305133,RJ,São José de Ubá,7'206,7'240,7'070,7'287,7'315,7'318
330515,3305158,RJ,São José do Vale do Rio Preto,21'916,22'032,22'080,22'678,22'799,22'813
330520,3305208,RJ,São Pedro da Aldeia,106'049,107'556,104'029,109'197,110'556,110'677
330530,3305307,RJ,São Sebastião do Alto,9'387,9'416,7'750,8'046,7'999,7'993
330540,3305406,RJ,Sapucaia,18'249,18'270,17'729,18'306,18'289,18'291
330550,3305505,RJ,Saquarema,90'583,91'938,89'559,93'810,95'201,95'315
330555,3305554,RJ,Seropédica,83'092,83'841,80'596,84'182,84'737,84'794
330560,3305604,RJ,Silva Jardim,21'774,21'775,21'352,22'063,22'026,22'028
330570,3305703,RJ,Sumidouro,15'667,15'709,15'206,15'662,15'690,15'693
330575,3305752,RJ,Tanguá,34'610,34'898,31'086,32'863,32'858,32'865
330580,3305802,RJ,Teresópolis,184'240,185'820,165'123,176'642,176'692,176'735
330590,3305901,RJ,Trajano de Moraes,10'640,10'653,10'302,10'664,10'652,10'654
330600,3306008,RJ,Três Rios,82'142,82'468,78'346,82'258,82'300,82'319
330610,3306107,RJ,Valença,76'869,77'202,68'088,71'841,71'462,71'449
330615,3306156,RJ,Varre-Sai,11'106,11'208,10'207,10'522,10'559,10'563
330620,3306206,RJ,Vassouras,37'083,37'262,33'976,35'960,35'904,35'907
330630,3306305,RJ,Volta Redonda,273'988,274'925,261'563,279'752,279'898,279'971
350010,3500105,SP,Adamantina,35'111,35'153,34'687,35'644,35'642,35'673
350020,3500204,SP,Adolfo,3'554,3'545,4'351,4'418,4'478,4'505
350030,3500303,SP,Aguaí,36'648,36'981,32'072,32'975,32'888,32'886
350040,3500402,SP,Águas da Prata,8'221,8'262,7'369,7'487,7'470,7'463
350050,3500501,SP,Águas de Lindóia,18'808,18'908,17'930,18'250,18'245,18'257
350055,3500550,SP,Águas de Santa Bárbara,6'109,6'142,7'177,7'309,7'407,7'460
350060,3500600,SP,Águas de São Pedro,3'521,3'588,2'780,2'813,2'829,2'928
350070,3500709,SP,Agudos,37'401,37'582,37'680,38'734,38'879,38'988
350075,3500758,SP,Alambari,6'129,6'231,6'141,6'234,6'330,6'373
350080,3500808,SP,Alfredo Marcondes,4'184,4'201,4'445,4'516,4'556,4'574
350090,3500907,SP,Altair,4'186,4'211,3'451,3'469,3'479,3'467
350100,3501004,SP,Altinópolis,16'203,16'221,16'818,17'095,17'156,17'197
350110,3501103,SP,Alto Alegre,4'088,4'078,3'841,3'886,3'883,3'874
350115,3501152,SP,Alumínio,18'767,18'903,17'301,17'603,17'591,17'607
350120,3501202,SP,Álvares Florence,3'647,3'616,3'915,3'972,3'978,3'979
350130,3501301,SP,Álvares Machado,24'998,25'078,27'255,27'975,28'250,28'386
350140,3501400,SP,Álvaro de Carvalho,5'274,5'320,4'808,4'865,4'896,4'901
350150,3501509,SP,Alvinlândia,3'237,3'251,2'885,2'901,2'923,2'919
350160,3501608,SP,Americana,242'018,244'370,237'240,245'019,246'655,247'571
350170,3501707,SP,Américo Brasiliense,41'032,41'545,33'019,33'985,33'757,33'708
350180,3501806,SP,Américo de Campos,5'981,5'993,5'870,5'962,5'975,5'981
350190,3501905,SP,Amparo,72'677,73'145,68'008,69'733,69'717,69'792
350200,3502002,SP,Analândia,5'056,5'115,4'589,4'646,4'684,4'694
350210,3502101,SP,Andradina,57'202,57'245,59'783,61'278,61'473,61'625
350220,3502200,SP,Angatuba,25'479,25'724,24'022,24'434,24'512,24'573
350230,3502309,SP,Anhembi,6'819,6'911,5'674,5'773,5'766,5'766
350240,3502408,SP,Anhumas,4'144,4'172,4'023,4'078,4'108,4'118
350250,3502507,SP,Aparecida,36'185,36'211,32'569,33'496,33'223,33'141
350260,3502606,SP,Aparecida d'Oeste,4'158,4'122,4'086,4'141,4'124,4'112
350270,3502705,SP,Apiaí,24'226,24'081,24'585,25'035,24'886,24'857
350275,3502754,SP,Araçariguama,22'860,23'343,21'522,21'835,22'168,22'314
350280,3502804,SP,Araçatuba,198'129,199'210,200'124,206'702,207'775,208'415
350290,3502903,SP,Araçoiaba da Serra,34'776,35'389,32'443,33'345,33'656,33'832
350300,3503000,SP,Aramina,5'655,5'689,5'420,5'504,5'526,5'535
350310,3503109,SP,Arandu,6'365,6'373,6'885,6'986,7'050,7'076
350315,3503158,SP,Arapeí,2'460,2'452,2'330,2'334,2'355,2'355
350320,3503208,SP,Araraquara,238'339,240'542,242'228,250'194,252'318,253'474
350330,3503307,SP,Araras,135'506,136'739,130'866,134'715,135'331,135'744
350335,3503356,SP,Arco-Íris,1'773,1'755,2'044,2'061,2'085,2'089
350340,3503406,SP,Arealva,8'613,8'665,8'130,8'282,8'280,8'290
350350,3503505,SP,Areias,3'896,3'906,3'577,3'608,3'625,3'617
350360,3503604,SP,Areiópolis,11'158,11'186,10'130,10'291,10'257,10'242
350370,3503703,SP,Ariranha,9'761,9'851,7'602,7'723,7'653,7'621
350380,3503802,SP,Artur Nogueira,55'340,56'247,51'456,52'693,53'157,53'467
350390,3503901,SP,Arujá,91'157,92'453,86'678,89'218,89'943,90'273
350395,3503950,SP,Aspásia,1'818,1'815,1'842,1'841,1'873,1'875
350400,3504008,SP,Assis,105'087,105'768,101'409,104'403,104'642,104'858
350410,3504107,SP,Atibaia,144'088,145'378,158'647,163'484,166'043,167'161
350420,3504206,SP,Auriflama,15'253,15'316,13'692,13'946,13'873,13'856
350430,3504305,SP,Avaí,5'436,5'467,4'483,4'529,4'519,4'503
350440,3504404,SP,Avanhandava,13'859,14'063,11'263,11'454,11'438,11'436
350450,3504503,SP,Avaré,91'232,91'792,92'805,95'496,96'098,96'450
350460,3504602,SP,Bady Bassitt,17'761,18'013,27'260,27'983,28'909,29'346
350470,3504701,SP,Balbinos,5'934,6'127,3'887,4'000,3'963,3'969
350480,3504800,SP,Bálsamo,9'139,9'209,9'596,9'735,9'854,9'902
350490,3504909,SP,Bananal,10'993,11'039,9'969,10'139,10'109,10'097
350500,3505005,SP,Barão de Antonina,3'498,3'525,3'531,3'568,3'618,3'632
350510,3505104,SP,Barbosa,7'468,7'532,5'640,5'704,5'659,5'627
350520,3505203,SP,Bariri,35'558,35'844,31'595,32'470,32'405,32'406
350530,3505302,SP,Barra Bonita,36'126,36'125,34'346,35'334,35'159,35'129
350535,3505351,SP,Barra do Chapéu,5'760,5'794,5'179,5'245,5'256,5'254
350540,3505401,SP,Barra do Turvo,7'632,7'606,6'876,6'982,6'922,6'894
350550,3505500,SP,Barretos,122'833,123'546,122'485,125'971,126'600,126'957
350560,3505609,SP,Barrinha,33'180,33'537,32'092,32'980,33'181,33'304
350570,3505708,SP,Barueri,276'982,279'704,316'473,324'507,330'339,333'737
350580,3505807,SP,Bastos,20'953,20'952,21'503,21'892,21'900,21'936
350590,3505906,SP,Batatais,62'980,63'438,58'402,59'886,59'873,59'939
350600,3506003,SP,Bauru,379'297,381'706,379'146,389'785,391'740,392'947
350610,3506102,SP,Bebedouro,77'555,77'612,76'373,78'318,78'210,78'257
350620,3506201,SP,Bento de Abreu,3'005,3'028,2'606,2'613,2'642,2'640
350630,3506300,SP,Bernardino de Campos,11'158,11'168,11'607,11'796,11'852,11'881
350635,3506359,SP,Bertioga,64'723,66'154,64'188,65'556,66'873,67'436
350640,3506409,SP,Bilac,8'117,8'197,7'319,7'436,7'455,7'464
350650,3506508,SP,Birigui,124'883,126'094,118'979,122'510,122'988,123'340
350660,3506607,SP,Biritiba Mirim,32'936,33'265,29'683,30'543,30'526,30'564
350670,3506706,SP,Boa Esperança do Sul,15'018,15'111,12'978,13'198,13'135,13'113
350680,3506805,SP,Bocaina,12'452,12'571,11'259,11'463,11'467,11'480
350690,3506904,SP,Bofete,11'921,12'107,10'460,10'673,10'688,10'710
350700,3507001,SP,Boituva,62'170,63'310,61'081,62'464,63'415,63'850
350710,3507100,SP,Bom Jesus dos Perdões,25'985,26'506,22'006,22'371,22'501,22'579
350715,3507159,SP,Bom Sucesso de Itararé,3'984,4'013,3'555,3'576,3'610,3'609
350720,3507209,SP,Borá,838,839,907,886,928,932
350730,3507308,SP,Boracéia,4'868,4'913,4'715,4'783,4'823,4'838
350740,3507407,SP,Borborema,16'164,16'278,14'226,14'489,14'415,14'405
350745,3507456,SP,Borebi,2'683,2'713,2'713,2'742,2'787,2'801
350750,3507506,SP,Botucatu,148'130,149'718,145'155,149'324,150'442,151'053
350760,3507605,SP,Bragança Paulista,170'533,172'346,176'811,182'311,184'634,185'688
350770,3507704,SP,Braúna,5'741,5'795,5'356,5'438,5'466,5'477
350775,3507753,SP,Brejo Alegre,2'889,2'911,2'565,2'581,2'605,2'605
350780,3507803,SP,Brodowski,25'277,25'605,25'201,25'889,26'167,26'314
350790,3507902,SP,Brotas,24'636,24'862,23'898,24'331,24'423,24'501
350800,3508009,SP,Buri,19'965,20'050,20'250,20'582,20'674,20'731
350810,3508108,SP,Buritama,17'281,17'414,17'210,17'529,17'597,17'658
350820,3508207,SP,Buritizal,4'514,4'547,4'356,4'419,4'447,4'458
350830,3508306,SP,Cabrália Paulista,4'243,4'222,4'299,4'349,4'362,4'360
350840,3508405,SP,Cabreúva,50'429,51'130,47'011,48'166,48'473,48'654
350850,3508504,SP,Caçapava,95'018,95'752,96'202,99'021,99'678,100'071
350860,3508603,SP,Cachoeira Paulista,33'581,33'827,31'564,32'465,32'482,32'534
350870,3508702,SP,Caconde,19'009,19'031,17'101,17'379,17'266,17'228
350880,3508801,SP,Cafelândia,17'843,17'917,16'654,16'932,16'905,16'907
350890,3508900,SP,Caiabu,4'193,4'195,3'712,3'756,3'745,3'726
350900,3509007,SP,Caieiras,102'775,104'044,95'032,97'942,98'257,98'549
350910,3509106,SP,Caiuá,5'946,6'017,5'466,5'546,5'585,5'599
350920,3509205,SP,Cajamar,77'934,79'034,92'689,94'979,97'363,98'365
350925,3509254,SP,Cajati,28'494,28'441,28'515,29'353,29'257,29'262
350930,3509304,SP,Cajobi,10'596,10'649,9'133,9'284,9'232,9'210
350940,3509403,SP,Cajuru,26'393,26'613,23'830,24'244,24'217,24'233
350945,3509452,SP,Campina do Monte Alegre,6'057,6'088,5'954,6'037,6'077,6'090
350950,3509502,SP,Campinas,1'213'792,1'223'237,1'139'047,1'184'995,1'185'977,1'187'974
350960,3509601,SP,Campo Limpo Paulista,85'541,86'407,77'632,79'711,79'663,79'781
350970,3509700,SP,Campos do Jordão,52'405,52'713,46'974,48'206,47'983,47'956
350980,3509809,SP,Campos Novos Paulista,4'997,5'028,4'888,4'961,4'991,5'003
350990,3509908,SP,Cananéia,12'541,12'542,12'289,12'527,12'489,12'491
350995,3509957,SP,Canas,5'204,5'268,4'931,4'990,5'049,5'068
351000,3510005,SP,Cândido Mota,31'346,31'410,29'449,30'293,30'172,30'157
351010,3510104,SP,Cândido Rodrigues,2'799,2'805,2'889,2'926,2'951,2'959
351015,3510153,SP,Canitar,5'292,5'365,6'283,6'385,6'524,6'589
351020,3510203,SP,Capão Bonito,47'118,47'098,46'337,47'583,47'403,47'409
351030,3510302,SP,Capela do Alto,20'985,21'257,22'866,23'204,23'597,23'777
351040,3510401,SP,Capivari,56'379,56'973,50'068,51'364,51'318,51'369
351050,3510500,SP,Caraguatatuba,123'389,125'194,134'873,138'702,141'084,142'248
351060,3510609,SP,Carapicuíba,403'183,405'375,386'984,398'783,398'462,398'236
351070,3510708,SP,Cardoso,12'349,12'371,11'345,11'563,11'491,11'476
351080,3510807,SP,Casa Branca,30'520,30'655,28'083,28'864,28'786,28'779
351090,3510906,SP,Cássia dos Coqueiros,2'505,2'488,2'799,2'831,2'855,2'861
351100,3511003,SP,Castilho,21'267,21'521,19'977,20'341,20'418,20'485
351110,3511102,SP,Catanduva,122'497,123'114,115'791,119'271,119'172,119'275
351120,3511201,SP,Catiguá,7'855,7'905,7'003,7'112,7'105,7'101
351130,3511300,SP,Cedral,9'346,9'452,12'618,12'809,13'160,13'314
351140,3511409,SP,Cerqueira César,20'191,20'391,21'469,21'805,22'076,22'210
351150,3511508,SP,Cerquilho,49'802,50'631,44'695,45'931,46'217,46'391
351160,3511607,SP,Cesário Lange,18'375,18'595,19'048,19'331,19'588,19'707
351170,3511706,SP,Charqueada,17'367,17'539,15'535,15'782,15'798,15'814
351190,3511904,SP,Clementina,8'757,8'894,6'982,7'095,7'087,7'084
351200,3512001,SP,Colina,18'535,18'601,18'486,18'794,18'842,18'880
351210,3512100,SP,Colômbia,6'216,6'223,6'629,6'741,6'781,6'802
351220,3512209,SP,Conchal,28'273,28'491,28'101,28'856,29'034,29'132
351230,3512308,SP,Conchas,18'019,18'138,15'232,15'492,15'381,15'345
351240,3512407,SP,Cordeirópolis,24'826,25'116,24'514,24'875,25'130,25'286
351250,3512506,SP,Coroados,6'129,6'197,5'400,5'486,5'498,5'504
351260,3512605,SP,Coronel Macedo,4'635,4'591,4'280,4'326,4'295,4'271
351270,3512704,SP,Corumbataí,4'064,4'072,4'195,4'246,4'285,4'296
351280,3512803,SP,Cosmópolis,73'474,74'662,59'773,61'339,61'204,61'167
351290,3512902,SP,Cosmorama,7'298,7'289,8'719,8'838,8'968,9'019
351300,3513009,SP,Cotia,253'608,257'882,274'413,281'001,287'004,289'493
351310,3513108,SP,Cravinhos,35'579,35'858,33'281,34'245,34'252,34'307
351320,3513207,SP,Cristais Paulista,8'718,8'803,9'272,9'443,9'543,9'600
351330,3513306,SP,Cruzália,2'046,2'021,2'108,2'113,2'129,2'123
351340,3513405,SP,Cruzeiro,82'571,82'895,74'961,76'975,76'513,76'444
351350,3513504,SP,Cubatão,131'626,132'521,112'476,115'863,115'082,114'870
351360,3513603,SP,Cunha,21'459,21'373,22'110,22'494,22'456,22'460
351370,3513702,SP,Descalvado,33'910,34'097,31'756,32'681,32'622,32'663
351380,3513801,SP,Diadema,426'757,429'550,393'237,405'317,404'118,403'579
351385,3513850,SP,Dirce Reis,1'799,1'805,1'620,1'628,1'641,1'639
351390,3513900,SP,Divinolândia,11'086,11'027,11'158,11'334,11'314,11'305
351400,3514007,SP,Dobrada,9'010,9'088,8'759,8'904,8'958,8'986
351410,3514106,SP,Dois Córregos,27'512,27'704,24'510,24'943,24'855,24'847
351420,3514205,SP,Dolcinópolis,2'112,2'108,2'207,2'225,2'250,2'254
351430,3514304,SP,Dourado,8'878,8'883,8'096,8'228,8'186,8'169
351440,3514403,SP,Dracena,47'043,47'287,45'474,46'601,46'664,46'735
351450,3514502,SP,Duartina,12'433,12'421,12'328,12'553,12'529,12'532
351460,3514601,SP,Dumont,10'023,10'174,9'471,9'612,9'719,9'764
351470,3514700,SP,Echaporã,6'064,6'026,6'205,6'293,6'295,6'291
351480,3514809,SP,Eldorado,15'544,15'592,13'069,13'306,13'162,13'109
351490,3514908,SP,Elias Fausto,17'936,18'095,17'699,17'985,18'103,18'168
351492,3514924,SP,Elisiário,3'697,3'742,3'138,3'155,3'189,3'190
351495,3514957,SP,Embaúba,2'449,2'446,2'323,2'341,2'353,2'349
351500,3515004,SP,Embu das Artes,276'535,279'264,250'691,259'681,259'323,259'788
351510,3515103,SP,Embu-Guaçu,69'901,70'402,66'970,68'722,68'805,68'913
351512,3515129,SP,Emilianópolis,3'227,3'238,3'014,3'053,3'062,3'061
351515,3515152,SP,Engenheiro Coelho,21'249,21'712,19'566,19'833,20'139,20'261
351518,3515186,SP,Espírito Santo do Pinhal,44'471,44'607,39'816,40'953,40'681,40'610
351519,3515194,SP,Espírito Santo do Turvo,4'878,4'926,4'157,4'190,4'217,4'214
351520,3515202,SP,Estrela d'Oeste,8'419,8'420,9'417,9'567,9'655,9'696
351530,3515301,SP,Estrela do Norte,2'770,2'774,2'703,2'722,2'749,2'751
351535,3515350,SP,Euclides da Cunha Paulista,9'325,9'280,7'924,8'034,7'928,7'883
351540,3515400,SP,Fartura,16'070,16'102,16'641,16'936,16'984,17'029
351550,3515509,SP,Fernandópolis,69'402,69'680,71'186,72'881,73'286,73'508
351560,3515608,SP,Fernando Prestes,5'794,5'805,5'942,6'032,6'066,6'080
351565,3515657,SP,Fernão,1'727,1'739,1'656,1'665,1'689,1'692
351570,3515707,SP,Ferraz de Vasconcelos,196'500,198'661,179'198,185'452,185'622,186'479
351580,3515806,SP,Flora Rica,1'430,1'397,1'487,1'486,1'492,1'483
351590,3515905,SP,Floreal,2'900,2'884,2'733,2'751,2'756,2'747
351600,3516002,SP,Flórida Paulista,14'790,14'936,12'958,13'188,13'171,13'175
351610,3516101,SP,Florínea,2'653,2'631,3'851,3'915,3'987,4'022
351620,3516200,SP,Franca,355'901,358'539,352'536,362'552,364'331,365'494
351630,3516309,SP,Francisco Morato,177'633,179'372,165'139,170'823,171'107,171'476
351640,3516408,SP,Franco da Rocha,156'492,158'438,144'849,149'208,149'786,150'241
351650,3516507,SP,Gabriel Monteiro,2'776,2'776,2'763,2'796,2'811,2'813
351660,3516606,SP,Gália,6'482,6'419,6'380,6'479,6'435,6'413
351670,3516705,SP,Garça,44'409,44'429,42'110,43'317,43'115,43'081
351680,3516804,SP,Gastão Vidigal,4'860,4'911,3'252,3'253,3'235,3'203
351685,3516853,SP,Gavião Peixoto,4'815,4'841,4'702,4'753,4'797,4'806
351690,3516903,SP,General Salgado,10'862,10'855,10'312,10'500,10'449,10'437
351700,3517000,SP,Getulina,11'447,11'485,10'232,10'408,10'355,10'337
351710,3517109,SP,Glicério,4'829,4'842,4'138,4'192,4'173,4'158
351720,3517208,SP,Guaiçara,12'294,12'416,11'239,11'426,11'459,11'478
351730,3517307,SP,Guaimbê,5'785,5'806,5'512,5'599,5'606,5'609
351740,3517406,SP,Guaíra,41'040,41'283,39'279,40'387,40'424,40'489
351750,3517505,SP,Guapiaçu,21'775,22'087,21'711,21'998,22'316,22'445
351760,3517604,SP,Guapiara,17'025,16'896,17'071,17'370,17'256,17'225
351770,3517703,SP,Guará,21'308,21'394,18'606,18'932,18'790,18'748
351780,3517802,SP,Guaraçaí,8'290,8'258,7'441,7'570,7'486,7'453
351790,3517901,SP,Guaraci,11'287,11'382,10'350,10'544,10'542,10'554
351800,3518008,SP,Guarani d'Oeste,1'998,1'996,1'968,1'965,1'999,1'999
351810,3518107,SP,Guarantã,6'675,6'685,6'427,6'527,6'531,6'532
351820,3518206,SP,Guararapes,33'100,33'257,31'043,31'944,31'872,31'888
351830,3518305,SP,Guararema,30'136,30'465,31'236,32'078,32'436,32'620
351840,3518404,SP,Guaratinguetá,122'505,123'192,118'044,121'636,121'710,121'916
351850,3518503,SP,Guareí,18'887,19'244,15'013,15'240,15'268,15'285
351860,3518602,SP,Guariba,40'487,40'857,37'498,38'554,38'609,38'678
351870,3518701,SP,Guarujá,322'750,324'977,287'634,296'455,294'973,294'871
351880,3518800,SP,Guarulhos,1'392'121,1'404'694,1'291'771,1'344'768,1'345'364,1'349'100
351885,3518859,SP,Guatapará,7'709,7'760,7'320,7'446,7'462,7'474
351890,3518909,SP,Guzolândia,5'307,5'346,4'246,4'298,4'276,4'259
351900,3519006,SP,Herculândia,9'588,9'649,9'125,9'282,9'302,9'316
351905,3519055,SP,Holambra,15'272,15'605,15'094,15'318,15'596,15'718
351907,3519071,SP,Hortolândia,234'259,237'570,236'641,244'047,247'331,248'842
351910,3519105,SP,Iacanga,11'858,12'002,10'437,10'607,10'633,10'648
351920,3519204,SP,Iacri,6'295,6'269,6'131,6'220,6'207,6'197
351925,3519253,SP,Iaras,9'517,9'786,8'010,8'151,8'257,8'313
351930,3519303,SP,Ibaté,35'472,35'830,32'178,33'091,33'110,33'160
351940,3519402,SP,Ibirá,12'518,12'639,11'690,11'903,11'934,11'952
351950,3519501,SP,Ibirarema,7'841,7'926,6'385,6'490,6'461,6'450
351960,3519600,SP,Ibitinga,60'600,61'150,60'033,61'477,61'908,62'143
351970,3519709,SP,Ibiúna,79'479,80'062,75'605,77'593,77'651,77'801
351980,3519808,SP,Icém,8'304,8'363,7'819,7'953,7'969,7'982
351990,3519907,SP,Iepê,8'194,8'228,7'619,7'759,7'739,7'739
352000,3520004,SP,Igaraçu do Tietê,24'749,24'821,23'106,23'528,23'430,23'421
352010,3520103,SP,Igarapava,30'614,30'791,26'212,26'957,26'755,26'696
352020,3520202,SP,Igaratá,9'583,9'631,10'605,10'778,10'904,10'984
352030,3520301,SP,Iguape,30'989,31'117,29'115,29'981,29'881,29'891
352040,3520400,SP,Ilhabela,35'591,36'194,34'934,35'862,36'329,36'559
352042,3520426,SP,Ilha Comprida,11'362,11'552,13'419,13'714,13'955,14'104
352044,3520442,SP,Ilha Solteira,26'788,26'886,25'549,26'297,26'240,26'257
352050,3520509,SP,Indaiatuba,256'223,260'690,255'748,263'540,267'796,269'657
352060,3520608,SP,Indiana,4'879,4'873,5'090,5'168,5'191,5'200
352070,3520707,SP,Indiaporã,3'886,3'876,4'035,4'094,4'109,4'113
352080,3520806,SP,Inúbia Paulista,4'019,4'045,3'615,3'662,3'671,3'671
352090,3520905,SP,Ipaussu,15'069,15'165,13'712,13'965,13'933,13'935
352100,3521002,SP,Iperó,37'964,38'771,36'459,37'374,37'999,38'277
352110,3521101,SP,Ipeúna,7'687,7'824,6'831,6'933,6'999,7'027
352115,3521150,SP,Ipiguá,5'476,5'557,6'761,6'843,7'037,7'115
352120,3521200,SP,Iporanga,4'199,4'180,4'046,4'094,4'091,4'083
352130,3521309,SP,Ipuã,16'604,16'794,14'454,14'695,14'691,14'701
352140,3521408,SP,Iracemápolis,24'614,24'982,21'967,22'328,22'435,22'500
352150,3521507,SP,Irapuã,8'048,8'101,6'867,6'963,6'946,6'932
352160,3521606,SP,Irapuru,8'325,8'356,7'085,7'191,7'145,7'120
352170,3521705,SP,Itaberá,17'480,17'405,17'983,18'277,18'258,18'263
352180,3521804,SP,Itaí,27'382,27'632,25'180,25'894,25'930,25'979
352190,3521903,SP,Itajobi,15'297,15'331,16'989,17'222,17'420,17'502
352200,3522000,SP,Itaju,3'887,3'937,3'618,3'657,3'702,3'715
352210,3522109,SP,Itanhaém,103'102,104'351,112'476,115'546,117'435,118'495
352215,3522158,SP,Itaoca,3'330,3'332,3'422,3'457,3'490,3'497
352220,3522208,SP,Itapecerica da Serra,177'662,179'574,158'522,164'168,163'928,163'003
352230,3522307,SP,Itapetininga,165'526,167'106,157'790,163'157,163'774,164'256
352240,3522406,SP,Itapeva,94'804,95'241,89'728,92'532,92'324,92'393
352250,3522505,SP,Itapevi,240'961,244'131,232'297,240'012,241'924,242'995
352260,3522604,SP,Itapira,75'234,75'683,72'022,73'806,73'919,74'038
352265,3522653,SP,Itapirapuã Paulista,4'268,4'294,4'306,4'350,4'405,4'420
352270,3522703,SP,Itápolis,43'331,43'536,39'493,40'619,40'464,40'445
352280,3522802,SP,Itaporanga,15'173,15'197,14'085,14'333,14'260,14'245
352290,3522901,SP,Itapuí,14'147,14'297,13'659,13'878,13'984,14'035
352300,3523008,SP,Itapura,4'951,4'994,3'979,4'020,4'014,4'002
352310,3523107,SP,Itaquaquecetuba,375'011,379'082,369'275,379'913,382'521,382'983
352320,3523206,SP,Itararé,50'642,50'778,44'438,45'741,45'327,45'213
352330,3523305,SP,Itariri,17'598,17'754,15'528,15'796,15'762,15'916
352340,3523404,SP,Itatiba,122'581,124'254,121'590,124'975,126'403,127'112
352350,3523503,SP,Itatinga,20'921,21'139,19'070,19'396,19'427,19'462
352360,3523602,SP,Itirapina,18'387,18'610,16'148,16'449,16'433,16'454
352370,3523701,SP,Itirapuã,6'543,6'587,5'779,5'866,5'861,5'857
352380,3523800,SP,Itobi,7'852,7'862,8'046,8'171,8'210,8'227
352390,3523909,SP,Itu,175'568,177'150,168'240,174'005,174'561,175'047
352400,3524006,SP,Itupeva,62'813,64'330,70'616,72'067,74'119,74'994
352410,3524105,SP,Ituverava,42'045,42'259,37'571,38'651,38'451,38'413
352420,3524204,SP,Jaborandi,6'946,6'963,6'221,6'315,6'293,6'280
352430,3524303,SP,Jaboticabal,77'652,78'029,71'821,73'673,73'467,73'473
352440,3524402,SP,Jacareí,235'416,237'119,240'275,248'288,249'968,250'952
352450,3524501,SP,Jaci,7'196,7'322,7'613,7'695,7'878,7'944
352460,3524600,SP,Jacupiranga,17'889,17'911,16'097,16'389,16'254,16'216
352470,3524709,SP,Jaguariúna,58'722,59'921,59'347,60'558,61'801,62'309
352480,3524808,SP,Jales,49'201,49'291,48'776,50'027,50'017,50'078
352490,3524907,SP,Jambeiro,6'717,6'828,6'397,6'502,6'575,6'611
352500,3525003,SP,Jandira,126'356,127'734,118'045,121'667,121'988,121'550
352510,3525102,SP,Jardinópolis,44'970,45'544,45'282,46'383,46'868,47'125
352520,3525201,SP,Jarinu,30'617,31'173,37'535,38'452,39'531,40'007
352530,3525300,SP,Jaú,151'881,153'463,133'497,137'605,137'323,137'409
352540,3525409,SP,Jeriquara,3'151,3'143,3'863,3'896,3'976,4'000
352550,3525508,SP,Joanópolis,13'338,13'453,12'815,13'036,13'095,13'131
352560,3525607,SP,João Ramalho,4'551,4'577,4'371,4'426,4'456,4'464
352570,3525706,SP,José Bonifácio,37'366,37'707,36'633,37'610,37'859,37'992
352580,3525805,SP,Júlio Mesquita,4'800,4'824,4'254,4'299,4'308,4'302
352585,3525854,SP,Jumirim,3'418,3'467,3'056,3'071,3'123,3'132
352590,3525904,SP,Jundiaí,423'006,426'935,443'221,454'916,460'313,463'039
352600,3526001,SP,Junqueirópolis,20'831,20'978,20'448,20'795,20'878,20'939
352610,3526100,SP,Juquiá,18'718,18'627,17'154,17'467,17'255,17'184
352620,3526209,SP,Juquitiba,31'646,31'844,27'404,28'184,28'007,27'969
352630,3526308,SP,Lagoinha,4'889,4'882,5'083,5'170,5'182,5'183
352640,3526407,SP,Laranjal Paulista,28'785,29'047,26'261,26'983,27'009,27'044
352650,3526506,SP,Lavínia,12'285,12'581,9'689,9'922,9'909,9'940
352660,3526605,SP,Lavrinhas,7'311,7'361,7'171,7'283,7'328,7'348
352670,3526704,SP,Leme,104'346,105'273,98'161,101'106,101'316,101'537
352680,3526803,SP,Lençóis Paulista,68'990,69'533,66'505,68'190,68'395,68'568
352690,3526902,SP,Limeira,308'482,310'783,291'869,300'446,300'728,301'292
352700,3527009,SP,Lindóia,8'092,8'201,7'014,7'126,7'147,7'158
352710,3527108,SP,Lins,78'503,78'978,74'779,76'646,76'729,76'844
352720,3527207,SP,Lorena,89'125,89'532,84'855,87'447,87'370,87'468
352725,3527256,SP,Lourdes,2'300,2'311,1'950,1'962,1'968,1'962
352730,3527306,SP,Louveira,49'993,51'007,51'847,52'884,54'111,54'865
352740,3527405,SP,Lucélia,21'886,22'022,20'061,20'422,20'372,20'378
352750,3527504,SP,Lucianópolis,2'403,2'412,2'372,2'397,2'419,2'423
352760,3527603,SP,Luís Antônio,15'292,15'628,12'265,12'491,12'531,12'564
352770,3527702,SP,Luiziânia,5'855,5'918,4'701,4'756,4'751,4'740
352780,3527801,SP,Lupércio,4'596,4'608,3'981,4'021,4'017,4'004
352790,3527900,SP,Lutécia,2'636,2'623,2'661,2'675,2'699,2'697
352800,3528007,SP,Macatuba,17'214,17'263,16'829,17'102,17'120,17'140
352810,3528106,SP,Macaubal,8'147,8'174,7'481,7'606,7'587,7'581
352820,3528205,SP,Macedônia,3'692,3'686,3'963,4'022,4'048,4'058
352830,3528304,SP,Magda,3'102,3'086,3'165,3'205,3'212,3'211
352840,3528403,SP,Mairinque,47'441,47'723,50'027,51'259,51'660,51'888
352850,3528502,SP,Mairiporã,101'937,103'645,93'853,96'552,97'399,97'835
352860,3528601,SP,Manduri,9'910,9'972,9'871,10'036,10'092,10'122
352870,3528700,SP,Marabá Paulista,5'948,6'039,4'573,4'624,4'627,4'619
352880,3528809,SP,Maracaí,14'036,14'069,12'673,12'874,12'826,12'804
352885,3528858,SP,Marapoama,3'064,3'097,3'292,3'308,3'392,3'415
352890,3528908,SP,Mariápolis,4'091,4'098,3'513,3'549,3'539,3'526
352900,3529005,SP,Marília,240'590,242'249,237'627,245'489,246'627,247'348
352910,3529104,SP,Marinópolis,2'106,2'101,1'860,1'857,1'870,1'862
352920,3529203,SP,Martinópolis,26'628,26'791,24'881,25'323,25'299,25'240
352930,3529302,SP,Matão,83'626,84'069,79'033,81'110,80'998,81'075
352940,3529401,SP,Mauá,477'552,481'725,418'261,430'990,429'380,429'014
352950,3529500,SP,Mendonça,5'565,5'638,6'159,6'230,6'369,6'420
352960,3529609,SP,Meridiano,3'824,3'813,4'572,4'637,4'697,4'721
352965,3529658,SP,Mesópolis,1'905,1'903,1'952,1'957,1'988,1'990
352970,3529708,SP,Miguelópolis,22'355,22'480,19'441,19'773,19'655,19'621
352980,3529807,SP,Mineiros do Tietê,12'966,13'023,11'230,11'416,11'349,11'322
352990,3529906,SP,Miracatu,19'643,19'511,18'553,18'878,18'679,18'610
353000,3530003,SP,Mira Estrela,3'106,3'125,3'126,3'157,3'199,3'209
353010,3530102,SP,Mirandópolis,29'706,29'844,27'983,28'821,28'737,28'754
353020,3530201,SP,Mirante do Paranapanema,18'338,18'415,15'917,16'212,16'069,16'031
353030,3530300,SP,Mirassol,60'303,60'768,63'337,64'788,65'485,65'811
353040,3530409,SP,Mirassolândia,4'919,4'966,4'669,4'730,4'771,4'783
353050,3530508,SP,Mococa,68'980,69'072,67'681,69'454,69'324,69'372
353060,3530607,SP,Mogi das Cruzes,450'785,455'587,451'505,463'933,468'120,470'302
353070,3530706,SP,Mogi Guaçu,153'033,154'146,153'658,158'695,159'735,160'318
353080,3530805,SP,Mogi Mirim,93'650,94'098,92'558,95'324,95'534,95'742
353090,3530904,SP,Mombuca,3'508,3'523,3'722,3'755,3'815,3'830
353100,3531001,SP,Monções,2'267,2'274,1'937,1'948,1'954,1'947
353110,3531100,SP,Mongaguá,57'648,58'567,61'951,63'441,64'519,64'845
353120,3531209,SP,Monte Alegre do Sul,8'111,8'181,8'627,8'779,8'873,8'923
353130,3531308,SP,Monte Alto,50'772,51'039,47'574,48'794,48'725,48'758
353140,3531407,SP,Monte Aprazível,25'373,25'651,22'280,22'655,22'650,22'668
353150,3531506,SP,Monte Azul Paulista,18'968,18'928,18'151,18'463,18'363,18'337
353160,3531605,SP,Monte Castelo,4'166,4'166,4'222,4'282,4'301,4'306
353170,3531704,SP,Monteiro Lobato,4'696,4'739,4'138,4'191,4'205,4'205
353180,3531803,SP,Monte Mor,60'754,61'707,64'662,66'030,67'296,67'832
353190,3531902,SP,Morro Agudo,33'288,33'598,27'933,28'741,28'561,28'521
353200,3532009,SP,Morungaba,13'781,13'936,13'720,13'942,14'081,14'147
353205,3532058,SP,Motuca,4'795,4'831,4'034,4'077,4'079,4'071
353210,3532108,SP,Murutinga do Sul,4'506,4'525,3'737,3'785,3'763,3'748
353215,3532157,SP,Nantes,3'179,3'215,2'660,2'677,2'699,2'697
353220,3532207,SP,Narandiba,4'904,4'950,5'713,5'791,5'908,5'956
353230,3532306,SP,Natividade da Serra,6'642,6'624,6'999,7'112,7'134,7'155
353240,3532405,SP,Nazaré Paulista,18'698,18'866,18'217,18'509,18'620,18'675
353250,3532504,SP,Neves Paulista,8'923,8'917,9'699,9'864,9'921,9'953
353260,3532603,SP,Nhandeara,11'527,11'575,9'852,10'023,9'944,9'915
353270,3532702,SP,Nipoã,5'298,5'381,4'750,4'808,4'860,4'876
353280,3532801,SP,Nova Aliança,7'068,7'161,6'693,6'784,6'858,6'885
353282,3532827,SP,Nova Campina,9'860,9'962,8'497,8'629,8'631,8'630
353284,3532843,SP,Nova Canaã Paulista,1'852,1'824,2'032,2'037,2'058,2'055
353286,3532868,SP,Nova Castilho,1'278,1'290,1'062,1'048,1'074,1'072
353290,3532900,SP,Nova Europa,11'355,11'519,9'311,9'468,9'459,9'459
353300,3533007,SP,Nova Granada,21'689,21'871,19'419,19'748,19'725,19'733
353310,3533106,SP,Nova Guataporanga,2'325,2'333,2'156,2'175,2'188,2'188
353320,3533205,SP,Nova Independência,4'053,4'135,4'609,4'672,4'795,4'847
353325,3533254,SP,Novais,5'945,6'057,4'412,4'447,4'469,4'463
353330,3533304,SP,Nova Luzitânia,4'160,4'217,2'837,2'844,2'838,2'817
353340,3533403,SP,Nova Odessa,60'956,61'716,62'019,63'464,64'228,64'596
353350,3533502,SP,Novo Horizonte,41'414,41'765,38'324,39'401,39'435,39'494
353360,3533601,SP,Nuporanga,7'478,7'522,7'391,7'502,7'550,7'570
353370,3533700,SP,Ocauçu,4'291,4'294,4'331,4'383,4'412,4'418
353380,3533809,SP,Óleo,2'471,2'447,2'512,2'522,2'540,2'535
353390,3533908,SP,Olímpia,55'130,55'477,55'074,56'401,56'701,56'874
353400,3534005,SP,Onda Verde,4'422,4'462,4'771,4'832,4'912,4'942
353410,3534104,SP,Oriente,6'542,6'569,6'085,6'182,6'180,6'180
353420,3534203,SP,Orindiúva,7'194,7'318,6'024,6'113,6'145,6'157
353430,3534302,SP,Orlândia,44'360,44'682,38'319,39'445,39'193,39'144
353440,3534401,SP,Osasco,699'944,701'428,728'615,754'312,756'952,759'524
353450,3534500,SP,Oscar Bressane,2'603,2'603,2'470,2'489,2'504,2'502
353460,3534609,SP,Osvaldo Cruz,33'000,33'118,31'272,32'163,32'099,32'112
353470,3534708,SP,Ourinhos,114'352,115'139,103'970,107'170,106'877,106'911
353475,3534757,SP,Ouroeste,10'539,10'712,10'294,10'462,10'596,10'660
353480,3534807,SP,Ouro Verde,8'620,8'676,7'779,7'909,7'901,7'900
353490,3534906,SP,Pacaembu,14'263,14'326,14'877,15'140,15'217,15'273
353500,3535002,SP,Palestina,13'123,13'285,11'476,11'663,11'689,11'704
353510,3535101,SP,Palmares Paulista,13'486,13'691,9'650,9'792,9'709,9'666
353520,3535200,SP,Palmeira d'Oeste,9'227,9'173,8'903,9'065,8'994,8'971
353530,3535309,SP,Palmital,22'272,22'322,19'594,19'932,19'767,19'714
353540,3535408,SP,Panorama,15'862,15'944,14'964,15'226,15'214,15'227
353550,3535507,SP,Paraguaçu Paulista,45'945,46'180,41'120,42'309,42'087,42'049
353560,3535606,SP,Paraibuna,18'263,18'302,17'667,17'974,17'950,17'959
353570,3535705,SP,Paraíso,6'496,6'536,6'099,6'191,6'211,6'218
353580,3535804,SP,Paranapanema,20'395,20'588,19'395,19'707,19'799,19'853
353590,3535903,SP,Paranapuã,4'095,4'112,4'031,4'079,4'111,4'118
353600,3536000,SP,Parapuã,10'949,10'934,10'580,10'774,10'729,10'720
353610,3536109,SP,Pardinho,6'508,6'579,7'153,7'279,7'382,7'435
353620,3536208,SP,Pariquera-Açu,19'723,19'797,19'233,19'582,19'576,19'603
353625,3536257,SP,Parisi,2'169,2'177,2'892,2'911,3'001,3'030
353630,3536307,SP,Patrocínio Paulista,14'807,14'941,14'512,14'752,14'837,14'888
353640,3536406,SP,Paulicéia,7'454,7'540,7'955,8'093,8'200,8'255
353650,3536505,SP,Paulínia,112'003,114'508,110'537,113'414,115'690,116'674
353657,3536570,SP,Paulistânia,1'834,1'835,2'090,2'106,2'146,2'156
353660,3536604,SP,Paulo de Faria,8'959,8'973,7'400,7'507,7'430,7'390
353670,3536703,SP,Pederneiras,47'111,47'523,44'827,46'106,46'223,46'337
353680,3536802,SP,Pedra Bela,6'110,6'127,6'557,6'666,6'718,6'745
353690,3536901,SP,Pedranópolis,2'481,2'468,2'787,2'817,2'848,2'856
353700,3537008,SP,Pedregulho,16'811,16'876,15'525,15'803,15'742,15'737
353710,3537107,SP,Pedreira,48'463,48'992,43'112,44'332,44'332,44'385
353715,3537156,SP,Pedrinhas Paulista,3'101,3'109,2'804,2'821,2'838,2'833
353720,3537206,SP,Pedro de Toledo,11'421,11'507,11'281,11'480,11'539,11'617
353730,3537305,SP,Penápolis,63'757,64'098,61'679,63'247,63'317,63'426
353740,3537404,SP,Pereira Barreto,25'677,25'685,24'095,24'530,24'389,24'360
353750,3537503,SP,Pereiras,8'773,8'875,8'737,8'871,8'969,9'013
353760,3537602,SP,Peruíbe,69'001,69'697,68'352,70'055,70'543,70'629
353770,3537701,SP,Piacatu,6'038,6'093,5'519,5'612,5'623,5'631
353780,3537800,SP,Piedade,55'542,55'731,52'970,54'353,54'237,54'266
353790,3537909,SP,Pilar do Sul,29'402,29'612,27'619,28'413,28'417,28'459
353800,3538006,SP,Pindamonhangaba,170'132,171'885,165'428,170'954,172'027,172'681
353810,3538105,SP,Pindorama,17'216,17'378,14'542,14'791,14'721,14'704
353820,3538204,SP,Pinhalzinho,15'388,15'564,15'224,15'475,15'605,15'676
353830,3538303,SP,Piquerobi,3'699,3'706,3'264,3'292,3'296,3'287
353850,3538501,SP,Piquete,13'575,13'495,12'490,12'706,12'570,12'516
353860,3538600,SP,Piracaia,27'462,27'617,26'029,26'750,26'764,26'795
353870,3538709,SP,Piracicaba,407'252,410'275,423'323,434'808,438'827,440'835
353880,3538808,SP,Piraju,29'869,29'930,29'436,30'285,30'261,30'294
353890,3538907,SP,Pirajuí,25'719,25'939,22'431,22'791,22'743,22'734
353900,3539004,SP,Pirangi,11'471,11'524,10'885,11'069,11'076,11'085
353910,3539103,SP,Pirapora do Bom Jesus,19'178,19'453,18'370,18'666,18'836,18'925
353920,3539202,SP,Pirapozinho,27'754,27'974,25'348,26'059,26'065,26'097
353930,3539301,SP,Pirassununga,76'877,77'330,73'545,75'445,75'475,75'594
353940,3539400,SP,Piratininga,13'765,13'890,15'108,15'389,15'554,15'657
353950,3539509,SP,Pitangueiras,40'080,40'430,33'674,34'632,34'416,34'361
353960,3539608,SP,Planalto,5'304,5'370,4'389,4'447,4'454,4'451
353970,3539707,SP,Platina,3'578,3'606,3'025,3'045,3'061,3'055
353980,3539806,SP,Poá,118'349,119'221,103'765,107'099,106'431,106'355
353990,3539905,SP,Poloni,6'113,6'166,5'592,5'664,5'696,5'702
354000,3540002,SP,Pompéia,22'172,22'326,20'196,20'549,20'512,20'520
354010,3540101,SP,Pongaí,3'400,3'385,3'395,3'430,3'443,3'440
354020,3540200,SP,Pontal,50'852,51'717,37'607,38'617,38'376,38'286
354025,3540259,SP,Pontalinda,4'674,4'719,4'127,4'185,4'196,4'198
354030,3540309,SP,Pontes Gestal,2'577,2'576,2'387,2'399,2'415,2'411
354040,3540408,SP,Populina,4'152,4'136,4'127,4'186,4'185,4'182
354050,3540507,SP,Porangaba,10'067,10'205,10'451,10'634,10'773,10'850
354060,3540606,SP,Porto Feliz,53'402,53'698,56'497,57'860,58'345,58'605
354070,3540705,SP,Porto Ferreira,56'504,56'848,52'649,54'044,53'940,53'966
354075,3540754,SP,Potim,25'130,25'603,20'392,20'730,20'767,20'801
354080,3540804,SP,Potirendaba,17'516,17'668,18'496,18'753,18'994,19'097
354085,3540853,SP,Pracinha,4'212,4'327,2'578,2'601,2'599,2'589
354090,3540903,SP,Pradópolis,21'873,22'239,17'078,17'381,17'309,17'299
354100,3541000,SP,Praia Grande,330'845,336'454,349'935,358'356,365'577,368'539
354105,3541059,SP,Pratânia,5'317,5'371,5'126,5'196,5'246,5'264
354110,3541109,SP,Presidente Alves,4'080,4'067,3'804,3'847,3'841,3'830
354120,3541208,SP,Presidente Bernardes,13'023,12'943,14'490,14'733,14'772,14'803
354130,3541307,SP,Presidente Epitácio,44'389,44'572,39'505,40'702,40'383,40'322
354140,3541406,SP,Presidente Prudente,230'371,231'953,225'668,233'252,234'083,234'706
354150,3541505,SP,Presidente Venceslau,39'583,39'648,35'201,36'234,35'902,35'810
354160,3541604,SP,Promissão,40'828,41'211,35'131,36'159,35'991,35'973
354165,3541653,SP,Quadra,3'854,3'902,3'405,3'446,3'472,3'477
354170,3541703,SP,Quatá,14'210,14'309,13'163,13'392,13'399,13'412
354180,3541802,SP,Queiroz,3'460,3'513,3'265,3'306,3'351,3'366
354190,3541901,SP,Queluz,13'606,13'788,9'159,9'236,9'146,9'074
354200,3542008,SP,Quintana,6'688,6'736,7'038,7'143,7'225,7'260
354210,3542107,SP,Rafard,9'101,9'126,8'965,9'117,9'133,9'145
354220,3542206,SP,Rancharia,29'726,29'743,28'588,29'404,29'305,29'387
354230,3542305,SP,Redenção da Serra,3'839,3'827,4'494,4'573,4'611,4'637
354240,3542404,SP,Regente Feijó,20'394,20'523,20'145,20'493,20'565,20'620
354250,3542503,SP,Reginópolis,9'837,10'047,7'662,7'787,7'808,7'820
354260,3542602,SP,Registro,56'393,56'463,59'947,61'503,61'732,61'927
354270,3542701,SP,Restinga,7'679,7'762,6'404,6'494,6'492,6'486
354280,3542800,SP,Ribeira,3'330,3'320,3'132,3'165,3'166,3'158
354290,3542909,SP,Ribeirão Bonito,13'299,13'376,10'989,11'171,11'079,11'040
354300,3543006,SP,Ribeirão Branco,16'211,15'984,18'627,18'944,18'930,18'942
354310,3543105,SP,Ribeirão Corrente,4'752,4'786,4'608,4'661,4'706,4'717
354320,3543204,SP,Ribeirão do Sul,4'539,4'537,4'677,4'759,4'768,4'776
354323,3543238,SP,Ribeirão dos Índios,2'224,2'222,2'025,2'032,2'045,2'040
354325,3543253,SP,Ribeirão Grande,7'679,7'686,7'450,7'588,7'570,7'571
354330,3543303,SP,Ribeirão Pires,124'159,125'238,115'559,119'166,118'877,118'954
354340,3543402,SP,Ribeirão Preto,711'825,720'116,698'642,722'367,728'400,731'639
354350,3543501,SP,Riversul,5'443,5'364,5'599,5'673,5'647,5'628
354360,3543600,SP,Rifaina,3'640,3'651,4'049,4'103,4'158,4'179
354370,3543709,SP,Rincão,10'812,10'824,9'098,9'238,9'145,9'101
354380,3543808,SP,Rinópolis,9'961,9'940,9'259,9'415,9'357,9'334
354390,3543907,SP,Rio Claro,208'008,209'548,201'418,208'171,208'857,210'323
354400,3544004,SP,Rio das Pedras,35'738,36'233,31'328,32'203,32'267,32'329
354410,3544103,SP,Rio Grande da Serra,51'436,52'009,44'170,45'488,45'317,45'324
354420,3544202,SP,Riolândia,12'689,12'856,10'309,10'494,10'453,10'444
354425,3544251,SP,Rosana,16'281,15'929,17'440,17'751,17'533,17'434
354430,3544301,SP,Roseira,10'801,10'888,10'832,11'010,11'095,11'137
354440,3544400,SP,Rubiácea,3'162,3'195,2'700,2'710,2'741,2'740
354450,3544509,SP,Rubinéia,3'170,3'191,3'833,3'891,3'965,3'998
354460,3544608,SP,Sabino,5'614,5'638,5'112,5'203,5'185,5'182
354470,3544707,SP,Sagres,2'430,2'427,2'474,2'492,2'519,2'522
354480,3544806,SP,Sales,6'407,6'481,6'437,6'546,6'612,6'645
354490,3544905,SP,Sales Oliveira,11'998,12'103,11'411,11'606,11'654,11'683
354500,3545001,SP,Salesópolis,17'252,17'363,15'202,15'454,15'396,15'381
354510,3545100,SP,Salmourão,5'337,5'372,4'808,4'870,4'883,4'883
354515,3545159,SP,Saltinho,8'393,8'498,8'161,8'298,8'371,8'407
354520,3545209,SP,Salto,119'736,120'779,134'319,137'869,140'125,141'111
354530,3545308,SP,Salto de Pirapora,45'860,46'285,43'748,44'980,45'138,45'262
354540,3545407,SP,Salto Grande,9'364,9'396,9'050,9'207,9'212,9'221
354550,3545506,SP,Sandovalina,4'354,4'405,3'645,3'683,3'699,3'697
354560,3545605,SP,Santa Adélia,15'561,15'639,14'018,14'245,14'203,14'193
354570,3545704,SP,Santa Albertina,6'022,6'036,6'393,6'480,6'543,6'566
354580,3545803,SP,Santa Bárbara d'Oeste,194'390,195'278,183'347,189'773,189'338,189'456
354600,3546009,SP,Santa Branca,14'857,14'925,13'975,14'234,14'212,14'219
354610,3546108,SP,Santa Clara d'Oeste,2'113,2'111,2'598,2'610,2'677,2'694
354620,3546207,SP,Santa Cruz da Conceição,4'544,4'584,4'277,4'346,4'365,4'375
354625,3546256,SP,Santa Cruz da Esperança,2'153,2'166,2'116,2'139,2'162,2'168
354630,3546306,SP,Santa Cruz das Palmeiras,34'737,35'102,28'864,29'697,29'525,29'489
354640,3546405,SP,Santa Cruz do Rio Pardo,47'943,48'207,46'442,47'616,47'677,47'759
354650,3546504,SP,Santa Ernestina,5'588,5'577,6'118,6'207,6'256,6'274
354660,3546603,SP,Santa Fé do Sul,32'563,32'796,34'794,35'678,36'098,36'288
354670,3546702,SP,Santa Gertrudes,27'381,27'850,23'611,23'993,24'107,23'192
354680,3546801,SP,Santa Isabel,57'966,58'529,53'174,54'556,54'586,54'691
354690,3546900,SP,Santa Lúcia,8'854,8'889,7'149,7'247,7'181,7'144
354700,3547007,SP,Santa Maria da Serra,6'236,6'298,5'243,5'308,5'314,5'308
354710,3547106,SP,Santa Mercedes,2'943,2'947,2'956,2'984,3'012,3'017
354720,3547205,SP,Santana da Ponte Pensa,1'467,1'448,1'670,1'671,1'698,1'699
354730,3547304,SP,Santana de Parnaíba,142'301,145'073,154'105,158'632,162'341,163'787
354740,3547403,SP,Santa Rita d'Oeste,2'487,2'476,2'733,2'765,2'790,2'796
354750,3547502,SP,Santa Rita do Passa Quatro,27'600,27'641,24'833,25'291,25'060,24'996
354760,3547601,SP,Santa Rosa de Viterbo,26'753,26'960,23'411,23'829,23'725,23'710
354765,3547650,SP,Santa Salete,1'552,1'558,1'645,1'654,1'686,1'692
354770,3547700,SP,Santo Anastácio,20'866,20'855,17'963,18'266,18'045,17'960
354780,3547809,SP,Santo André,721'368,723'889,748'919,774'653,778'711,782'048
354790,3547908,SP,Santo Antônio da Alegria,6'977,7'024,6'775,6'878,6'917,6'933
354800,3548005,SP,Santo Antônio de Posse,23'529,23'742,23'244,23'606,23'779,23'867
354805,3548054,SP,Santo Antônio do Aracanguá,8'481,8'541,8'379,8'540,8'568,8'593
354810,3548104,SP,Santo Antônio do Jardim,5'940,5'926,6'126,6'230,6'237,6'243
354820,3548203,SP,Santo Antônio do Pinhal,6'827,6'843,7'133,7'249,7'294,7'314
354830,3548302,SP,Santo Expedito,3'135,3'159,3'000,3'040,3'063,3'069
354840,3548401,SP,Santópolis do Aguapeí,4'817,4'856,3'899,3'932,3'933,3'921
354850,3548500,SP,Santos,433'656,433'991,418'608,430'949,429'567,429'547
354860,3548609,SP,São Bento do Sapucaí,10'893,10'907,11'674,11'880,11'948,11'989
354870,3548708,SP,São Bernardo do Campo,844'483,849'874,810'729,839'921,840'499,841'154
354880,3548807,SP,São Caetano do Sul,161'957,162'763,165'655,171'107,172'109,172'693
354890,3548906,SP,São Carlos,254'484,256'915,254'857,263'128,265'294,266'427
354900,3549003,SP,São Francisco,2'817,2'813,2'602,2'626,2'629,2'623
354910,3549102,SP,São João da Boa Vista,91'771,92'315,92'547,95'203,95'762,96'080
354920,3549201,SP,São João das Duas Pontes,2'561,2'555,2'580,2'589,2'622,2'623
354925,3549250,SP,São João de Iracema,1'932,1'942,1'846,1'848,1'880,1'882
354930,3549300,SP,São João do Pau d'Alho,2'100,2'095,2'242,2'272,2'288,2'293
354940,3549409,SP,São Joaquim da Barra,52'319,52'737,48'558,49'831,49'815,49'885
354950,3549508,SP,São José da Bela Vista,8'960,8'991,7'626,7'737,7'690,7'664
354960,3549607,SP,São José do Barreiro,4'144,4'141,3'853,3'887,3'898,3'888
354970,3549706,SP,São José do Rio Pardo,55'124,55'298,52'205,53'528,53'416,53'427
354980,3549805,SP,São José do Rio Preto,464'983,469'173,480'393,495'971,501'597,504'166
354990,3549904,SP,São José dos Campos,729'737,737'310,697'054,721'578,724'756,727'078
354995,3549953,SP,São Lourenço da Serra,15'978,16'127,16'067,16'341,16'458,16'479
355000,3550001,SP,São Luiz do Paraitinga,10'690,10'693,10'337,10'519,10'497,10'487
355010,3550100,SP,São Manuel,41'123,41'287,37'289,38'344,38'166,38'131
355020,3550209,SP,São Miguel Arcanjo,33'002,33'071,32'039,32'977,32'904,32'924
355030,3550308,SP,São Paulo,12'325'232,12'396'372,11'451'999,11'930'850,11'895'578,11'904'961
355040,3550407,SP,São Pedro,35'980,36'298,38'256,39'280,39'725,39'855
355050,3550506,SP,São Pedro do Turvo,7'696,7'724,7'217,7'327,7'333,7'333
355060,3550605,SP,São Roque,92'060,93'076,79'484,81'632,81'342,81'366
355070,3550704,SP,São Sebastião,90'328,91'637,81'595,83'700,84'019,84'280
355080,3550803,SP,São Sebastião da Grama,12'159,12'137,10'441,10'581,10'484,10'428
355090,3550902,SP,São Simão,15'385,15'446,13'442,13'700,13'590,13'560
355100,3551009,SP,São Vicente,368'355,370'839,329'911,340'012,338'407,338'326
355110,3551108,SP,Sarapuí,10'390,10'493,10'369,10'551,10'632,10'677
355120,3551207,SP,Sarutaiá,3'630,3'623,3'704,3'748,3'769,3'772
355130,3551306,SP,Sebastianópolis do Sul,3'554,3'595,3'130,3'157,3'187,3'191
355140,3551405,SP,Serra Azul,14'981,15'292,12'746,12'990,13'058,13'108
355150,3551504,SP,Serrana,45'644,46'166,43'909,45'129,45'408,45'580
355160,3551603,SP,Serra Negra,29'452,29'669,29'894,30'705,30'920,31'047
355170,3551702,SP,Sertãozinho,127'142,128'432,126'887,130'543,131'600,132'176
355180,3551801,SP,Sete Barras,12'780,12'731,12'730,12'978,12'912,12'903
355190,3551900,SP,Severínia,17'661,17'820,14'576,14'809,14'724,14'693
355200,3552007,SP,Silveiras,6'339,6'375,6'186,6'295,6'313,6'329
355210,3552106,SP,Socorro,41'352,41'690,40'122,41'231,41'405,41'527
355220,3552205,SP,Sorocaba,687'357,695'328,723'682,747'045,757'459,762'172
355230,3552304,SP,Sud Mennucci,7'728,7'738,7'355,7'475,7'466,7'464
355240,3552403,SP,Sumaré,286'211,289'875,279'545,287'398,289'787,291'116
355250,3552502,SP,Suzano,300'559,303'397,307'429,315'910,318'765,320'261
355255,3552551,SP,Suzanápolis,4'014,4'063,3'408,3'445,3'464,3'465
355260,3552601,SP,Tabapuã,12'485,12'561,11'323,11'523,11'499,11'498
355270,3552700,SP,Tabatinga,16'644,16'787,14'769,14'998,14'994,14'997
355280,3552809,SP,Taboão da Serra,293'652,297'528,273'542,282'910,284'274,285'307
355290,3552908,SP,Taciba,6'329,6'371,6'260,6'353,6'399,6'418
355300,3553005,SP,Taguaí,14'141,14'415,12'669,12'866,13'006,13'068
355310,3553104,SP,Taiaçu,6'320,6'346,5'677,5'760,5'751,5'744
355320,3553203,SP,Taiúva,5'564,5'562,6'548,6'677,6'733,6'770
355330,3553302,SP,Tambaú,23'232,23'255,21'435,21'800,21'682,21'650
355340,3553401,SP,Tanabi,26'101,26'231,25'265,25'956,26'021,26'071
355350,3553500,SP,Tapiraí,7'766,7'725,7'996,8'146,8'122,8'122
355360,3553609,SP,Tapiratiba,12'950,12'940,11'816,12'017,11'936,11'903
355365,3553658,SP,Taquaral,2'813,2'815,2'619,2'640,2'652,2'649
355370,3553708,SP,Taquaritinga,57'364,57'547,52'260,53'645,53'322,53'264
355380,3553807,SP,Taquarituba,23'256,23'292,24'350,24'741,24'863,24'932
355385,3553856,SP,Taquarivaí,5'911,5'968,6'876,6'969,7'112,7'170
355390,3553906,SP,Tarabai,7'540,7'609,6'536,6'643,6'635,6'633
355395,3553955,SP,Tarumã,15'183,15'361,14'882,15'127,15'248,15'315
355400,3554003,SP,Tatuí,122'967,124'134,123'942,127'507,128'560,129'130
355410,3554102,SP,Taubaté,317'915,320'820,310'739,319'551,321'298,322'397
355420,3554201,SP,Tejupá,4'491,4'452,4'127,4'155,4'142,4'119
355430,3554300,SP,Teodoro Sampaio,23'273,23'395,22'173,22'570,22'559,22'598
355440,3554409,SP,Terra Roxa,9'437,9'502,7'904,8'029,7'985,7'965
355450,3554508,SP,Tietê,42'517,42'946,37'663,38'746,38'690,38'723
355460,3554607,SP,Timburi,2'652,2'647,2'464,2'480,2'490,2'484
355465,3554656,SP,Torre de Pedra,2'422,2'432,2'046,2'053,2'063,2'056
355470,3554706,SP,Torrinha,10'056,10'100,9'335,9'497,9'484,9'484
355475,3554755,SP,Trabiju,1'738,1'752,1'682,1'689,1'719,1'724
355480,3554805,SP,Tremembé,47'714,48'228,51'173,52'411,53'083,53'426
355490,3554904,SP,Três Fronteiras,5'832,5'856,6'804,6'891,7'013,7'060
355495,3554953,SP,Tuiuti,6'977,7'058,6'778,6'901,6'947,6'976
355500,3555000,SP,Tupã,65'570,65'615,63'928,65'568,65'416,65'433
355510,3555109,SP,Tupi Paulista,15'583,15'670,15'854,16'138,16'206,16'259
355520,3555208,SP,Turiúba,2'020,2'024,1'818,1'812,1'839,1'835
355530,3555307,SP,Turmalina,1'696,1'667,1'669,1'661,1'672,1'662
355535,3555356,SP,Ubarana,6'400,6'488,5'365,5'445,5'456,5'458
355540,3555406,SP,Ubatuba,91'824,92'819,92'981,95'578,96'598,97'096
355550,3555505,SP,Ubirajara,4'804,4'828,5'132,5'196,5'265,5'289
355560,3555604,SP,Uchoa,10'151,10'191,10'394,10'575,10'627,10'670
355570,3555703,SP,União Paulista,1'865,1'886,1'603,1'591,1'628,1'628
355580,3555802,SP,Urânia,9'120,9'125,8'833,8'995,8'973,8'973
355590,3555901,SP,Uru,1'153,1'142,1'387,1'389,1'419,1'424
355600,3556008,SP,Urupês,13'888,13'965,13'744,13'978,14'038,14'073
355610,3556107,SP,Valentim Gentil,13'532,13'732,14'098,14'277,14'531,14'634
355620,3556206,SP,Valinhos,131'210,133'169,126'373,129'977,131'277,132'258
355630,3556305,SP,Valparaíso,26'822,27'154,24'241,24'656,24'723,24'779
355635,3556354,SP,Vargem,10'692,10'842,10'512,10'663,10'805,10'863
355640,3556404,SP,Vargem Grande do Sul,43'110,43'368,40'133,41'272,41'226,41'256
355645,3556453,SP,Vargem Grande Paulista,53'468,54'315,50'415,51'680,52'103,52'352
355650,3556503,SP,Várzea Paulista,123'071,124'269,115'771,119'279,119'576,119'655
355660,3556602,SP,Vera Cruz,10'823,10'804,10'176,10'349,10'294,10'274
355670,3556701,SP,Vinhedo,80'111,81'516,76'540,78'377,79'235,79'089
355680,3556800,SP,Viradouro,19'017,19'133,17'414,17'697,17'681,17'685
355690,3556909,SP,Vista Alegre do Alto,8'989,9'163,8'109,8'220,8'327,8'368
355695,3556958,SP,Vitória Brasil,1'846,1'852,1'794,1'796,1'826,1'828
355700,3557006,SP,Votorantim,123'599,124'468,127'923,131'542,132'849,133'510
355710,3557105,SP,Votuporanga,95'338,96'106,96'634,99'319,100'159,100'568
355715,3557154,SP,Zacarias,2'752,2'784,2'692,2'714,2'761,2'773
355720,3557204,SP,Chavantes,12'418,12'418,12'211,12'423,12'411,12'415
355730,3557303,SP,Estiva Gerbi,11'407,11'507,11'295,11'478,11'566,11'609
410010,4100103,PR,Abatiá,7'408,7'360,7'241,7'312,7'271,7'233
410020,4100202,PR,Adrianópolis,5'857,5'797,6'256,6'339,6'327,6'319
410030,4100301,PR,Agudos do Sul,9'470,9'567,10'233,10'481,10'646,10'770
410040,4100400,PR,Almirante Tamandaré,120'041,121'420,119'825,123'585,124'788,125'861
410045,4100459,PR,Altamira do Paraná,1'682,1'429,3'590,3'554,3'543,3'496
410050,4100509,PR,Altônia,22'176,22'293,18'742,18'926,18'750,18'634
410060,4100608,PR,Alto Paraná,14'859,14'945,13'909,14'131,14'138,14'183
410070,4100707,PR,Alto Piquiri,9'778,9'722,9'727,9'835,9'802,9'771
410080,4100806,PR,Alvorada do Sul,11'503,11'598,10'326,10'509,10'478,10'481
410090,4100905,PR,Amaporã,6'332,6'405,4'762,4'761,4'736,4'688
410100,4101002,PR,Ampére,19'311,19'466,19'620,20'026,20'199,20'337
410105,4101051,PR,Anahy,2'788,2'774,2'918,2'932,2'965,2'971
410110,4101101,PR,Andirá,19'926,19'823,19'878,20'148,20'044,19'989
410115,4101150,PR,Ângulo,2'930,2'931,3'235,3'275,3'332,3'357
410120,4101200,PR,Antonina,18'949,18'919,18'091,18'325,18'223,18'140
410130,4101309,PR,Antônio Olinto,7'427,7'421,7'018,7'083,7'071,7'048
410140,4101408,PR,Apucarana,136'234,137'438,130'134,133'770,134'306,134'910
410150,4101507,PR,Arapongas,124'810,126'545,119'138,122'730,123'863,124'838
410160,4101606,PR,Arapoti,28'300,28'480,25'777,26'349,26'310,26'325
410165,4101655,PR,Arapuã,3'009,2'951,3'527,3'561,3'573,3'573
410170,4101705,PR,Araruna,14'000,14'029,14'485,14'759,14'824,14'894
410180,4101804,PR,Araucária,146'214,148'522,151'666,157'150,160'038,162'247
410185,4101853,PR,Ariranha do Ivaí,2'066,2'026,2'329,2'339,2'351,2'351
410190,4101903,PR,Assaí,14'954,14'792,13'797,13'838,13'643,13'477
410200,4102000,PR,Assis Chateaubriand,33'340,33'306,36'808,37'837,38'105,38'357
410210,4102109,PR,Astorga,26'209,26'304,25'475,26'113,26'145,26'203
410220,4102208,PR,Atalaia,3'881,3'871,3'980,4'036,4'045,4'046
410230,4102307,PR,Balsa Nova,13'092,13'238,13'395,13'722,13'871,13'867
410240,4102406,PR,Bandeirantes,31'211,31'061,31'273,31'949,31'807,31'747
410250,4102505,PR,Barbosa Ferraz,11'426,11'287,10'795,10'835,10'692,10'580
410260,4102604,PR,Barracão,10'312,10'347,9'759,9'899,9'900,9'903
410270,4102703,PR,Barra do Jacaré,2'781,2'781,2'814,2'835,2'866,2'872
410275,4102752,PR,Bela Vista da Caroba,3'457,3'404,4'031,4'078,4'100,4'122
410280,4102802,PR,Bela Vista do Paraíso,15'399,15'400,14'833,15'048,14'998,14'982
410290,4102901,PR,Bituruna,16'400,16'411,15'533,15'764,15'689,15'650
410300,4103008,PR,Boa Esperança,4'047,3'991,4'558,4'605,4'622,4'595
410302,4103024,PR,Boa Esperança do Iguaçu,2'470,2'437,2'455,2'427,2'448,2'421
410304,4103040,PR,Boa Ventura de São Roque,6'365,6'343,6'378,6'232,6'244,6'241
410305,4103057,PR,Boa Vista da Aparecida,7'540,7'524,7'924,8'032,8'034,8'023
410310,4103107,PR,Bocaiúva do Sul,13'129,13'308,13'299,13'627,13'804,13'405
410315,4103156,PR,Bom Jesus do Sul,3'506,3'472,3'980,4'022,4'061,4'072
410320,4103206,PR,Bom Sucesso,7'068,7'103,6'581,6'667,6'677,6'674
410322,4103222,PR,Bom Sucesso do Sul,3'254,3'244,3'202,3'205,3'234,3'244
410330,4103305,PR,Borrazópolis,6'439,6'290,7'735,7'847,7'824,7'818
410335,4103354,PR,Braganey,5'382,5'338,4'854,4'833,4'802,4'745
410337,4103370,PR,Brasilândia do Sul,2'585,2'521,3'708,3'767,3'828,3'861
410340,4103404,PR,Cafeara,2'954,2'973,2'627,2'634,2'655,2'648
410345,4103453,PR,Cafelândia,18'456,18'783,18'997,19'463,19'844,20'145
410347,4103479,PR,Cafezal do Sul,4'009,3'975,4'473,4'538,4'561,4'580
410350,4103503,PR,Califórnia,8'606,8'641,8'710,8'880,8'921,8'963
410360,4103602,PR,Cambará,25'466,25'569,23'212,23'527,23'430,23'393
410370,4103701,PR,Cambé,107'341,108'126,107'208,110'328,111'009,110'923
410380,4103800,PR,Cambira,7'917,7'967,9'460,9'730,9'899,10'045
410390,4103909,PR,Campina da Lagoa,14'043,13'888,15'723,15'974,15'979,16'014
410395,4103958,PR,Campina do Simão,3'859,3'831,3'936,3'948,3'973,3'954
410400,4104006,PR,Campina Grande do Sul,43'685,44'072,47'825,49'248,49'971,50'600
410405,4104055,PR,Campo Bonito,3'763,3'694,4'027,4'033,4'032,3'997
410410,4104105,PR,Campo do Tenente,8'045,8'118,7'508,7'635,7'666,7'693
410420,4104204,PR,Campo Largo,133'865,135'678,136'327,140'714,142'695,144'504
410425,4104253,PR,Campo Magro,29'740,30'151,30'160,31'099,31'555,31'888
410430,4104303,PR,Campo Mourão,95'488,96'102,99'432,102'397,103'340,104'122
410440,4104402,PR,Cândido de Abreu,14'809,14'606,15'244,15'382,15'255,15'081
410442,4104428,PR,Candói,16'053,16'126,14'973,15'191,15'174,15'174
410445,4104451,PR,Cantagalo,13'329,13'340,10'933,10'938,10'799,10'672
410450,4104501,PR,Capanema,19'148,19'172,20'481,20'883,21'022,21'088
410460,4104600,PR,Capitão Leônidas Marques,15'834,15'887,14'648,14'821,14'796,14'776
410465,4104659,PR,Carambeí,23'825,24'225,23'283,23'862,24'159,24'469
410470,4104709,PR,Carlópolis,14'356,14'391,16'905,17'342,17'567,17'788
410480,4104808,PR,Cascavel,332'333,336'073,348'051,358'813,364'104,368'195
410490,4104907,PR,Castro,71'809,72'125,73'075,74'932,75'291,75'644
410500,4105003,PR,Catanduvas,10'167,10'144,10'446,10'613,10'627,10'621
410510,4105102,PR,Centenário do Sul,10'764,10'704,10'832,10'959,10'936,10'903
410520,4105201,PR,Cerro Azul,17'833,17'884,16'134,16'340,16'240,16'287
410530,4105300,PR,Céu Azul,11'819,11'872,11'087,11'260,11'251,11'255
410540,4105409,PR,Chopinzinho,19'167,19'083,21'085,21'471,21'559,21'604
410550,4105508,PR,Cianorte,83'816,84'980,79'527,81'681,82'359,82'988
410560,4105607,PR,Cidade Gaúcha,12'797,12'939,11'467,11'656,11'684,11'705
410570,4105706,PR,Clevelândia,16'450,16'344,15'070,15'105,14'975,14'833
410580,4105805,PR,Colombo,246'540,249'277,232'212,239'634,240'720,241'672
410590,4105904,PR,Colorado,24'145,24'271,22'896,23'270,23'278,23'313
410600,4106001,PR,Congonhinhas,8'857,8'896,8'320,8'450,8'442,8'445
410610,4106100,PR,Conselheiro Mairinck,3'876,3'891,3'461,3'477,3'486,3'474
410620,4106209,PR,Contenda,18'837,19'082,19'128,19'557,19'827,20'006
410630,4106308,PR,Corbélia,17'117,17'162,17'470,17'782,17'862,17'933
410640,4106407,PR,Cornélio Procópio,47'842,47'840,45'206,46'069,45'830,45'720
410645,4106456,PR,Coronel Domingos Soares,7'518,7'538,5'649,5'554,5'516,5'427
410650,4106506,PR,Coronel Vivida,20'580,20'430,23'331,23'753,23'859,24'010
410655,4106555,PR,Corumbataí do Sul,3'127,3'038,3'760,3'776,3'780,3'770
410657,4106571,PR,Cruzeiro do Iguaçu,4'240,4'229,4'133,4'170,4'171,4'129
410660,4106605,PR,Cruzeiro do Oeste,20'947,20'962,23'831,24'363,24'622,24'859
410670,4106704,PR,Cruzeiro do Sul,4'449,4'430,4'494,4'537,4'547,4'543
410680,4106803,PR,Cruz Machado,18'741,18'772,15'978,16'108,15'910,15'759
410685,4106852,PR,Cruzmaltina,2'921,2'892,2'892,2'883,2'896,2'870
410690,4106902,PR,Curitiba,1'948'626,1'963'726,1'773'718,1'836'238,1'829'225,1'830'795
410700,4107009,PR,Curiúva,15'196,15'289,13'647,13'851,13'802,13'784
410710,4107108,PR,Diamante do Norte,5'030,4'975,5'142,5'194,5'164,5'139
410712,4107124,PR,Diamante do Sul,3'424,3'409,3'171,3'159,3'170,3'147
410715,4107157,PR,Diamante D'Oeste,5'266,5'279,4'557,4'576,4'557,4'513
410720,4107207,PR,Dois Vizinhos,41'038,41'424,44'869,46'249,47'014,47'589
410725,4107256,PR,Douradina,8'869,8'988,9'161,9'384,9'525,9'631
410730,4107306,PR,Doutor Camargo,5'983,5'987,6'327,6'441,6'484,6'517
410740,4107405,PR,Enéas Marques,5'933,5'906,5'999,6'072,6'070,6'146
410750,4107504,PR,Engenheiro Beltrão,13'981,13'962,12'454,12'557,12'431,12'347
410752,4107520,PR,Esperança Nova,1'665,1'633,1'849,1'840,1'858,1'852
410753,4107538,PR,Entre Rios do Oeste,4'596,4'651,4'575,4'656,4'729,4'770
410754,4107546,PR,Espigão Alto do Iguaçu,4'048,3'980,4'797,4'857,4'881,4'880
410755,4107553,PR,Farol,3'041,2'995,3'039,3'023,3'023,2'994
410760,4107603,PR,Faxinal,17'316,17'379,16'389,16'644,16'618,16'596
410765,4107652,PR,Fazenda Rio Grande,102'004,103'750,148'873,155'852,161'506,165'943
410770,4107702,PR,Fênix,4'748,4'734,4'492,4'516,4'512,4'488
410773,4107736,PR,Fernandes Pinheiro,5'602,5'561,6'255,6'374,6'387,6'400
410775,4107751,PR,Figueira,7'696,7'625,8'062,8'172,8'144,8'129
410780,4107801,PR,Floraí,4'906,4'883,4'792,4'837,4'825,4'805
410785,4107850,PR,Flor da Serra do Sul,4'603,4'583,4'364,4'371,4'367,4'342
410790,4107900,PR,Floresta,6'851,6'926,10'458,10'898,11'226,11'522
410800,4108007,PR,Florestópolis,10'453,10'360,11'446,11'639,11'639,11'653
410810,4108106,PR,Flórida,2'699,2'709,2'652,2'666,2'704,2'711
410820,4108205,PR,Formosa do Oeste,6'460,6'345,7'635,7'747,7'756,7'763
410830,4108304,PR,Foz do Iguaçu,258'248,257'971,285'415,293'644,295'500,297'352
410832,4108320,PR,Francisco Alves,5'993,5'942,8'116,8'288,8'464,8'573
410840,4108403,PR,Francisco Beltrão,92'216,93'308,96'666,99'747,101'302,102'312
410845,4108452,PR,Foz do Jordão,4'556,4'466,4'926,4'942,4'925,4'893
410850,4108502,PR,General Carneiro,13'685,13'661,11'062,10'991,10'861,10'691
410855,4108551,PR,Godoy Moreira,2'898,2'850,2'977,2'979,2'970,2'911
410860,4108601,PR,Goioerê,28'808,28'734,28'437,29'070,28'970,30'025
410865,4108650,PR,Goioxim,7'053,6'997,6'566,6'591,6'531,6'469
410870,4108700,PR,Grandes Rios,5'497,5'379,5'641,5'635,5'586,5'527
410880,4108809,PR,Guaíra,33'310,33'497,32'097,32'906,32'966,33'058
410890,4108908,PR,Guairaçá,6'609,6'635,6'587,6'694,6'733,6'762
410895,4108957,PR,Guamiranga,8'811,8'881,7'856,7'967,7'961,7'916
410900,4109005,PR,Guapirama,3'784,3'767,4'626,4'728,4'792,4'857
410910,4109104,PR,Guaporema,2'241,2'239,2'191,2'186,2'217,2'210
410920,4109203,PR,Guaraci,5'530,5'557,4'748,4'778,4'762,4'743
410930,4109302,PR,Guaraniaçu,12'217,11'969,13'735,13'891,13'814,13'770
410940,4109401,PR,Guarapuava,182'644,183'755,182'093,187'778,188'710,189'630
410950,4109500,PR,Guaraqueçaba,7'594,7'554,7'430,7'507,7'474,7'446
410960,4109609,PR,Guaratuba,37'527,37'974,42'062,43'491,44'323,44'913
410965,4109658,PR,Honório Serpa,5'119,5'030,4'941,4'906,4'872,4'803
410970,4109708,PR,Ibaiti,31'644,31'854,28'830,29'498,29'440,29'464
410975,4109757,PR,Ibema,6'370,6'387,6'218,6'315,6'327,6'343
410980,4109807,PR,Ibiporã,55'131,55'688,51'603,52'876,53'054,53'276
410990,4109906,PR,Icaraíma,7'786,7'671,8'991,9'141,9'139,9'149
411000,4110003,PR,Iguaraçu,4'440,4'475,5'338,5'472,5'599,5'693
411005,4110052,PR,Iguatu,2'253,2'251,2'144,2'139,2'162,2'156
411007,4110078,PR,Imbaú,13'282,13'449,14'249,14'612,14'815,15'068
411010,4110102,PR,Imbituva,32'940,33'306,29'924,30'669,30'757,30'849
411020,4110201,PR,Inácio Martins,11'121,11'117,9'670,9'720,9'633,9'555
411030,4110300,PR,Inajá,3'116,3'122,2'536,2'503,2'510,2'481
411040,4110409,PR,Indianópolis,4'465,4'472,4'448,4'507,4'531,4'544
411050,4110508,PR,Ipiranga,15'251,15'327,14'142,14'352,14'338,14'317
411060,4110607,PR,Iporã,13'782,13'642,15'746,16'001,16'062,16'102
411065,4110656,PR,Iracema do Oeste,2'251,2'216,2'343,2'326,2'344,2'328
411070,4110706,PR,Irati,61'088,61'439,59'250,60'663,60'796,61'004
411080,4110805,PR,Iretama,10'098,10'029,10'684,10'843,10'843,10'832
411090,4110904,PR,Itaguajé,4'446,4'426,4'481,4'517,4'532,4'530
411095,4110953,PR,Itaipulândia,11'385,11'588,11'485,11'771,11'984,12'116
411100,4111001,PR,Itambaracá,6'549,6'516,5'908,5'924,5'874,5'819
411110,4111100,PR,Itambé,6'109,6'110,6'111,6'207,6'215,6'228
411120,4111209,PR,Itapejara d'Oeste,12'094,12'220,12'344,12'609,12'766,12'869
411125,4111258,PR,Itaperuçu,29'070,29'493,31'217,32'259,32'890,33'310
411130,4111308,PR,Itaúna do Sul,2'781,2'700,3'572,3'605,3'620,3'607
411140,4111407,PR,Ivaí,13'965,14'049,13'229,13'451,13'473,13'476
411150,4111506,PR,Ivaiporã,31'935,31'886,32'720,33'526,33'529,33'566
411155,4111555,PR,Ivaté,8'240,8'294,6'831,6'884,6'833,6'788
411160,4111605,PR,Ivatuba,3'279,3'299,2'708,2'684,2'705,2'685
411170,4111704,PR,Jaboti,5'303,5'332,5'427,5'552,5'576,5'655
411180,4111803,PR,Jacarezinho,39'322,39'268,40'375,41'371,41'400,41'493
411190,4111902,PR,Jaguapitã,13'742,13'861,15'122,15'467,15'719,15'908
411200,4112009,PR,Jaguariaíva,35'027,35'192,35'141,36'082,36'231,36'384
411210,4112108,PR,Jandaia do Sul,21'230,21'281,21'408,21'793,21'851,21'930
411220,4112207,PR,Janiópolis,5'095,4'948,5'870,5'874,5'835,5'807
411230,4112306,PR,Japira,4'930,4'929,4'972,5'045,5'060,5'054
411240,4112405,PR,Japurá,9'500,9'573,9'144,9'321,9'354,9'393
411250,4112504,PR,Jardim Alegre,11'196,11'067,12'004,12'172,12'130,12'138
411260,4112603,PR,Jardim Olinda,1'320,1'309,1'343,1'339,1'353,1'349
411270,4112702,PR,Jataizinho,12'638,12'687,11'813,11'992,11'971,11'996
411275,4112751,PR,Jesuítas,8'330,8'251,10'506,10'761,10'860,10'954
411280,4112801,PR,Joaquim Távora,12'009,12'108,11'945,12'183,12'280,12'341
411290,4112900,PR,Jundiaí do Sul,3'269,3'248,3'333,3'346,3'366,3'372
411295,4112959,PR,Juranda,7'292,7'244,7'771,7'878,7'898,7'899
411300,4113007,PR,Jussara,7'041,7'069,6'690,6'787,6'795,6'786
411310,4113106,PR,Kaloré,4'047,3'996,4'582,4'637,4'657,4'666
411320,4113205,PR,Lapa,48'410,48'651,45'003,45'964,45'857,45'878
411325,4113254,PR,Laranjal,5'784,5'719,5'600,5'613,5'575,5'525
411330,4113304,PR,Laranjeiras do Sul,32'139,32'167,32'227,33'020,33'103,33'179
411340,4113403,PR,Leópolis,3'925,3'896,3'752,3'752,3'751,3'725
411342,4113429,PR,Lidianópolis,3'231,3'155,3'938,3'979,3'989,3'987
411345,4113452,PR,Lindoeste,4'592,4'488,5'175,5'222,5'226,5'217
411350,4113502,PR,Loanda,23'242,23'393,23'225,23'675,23'813,23'966
411360,4113601,PR,Lobato,4'819,4'850,4'601,4'673,4'693,4'707
411370,4113700,PR,Londrina,575'377,580'870,555'965,573'968,577'318,581'382
411373,4113734,PR,Luiziana,7'240,7'217,6'690,6'730,6'696,6'659
411375,4113759,PR,Lunardelli,4'744,4'695,4'872,4'928,4'902,4'864
411380,4113809,PR,Lupionópolis,4'945,4'969,4'813,4'892,4'911,4'929
411390,4113908,PR,Mallet,13'663,13'697,13'428,13'648,13'655,13'681
411400,4114005,PR,Mamborê,13'014,12'900,13'452,13'629,13'572,13'551
411410,4114104,PR,Mandaguaçu,23'100,23'373,31'457,32'807,33'752,34'521
411420,4114203,PR,Mandaguari,34'515,34'628,36'716,37'731,38'050,38'313
411430,4114302,PR,Mandirituba,27'315,27'750,27'439,28'320,28'761,29'104
411435,4114351,PR,Manfrinópolis,2'506,2'442,2'770,2'755,2'761,2'790
411440,4114401,PR,Mangueirinha,16'642,16'572,16'603,16'820,16'764,16'737
411450,4114500,PR,Manoel Ribas,13'510,13'517,14'240,14'502,14'576,14'675
411460,4114609,PR,Marechal Cândido Rondon,53'495,54'031,55'836,57'369,58'140,58'734
411470,4114708,PR,Maria Helena,5'634,5'593,5'865,5'936,5'935,5'926
411480,4114807,PR,Marialva,35'804,36'103,41'851,43'244,44'098,44'749
411490,4114906,PR,Marilândia do Sul,8'814,8'793,8'677,8'789,8'774,8'761
411500,4115002,PR,Marilena,7'084,7'093,7'253,7'376,7'409,7'450
411510,4115101,PR,Mariluz,10'336,10'327,9'847,9'969,9'934,9'910
411520,4115200,PR,Maringá,430'157,436'472,409'657,421'853,425'983,429'660
411530,4115309,PR,Mariópolis,6'632,6'655,6'371,6'467,6'475,6'506
411535,4115358,PR,Maripá,5'582,5'562,6'555,6'690,6'767,6'824
411540,4115408,PR,Marmeleiro,14'387,14'407,15'901,16'240,16'386,16'605
411545,4115457,PR,Marquinho,4'340,4'283,4'504,4'529,4'521,4'491
411550,4115507,PR,Marumbi,4'677,4'676,4'699,4'751,4'778,4'780
411560,4115606,PR,Matelândia,18'107,18'266,18'450,18'839,19'022,19'223
411570,4115705,PR,Matinhos,35'219,35'705,39'259,40'569,41'416,42'063
411573,4115739,PR,Mato Rico,3'206,3'142,3'267,3'248,3'237,3'249
411575,4115754,PR,Mauá da Serra,10'800,10'994,9'383,9'559,9'628,9'689
411580,4115804,PR,Medianeira,46'574,46'940,54'369,56'041,57'120,57'910
411585,4115853,PR,Mercedes,5'577,5'617,5'931,6'061,6'136,6'194
411590,4115903,PR,Mirador,2'196,2'180,2'238,2'227,2'258,2'248
411600,4116000,PR,Miraselva,1'796,1'786,1'966,1'979,2'008,2'017
411605,4116059,PR,Missal,10'704,10'706,11'064,11'271,11'301,11'423
411610,4116109,PR,Moreira Sales,12'042,11'966,11'175,11'251,11'137,9'949
411620,4116208,PR,Morretes,16'446,16'485,18'309,18'706,18'908,19'089
411630,4116307,PR,Munhoz de Melo,4'009,4'034,3'951,3'997,4'045,4'057
411640,4116406,PR,Nossa Senhora das Graças,4'008,4'009,3'669,3'671,3'685,3'669
411650,4116505,PR,Nova Aliança do Ivaí,1'551,1'560,1'323,1'307,1'327,1'322
411660,4116604,PR,Nova América da Colina,3'434,3'424,3'280,3'290,3'299,3'286
411670,4116703,PR,Nova Aurora,10'299,10'131,13'765,14'073,14'219,14'331
411680,4116802,PR,Nova Cantu,5'061,4'827,6'790,6'827,6'799,6'739
411690,4116901,PR,Nova Esperança,27'984,28'062,26'585,27'198,27'142,27'142
411695,4116950,PR,Nova Esperança do Sudoeste,5'030,5'014,5'597,5'703,5'744,5'783
411700,4117008,PR,Nova Fátima,8'136,8'120,7'225,7'252,7'201,7'140
411705,4117057,PR,Nova Laranjeiras,11'507,11'462,12'074,12'265,12'287,12'298
411710,4117107,PR,Nova Londrina,13'200,13'188,12'923,13'111,13'085,13'074
411720,4117206,PR,Nova Olímpia,5'826,5'846,5'833,5'928,5'960,5'982
411721,4117214,PR,Nova Santa Bárbara,4'277,4'304,4'184,4'248,4'280,4'308
411722,4117222,PR,Nova Santa Rosa,8'266,8'311,8'322,8'474,8'535,8'581
411725,4117255,PR,Nova Prata do Iguaçu,10'544,10'540,12'699,13'013,13'196,13'340
411727,4117271,PR,Nova Tebas,5'448,5'252,6'848,6'915,6'870,6'852
411729,4117297,PR,Novo Itacolomi,2'840,2'836,3'125,3'174,3'210,3'227
411730,4117305,PR,Ortigueira,21'960,21'783,24'192,24'613,24'627,24'706
411740,4117404,PR,Ourizona,3'425,3'423,3'187,3'199,3'206,3'193
411745,4117453,PR,Ouro Verde do Oeste,6'016,6'036,6'785,6'945,7'031,7'102
411750,4117503,PR,Paiçandu,41'773,42'251,45'962,47'323,48'207,48'695
411760,4117602,PR,Palmas,51'755,52'503,48'247,49'534,49'891,50'238
411770,4117701,PR,Palmeira,33'994,34'109,33'855,34'716,34'806,34'948
411780,4117800,PR,Palmital,12'960,12'755,13'033,13'108,12'967,12'879
411790,4117909,PR,Palotina,32'121,32'389,35'011,36'081,36'623,37'039
411800,4118006,PR,Paraíso do Norte,14'023,14'211,13'245,13'508,13'634,13'728
411810,4118105,PR,Paranacity,11'580,11'685,9'557,9'649,9'597,9'549
411820,4118204,PR,Paranaguá,156'174,157'378,145'829,149'746,149'819,150'104
411830,4118303,PR,Paranapoema,3'241,3'277,2'398,2'360,2'378,2'352
411840,4118402,PR,Paranavaí,88'922,89'454,92'001,94'720,95'525,96'209
411845,4118451,PR,Pato Bragado,5'684,5'755,5'733,5'848,5'939,6'004
411850,4118501,PR,Pato Branco,83'843,84'779,91'836,94'858,96'602,97'821
411860,4118600,PR,Paula Freitas,5'908,5'942,5'666,5'761,5'778,5'706
411870,4118709,PR,Paulo Frontin,7'387,7'418,6'343,6'401,6'369,6'414
411880,4118808,PR,Peabiru,14'007,14'017,13'346,13'537,13'496,13'494
411885,4118857,PR,Perobal,6'160,6'194,7'189,7'369,7'496,7'599
411890,4118907,PR,Pérola,11'321,11'406,11'878,12'149,12'275,12'389
411900,4119004,PR,Pérola d'Oeste,6'288,6'232,6'221,6'258,6'235,6'218
411910,4119103,PR,Piên,12'882,13'015,13'655,13'983,14'179,14'409
411915,4119152,PR,Pinhais,133'490,134'788,127'019,130'705,131'199,131'255
411920,4119202,PR,Pinhalão,6'324,6'323,6'566,6'683,6'707,6'676
411925,4119251,PR,Pinhal de São Bento,2'737,2'742,2'761,2'779,2'819,2'805
411930,4119301,PR,Pinhão,32'559,32'722,29'886,30'541,30'472,30'451
411940,4119400,PR,Piraí do Sul,25'617,25'779,23'651,24'011,24'000,23'977
411950,4119509,PR,Piraquara,114'970,116'852,118'730,122'746,124'934,127'433
411960,4119608,PR,Pitanga,29'994,29'686,33'567,34'500,34'513,34'527
411965,4119657,PR,Pitangueiras,3'262,3'298,3'046,3'087,3'121,3'141
411970,4119707,PR,Planaltina do Paraná,4'272,4'281,4'070,4'110,4'123,4'125
411980,4119806,PR,Planalto,13'431,13'385,14'374,14'614,14'663,14'722
411990,4119905,PR,Ponta Grossa,355'336,358'838,358'371,369'021,372'562,375'632
411995,4119954,PR,Pontal do Paraná,27'915,28'529,30'425,31'592,32'426,33'131
412000,4120002,PR,Porecatu,12'748,12'587,11'624,11'598,11'438,11'271
412010,4120101,PR,Porto Amazonas,4'874,4'899,4'098,4'098,4'099,4'072
412015,4120150,PR,Porto Barreiro,3'184,3'133,3'110,3'073,3'078,3'057
412020,4120200,PR,Porto Rico,2'556,2'554,3'182,3'239,3'316,3'370
412030,4120309,PR,Porto Vitória,4'061,4'057,3'562,3'543,3'549,3'515
412033,4120333,PR,Prado Ferreira,3'780,3'806,3'709,3'753,3'799,3'816
412035,4120358,PR,Pranchita,5'095,5'035,5'737,5'808,5'833,5'831
412040,4120408,PR,Presidente Castelo Branco,5'351,5'395,4'336,4'335,4'336,4'304
412050,4120507,PR,Primeiro de Maio,11'130,11'138,10'082,10'189,10'121,10'064
412060,4120606,PR,Prudentópolis,52'513,52'776,49'393,50'462,50'428,50'946
412065,4120655,PR,Quarto Centenário,4'465,4'420,4'201,4'188,4'170,4'127
412070,4120705,PR,Quatiguá,7'477,7'504,8'099,8'291,8'357,8'426
412080,4120804,PR,Quatro Barras,23'911,24'253,24'191,24'772,25'109,25'397
412085,4120853,PR,Quatro Pontes,4'029,4'043,4'480,4'567,4'636,4'672
412090,4120903,PR,Quedas do Iguaçu,34'409,34'707,30'738,31'458,31'405,31'423
412100,4121000,PR,Querência do Norte,12'232,12'257,10'685,10'774,10'693,10'625
412110,4121109,PR,Quinta do Sol,4'508,4'444,5'001,5'057,5'060,5'052
412120,4121208,PR,Quitandinha,19'221,19'388,18'398,18'744,18'823,18'882
412125,4121257,PR,Ramilândia,4'476,4'500,4'221,4'257,4'293,4'279
412130,4121307,PR,Rancho Alegre,3'784,3'760,3'512,3'504,3'501,3'472
412135,4121356,PR,Rancho Alegre D'Oeste,2'628,2'602,2'618,2'620,2'638,2'623
412140,4121406,PR,Realeza,16'950,16'976,19'247,19'664,19'903,20'097
412150,4121505,PR,Rebouças,14'946,14'991,14'514,14'743,14'754,14'825
412160,4121604,PR,Renascença,6'787,6'772,6'845,6'942,6'946,6'945
412170,4121703,PR,Reserva,26'825,26'933,24'573,24'930,24'851,24'878
412175,4121752,PR,Reserva do Iguaçu,8'069,8'127,6'553,6'571,6'543,6'493
412180,4121802,PR,Ribeirão Claro,10'645,10'622,12'364,12'663,12'770,12'856
412190,4121901,PR,Ribeirão do Pinhal,12'948,12'869,13'060,13'220,13'180,13'158
412200,4122008,PR,Rio Azul,15'336,15'433,14'025,14'218,14'214,14'174
412210,4122107,PR,Rio Bom,3'182,3'162,3'197,3'210,3'223,3'214
412215,4122156,PR,Rio Bonito do Iguaçu,13'255,13'240,13'929,14'192,14'234,14'297
412217,4122172,PR,Rio Branco do Ivaí,4'109,4'121,3'808,3'838,3'850,3'841
412220,4122206,PR,Rio Branco do Sul,32'517,32'635,37'558,38'769,39'307,40'308
412230,4122305,PR,Rio Negro,34'411,34'645,31'324,32'073,31'992,31'951
412240,4122404,PR,Rolândia,67'383,68'165,71'670,73'735,74'935,75'818
412250,4122503,PR,Roncador,9'645,9'447,11'251,11'394,11'371,11'339
412260,4122602,PR,Rondon,9'622,9'664,9'097,9'232,9'240,9'255
412265,4122651,PR,Rosário do Ivaí,4'689,4'595,5'435,5'498,5'491,5'484
412270,4122701,PR,Sabáudia,6'891,6'954,8'822,9'141,9'320,9'511
412280,4122800,PR,Salgado Filho,3'483,3'389,4'075,4'077,4'097,4'090
412290,4122909,PR,Salto do Itararé,4'898,4'862,5'192,5'254,5'267,5'214
412300,4123006,PR,Salto do Lontra,14'872,14'957,15'223,15'527,15'636,15'706
412310,4123105,PR,Santa Amélia,3'266,3'208,3'394,3'385,3'386,3'358
412320,4123204,PR,Santa Cecília do Pavão,3'293,3'253,3'365,3'366,3'375,3'357
412330,4123303,PR,Santa Cruz de Monte Castelo,7'751,7'705,8'613,8'773,8'806,8'840
412340,4123402,PR,Santa Fé,12'186,12'330,11'378,11'611,11'669,11'730
412350,4123501,PR,Santa Helena,26'767,27'036,25'492,26'194,26'341,26'461
412360,4123600,PR,Santa Inês,1'594,1'568,1'748,1'734,1'760,1'745
412370,4123709,PR,Santa Isabel do Ivaí,8'523,8'484,8'912,9'048,9'059,9'043
412380,4123808,PR,Santa Izabel do Oeste,14'794,14'924,14'070,14'312,14'385,14'462
412382,4123824,PR,Santa Lúcia,3'793,3'795,3'644,3'652,3'657,3'638
412385,4123857,PR,Santa Maria do Oeste,9'410,9'210,9'934,10'096,9'985,9'869
412390,4123907,PR,Santa Mariana,11'622,11'523,11'066,11'123,11'034,10'941
412395,4123956,PR,Santa Mônica,4'017,4'052,3'356,3'351,3'373,3'361
412400,4124004,PR,Santana do Itararé,4'954,4'916,5'514,5'607,5'628,5'646
412402,4124020,PR,Santa Tereza do Oeste,10'096,10'055,13'174,13'508,13'749,13'938
412405,4124053,PR,Santa Terezinha de Itaipu,23'699,23'927,24'262,24'831,25'055,25'300
412410,4124103,PR,Santo Antônio da Platina,46'251,46'503,44'369,45'465,45'534,45'628
412420,4124202,PR,Santo Antônio do Caiuá,2'626,2'611,2'493,2'480,2'496,2'474
412430,4124301,PR,Santo Antônio do Paraíso,2'068,2'032,2'125,2'108,2'116,2'088
412440,4124400,PR,Santo Antônio do Sudoeste,20'261,20'354,23'673,24'280,24'644,24'980
412450,4124509,PR,Santo Inácio,5'416,5'422,6'181,6'314,6'397,6'463
412460,4124608,PR,São Carlos do Ivaí,6'920,6'961,6'587,6'683,6'712,6'727
412470,4124707,PR,São Jerônimo da Serra,11'128,11'088,10'830,10'962,10'913,10'884
412480,4124806,PR,São João,10'181,10'122,11'886,12'125,12'230,12'297
412490,4124905,PR,São João do Caiuá,5'837,5'819,5'586,5'642,5'620,5'607
412500,4125001,PR,São João do Ivaí,10'056,9'897,10'667,10'777,10'700,10'639
412510,4125100,PR,São João do Triunfo,15'241,15'359,13'726,13'943,13'923,13'899
412520,4125209,PR,São Jorge d'Oeste,9'028,9'005,9'378,9'536,9'550,9'587
412530,4125308,PR,São Jorge do Ivaí,5'543,5'535,5'168,5'214,5'193,5'170
412535,4125357,PR,São Jorge do Patrocínio,5'586,5'532,6'504,6'617,6'659,6'690
412540,4125407,PR,São José da Boa Vista,6'160,6'115,6'040,6'088,6'060,6'023
412545,4125456,PR,São José das Palmeiras,3'627,3'601,3'957,3'998,4'030,4'031
412550,4125506,PR,São José dos Pinhais,329'058,334'620,329'628,340'112,345'644,349'880
412555,4125555,PR,São Manoel do Paraná,2'163,2'165,2'138,2'149,2'173,2'176
412560,4125605,PR,São Mateus do Sul,46'705,47'137,42'366,43'429,43'413,43'490
412570,4125704,PR,São Miguel do Iguaçu,27'576,27'696,29'122,29'962,30'198,30'416
412575,4125753,PR,São Pedro do Iguaçu,5'820,5'745,5'784,5'797,5'769,5'730
412580,4125803,PR,São Pedro do Ivaí,11'046,11'109,8'690,8'699,8'611,8'514
412590,4125902,PR,São Pedro do Paraná,2'289,2'265,2'661,2'686,2'722,2'726
412600,4126009,PR,São Sebastião da Amoreira,8'859,8'865,8'063,8'133,8'100,8'063
412610,4126108,PR,São Tomé,5'750,5'778,5'232,5'282,5'290,5'282
412620,4126207,PR,Sapopema,6'722,6'708,6'695,6'791,6'784,6'778
412625,4126256,PR,Sarandi,97'803,98'888,118'455,122'575,125'785,128'106
412627,4126272,PR,Saudade do Iguaçu,5'539,5'578,6'108,6'249,6'342,6'413
412630,4126306,PR,Sengés,19'385,19'441,17'270,17'436,17'344,17'256
412635,4126355,PR,Serranópolis do Iguaçu,4'477,4'460,5'007,5'109,5'138,5'161
412640,4126405,PR,Sertaneja,5'216,5'149,5'616,5'676,5'667,5'654
412650,4126504,PR,Sertanópolis,16'413,16'456,15'930,16'178,16'183,16'210
412660,4126603,PR,Siqueira Campos,21'249,21'476,22'811,23'355,23'712,24'031
412665,4126652,PR,Sulina,2'930,2'880,3'440,3'473,3'495,3'498
412667,4126678,PR,Tamarana,15'040,15'277,10'707,10'745,10'645,10'540
412670,4126702,PR,Tamboara,5'158,5'196,4'880,4'952,4'979,4'986
412680,4126801,PR,Tapejara,16'345,16'480,15'869,16'183,16'255,16'326
412690,4126900,PR,Tapira,5'495,5'452,5'745,5'818,5'813,5'807
412700,4127007,PR,Teixeira Soares,12'567,12'761,9'547,9'628,9'581,9'540
412710,4127106,PR,Telêmaco Borba,79'792,80'588,75'042,76'843,77'182,77'479
412720,4127205,PR,Terra Boa,17'200,17'304,17'568,17'910,18'048,18'168
412730,4127304,PR,Terra Rica,16'924,17'054,14'842,15'056,14'989,14'961
412740,4127403,PR,Terra Roxa,17'522,17'562,18'119,18'447,18'548,18'636
412750,4127502,PR,Tibagi,20'607,20'688,19'961,20'300,20'304,20'374
412760,4127601,PR,Tijucas do Sul,17'084,17'295,17'621,18'041,18'279,18'458
412770,4127700,PR,Toledo,142'645,144'601,150'470,155'814,158'620,160'701
412780,4127809,PR,Tomazina,7'807,7'699,8'426,8'520,8'495,8'523
412785,4127858,PR,Três Barras do Paraná,12'038,12'036,11'135,11'271,11'197,11'157
412788,4127882,PR,Tunas do Paraná,9'022,9'269,6'219,6'289,6'302,6'304
412790,4127908,PR,Tuneiras do Oeste,8'533,8'502,8'067,8'130,8'095,8'067
412795,4127957,PR,Tupãssi,8'109,8'105,8'077,8'212,8'204,8'208
412796,4127965,PR,Turvo,13'095,12'977,14'231,14'431,14'443,14'101
412800,4128005,PR,Ubiratã,20'909,20'809,24'749,25'260,25'517,25'732
412810,4128104,PR,Umuarama,112'500,113'416,117'095,120'664,121'972,123'059
412820,4128203,PR,União da Vitória,57'913,58'298,55'033,56'308,56'397,56'560
412830,4128302,PR,Uniflor,2'614,2'623,2'136,2'112,2'121,2'106
412840,4128401,PR,Uraí,11'273,11'233,10'406,10'501,10'407,10'308
412850,4128500,PR,Wenceslau Braz,19'386,19'358,19'188,19'446,19'430,19'398
412853,4128534,PR,Ventania,12'088,12'267,9'681,9'807,9'779,9'760
412855,4128559,PR,Vera Cruz do Oeste,8'454,8'389,8'215,8'280,8'227,8'178
412860,4128609,PR,Verê,7'174,7'094,7'932,8'045,8'051,8'077
412862,4128625,PR,Alto Paraíso,2'685,2'630,3'055,3'064,3'077,3'067
412863,4128633,PR,Doutor Ulysses,5'552,5'525,5'697,5'767,5'773,5'744
412865,4128658,PR,Virmond,4'022,4'051,3'811,3'825,3'842,3'828
412870,4128708,PR,Vitorino,6'859,6'879,9'706,10'020,10'280,10'549
412880,4128807,PR,Xambrê,5'630,5'584,5'798,5'861,5'851,5'835
420005,4200051,SC,Abdon Batista,2'548,2'534,2'598,2'609,2'633,2'629
420010,4200101,SC,Abelardo Luz,17'960,18'015,17'392,17'722,17'736,17'767
420020,4200200,SC,Agrolândia,11'013,11'160,10'990,11'371,11'491,11'646
420030,4200309,SC,Agronômica,5'509,5'570,6'055,6'278,6'394,6'511
420040,4200408,SC,Água Doce,7'152,7'160,6'508,6'666,6'625,6'587
420050,4200507,SC,Águas de Chapecó,6'515,6'544,6'036,6'135,6'128,6'123
420055,4200556,SC,Águas Frias,2'354,2'341,2'839,2'903,2'963,3'000
420060,4200606,SC,Águas Mornas,6'559,6'646,6'743,6'979,7'082,7'193
420070,4200705,SC,Alfredo Wagner,10'086,10'136,10'481,10'775,10'862,10'963
420075,4200754,SC,Alto Bela Vista,1'926,1'915,1'856,1'835,1'860,1'847
420080,4200804,SC,Anchieta,5'557,5'477,5'943,6'023,5'984,5'955
420090,4200903,SC,Angelina,4'743,4'686,5'358,5'449,5'472,5'484
420100,4201000,SC,Anita Garibaldi,6'957,6'783,8'285,8'403,8'367,8'339
420110,4201109,SC,Anitápolis,3'228,3'223,3'593,3'665,3'726,3'761
420120,4201208,SC,Antônio Carlos,8'613,8'712,11'224,11'756,12'118,12'464
420125,4201257,SC,Apiúna,10'848,10'951,9'811,10'030,10'020,10'041
420127,4201273,SC,Arabutã,4'267,4'268,4'378,4'476,4'487,4'505
420130,4201307,SC,Araquari,39'524,40'890,45'283,47'738,50'178,52'079
420140,4201406,SC,Araranguá,68'867,69'493,71'922,74'702,75'597,76'611
420150,4201505,SC,Armazém,8'759,8'843,8'834,9'104,9'188,9'289
420160,4201604,SC,Arroio Trinta,3'549,3'547,3'556,3'612,3'628,3'634
420165,4201653,SC,Arvoredo,2'234,2'228,2'510,2'557,2'600,2'623
420170,4201703,SC,Ascurra,7'978,8'021,8'319,8'564,8'635,8'720
420180,4201802,SC,Atalanta,3'195,3'179,3'227,3'250,3'270,3'265
420190,4201901,SC,Aurora,5'683,5'687,6'780,7'012,7'127,7'241
420195,4201950,SC,Balneário Arroio do Silva,13'430,13'782,15'820,16'600,17'215,17'786
420200,4202008,SC,Balneário Camboriú,145'796,149'227,139'155,145'900,148'758,151'674
420205,4202057,SC,Balneário Barra do Sul,11'035,11'271,14'912,15'669,16'360,16'953
420207,4202073,SC,Balneário Gaivota,11'260,11'537,15'669,16'524,17'306,17'986
420208,4202081,SC,Bandeirante,2'648,2'618,3'144,3'203,3'243,3'265
420209,4202099,SC,Barra Bonita,1'651,1'625,1'668,1'636,1'662,1'642
420210,4202107,SC,Barra Velha,29'860,30'539,45'369,48'317,50'730,52'860
420213,4202131,SC,Bela Vista do Toldo,6'362,6'386,5'872,5'975,5'950,5'939
420215,4202156,SC,Belmonte,2'709,2'712,2'658,2'664,2'709,2'712
420220,4202206,SC,Benedito Novo,11'775,11'896,10'520,10'742,10'738,10'757
420230,4202305,SC,Biguaçu,69'486,70'471,76'773,80'264,82'028,83'756
420240,4202404,SC,Blumenau,361'855,366'418,361'261,376'149,380'597,385'558
420243,4202438,SC,Bocaina do Sul,3'488,3'501,3'515,3'594,3'618,3'639
420245,4202453,SC,Bombinhas,20'335,20'889,25'058,26'524,27'732,28'738
420250,4202503,SC,Bom Jardim da Serra,4'772,4'801,4'026,4'042,4'028,3'995
420253,4202537,SC,Bom Jesus,3'057,3'104,2'777,2'825,2'872,2'896
420257,4202578,SC,Bom Jesus do Oeste,2'139,2'136,2'187,2'200,2'234,2'240
420260,4202602,SC,Bom Retiro,10'060,10'153,8'418,8'510,8'468,8'422
420270,4202701,SC,Botuverá,5'322,5'396,5'363,5'530,5'623,5'705
420280,4202800,SC,Braço do Norte,33'876,34'294,33'773,35'134,35'534,35'985
420285,4202859,SC,Braço do Trombudo,3'769,3'794,4'026,4'150,4'203,4'256
420287,4202875,SC,Brunópolis,2'368,2'318,2'489,2'453,2'466,2'433
420290,4202909,SC,Brusque,137'689,140'597,141'385,148'389,151'949,155'307
420300,4203006,SC,Caçador,79'313,80'017,73'720,75'746,75'998,76'298
420310,4203105,SC,Caibi,6'130,6'112,6'304,6'441,6'431,6'441
420315,4203154,SC,Calmon,3'335,3'325,3'443,3'483,3'513,3'519
420320,4203204,SC,Camboriú,85'105,87'179,103'074,108'869,113'525,117'324
420325,4203253,SC,Capão Alto,2'496,2'467,2'625,2'630,2'647,2'636
420330,4203303,SC,Campo Alegre,11'981,11'985,12'501,12'784,12'815,12'886
420340,4203402,SC,Campo Belo do Sul,6'952,6'889,7'257,7'377,7'342,7'324
420350,4203501,SC,Campo Erê,8'418,8'312,9'623,9'835,9'838,9'864
420360,4203600,SC,Campos Novos,36'556,36'861,36'932,38'307,38'656,39'049
420370,4203709,SC,Canelinha,12'398,12'553,12'821,13'244,13'413,13'618
420380,4203808,SC,Canoinhas,54'480,54'558,55'016,56'630,56'721,56'948
420390,4203907,SC,Capinzal,23'035,23'218,23'314,23'994,24'176,24'414
420395,4203956,SC,Capivari de Baixo,25'177,25'477,23'975,24'653,24'799,25'015
420400,4204004,SC,Catanduvas,10'984,11'106,10'566,10'865,10'938,11'033
420410,4204103,SC,Caxambu do Sul,3'551,3'462,4'614,4'724,4'732,4'752
420415,4204152,SC,Celso Ramos,2'719,2'709,2'805,2'830,2'860,2'864
420417,4204178,SC,Cerro Negro,3'068,3'013,3'317,3'329,3'326,3'303
420419,4204194,SC,Chapadão do Lageado,3'006,3'025,2'950,2'990,3'036,3'053
420420,4204202,SC,Chapecó,224'013,227'587,254'785,269'063,275'959,282'648
420425,4204251,SC,Cocal do Sul,16'821,16'956,17'240,17'766,17'912,18'106
420430,4204301,SC,Concórdia,75'167,75'683,81'646,84'801,85'982,87'206
420435,4204350,SC,Cordilheira Alta,4'520,4'585,4'781,5'023,5'099,5'192
420440,4204400,SC,Coronel Freitas,9'940,9'900,10'388,10'579,10'583,10'604
420445,4204459,SC,Coronel Martins,2'555,2'560,2'065,2'014,2'028,1'993
420450,4204509,SC,Corupá,16'107,16'300,15'267,15'699,15'781,15'912
420455,4204558,SC,Correia Pinto,12'553,12'315,15'727,16'119,16'163,16'253
420460,4204608,SC,Criciúma,217'311,219'393,214'493,223'431,225'281,227'438
420470,4204707,SC,Cunha Porã,11'118,11'150,10'953,11'202,11'208,11'242
420475,4204756,SC,Cunhataí,1'967,1'972,1'968,1'976,2'018,2'026
420480,4204806,SC,Curitibanos,39'893,40'037,40'045,41'343,41'512,41'741
420490,4204905,SC,Descanso,8'192,8'136,8'530,8'701,8'660,8'652
420500,4205001,SC,Dionísio Cerqueira,15'545,15'592,15'008,15'286,15'294,15'316
420510,4205100,SC,Dona Emma,4'186,4'224,4'221,4'328,4'388,4'435
420515,4205159,SC,Doutor Pedrinho,4'115,4'164,3'637,3'690,3'719,3'729
420517,4205175,SC,Entre Rios,3'218,3'232,3'402,3'476,3'525,3'561
420519,4205191,SC,Ermo,2'061,2'059,2'269,2'302,2'349,2'354
420520,4205209,SC,Erval Velho,4'418,4'423,4'885,5'043,5'081,5'137
420530,4205308,SC,Faxinal dos Guedes,10'649,10'630,11'192,11'467,11'486,11'537
420535,4205357,SC,Flor do Sertão,1'579,1'575,1'783,1'804,1'850,1'868
420540,4205407,SC,Florianópolis,508'826,516'524,537'211,565'560,576'361,587'486
420543,4205431,SC,Formosa do Sul,2'495,2'481,2'682,2'707,2'743,2'752
420545,4205456,SC,Forquilhinha,27'211,27'621,31'431,33'040,33'929,34'771
420550,4205506,SC,Fraiburgo,36'584,36'723,33'481,34'262,34'148,34'065
420555,4205555,SC,Frei Rogério,1'970,1'918,2'411,2'419,2'442,2'437
420560,4205605,SC,Galvão,2'791,2'711,3'210,3'197,3'200,3'168
420570,4205704,SC,Garopaba,23'579,24'070,29'959,31'716,32'962,34'070
420580,4205803,SC,Garuva,18'484,18'816,18'545,19'237,19'554,19'970
420590,4205902,SC,Gaspar,70'793,71'925,72'570,75'666,76'982,78'344
420600,4206009,SC,Governador Celso Ramos,14'606,14'739,16'915,17'575,17'920,18'280
420610,4206108,SC,Grão-Pará,6'595,6'621,6'277,6'381,6'397,6'403
420620,4206207,SC,Gravatal,11'577,11'652,12'435,12'853,12'989,13'158
420630,4206306,SC,Guabiruba,24'382,24'922,24'543,25'513,26'082,26'645
420640,4206405,SC,Guaraciaba,10'026,9'964,10'796,11'026,11'040,11'071
420650,4206504,SC,Guaramirim,45'797,46'757,46'711,48'862,49'941,51'009
420660,4206603,SC,Guarujá do Sul,5'178,5'196,4'829,4'901,4'899,4'893
420665,4206652,SC,Guatambú,4'698,4'692,8'425,8'986,9'267,9'611
420670,4206702,SC,Herval d'Oeste,22'714,22'820,21'724,22'157,22'173,22'222
420675,4206751,SC,Ibiam,1'954,1'952,2'008,2'022,2'055,2'061
420680,4206801,SC,Ibicaré,3'178,3'154,3'269,3'290,3'304,3'295
420690,4206900,SC,Ibirama,19'096,19'238,19'862,20'461,20'663,20'900
420700,4207007,SC,Içara,57'247,58'055,59'035,61'474,62'455,63'489
420710,4207106,SC,Ilhota,14'359,14'531,17'046,17'759,18'197,18'627
420720,4207205,SC,Imaruí,9'948,9'764,11'881,12'116,12'127,12'150
420730,4207304,SC,Imbituba,45'286,45'711,52'579,54'936,56'107,57'256
420740,4207403,SC,Imbuia,6'241,6'284,5'982,6'121,6'139,6'166
420750,4207502,SC,Indaial,70'900,72'346,71'549,74'721,76'333,77'888
420757,4207577,SC,Iomerê,2'962,2'979,2'877,2'935,2'953,2'967
420760,4207601,SC,Ipira,4'406,4'367,4'578,4'650,4'635,4'622
420765,4207650,SC,Iporã do Oeste,9'045,9'093,9'335,9'607,9'672,9'759
420768,4207684,SC,Ipuaçu,7'579,7'643,7'730,7'973,8'046,8'133
420770,4207700,SC,Ipumirim,7'620,7'647,7'816,8'028,8'065,8'121
420775,4207759,SC,Iraceminha,3'938,3'901,3'986,4'019,4'005,3'981
420780,4207809,SC,Irani,10'498,10'575,10'195,10'462,10'497,10'560
420785,4207858,SC,Irati,1'909,1'887,2'069,2'066,2'100,2'098
420790,4207908,SC,Irineópolis,11'289,11'354,10'285,10'476,10'437,10'427
420800,4208005,SC,Itá,6'129,6'091,7'067,7'279,7'310,7'370
420810,4208104,SC,Itaiópolis,21'780,21'889,22'051,22'633,22'741,22'906
420820,4208203,SC,Itajaí,223'112,226'617,264'054,278'760,287'289,294'850
420830,4208302,SC,Itapema,67'338,69'323,75'940,80'002,83'330,86'116
420840,4208401,SC,Itapiranga,17'007,17'139,16'638,17'066,17'149,17'268
420845,4208450,SC,Itapoá,21'177,21'766,30'750,32'699,34'546,36'033
420850,4208500,SC,Ituporanga,25'355,25'619,26'525,27'649,28'042,28'461
420860,4208609,SC,Jaborá,3'918,3'899,4'310,4'405,4'435,4'461
420870,4208708,SC,Jacinto Machado,10'376,10'337,10'624,10'843,10'813,10'818
420880,4208807,SC,Jaguaruna,20'288,20'547,20'375,21'036,21'284,21'570
420890,4208906,SC,Jaraguá do Sul,181'173,184'579,182'660,192'073,195'753,199'519
420895,4208955,SC,Jardinópolis,1'546,1'520,1'776,1'774,1'808,1'810
420900,4209003,SC,Joaçaba,30'404,30'684,30'146,31'252,31'509,31'809
420910,4209102,SC,Joinville,597'658,604'708,616'317,646'028,654'888,664'541
420915,4209151,SC,José Boiteux,5'007,5'019,5'985,6'202,6'307,6'415
420917,4209177,SC,Jupiá,2'092,2'083,2'555,2'616,2'675,2'713
420920,4209201,SC,Lacerdópolis,2'247,2'248,2'248,2'267,2'296,2'302
420930,4209300,SC,Lages,157'349,157'158,164'981,170'980,171'609,172'458
420940,4209409,SC,Laguna,46'122,46'424,42'785,44'024,43'992,44'060
420945,4209458,SC,Lajeado Grande,1'418,1'408,1'702,1'714,1'771,1'791
420950,4209508,SC,Laurentino,7'063,7'154,7'932,8'239,8'427,8'605
420960,4209607,SC,Lauro Müller,15'313,15'380,14'381,14'647,14'622,14'628
420970,4209706,SC,Lebon Régis,12'115,12'122,11'472,11'636,11'605,11'575
420980,4209805,SC,Leoberto Leal,3'000,2'960,3'330,3'361,3'381,3'379
420985,4209854,SC,Lindóia do Sul,4'546,4'530,4'549,4'618,4'611,4'604
420990,4209904,SC,Lontras,12'315,12'497,12'873,13'349,13'586,13'829
421000,4210001,SC,Luiz Alves,13'107,13'347,11'684,12'036,12'126,12'246
421003,4210035,SC,Luzerna,5'684,5'683,5'794,5'914,5'931,5'951
421005,4210050,SC,Macieira,1'766,1'757,1'778,1'768,1'800,1'796
421010,4210100,SC,Mafra,56'561,56'825,55'286,56'931,57'023,57'262
421020,4210209,SC,Major Gercino,3'454,3'465,3'214,3'232,3'258,3'253
421030,4210308,SC,Major Vieira,8'156,8'209,7'425,7'558,7'545,7'543
421040,4210407,SC,Maracajá,7'378,7'461,7'815,8'103,8'213,8'344
421050,4210506,SC,Maravilha,26'116,26'463,28'251,29'586,30'155,30'743
421055,4210555,SC,Marema,1'750,1'703,2'184,2'190,2'219,2'218
421060,4210605,SC,Massaranduba,17'125,17'330,17'162,17'716,17'897,18'122
421070,4210704,SC,Matos Costa,2'480,2'442,2'761,2'770,2'795,2'789
421080,4210803,SC,Meleiro,7'001,6'989,7'006,7'146,7'127,7'128
421085,4210852,SC,Mirim Doce,2'283,2'257,2'511,2'514,2'554,2'554
421090,4210902,SC,Modelo,4'218,4'227,4'080,4'146,4'156,4'159
421100,4211009,SC,Mondaí,11'889,12'034,10'066,10'219,10'216,10'206
421105,4211058,SC,Monte Carlo,9'906,9'945,9'117,9'261,9'235,9'218
421110,4211108,SC,Monte Castelo,8'269,8'263,7'736,7'824,7'787,7'747
421120,4211207,SC,Morro da Fumaça,17'947,18'095,18'537,19'094,19'265,19'490
421125,4211256,SC,Morro Grande,2'888,2'884,3'010,3'046,3'085,3'097
421130,4211306,SC,Navegantes,83'626,85'734,86'401,90'941,93'619,96'046
421140,4211405,SC,Nova Erechim,5'092,5'163,5'155,5'347,5'408,5'490
421145,4211454,SC,Nova Itaberaba,4'329,4'327,4'536,4'623,4'648,4'672
421150,4211504,SC,Nova Trento,14'782,15'010,13'727,14'137,14'252,14'395
421160,4211603,SC,Nova Veneza,15'342,15'515,13'664,13'972,13'968,14'004
421165,4211652,SC,Novo Horizonte,2'404,2'366,2'643,2'635,2'670,2'661
421170,4211702,SC,Orleans,23'038,23'161,23'661,24'313,24'474,24'686
421175,4211751,SC,Otacílio Costa,18'975,19'201,17'312,17'722,17'780,17'873
421180,4211801,SC,Ouro,7'272,7'251,7'032,7'129,7'091,7'062
421185,4211850,SC,Ouro Verde,2'207,2'197,2'181,2'171,2'203,2'195
421187,4211876,SC,Paial,1'474,1'444,1'927,1'948,1'992,2'007
421189,4211892,SC,Painel,2'356,2'352,2'215,2'209,2'228,2'216
421190,4211900,SC,Palhoça,175'272,178'679,222'598,235'923,245'477,253'469
421200,4212007,SC,Palma Sola,7'372,7'321,7'605,7'721,7'709,7'696
421205,4212056,SC,Palmeira,2'650,2'673,2'561,2'612,2'640,2'658
421210,4212106,SC,Palmitos,16'157,16'144,15'626,15'849,15'812,15'781
421220,4212205,SC,Papanduva,19'422,19'521,19'150,19'598,19'667,19'769
421223,4212239,SC,Paraíso,3'360,3'284,4'267,4'350,4'376,4'394
421225,4212254,SC,Passo de Torres,9'048,9'269,12'897,13'601,14'284,14'859
421227,4212270,SC,Passos Maia,4'109,4'072,4'034,4'022,4'032,3'997
421230,4212304,SC,Paulo Lopes,7'569,7'642,9'063,9'448,9'661,9'879
421240,4212403,SC,Pedras Grandes,3'953,3'931,4'245,4'332,4'343,4'355
421250,4212502,SC,Penha,33'284,34'022,33'663,35'303,36'124,36'995
421260,4212601,SC,Peritiba,2'760,2'733,2'992,3'015,3'039,3'040
421265,4212650,SC,Pescaria Brava,10'159,10'225,10'190,10'479,10'531,10'615
421270,4212700,SC,Petrolândia,5'905,5'873,6'716,6'886,6'942,6'996
421280,4212809,SC,Balneário Piçarras,23'772,24'385,27'127,28'635,29'725,30'593
421290,4212908,SC,Pinhalzinho,20'712,21'103,21'972,22'852,23'379,23'897
421300,4213005,SC,Pinheiro Preto,3'596,3'635,3'473,3'556,3'598,3'631
421310,4213104,SC,Piratuba,3'745,3'637,5'769,5'991,6'053,6'144
421315,4213153,SC,Planalto Alegre,2'888,2'907,2'946,3'000,3'053,3'081
421320,4213203,SC,Pomerode,34'010,34'561,34'289,35'811,36'392,37'003
421330,4213302,SC,Ponte Alta,4'650,4'619,4'437,4'460,4'430,4'390
421335,4213351,SC,Ponte Alta do Norte,3'420,3'426,3'210,3'218,3'249,3'241
421340,4213401,SC,Ponte Serrada,11'634,11'674,10'649,10'797,10'764,10'732
421350,4213500,SC,Porto Belo,21'932,22'466,27'688,29'272,30'590,31'557
421360,4213609,SC,Porto União,35'543,35'685,32'970,33'862,33'727,33'694
421370,4213708,SC,Pouso Redondo,17'712,17'965,17'123,17'651,17'836,18'051
421380,4213807,SC,Praia Grande,7'312,7'305,8'270,8'541,8'602,8'696
421390,4213906,SC,Presidente Castello Branco,1'547,1'526,1'689,1'685,1'711,1'707
421400,4214003,SC,Presidente Getúlio,17'726,17'973,20'010,20'759,21'293,21'764
421410,4214102,SC,Presidente Nereu,2'283,2'279,2'301,2'307,2'345,2'347
421415,4214151,SC,Princesa,2'937,2'950,2'964,3'017,3'054,3'073
421420,4214201,SC,Quilombo,9'829,9'773,11'022,11'302,11'359,11'433
421430,4214300,SC,Rancho Queimado,2'887,2'897,3'279,3'369,3'435,3'484
421440,4214409,SC,Rio das Antas,6'202,6'199,6'253,6'384,6'386,6'399
421450,4214508,SC,Rio do Campo,5'902,5'864,6'452,6'609,6'613,6'638
421460,4214607,SC,Rio do Oeste,7'520,7'552,7'747,7'965,8'008,8'071
421470,4214706,SC,Rio dos Cedros,11'808,11'937,10'865,11'138,11'163,11'218
421480,4214805,SC,Rio do Sul,72'006,72'931,72'587,75'401,76'390,77'451
421490,4214904,SC,Rio Fortuna,4'620,4'630,4'847,4'974,5'006,5'044
421500,4215000,SC,Rio Negrinho,42'495,42'684,39'261,40'309,40'168,40'132
421505,4215059,SC,Rio Rufino,2'483,2'484,2'397,2'398,2'432,2'429
421507,4215075,SC,Riqueza,4'561,4'525,4'768,4'842,4'835,4'828
421510,4215109,SC,Rodeio,11'600,11'647,12'757,13'177,13'321,13'491
421520,4215208,SC,Romelândia,4'684,4'584,4'823,4'803,4'757,4'684
421530,4215307,SC,Salete,7'659,7'674,7'489,7'638,7'643,7'656
421535,4215356,SC,Saltinho,3'754,3'727,3'632,3'644,3'633,3'604
421540,4215406,SC,Salto Veloso,4'756,4'792,4'390,4'488,4'486,4'495
421545,4215455,SC,Sangão,12'905,13'128,12'882,13'355,13'567,13'797
421550,4215505,SC,Santa Cecília,16'918,17'004,15'546,15'788,15'764,15'749
421555,4215554,SC,Santa Helena,2'200,2'178,2'425,2'434,2'473,2'476
421560,4215604,SC,Santa Rosa de Lima,2'147,2'151,2'088,2'091,2'128,2'131
421565,4215653,SC,Santa Rosa do Sul,8'378,8'397,9'792,10'142,10'288,10'450
421567,4215679,SC,Santa Terezinha,8'773,8'760,8'066,8'114,8'077,8'015
421568,4215687,SC,Santa Terezinha do Progresso,2'372,2'317,2'576,2'547,2'562,2'534
421569,4215695,SC,Santiago do Sul,1'235,1'211,1'651,1'665,1'714,1'732
421570,4215703,SC,Santo Amaro da Imperatriz,23'579,23'907,27'272,28'655,29'392,30'099
421575,4215752,SC,São Bernardino,2'287,2'239,2'684,2'686,2'719,2'715
421580,4215802,SC,São Bento do Sul,85'421,86'317,83'277,86'294,86'851,87'661
421590,4215901,SC,São Bonifácio,2'814,2'791,2'946,2'955,2'986,2'982
421600,4216008,SC,São Carlos,11'369,11'456,10'282,10'479,10'460,10'462
421605,4216057,SC,São Cristóvão do Sul,5'598,5'646,6'084,6'328,6'389,6'489
421610,4216107,SC,São Domingos,9'434,9'422,9'226,9'390,9'356,9'343
421620,4216206,SC,São Francisco do Sul,53'746,54'751,52'674,54'970,55'784,56'726
421625,4216255,SC,São João do Oeste,6'402,6'423,6'295,6'443,6'446,6'467
421630,4216305,SC,São João Batista,38'583,39'719,32'687,34'169,34'733,35'336
421635,4216354,SC,São João do Itaperiú,3'759,3'784,4'463,4'631,4'732,4'827
421640,4216404,SC,São João do Sul,7'315,7'332,8'668,8'994,9'126,9'278
421650,4216503,SC,São Joaquim,27'139,27'322,25'939,26'767,26'852,26'982
421660,4216602,SC,São José,250'181,253'705,270'299,284'205,289'949,295'658
421670,4216701,SC,São José do Cedro,13'820,13'811,14'167,14'479,14'491,14'538
421680,4216800,SC,São José do Cerrito,8'173,8'054,8'708,8'835,8'755,8'706
421690,4216909,SC,São Lourenço do Oeste,24'291,24'501,24'791,25'546,25'770,26'056
421700,4217006,SC,São Ludgero,13'650,13'886,13'509,13'991,14'211,14'444
421710,4217105,SC,São Martinho,3'171,3'162,3'405,3'461,3'501,3'520
421715,4217154,SC,São Miguel da Boa Vista,1'807,1'794,1'781,1'771,1'788,1'777
421720,4217204,SC,São Miguel do Oeste,40'868,41'246,44'330,46'237,46'969,47'724
421725,4217253,SC,São Pedro de Alcântara,5'935,6'046,5'776,5'981,6'076,6'175
421730,4217303,SC,Saudades,9'810,9'874,10'265,10'595,10'680,10'799
421740,4217402,SC,Schroeder,21'991,22'605,20'061,20'865,21'273,21'710
421750,4217501,SC,Seara,17'576,17'610,18'620,19'109,19'241,19'399
421755,4217550,SC,Serra Alta,3'256,3'249,3'303,3'340,3'367,3'370
421760,4217600,SC,Siderópolis,14'092,14'176,13'714,14'049,14'087,14'156
421770,4217709,SC,Sombrio,30'733,31'084,29'991,31'145,31'397,31'722
421775,4217758,SC,Sul Brasil,2'423,2'386,2'832,2'864,2'894,2'900
421780,4217808,SC,Taió,18'486,18'576,18'310,18'746,18'808,18'909
421790,4217907,SC,Tangará,8'662,8'648,8'143,8'234,8'189,8'144
421795,4217956,SC,Tigrinhos,1'619,1'606,2'329,2'400,2'480,2'535
421800,4218004,SC,Tijucas,39'155,39'889,51'592,54'316,56'674,58'695
421810,4218103,SC,Timbé do Sul,5'343,5'338,5'386,5'493,5'495,5'503
421820,4218202,SC,Timbó,44'977,45'703,46'099,48'054,48'903,49'768
421825,4218251,SC,Timbó Grande,7'941,8'003,7'342,7'507,7'503,7'521
421830,4218301,SC,Três Barras,19'366,19'455,19'746,20'285,20'373,20'525
421835,4218350,SC,Treviso,3'966,4'002,3'782,3'870,3'895,3'920
421840,4218400,SC,Treze de Maio,7'093,7'104,7'362,7'558,7'585,7'633
421850,4218509,SC,Treze Tílias,7'991,8'138,8'787,9'081,9'308,9'531
421860,4218608,SC,Trombudo Central,7'434,7'506,7'274,7'491,7'532,7'599
421870,4218707,SC,Tubarão,106'422,107'143,110'088,114'422,115'495,116'725
421875,4218756,SC,Tunápolis,4'525,4'507,4'916,5'051,5'054,5'081
421880,4218806,SC,Turvo,12'990,13'080,13'043,13'410,13'492,13'604
421885,4218855,SC,União do Oeste,2'412,2'364,2'774,2'777,2'801,2'791
421890,4218905,SC,Urubici,11'273,11'311,10'834,11'066,11'048,11'064
421895,4218954,SC,Urupema,2'459,2'453,2'656,2'701,2'735,2'751
421900,4219002,SC,Urussanga,21'344,21'419,20'919,21'379,21'395,21'464
421910,4219101,SC,Vargeão,3'571,3'569,3'634,3'690,3'716,3'726
421915,4219150,SC,Vargem,2'432,2'387,2'627,2'608,2'632,2'613
421917,4219176,SC,Vargem Bonita,4'451,4'411,4'576,4'621,4'615,4'597
421920,4219200,SC,Vidal Ramos,6'329,6'321,6'189,6'284,6'275,6'266
421930,4219309,SC,Videira,53'610,54'145,55'466,57'636,58'299,59'074
421935,4219358,SC,Vitor Meireles,4'943,4'907,5'370,5'488,5'492,5'507
421940,4219408,SC,Witmarsum,3'998,4'032,4'255,4'381,4'451,4'513
421950,4219507,SC,Xanxerê,51'642,52'290,51'607,53'550,54'194,54'891
421960,4219606,SC,Xavantina,3'903,3'873,3'653,3'646,3'627,3'583
421970,4219705,SC,Xaxim,28'983,29'254,31'918,33'318,33'902,34'485
421985,4219853,SC,Zortéa,3'398,3'432,3'930,4'069,4'170,4'257
422000,4220000,SC,Balneário Rincão,12'946,13'129,15'981,16'737,17'226,17'697
430003,4300034,RS,Aceguá,4'942,4'981,4'170,4'235,4'253,4'251
430005,4300059,RS,Água Santa,3'743,3'738,3'912,3'970,4'000,4'003
430010,4300109,RS,Agudo,16'401,16'344,16'041,16'399,16'346,16'341
430020,4300208,RS,Ajuricaba,6'987,6'951,6'720,6'882,6'848,6'843
430030,4300307,RS,Alecrim,5'827,5'710,6'123,6'294,6'228,6'219
430040,4300406,RS,Alegrete,73'028,72'493,72'409,74'795,74'329,74'285
430045,4300455,RS,Alegria,3'374,3'287,3'651,3'743,3'711,3'705
430047,4300471,RS,Almirante Tamandaré do Sul,1'949,1'935,1'969,1'989,2'008,2'007
430050,4300505,RS,Alpestre,6'067,5'885,7'117,7'311,7'243,7'235
430055,4300554,RS,Alto Alegre,1'613,1'590,1'800,1'816,1'837,1'837
430057,4300570,RS,Alto Feliz,3'036,3'043,3'072,3'101,3'143,3'145
430060,4300604,RS,Alvorada,211'352,212'352,187'315,195'035,194'116,194'062
430063,4300638,RS,Amaral Ferrador,7'085,7'136,5'310,5'455,5'394,5'384
430064,4300646,RS,Ametista do Sul,7'403,7'396,7'650,7'792,7'822,7'826
430066,4300661,RS,André da Rocha,1'343,1'351,1'135,1'129,1'157,1'156
430070,4300703,RS,Anta Gorda,5'961,5'941,5'957,6'072,6'080,6'080
430080,4300802,RS,Antônio Prado,13'045,13'041,13'045,13'319,13'328,13'332
430085,4300851,RS,Arambaré,3'562,3'544,4'112,4'176,4'211,4'215
430087,4300877,RS,Araricá,5'771,5'840,8'525,8'487,8'794,8'831
430090,4300901,RS,Aratiba,6'189,6'145,6'483,6'627,6'618,6'618
430100,4301008,RS,Arroio do Meio,20'967,21'121,21'958,22'217,22'490,22'523
430105,4301057,RS,Arroio do Sal,10'279,10'483,11'057,11'115,11'384,11'418
430107,4301073,RS,Arroio do Padre,2'951,2'966,2'599,2'638,2'651,2'650
430110,4301107,RS,Arroio dos Ratos,14'177,14'201,14'601,14'856,14'923,14'934
430120,4301206,RS,Arroio do Tigre,13'413,13'452,12'058,12'356,12'296,12'291
430130,4301305,RS,Arroio Grande,18'238,18'185,17'558,17'955,17'887,17'879
430140,4301404,RS,Arvorezinha,10'423,10'422,10'322,10'540,10'545,10'547
430150,4301503,RS,Augusto Pestana,6'602,6'545,7'149,7'304,7'302,7'303
430155,4301552,RS,Áurea,3'535,3'517,3'396,3'460,3'460,3'458
430160,4301602,RS,Bagé,121'335,121'518,117'938,121'898,121'900,121'928
430163,4301636,RS,Balneário Pinhal,14'363,14'645,14'955,15'056,15'371,15'413
430165,4301651,RS,Barão,6'202,6'232,6'461,6'425,6'489,6'496
430170,4301701,RS,Barão de Cotegipe,6'620,6'616,7'144,7'262,7'313,7'320
430175,4301750,RS,Barão do Triunfo,7'519,7'550,5'889,6'047,5'983,5'972
430180,4301800,RS,Barracão,5'256,5'237,4'831,4'950,4'920,4'915
430185,4301859,RS,Barra do Guarita,3'257,3'266,3'161,3'192,3'230,3'231
430187,4301875,RS,Barra do Quaraí,4'227,4'238,4'241,4'295,4'337,4'340
430190,4301909,RS,Barra do Ribeiro,13'556,13'618,12'225,12'510,12'475,12'473
430192,4301925,RS,Barra do Rio Azul,1'655,1'621,1'696,1'715,1'724,1'721
430195,4301958,RS,Barra Funda,2'551,2'563,2'498,2'519,2'555,2'557
430200,4302006,RS,Barros Cassal,11'182,11'167,9'296,9'568,9'442,9'425
430205,4302055,RS,Benjamin Constant do Sul,1'958,1'924,2'082,2'096,2'120,2'118
430210,4302105,RS,Bento Gonçalves,121'803,123'090,123'151,126'114,127'775,127'977
430215,4302154,RS,Boa Vista das Missões,2'092,2'087,1'933,1'952,1'969,1'968
430220,4302204,RS,Boa Vista do Buricá,6'712,6'712,6'966,7'098,7'125,7'129
430222,4302220,RS,Boa Vista do Cadeado,2'468,2'466,2'229,2'258,2'271,2'269
430223,4302238,RS,Boa Vista do Incra,2'616,2'628,2'271,2'297,2'315,2'314
430225,4302253,RS,Boa Vista do Sul,2'778,2'773,2'779,2'792,2'815,2'815
430230,4302303,RS,Bom Jesus,11'309,11'270,11'202,11'421,11'431,11'429
430235,4302352,RS,Bom Princípio,14'255,14'446,13'142,13'543,13'650,13'665
430237,4302378,RS,Bom Progresso,1'899,1'858,2'096,2'114,2'134,2'132
430240,4302402,RS,Bom Retiro do Sul,12'390,12'448,12'294,12'511,12'578,12'587
430245,4302451,RS,Boqueirão do Leão,7'702,7'691,6'247,6'290,6'215,6'202
430250,4302501,RS,Bossoroca,6'205,6'135,5'890,6'037,5'988,5'978
430258,4302584,RS,Bozano,2'111,2'099,2'151,2'176,2'195,2'195
430260,4302600,RS,Braga,3'311,3'271,3'268,3'325,3'326,3'322
430265,4302659,RS,Brochier,5'104,5'132,4'966,5'047,5'079,5'083
430270,4302709,RS,Butiá,20'952,20'963,19'084,19'557,19'433,19'421
430280,4302808,RS,Caçapava do Sul,33'548,33'476,32'515,33'623,33'508,33'501
430290,4302907,RS,Cacequi,12'423,12'291,11'157,11'469,11'324,11'300
430300,4303004,RS,Cachoeira do Sul,81'869,81'552,80'070,82'563,82'250,82'222
430310,4303103,RS,Cachoeirinha,131'240,132'144,136'258,139'719,141'303,141'503
430320,4303202,RS,Cacique Doble,5'074,5'083,4'603,4'707,4'694,4'692
430330,4303301,RS,Caibaté,4'823,4'802,4'704,4'808,4'797,4'795
430340,4303400,RS,Caiçara,4'700,4'659,4'836,4'941,4'933,4'931
430350,4303509,RS,Camaquã,66'478,66'686,62'200,64'097,63'959,63'961
430355,4303558,RS,Camargo,2'742,2'750,2'981,2'999,3'056,3'060
430360,4303608,RS,Cambará do Sul,6'406,6'383,6'361,6'482,6'492,6'490
430367,4303673,RS,Campestre da Serra,3'395,3'402,3'242,3'288,3'311,3'311
430370,4303707,RS,Campina das Missões,5'398,5'325,5'882,6'018,6'001,5'999
430380,4303806,RS,Campinas do Sul,5'438,5'422,5'284,5'396,5'390,5'388
430390,4303905,RS,Campo Bom,69'458,69'981,62'886,64'734,64'704,64'719
430400,4304002,RS,Campo Novo,4'376,4'273,4'975,5'077,5'068,5'063
430410,4304101,RS,Campos Borges,3'295,3'272,3'613,3'684,3'693,3'695
430420,4304200,RS,Candelária,31'421,31'475,28'906,29'893,29'783,29'775
430430,4304309,RS,Cândido Godói,6'151,6'106,6'294,6'438,6'421,6'419
430435,4304358,RS,Candiota,9'647,9'707,10'710,10'881,10'992,11'012
430440,4304408,RS,Canela,45'488,45'957,48'946,49'757,50'613,50'715
430450,4304507,RS,Canguçu,56'211,56'370,49'680,51'334,50'998,50'968
430460,4304606,RS,Canoas,348'208,349'728,347'657,357'869,359'554,359'840
430461,4304614,RS,Canudos do Vale,1'705,1'693,1'656,1'671,1'687,1'686
430462,4304622,RS,Capão Bonito do Sul,1'641,1'628,1'733,1'741,1'769,1'769
430463,4304630,RS,Capão da Canoa,54'051,55'009,63'594,63'986,66'012,66'234
430465,4304655,RS,Capão do Cipó,3'699,3'745,3'119,3'163,3'186,3'187
430466,4304663,RS,Capão do Leão,25'409,25'462,26'487,27'220,27'389,27'416
430467,4304671,RS,Capivari do Sul,4'728,4'793,3'991,4'045,4'079,4'080
430468,4304689,RS,Capela de Santana,12'064,12'183,11'159,11'373,11'416,11'424
430469,4304697,RS,Capitão,2'763,2'770,2'921,2'946,2'991,2'994
430470,4304705,RS,Carazinho,62'265,62'413,61'804,63'458,63'638,63'670
430471,4304713,RS,Caraá,8'350,8'426,7'394,7'555,7'553,7'555
430480,4304804,RS,Carlos Barbosa,30'241,30'630,30'420,31'102,31'528,31'585
430485,4304853,RS,Carlos Gomes,1'351,1'327,1'368,1'378,1'387,1'384
430490,4304903,RS,Casca,9'051,9'070,9'465,9'609,9'689,9'698
430495,4304952,RS,Caseiros,3'216,3'228,3'000,3'038,3'064,3'064
430500,4305009,RS,Catuípe,8'701,8'631,8'674,8'893,8'840,8'834
430510,4305108,RS,Caxias do Sul,517'451,523'716,463'501,477'390,479'256,479'599
430511,4305116,RS,Centenário,2'877,2'865,2'721,2'777,2'779,2'777
430512,4305124,RS,Cerrito,6'047,6'005,5'808,5'942,5'915,5'910
430513,4305132,RS,Cerro Branco,4'706,4'720,3'802,3'894,3'865,3'859
430515,4305157,RS,Cerro Grande,2'296,2'281,2'379,2'403,2'429,2'428
430517,4305173,RS,Cerro Grande do Sul,12'413,12'579,9'178,9'436,9'343,9'333
430520,4305207,RS,Cerro Largo,14'189,14'243,13'705,13'984,14'009,14'014
430530,4305306,RS,Chapada,9'239,9'211,9'540,9'733,9'748,9'751
430535,4305355,RS,Charqueadas,41'258,41'705,35'012,36'135,36'109,36'110
430537,4305371,RS,Charrua,3'252,3'228,2'768,2'817,2'807,2'800
430540,4305405,RS,Chiapetta,3'719,3'684,3'913,3'974,3'992,3'991
430543,4305439,RS,Chuí,6'770,6'832,6'262,6'387,6'405,6'409
430544,4305447,RS,Chuvisca,5'480,5'518,4'597,4'706,4'686,4'682
430545,4305454,RS,Cidreira,16'583,16'897,17'071,17'178,17'538,17'583
430550,4305504,RS,Ciríaco,4'719,4'693,4'149,4'246,4'215,4'208
430558,4305587,RS,Colinas,2'469,2'466,2'423,2'453,2'474,2'474
430560,4305603,RS,Colorado,3'130,3'088,3'258,3'320,3'319,3'316
430570,4305702,RS,Condor,6'759,6'766,6'406,6'543,6'539,6'538
430580,4305801,RS,Constantina,9'907,9'903,10'385,10'568,10'623,10'631
430583,4305835,RS,Coqueiro Baixo,1'495,1'490,1'290,1'310,1'311,1'308
430585,4305850,RS,Coqueiros do Sul,2'286,2'267,2'211,2'240,2'251,2'248
430587,4305871,RS,Coronel Barros,2'520,2'521,2'822,2'853,2'892,2'896
430590,4305900,RS,Coronel Bicaco,7'268,7'213,6'144,6'298,6'230,6'214
430593,4305934,RS,Coronel Pilar,1'614,1'602,1'607,1'626,1'638,1'637
430595,4305959,RS,Cotiporã,3'838,3'824,3'846,3'917,3'926,3'926
430597,4305975,RS,Coxilha,2'743,2'731,2'667,2'701,2'719,2'718
430600,4306007,RS,Crissiumal,13'357,13'269,12'886,13'224,13'127,13'116
430605,4306056,RS,Cristal,8'067,8'121,7'299,7'458,7'454,7'455
430607,4306072,RS,Cristal do Sul,2'844,2'840,2'692,2'744,2'746,2'745
430610,4306106,RS,Cruz Alta,59'922,59'561,58'913,60'747,60'486,60'454
430613,4306130,RS,Cruzaltense,1'799,1'765,1'635,1'654,1'655,1'650
430620,4306205,RS,Cruzeiro do Sul,12'402,12'457,11'600,12'566,12'571,12'574
430630,4306304,RS,David Canabarro,4'736,4'732,4'321,4'424,4'403,4'400
430632,4306320,RS,Derrubadas,2'761,2'718,2'751,2'798,2'797,2'793
430635,4306353,RS,Dezesseis de Novembro,2'378,2'331,2'507,2'542,2'544,2'540
430637,4306379,RS,Dilermando de Aguiar,3'002,2'991,2'806,2'861,2'859,2'856
430640,4306403,RS,Dois Irmãos,33'119,33'547,30'709,31'545,31'769,31'804
430642,4306429,RS,Dois Irmãos das Missões,2'008,1'992,2'090,2'099,2'133,2'132
430645,4306452,RS,Dois Lajeados,3'405,3'410,3'097,3'137,3'158,3'156
430650,4306502,RS,Dom Feliciano,15'487,15'556,13'051,13'411,13'291,13'280
430655,4306551,RS,Dom Pedro de Alcântara,2'527,2'520,2'562,2'587,2'617,2'617
430660,4306601,RS,Dom Pedrito,38'339,38'222,36'981,38'258,38'094,38'080
430670,4306700,RS,Dona Francisca,2'999,2'958,3'079,3'126,3'136,3'133
430673,4306734,RS,Doutor Maurício Cardoso,4'462,4'380,4'470,4'583,4'542,4'534
430675,4306759,RS,Doutor Ricardo,1'975,1'967,1'888,1'908,1'925,1'924
430676,4306767,RS,Eldorado do Sul,41'902,42'490,39'559,40'553,40'954,41'012
430680,4306809,RS,Encantado,22'880,23'047,22'962,23'303,23'494,23'520
430690,4306908,RS,Encruzilhada do Sul,25'960,26'039,23'819,24'362,24'280,24'275
430692,4306924,RS,Engenho Velho,982,932,1'296,1'297,1'317,1'315
430693,4306932,RS,Entre-Ijuís,8'411,8'350,9'158,9'352,9'364,9'367
430695,4306957,RS,Entre Rios do Sul,2'758,2'724,2'685,2'727,2'731,2'727
430697,4306973,RS,Erebango,2'982,2'978,3'054,3'073,3'121,3'122
430700,4307005,RS,Erechim,106'633,107'368,105'705,108'730,109'497,109'609
430705,4307054,RS,Ernestina,3'170,3'171,3'034,3'084,3'097,3'097
430710,4307104,RS,Herval,6'814,6'807,6'191,6'329,6'307,6'302
430720,4307203,RS,Erval Grande,4'819,4'780,4'930,5'037,5'029,5'027
430730,4307302,RS,Erval Seco,6'802,6'697,6'787,6'959,6'902,6'892
430740,4307401,RS,Esmeralda,3'287,3'291,3'195,3'228,3'264,3'264
430745,4307450,RS,Esperança do Sul,2'885,2'846,3'226,3'284,3'294,3'293
430750,4307500,RS,Espumoso,15'591,15'594,15'173,15'501,15'478,15'478
430755,4307559,RS,Estação,5'940,5'924,5'582,5'707,5'688,5'685
430760,4307609,RS,Estância Velha,50'672,51'292,47'924,49'040,49'440,49'499
430770,4307708,RS,Esteio,83'279,83'352,76'137,78'686,78'181,78'144
430780,4307807,RS,Estrela,34'399,34'669,32'183,33'119,33'243,33'263
430781,4307815,RS,Estrela Velha,3'650,3'646,3'070,3'120,3'120,3'115
430783,4307831,RS,Eugênio de Castro,2'352,2'310,2'633,2'660,2'685,2'683
430786,4307864,RS,Fagundes Varela,2'741,2'750,2'566,2'593,2'620,2'620
430790,4307906,RS,Farroupilha,73'061,73'758,70'286,71'975,72'477,72'552
430800,4308003,RS,Faxinal do Soturno,6'663,6'651,6'702,6'848,6'846,6'846
430805,4308052,RS,Faxinalzinho,2'284,2'256,2'520,2'545,2'572,2'572
430807,4308078,RS,Fazenda Vilanova,4'608,4'680,4'291,4'340,4'399,4'405
430810,4308102,RS,Feliz,13'640,13'728,13'764,13'874,13'979,13'994
430820,4308201,RS,Flores da Cunha,31'063,31'352,30'892,31'679,31'973,32'015
430825,4308250,RS,Floriano Peixoto,1'737,1'709,1'668,1'688,1'694,1'690
430830,4308300,RS,Fontoura Xavier,10'241,10'181,9'550,9'804,9'721,9'710
430840,4308409,RS,Formigueiro,6'616,6'569,6'413,6'568,6'533,6'527
430843,4308433,RS,Forquetinha,2'400,2'389,2'393,2'426,2'441,2'441
430845,4308458,RS,Fortaleza dos Valos,4'285,4'252,4'477,4'562,4'569,4'569
430850,4308508,RS,Frederico Westphalen,31'498,31'675,32'627,33'360,33'684,33'726
430860,4308607,RS,Garibaldi,35'440,35'794,34'335,35'215,35'522,35'563
430865,4308656,RS,Garruchos,2'886,2'851,2'688,2'739,2'729,2'724
430870,4308706,RS,Gaurama,5'489,5'447,5'665,5'789,5'780,5'779
430880,4308805,RS,General Câmara,8'361,8'339,7'612,7'801,7'751,7'743
430885,4308854,RS,Gentil,1'626,1'619,1'744,1'738,1'783,1'784
430890,4308904,RS,Getúlio Vargas,16'184,16'158,16'602,16'928,16'950,16'955
430900,4309001,RS,Giruá,15'863,15'729,16'013,16'359,16'282,16'273
430905,4309050,RS,Glorinha,8'204,8'304,7'658,7'779,7'842,7'851
430910,4309100,RS,Gramado,36'555,36'864,40'134,40'953,41'621,41'705
430912,4309126,RS,Gramado dos Loureiros,2'058,2'036,2'014,2'039,2'049,2'047
430915,4309159,RS,Gramado Xavier,4'352,4'378,3'304,3'367,3'356,3'350
430920,4309209,RS,Gravataí,283'620,285'564,265'074,274'846,275'294,275'430
430925,4309258,RS,Guabiju,1'490,1'478,1'417,1'426,1'442,1'441
430930,4309308,RS,Guaíba,98'239,98'331,92'924,96'305,95'956,95'946
430940,4309407,RS,Guaporé,25'968,26'199,25'268,25'916,26'138,26'168
430950,4309506,RS,Guarani das Missões,7'463,7'393,7'415,7'608,7'553,7'547
430955,4309555,RS,Harmonia,4'917,4'967,5'378,5'419,5'524,5'535
430957,4309571,RS,Herveiras,3'019,3'019,2'565,2'594,2'608,2'604
430960,4309605,RS,Horizontina,19'389,19'446,18'851,19'222,19'246,19'252
430965,4309654,RS,Hulha Negra,6'836,6'894,5'976,6'099,6'102,6'102
430970,4309704,RS,Humaitá,4'736,4'712,4'681,4'784,4'774,4'772
430975,4309753,RS,Ibarama,4'399,4'393,3'732,3'818,3'793,3'787
430980,4309803,RS,Ibiaçá,4'699,4'690,4'527,4'622,4'618,4'617
430990,4309902,RS,Ibiraiaras,7'265,7'267,6'776,6'848,6'830,6'827
430995,4309951,RS,Ibirapuitã,4'000,3'988,3'723,3'785,3'793,3'789
431000,4310009,RS,Ibirubá,20'413,20'474,21'583,21'885,22'082,22'106
431010,4310108,RS,Igrejinha,37'340,37'754,32'808,34'722,34'763,34'776
431020,4310207,RS,Ijuí,83'764,84'041,84'780,87'277,87'775,87'848
431030,4310306,RS,Ilópolis,4'066,4'054,4'157,4'228,4'245,4'245
431033,4310330,RS,Imbé,23'271,23'721,26'824,27'141,27'931,28'027
431036,4310363,RS,Imigrante,3'100,3'103,3'080,3'117,3'148,3'149
431040,4310405,RS,Independência,6'109,6'054,6'427,6'575,6'558,6'557
431041,4310413,RS,Inhacorá,2'215,2'207,2'014,2'031,2'049,2'047
431043,4310439,RS,Ipê,6'689,6'736,5'399,5'512,5'496,5'490
431046,4310462,RS,Ipiranga do Sul,1'880,1'871,1'720,1'740,1'750,1'748
431050,4310504,RS,Iraí,7'141,7'046,7'482,7'656,7'624,7'619
431053,4310538,RS,Itaara,5'537,5'573,5'572,5'673,5'706,5'712
431055,4310553,RS,Itacurubi,3'460,3'456,2'995,3'043,3'042,3'038
431057,4310579,RS,Itapuca,2'065,2'037,1'937,1'955,1'967,1'963
431060,4310603,RS,Itaqui,37'489,37'363,35'768,37'034,36'830,36'811
431065,4310652,RS,Itati,2'397,2'377,2'638,2'660,2'695,2'696
431070,4310702,RS,Itatiba do Sul,3'231,3'143,3'208,3'278,3'249,3'240
431075,4310751,RS,Ivorá,1'881,1'854,1'929,1'960,1'964,1'962
431080,4310801,RS,Ivoti,24'690,25'068,22'983,23'327,23'533,23'566
431085,4310850,RS,Jaboticaba,3'773,3'738,3'779,3'860,3'850,3'847
431087,4310876,RS,Jacuizinho,2'706,2'718,2'040,2'069,2'070,2'066
431090,4310900,RS,Jacutinga,3'546,3'532,3'338,3'397,3'401,3'398
431100,4311007,RS,Jaguarão,26'500,26'327,26'603,27'520,27'406,27'396
431110,4311106,RS,Jaguari,10'765,10'684,10'579,10'856,10'779,10'771
431112,4311122,RS,Jaquirana,3'662,3'611,3'690,3'745,3'755,3'751
431113,4311130,RS,Jari,3'486,3'472,3'349,3'411,3'414,3'412
431115,4311155,RS,Jóia,8'566,8'571,7'184,7'379,7'305,7'294
431120,4311205,RS,Júlio de Castilhos,19'224,19'159,18'226,18'674,18'557,18'545
431123,4311239,RS,Lagoa Bonita do Sul,2'921,2'939,2'251,2'281,2'287,2'283
431125,4311254,RS,Lagoão,6'461,6'469,5'341,5'477,5'429,5'421
431127,4311270,RS,Lagoa dos Três Cantos,1'607,1'604,1'738,1'748,1'779,1'781
431130,4311304,RS,Lagoa Vermelha,27'778,27'751,27'659,28'592,28'617,28'622
431140,4311403,RS,Lajeado,85'033,86'005,93'646,94'954,96'651,96'879
431142,4311429,RS,Lajeado do Bugre,2'566,2'569,2'601,2'627,2'660,2'661
431150,4311502,RS,Lavras do Sul,7'444,7'410,7'157,7'335,7'294,7'290
431160,4311601,RS,Liberato Salzano,5'152,5'087,4'781,4'892,4'854,4'845
431162,4311627,RS,Lindolfo Collor,6'125,6'193,6'248,6'322,6'409,6'420
431164,4311643,RS,Linha Nova,1'719,1'724,1'683,1'700,1'720,1'721
431170,4311700,RS,Machadinho,5'427,5'411,5'735,5'854,5'864,5'867
431171,4311718,RS,Maçambará,4'562,4'539,4'425,4'493,4'487,4'485
431173,4311734,RS,Mampituba,2'973,2'965,3'131,3'170,3'201,3'203
431175,4311759,RS,Manoel Viana,7'307,7'315,6'801,6'935,6'917,6'915
431177,4311775,RS,Maquiné,6'681,6'747,7'418,7'561,7'588,7'593
431179,4311791,RS,Maratá,2'702,2'713,2'470,2'503,2'521,2'521
431180,4311809,RS,Marau,44'858,45'523,45'124,46'027,46'656,46'748
431190,4311908,RS,Marcelino Ramos,4'319,4'239,4'320,4'432,4'389,4'382
431198,4311981,RS,Mariana Pimentel,3'888,3'892,3'916,3'977,4'003,4'005
431200,4312005,RS,Mariano Moro,2'009,1'987,1'858,1'872,1'888,1'884
431205,4312054,RS,Marques de Souza,3'995,3'981,3'969,4'045,4'050,4'050
431210,4312104,RS,Mata,4'797,4'760,4'698,4'814,4'786,4'782
431213,4312138,RS,Mato Castelhano,2'542,2'543,2'553,2'576,2'610,2'611
431215,4312153,RS,Mato Leitão,4'573,4'627,4'859,4'911,4'990,5'001
431217,4312179,RS,Mato Queimado,1'629,1'611,1'795,1'808,1'833,1'833
431220,4312203,RS,Maximiliano de Almeida,4'314,4'254,4'191,4'292,4'258,4'251
431225,4312252,RS,Minas do Leão,8'103,8'130,7'505,7'652,7'661,7'661
431230,4312302,RS,Miraguaí,4'911,4'899,4'427,4'531,4'506,4'501
431235,4312351,RS,Montauri,1'441,1'430,1'499,1'504,1'530,1'530
431237,4312377,RS,Monte Alegre dos Campos,3'232,3'237,3'180,3'210,3'250,3'251
431238,4312385,RS,Monte Belo do Sul,2'530,2'514,2'557,2'592,2'609,2'608
431240,4312401,RS,Montenegro,65'721,66'157,64'322,65'935,66'295,66'352
431242,4312427,RS,Mormaço,3'113,3'139,2'756,2'795,2'815,2'815
431244,4312443,RS,Morrinhos do Sul,2'919,2'891,3'071,3'123,3'134,3'133
431245,4312450,RS,Morro Redondo,6'589,6'609,6'046,6'188,6'169,6'168
431247,4312476,RS,Morro Reuter,6'513,6'570,6'029,6'131,6'163,6'167
431250,4312500,RS,Mostardas,12'847,12'888,12'090,12'350,12'346,12'347
431260,4312609,RS,Muçum,4'961,4'967,4'601,4'690,4'694,4'692
431261,4312617,RS,Muitos Capões,3'173,3'184,2'879,2'909,2'938,2'937
431262,4312625,RS,Muliterno,1'897,1'901,1'721,1'741,1'755,1'754
431265,4312658,RS,Não-Me-Toque,17'758,17'886,17'898,18'139,18'314,18'335
431267,4312674,RS,Nicolau Vergueiro,1'674,1'667,1'932,1'951,1'979,1'982
431270,4312708,RS,Nonoai,11'633,11'574,13'719,13'930,14'056,14'074
431275,4312757,RS,Nova Alvorada,3'663,3'698,3'163,3'210,3'229,3'229
431280,4312807,RS,Nova Araçá,4'826,4'890,4'954,4'997,5'086,5'098
431290,4312906,RS,Nova Bassano,10'005,10'089,9'649,9'801,9'877,9'867
431295,4312955,RS,Nova Boa Vista,1'753,1'731,2'042,2'062,2'088,2'089
431300,4313003,RS,Nova Bréscia,3'337,3'345,3'044,3'096,3'105,3'104
431301,4313011,RS,Nova Candelária,2'688,2'677,3'061,3'096,3'134,3'138
431303,4313037,RS,Nova Esperança do Sul,5'410,5'465,4'865,4'951,4'974,4'976
431306,4313060,RS,Nova Hartz,21'875,22'147,20'088,20'446,20'539,20'558
431308,4313086,RS,Nova Pádua,2'558,2'563,2'343,2'374,2'390,2'389
431310,4313102,RS,Nova Palma,6'515,6'519,5'586,5'719,5'683,5'676
431320,4313201,RS,Nova Petrópolis,21'536,21'717,23'300,23'590,23'889,23'934
431330,4313300,RS,Nova Prata,27'648,28'021,25'692,26'342,26'587,26'637
431333,4313334,RS,Nova Ramada,2'218,2'195,2'163,2'192,2'201,2'198
431335,4313359,RS,Nova Roma do Sul,3'717,3'743,3'466,3'524,3'543,3'545
431337,4313375,RS,Nova Santa Rita,29'905,30'482,29'024,29'556,30'121,30'189
431339,4313391,RS,Novo Cabrais,4'222,4'246,3'568,3'635,3'636,3'633
431340,4313409,RS,Novo Hamburgo,247'032,247'303,227'646,237'158,235'879,235'802
431342,4313425,RS,Novo Machado,3'256,3'191,3'198,3'272,3'246,3'239
431344,4313441,RS,Novo Tiradentes,2'200,2'189,2'146,2'170,2'188,2'187
431346,4313466,RS,Novo Xingu,1'712,1'705,1'646,1'658,1'678,1'677
431349,4313490,RS,Novo Barreiro,4'175,4'185,4'272,4'332,4'371,4'375
431350,4313508,RS,Osório,46'414,46'815,47'396,48'407,48'929,48'999
431360,4313607,RS,Paim Filho,3'778,3'731,3'629,3'714,3'691,3'685
431365,4313656,RS,Palmares do Sul,11'330,11'342,12'844,13'039,13'170,13'189
431370,4313706,RS,Palmeira das Missões,33'131,32'967,33'216,34'338,34'233,34'227
431380,4313805,RS,Palmitinho,7'056,7'056,7'839,7'964,8'032,8'042
431390,4313904,RS,Panambi,44'128,44'583,43'515,44'621,45'042,45'102
431395,4313953,RS,Pantano Grande,9'083,8'995,10'212,10'420,10'438,10'443
431400,4314001,RS,Paraí,7'727,7'793,7'194,7'325,7'357,7'362
431402,4314027,RS,Paraíso do Sul,7'623,7'635,6'519,6'690,6'635,6'627
431403,4314035,RS,Pareci Novo,3'862,3'885,4'319,4'360,4'433,4'441
431405,4314050,RS,Parobé,58'858,59'419,52'058,53'586,53'555,53'569
431406,4314068,RS,Passa Sete,5'747,5'790,3'983,4'081,4'036,4'024
431407,4314076,RS,Passo do Sobrado,6'574,6'612,6'025,6'144,6'154,6'155
431410,4314100,RS,Passo Fundo,204'722,206'103,206'215,212'671,214'564,214'811
431413,4314134,RS,Paulo Bento,2'299,2'303,2'144,2'171,2'188,2'188
431415,4314159,RS,Paverama,8'515,8'541,7'978,8'144,8'146,8'146
431417,4314175,RS,Pedras Altas,1'954,1'928,2'061,2'074,2'100,2'099
431420,4314209,RS,Pedro Osório,7'706,7'683,7'484,7'660,7'634,7'631
431430,4314308,RS,Pejuçara,3'857,3'840,3'745,3'806,3'819,3'817
431440,4314407,RS,Pelotas,343'132,343'826,325'685,336'477,336'131,336'150
431442,4314423,RS,Picada Café,5'738,5'780,5'351,5'445,5'470,5'473
431445,4314456,RS,Pinhal,2'580,2'581,2'959,2'973,3'034,3'039
431446,4314464,RS,Pinhal da Serra,1'918,1'896,2'248,2'268,2'299,2'300
431447,4314472,RS,Pinhal Grande,4'329,4'309,3'805,3'889,3'867,3'861
431449,4314498,RS,Pinheirinho do Vale,4'899,4'926,4'540,4'620,4'637,4'638
431450,4314506,RS,Pinheiro Machado,12'195,12'122,11'214,11'511,11'409,11'395
431454,4314548,RS,Pinto Bandeira,3'036,3'068,2'723,2'754,2'784,2'785
431455,4314555,RS,Pirapó,2'254,2'205,2'260,2'267,2'260,2'255
431460,4314605,RS,Piratini,20'704,20'743,17'504,17'974,17'792,17'770
431470,4314704,RS,Planalto,10'019,9'957,10'406,10'632,10'624,10'624
431475,4314753,RS,Poço das Antas,2'101,2'105,2'171,2'186,2'222,2'224
431477,4314779,RS,Pontão,3'901,3'898,3'296,3'353,3'350,3'345
431478,4314787,RS,Ponte Preta,1'524,1'501,1'575,1'582,1'604,1'602
431480,4314803,RS,Portão,37'561,38'081,34'071,34'993,35'237,35'273
431490,4314902,RS,Porto Alegre,1'488'252,1'492'530,1'332'845,1'405'685,1'389'322,1'388'794
431500,4315008,RS,Porto Lucena,4'594,4'514,4'360,4'476,4'424,4'414
431505,4315057,RS,Porto Mauá,2'352,2'332,2'142,2'182,2'176,2'173
431507,4315073,RS,Porto Vera Cruz,1'308,1'258,1'560,1'579,1'585,1'582
431510,4315107,RS,Porto Xavier,10'194,10'144,9'938,10'182,10'132,10'127
431513,4315131,RS,Pouso Novo,1'612,1'586,1'739,1'754,1'773,1'771
431514,4315149,RS,Presidente Lucena,2'937,2'972,3'077,3'091,3'159,3'166
431515,4315156,RS,Progresso,6'239,6'235,5'340,5'480,5'430,5'423
431517,4315172,RS,Protásio Alves,1'938,1'929,2'025,2'035,2'069,2'070
431520,4315206,RS,Putinga,3'889,3'861,3'747,3'828,3'814,3'809
431530,4315305,RS,Quaraí,22'607,22'531,23'500,23'963,23'988,23'995
431531,4315313,RS,Quatro Irmãos,1'856,1'860,1'552,1'555,1'579,1'577
431532,4315321,RS,Quevedos,2'790,2'793,2'507,2'537,2'555,2'553
431535,4315354,RS,Quinze de Novembro,3'803,3'810,3'910,3'976,4'000,4'003
431540,4315404,RS,Redentora,11'669,11'782,9'738,9'938,9'934,9'931
431545,4315453,RS,Relvado,2'079,2'068,1'796,1'827,1'828,1'826
431550,4315503,RS,Restinga Sêca,15'744,15'702,14'939,15'290,15'213,15'205
431555,4315552,RS,Rio dos Índios,2'660,2'571,2'835,2'888,2'874,2'866
431560,4315602,RS,Rio Grande,211'965,212'881,191'900,199'430,198'958,198'935
431570,4315701,RS,Rio Pardo,38'265,38'257,34'654,35'921,35'666,35'641
431575,4315750,RS,Riozinho,4'676,4'698,4'473,4'546,4'572,4'574
431580,4315800,RS,Roca Sales,11'471,11'556,10'418,10'626,10'644,10'646
431590,4315909,RS,Rodeio Bonito,5'868,5'868,6'654,6'753,6'821,6'831
431595,4315958,RS,Rolador,2'296,2'270,2'291,2'329,2'332,2'330
431600,4316006,RS,Rolante,21'453,21'591,21'253,21'609,21'733,21'752
431610,4316105,RS,Ronda Alta,10'617,10'633,9'777,10'002,9'972,9'969
431620,4316204,RS,Rondinha,5'080,5'033,4'991,5'115,5'083,5'078
431630,4316303,RS,Roque Gonzales,6'797,6'750,6'576,6'740,6'698,6'693
431640,4316402,RS,Rosário do Sul,39'314,39'210,36'630,37'963,37'700,37'674
431642,4316428,RS,Sagrada Família,2'605,2'601,2'480,2'511,2'529,2'528
431643,4316436,RS,Saldanha Marinho,2'622,2'596,2'575,2'612,2'621,2'619
431645,4316451,RS,Salto do Jacuí,12'481,12'512,10'203,10'494,10'373,10'357
431647,4316477,RS,Salvador das Missões,2'733,2'734,2'877,2'909,2'953,2'955
431650,4316501,RS,Salvador do Sul,7'889,7'975,6'879,7'170,7'182,7'184
431660,4316600,RS,Sananduva,16'328,16'382,16'399,16'703,16'759,16'770
431670,4316709,RS,Santa Bárbara do Sul,7'909,7'813,8'122,8'305,8'275,8'269
431673,4316733,RS,Santa Cecília do Sul,1'634,1'630,1'674,1'682,1'710,1'710
431675,4316758,RS,Santa Clara do Sul,6'681,6'755,6'887,6'978,7'067,7'079
431680,4316808,RS,Santa Cruz do Sul,131'365,132'271,133'230,136'808,138'104,138'270
431690,4316907,RS,Santa Maria,283'677,285'159,271'735,281'841,282'244,282'395
431695,4316956,RS,Santa Maria do Herval,6'364,6'382,6'340,6'462,6'482,6'486
431697,4316972,RS,Santa Margarida do Sul,2'578,2'593,2'596,2'630,2'658,2'661
431700,4317004,RS,Santana da Boa Vista,8'067,8'037,7'024,7'214,7'140,7'128
431710,4317103,RS,Sant'Ana do Livramento,76'321,75'647,84'421,87'149,87'296,87'329
431720,4317202,RS,Santa Rosa,73'575,73'882,76'963,78'725,79'395,79'488
431725,4317251,RS,Santa Tereza,1'726,1'722,1'505,1'521,1'531,1'529
431730,4317301,RS,Santa Vitória do Palmar,29'483,29'298,30'983,32'007,31'961,31'965
431740,4317400,RS,Santiago,49'360,49'298,48'938,50'385,50'331,50'336
431750,4317509,RS,Santo Ângelo,77'568,77'544,76'917,79'118,79'130,79'146
431755,4317558,RS,Santo Antônio do Palma,2'123,2'118,2'091,2'108,2'134,2'134
431760,4317608,RS,Santo Antônio da Patrulha,43'171,43'397,42'947,44'145,44'393,44'431
431770,4317707,RS,Santo Antônio das Missões,10'050,9'930,10'300,10'571,10'493,10'485
431775,4317756,RS,Santo Antônio do Planalto,2'019,2'018,2'089,2'111,2'136,2'138
431780,4317806,RS,Santo Augusto,13'848,13'813,13'902,14'226,14'196,14'196
431790,4317905,RS,Santo Cristo,14'216,14'177,15'320,15'594,15'656,15'667
431795,4317954,RS,Santo Expedito do Sul,2'305,2'287,2'349,2'383,2'395,2'395
431800,4318002,RS,São Borja,60'019,59'768,59'676,61'545,61'323,61'311
431805,4318051,RS,São Domingos do Sul,3'083,3'091,2'754,2'806,2'808,2'806
431810,4318101,RS,São Francisco de Assis,18'205,18'081,17'618,18'078,17'949,17'934
431820,4318200,RS,São Francisco de Paula,21'801,21'871,21'893,22'275,22'373,22'388
431830,4318309,RS,São Gabriel,62'147,62'187,58'487,60'275,60'102,60'090
431840,4318408,RS,São Jerônimo,24'412,24'569,21'028,21'539,21'421,21'412
431842,4318424,RS,São João da Urtiga,4'641,4'625,4'461,4'559,4'549,4'547
431843,4318432,RS,São João do Polêsine,2'543,2'535,2'649,2'681,2'707,2'708
431844,4318440,RS,São Jorge,2'816,2'808,2'912,2'945,2'976,2'976
431845,4318457,RS,São José das Missões,2'514,2'491,2'362,2'397,2'403,2'399
431846,4318465,RS,São José do Herval,1'943,1'917,1'902,1'924,1'934,1'931
431848,4318481,RS,São José do Hortêncio,4'865,4'924,4'447,4'519,4'551,4'555
431849,4318499,RS,São José do Inhacorá,2'056,2'040,2'406,2'432,2'463,2'466
431850,4318507,RS,São José do Norte,27'721,27'866,25'443,26'275,26'245,26'248
431860,4318606,RS,São José do Ouro,6'922,6'911,6'834,6'984,6'978,6'978
431861,4318614,RS,São José do Sul,2'437,2'464,2'380,2'396,2'440,2'443
431862,4318622,RS,São José dos Ausentes,3'543,3'559,4'172,4'183,4'286,4'295
431870,4318705,RS,São Leopoldo,238'648,240'378,217'409,225'660,225'669,225'737
431880,4318804,RS,São Lourenço do Sul,43'540,43'501,41'989,43'434,43'283,43'278
431890,4318903,RS,São Luiz Gonzaga,33'293,33'124,34'752,35'832,35'858,35'865
431900,4319000,RS,São Marcos,21'658,21'756,21'084,21'491,21'537,21'549
431910,4319109,RS,São Martinho,5'380,5'336,5'481,5'594,5'589,5'587
431912,4319125,RS,São Martinho da Serra,3'231,3'228,2'860,2'918,2'911,2'908
431915,4319158,RS,São Miguel das Missões,7'683,7'692,7'056,7'227,7'196,7'193
431920,4319208,RS,São Nicolau,5'208,5'153,5'118,5'276,5'248,5'243
431930,4319307,RS,São Paulo das Missões,5'720,5'654,5'846,5'972,5'948,5'943
431935,4319356,RS,São Pedro da Serra,3'842,3'881,3'548,3'575,3'614,3'618
431936,4319364,RS,São Pedro das Missões,2'017,2'025,1'757,1'765,1'791,1'790
431937,4319372,RS,São Pedro do Butiá,2'949,2'950,3'070,3'108,3'139,3'142
431940,4319406,RS,São Pedro do Sul,16'148,16'100,15'577,15'946,15'870,15'863
431950,4319505,RS,São Sebastião do Caí,25'959,26'161,24'428,24'808,24'883,24'898
431960,4319604,RS,São Sepé,23'555,23'492,21'219,21'771,21'575,21'551
431970,4319703,RS,São Valentim,3'259,3'220,3'264,3'327,3'324,3'320
431971,4319711,RS,São Valentim do Sul,2'245,2'248,2'207,2'238,2'255,2'255
431973,4319737,RS,São Valério do Sul,2'729,2'732,2'543,2'577,2'594,2'593
431975,4319752,RS,São Vendelino,2'266,2'288,2'251,2'262,2'306,2'309
431980,4319802,RS,São Vicente do Sul,8'732,8'742,8'097,8'281,8'259,8'257
431990,4319901,RS,Sapiranga,80'037,80'514,75'648,77'812,77'898,77'935
432000,4320008,RS,Sapucaia do Sul,141'808,142'508,132'107,136'695,136'542,136'572
432010,4320107,RS,Sarandi,24'763,25'024,22'851,23'224,23'356,23'374
432020,4320206,RS,Seberi,10'713,10'678,11'950,12'227,12'313,12'325
432023,4320230,RS,Sede Nova,2'891,2'875,2'704,2'749,2'753,2'750
432026,4320263,RS,Segredo,7'444,7'465,6'009,6'174,6'107,6'098
432030,4320305,RS,Selbach,5'107,5'114,5'107,5'194,5'220,5'222
432032,4320321,RS,Senador Salgado Filho,2'770,2'761,2'673,2'713,2'726,2'725
432035,4320354,RS,Sentinela do Sul,5'609,5'635,5'306,5'420,5'422,5'424
432040,4320404,RS,Serafina Corrêa,17'795,18'074,16'961,17'160,17'379,17'407
432045,4320453,RS,Sério,1'924,1'889,1'941,2'086,2'093,2'089
432050,4320503,RS,Sertão,5'315,5'220,5'541,5'677,5'637,5'630
432055,4320552,RS,Sertão Santana,6'537,6'586,5'863,5'987,5'988,5'989
432057,4320578,RS,Sete de Setembro,1'950,1'931,1'830,1'871,1'884,1'881
432060,4320602,RS,Severiano de Almeida,3'631,3'607,3'406,3'473,3'467,3'463
432065,4320651,RS,Silveira Martins,2'374,2'365,2'028,2'065,2'060,2'056
432067,4320677,RS,Sinimbu,10'162,10'152,8'578,8'788,8'698,8'685
432070,4320701,RS,Sobradinho,15'005,15'041,14'226,14'504,14'512,14'512
432080,4320800,RS,Soledade,31'035,31'067,29'991,30'944,30'936,30'939
432085,4320859,RS,Tabaí,4'769,4'816,4'461,4'527,4'565,4'569
432090,4320909,RS,Tapejara,24'552,24'973,24'557,24'821,25'201,25'256
432100,4321006,RS,Tapera,10'577,10'569,10'592,10'811,10'822,10'824
432110,4321105,RS,Tapes,17'332,17'363,14'695,15'098,14'938,14'920
432120,4321204,RS,Taquara,57'584,57'740,53'242,54'579,54'360,54'353
432130,4321303,RS,Taquari,26'885,26'907,25'198,26'058,25'968,25'963
432132,4321329,RS,Taquaruçu do Sul,3'077,3'081,3'119,3'161,3'190,3'192
432135,4321352,RS,Tavares,5'483,5'484,5'212,5'315,5'319,5'319
432140,4321402,RS,Tenente Portela,13'434,13'385,14'497,14'747,14'811,14'820
432143,4321436,RS,Terra de Areia,11'315,11'323,10'334,10'526,10'569,10'575
432145,4321451,RS,Teutônia,33'766,34'275,32'797,33'494,33'963,34'023
432146,4321469,RS,Tio Hugo,3'055,3'078,3'267,3'293,3'352,3'358
432147,4321477,RS,Tiradentes do Sul,5'616,5'532,5'129,5'265,5'201,5'188
432149,4321493,RS,Toropi,2'772,2'753,2'554,2'599,2'598,2'594
432150,4321501,RS,Torres,39'064,39'381,41'751,42'690,43'268,43'344
432160,4321600,RS,Tramandaí,52'632,53'507,54'387,55'160,56'296,56'430
432162,4321626,RS,Travesseiro,2'334,2'331,2'152,2'183,2'193,2'192
432163,4321634,RS,Três Arroios,2'643,2'620,2'591,2'645,2'638,2'636
432166,4321667,RS,Três Cachoeiras,11'115,11'174,10'962,11'156,11'216,11'224
432170,4321709,RS,Três Coroas,28'581,28'948,24'425,24'425,24'420,24'428
432180,4321808,RS,Três de Maio,23'876,23'846,24'916,25'358,25'452,25'466
432183,4321832,RS,Três Forquilhas,2'669,2'643,2'760,2'803,2'814,2'813
432185,4321857,RS,Três Palmeiras,4'251,4'232,4'716,4'782,4'826,4'829
432190,4321907,RS,Três Passos,23'852,23'799,25'436,26'149,26'284,26'304
432195,4321956,RS,Trindade do Sul,5'791,5'781,7'556,7'652,7'766,7'785
432200,4322004,RS,Triunfo,29'856,30'159,27'498,28'294,28'414,28'435
432210,4322103,RS,Tucunduva,5'644,5'612,5'542,5'675,5'649,5'646
432215,4322152,RS,Tunas,4'577,4'585,3'681,3'755,3'739,3'732
432218,4322186,RS,Tupanci do Sul,1'459,1'447,1'374,1'388,1'398,1'396
432220,4322202,RS,Tupanciretã,24'068,24'182,20'005,20'538,20'345,20'324
432225,4322251,RS,Tupandi,4'939,5'019,5'029,5'055,5'160,5'172
432230,4322301,RS,Tuparendi,7'810,7'730,8'363,8'556,8'536,8'535
432232,4322327,RS,Turuçu,3'423,3'408,3'419,3'474,3'489,3'488
432234,4322343,RS,Ubiretama,1'983,1'952,1'994,2'017,2'028,2'025
432235,4322350,RS,União da Serra,1'118,1'084,1'170,1'177,1'186,1'183
432237,4322376,RS,Unistalda,2'321,2'306,1'995,2'049,2'052,2'047
432240,4322400,RS,Uruguaiana,126'866,126'766,117'210,121'672,120'885,120'819
432250,4322509,RS,Vacaria,66'575,66'916,64'197,65'881,66'110,66'146
432252,4322525,RS,Vale Verde,3'515,3'531,3'150,3'208,3'214,3'213
432253,4322533,RS,Vale do Sol,11'828,11'873,9'897,10'160,10'080,10'069
432254,4322541,RS,Vale Real,5'981,6'046,6'058,6'131,6'213,6'223
432255,4322558,RS,Vanini,2'122,2'130,2'004,2'029,2'047,2'047
432260,4322608,RS,Venâncio Aires,71'973,72'373,68'763,70'611,70'805,70'842
432270,4322707,RS,Vera Cruz,27'099,27'325,26'710,27'383,27'638,27'670
432280,4322806,RS,Veranópolis,26'533,26'813,24'021,24'480,24'540,24'554
432285,4322855,RS,Vespasiano Corrêa,1'795,1'776,1'818,1'833,1'852,1'851
432290,4322905,RS,Viadutos,4'690,4'628,4'769,4'866,4'852,4'847
432300,4323002,RS,Viamão,256'302,257'330,224'112,233'852,232'113,231'996
432310,4323101,RS,Vicente Dutra,4'599,4'530,4'665,4'783,4'747,4'741
432320,4323200,RS,Victor Graeff,2'860,2'840,2'780,2'820,2'832,2'829
432330,4323309,RS,Vila Flores,3'396,3'407,3'646,3'673,3'736,3'741
432335,4323358,RS,Vila Lângaro,2'080,2'070,2'079,2'095,2'122,2'121
432340,4323408,RS,Vila Maria,4'363,4'368,4'413,4'487,4'512,4'515
432345,4323457,RS,Vila Nova do Sul,4'277,4'274,3'863,3'951,3'935,3'932
432350,4323507,RS,Vista Alegre,2'739,2'726,2'660,2'707,2'712,2'710
432360,4323606,RS,Vista Alegre do Prata,1'557,1'553,1'590,1'597,1'624,1'624
432370,4323705,RS,Vista Gaúcha,2'855,2'858,2'783,2'812,2'842,2'843
432375,4323754,RS,Vitória das Missões,3'092,3'052,3'260,3'317,3'318,3'316
432377,4323770,RS,Westfália,3'031,3'046,3'098,3'174,3'219,3'223
432380,4323804,RS,Xangri-lá,16'775,17'126,16'463,16'578,16'907,16'949
500020,5000203,MS,Água Clara,15'776,16'025,16'741,17'312,17'647,17'901
500025,5000252,MS,Alcinópolis,5'417,5'489,4'537,4'634,4'648,4'649
500060,5000609,MS,Amambai,39'826,40'247,39'325,41'101,41'414,41'751
500070,5000708,MS,Anastácio,25'237,25'336,24'114,24'779,24'741,24'781
500080,5000807,MS,Anaurilândia,9'076,9'116,7'653,7'799,7'735,7'688
500085,5000856,MS,Angélica,10'932,11'081,10'729,11'095,11'203,11'308
500090,5000906,MS,Antônio João,9'020,9'082,9'303,9'561,9'641,9'717
500100,5001003,MS,Aparecida do Taboado,26'069,26'386,27'674,28'939,29'446,29'826
500110,5001102,MS,Aquidauana,48'029,48'184,46'803,48'583,48'561,48'689
500124,5001243,MS,Aral Moreira,12'332,12'511,10'748,11'040,11'085,11'125
500150,5001508,MS,Bandeirantes,7'266,7'281,7'940,8'180,8'276,8'342
500190,5001904,MS,Bataguassu,23'325,23'620,23'031,23'790,24'004,24'222
500200,5002001,MS,Batayporã,11'349,11'368,10'712,10'972,10'953,10'947
500210,5002100,MS,Bela Vista,24'735,24'842,21'613,22'134,21'965,21'881
500215,5002159,MS,Bodoquena,7'838,7'802,8'567,8'819,8'849,8'887
500220,5002209,MS,Bonito,22'190,22'401,23'659,24'493,24'761,25'034
500230,5002308,MS,Brasilândia,11'853,11'835,11'579,11'861,11'840,11'833
500240,5002407,MS,Caarapó,30'593,31'005,30'612,32'042,32'406,32'748
500260,5002605,MS,Camapuã,13'693,13'675,13'583,13'955,13'920,13'928
500270,5002704,MS,Campo Grande,906'092,916'001,898'100,946'553,954'537,962'883
500280,5002803,MS,Caracol,6'182,6'247,5'036,5'144,5'115,5'096
500290,5002902,MS,Cassilândia,22'002,22'063,20'988,21'586,21'549,21'565
500295,5002951,MS,Chapadão do Sul,25'865,26'499,30'993,32'627,33'791,34'606
500310,5003108,MS,Corguinho,6'054,6'158,4'783,4'898,4'893,4'892
500315,5003157,MS,Coronel Sapucaia,15'352,15'449,14'289,14'639,14'661,14'685
500320,5003207,MS,Corumbá,112'058,112'669,96'268,99'866,99'107,98'751
500325,5003256,MS,Costa Rica,21'142,21'456,26'037,27'302,28'163,28'740
500330,5003306,MS,Coxim,33'459,33'547,32'151,33'438,33'390,33'440
500345,5003454,MS,Deodápolis,12'984,13'043,13'663,14'103,14'210,14'317
500348,5003488,MS,Dois Irmãos do Buriti,11'467,11'547,11'100,11'427,11'470,11'521
500350,5003504,MS,Douradina,5'975,6'025,5'578,5'730,5'749,5'768
500370,5003702,MS,Dourados,225'495,227'990,243'367,256'470,260'640,264'017
500375,5003751,MS,Eldorado,12'400,12'447,11'386,11'653,11'633,11'622
500380,5003801,MS,Fátima do Sul,19'170,19'152,20'609,21'288,21'388,21'504
500390,5003900,MS,Figueirão,3'059,3'066,3'539,3'639,3'709,3'751
500400,5004007,MS,Glória de Dourados,9'950,9'934,10'444,10'753,10'777,10'817
500410,5004106,MS,Guia Lopes da Laguna,9'824,9'754,9'940,10'185,10'135,10'116
500430,5004304,MS,Iguatemi,16'176,16'273,13'808,14'114,14'017,13'960
500440,5004403,MS,Inocência,7'588,7'566,8'404,8'646,8'712,8'764
500450,5004502,MS,Itaporã,25'162,25'478,24'137,24'891,25'075,25'263
500460,5004601,MS,Itaquiraí,21'376,21'604,19'423,19'959,19'996,20'060
500470,5004700,MS,Ivinhema,23'232,23'277,27'821,29'144,29'613,30'001
500480,5004809,MS,Japorã,9'243,9'372,8'148,8'377,8'409,8'441
500490,5004908,MS,Jaraguari,7'265,7'342,7'139,7'384,7'425,7'480
500500,5005004,MS,Jardim,26'238,26'375,23'981,24'601,24'509,24'504
500510,5005103,MS,Jateí,4'021,4'015,3'586,3'612,3'620,3'596
500515,5005152,MS,Juti,6'787,6'861,6'729,6'943,7'009,7'067
500520,5005202,MS,Ladário,23'689,24'040,21'522,22'163,22'290,22'425
500525,5005251,MS,Laguna Carapã,7'419,7'496,6'799,6'967,7'012,7'037
500540,5005400,MS,Maracaju,48'022,48'944,45'047,46'922,47'558,48'073
500560,5005608,MS,Miranda,28'220,28'423,25'536,26'539,26'487,26'512
500568,5005681,MS,Mundo Novo,18'473,18'578,19'193,19'789,19'937,20'087
500570,5005707,MS,Naviraí,55'689,56'484,50'457,52'488,52'707,53'014
500580,5005806,MS,Nioaque,13'862,13'794,13'220,13'516,13'412,13'354
500600,5006002,MS,Nova Alvorada do Sul,22'430,22'967,21'822,22'612,23'054,23'409
500620,5006200,MS,Nova Andradina,55'224,56'057,48'563,50'482,50'610,50'848
500625,5006259,MS,Novo Horizonte do Sul,3'684,3'556,4'721,4'810,4'811,4'801
500627,5006275,MS,Paraíso das Águas,5'654,5'751,5'510,5'671,5'777,5'842
500630,5006309,MS,Paranaíba,42'276,42'401,40'957,42'544,42'543,42'638
500635,5006358,MS,Paranhos,14'404,14'576,12'921,13'290,13'323,13'368
500640,5006408,MS,Pedro Gomes,7'621,7'568,6'941,7'031,6'974,6'910
500660,5006606,MS,Ponta Porã,93'937,95'320,92'017,96'330,97'577,98'598
500690,5006903,MS,Porto Murtinho,17'298,17'460,12'859,13'028,12'864,12'721
500710,5007109,MS,Ribas do Rio Pardo,24'966,25'310,23'150,23'828,23'996,24'152
500720,5007208,MS,Rio Brilhante,38'186,38'844,37'601,39'350,39'936,40'419
500730,5007307,MS,Rio Negro,4'793,4'758,4'841,4'950,4'933,4'921
500740,5007406,MS,Rio Verde de Mato Grosso,19'973,20'025,19'818,20'402,20'393,20'454
500750,5007505,MS,Rochedo,5'079,5'120,5'199,5'344,5'407,5'451
500755,5007554,MS,Santa Rita do Pardo,7'900,7'948,7'027,7'174,7'174,7'165
500769,5007695,MS,São Gabriel do Oeste,27'221,27'660,29'579,31'024,31'694,32'207
500770,5007703,MS,Sete Quedas,10'771,10'751,10'994,11'285,11'301,11'322
500780,5007802,MS,Selvíria,6'542,6'555,8'142,8'459,8'593,8'716
500790,5007901,MS,Sidrolândia,59'245,60'792,47'118,49'066,49'374,49'735
500793,5007935,MS,Sonora,19'721,20'158,14'516,14'853,14'822,14'813
500795,5007950,MS,Tacuru,11'674,11'795,10'808,11'125,11'159,11'205
500797,5007976,MS,Taquarussu,3'588,3'588,3'625,3'721,3'730,3'740
500800,5008008,MS,Terenos,22'269,22'721,17'652,18'148,18'139,18'182
500830,5008305,MS,Três Lagoas,123'281,125'137,132'152,138'576,141'435,143'523
500840,5008404,MS,Vicentina,6'109,6'115,6'336,6'461,6'476,6'505
510010,5100102,MT,Acorizal,5'334,5'309,5'014,5'022,4'990,4'948
510020,5100201,MT,Água Boa,26'204,26'679,29'219,30'461,31'314,32'099
510025,5100250,MT,Alta Floresta,51'959,52'105,58'613,60'595,61'291,62'158
510030,5100300,MT,Alto Araguaia,19'385,19'714,17'193,17'567,17'657,17'751
510035,5100359,MT,Alto Boa Vista,6'936,7'092,5'715,5'827,5'875,5'920
510040,5100409,MT,Alto Garças,12'151,12'323,13'052,13'443,13'707,13'956
510050,5100508,MT,Alto Paraguai,11'473,11'587,8'009,7'854,7'717,7'525
510060,5100607,MT,Alto Taquari,11'133,11'413,10'904,11'289,11'571,11'877
510080,5100805,MT,Apiacás,10'283,10'431,8'590,8'715,8'692,8'693
510100,5101001,MT,Araguaiana,3'109,3'064,3'795,3'895,3'950,4'005
510120,5101209,MT,Araguainha,946,909,1'010,988,1'006,997
510125,5101258,MT,Araputanga,16'951,17'078,14'786,14'932,14'854,14'805
510130,5101308,MT,Arenápolis,9'502,9'399,10'576,10'739,10'747,10'769
510140,5101407,MT,Aripuanã,22'714,23'067,24'626,25'493,26'010,26'558
510160,5101605,MT,Barão de Melgaço,8'164,8'165,7'253,7'272,7'204,7'137
510170,5101704,MT,Barra do Bugres,35'307,35'642,29'403,29'765,29'576,29'406
510180,5101803,MT,Barra do Garças,61'135,61'702,69'210,71'550,72'694,73'878
510183,5101837,MT,Boa Esperança do Norte,0,0,0,0,5'772,5'877
510185,5101852,MT,Bom Jesus do Araguaia,6'706,6'830,7'280,7'543,7'731,7'912
510190,5101902,MT,Brasnorte,20'140,20'571,17'004,17'357,17'496,17'645
510250,5102504,MT,Cáceres,94'861,95'339,89'681,91'623,91'626,91'767
510260,5102603,MT,Campinápolis,16'919,16'223,15'347,15'613,15'713,15'808
510263,5102637,MT,Campo Novo do Parecis,36'143,36'917,45'899,48'027,50'033,51'722
510267,5102678,MT,Campo Verde,45'740,44'033,44'585,46'557,47'831,49'053
510268,5102686,MT,Campos de Júlio,7'070,7'245,8'822,9'272,9'608,9'946
510269,5102694,MT,Canabrava do Norte,4'728,4'711,4'485,4'491,4'480,4'451
510270,5102702,MT,Canarana,21'842,22'101,25'858,26'904,27'657,28'324
510279,5102793,MT,Carlinda,10'199,10'094,10'332,10'415,10'324,10'260
510285,5102850,MT,Castanheira,8'749,8'782,7'506,7'544,7'459,7'392
510300,5103007,MT,Chapada dos Guimarães,19'453,22'521,18'990,19'366,19'374,19'458
510305,5103056,MT,Cláudia,12'245,12'338,9'593,9'576,9'436,9'301
510310,5103106,MT,Cocalinho,5'681,5'716,6'220,6'377,6'428,6'495
510320,5103205,MT,Colíder,33'649,33'855,31'370,32'086,32'010,32'054
510325,5103254,MT,Colniza,39'861,41'117,25'766,26'260,26'090,26'026
510330,5103304,MT,Comodoro,21'008,21'249,18'238,18'480,18'461,18'469
510335,5103353,MT,Confresa,31'510,32'076,35'075,36'490,37'541,38'460
510336,5103361,MT,Conquista D'Oeste,4'101,4'163,3'760,3'831,3'874,3'908
510337,5103379,MT,Cotriguaçu,20'238,20'717,11'011,10'624,10'398,10'030
510340,5103403,MT,Cuiabá,618'124,623'614,650'877,676'124,682'932,691'875
510343,5103437,MT,Curvelândia,5'241,5'267,4'903,4'970,4'967,4'970
510345,5103452,MT,Denise,9'544,9'626,7'014,6'917,6'815,6'675
510350,5103502,MT,Diamantino,22'178,22'311,21'941,22'368,22'479,22'623
510360,5103601,MT,Dom Aquino,8'159,8'087,7'872,7'953,7'915,7'890
510370,5103700,MT,Feliz Natal,14'522,14'847,10'521,10'630,10'564,10'523
510380,5103809,MT,Figueirópolis D'Oeste,3'452,3'411,3'187,3'131,3'112,3'056
510385,5103858,MT,Gaúcha do Norte,7'782,7'913,8'642,8'938,9'181,9'397
510390,5103908,MT,General Carneiro,5'592,5'726,6'037,6'190,6'250,6'319
510395,5103957,MT,Glória D'Oeste,3'008,2'990,2'905,2'887,2'899,2'878
510410,5104104,MT,Guarantã do Norte,36'130,36'439,31'024,31'552,31'328,31'209
510420,5104203,MT,Guiratinga,15'245,15'740,10'966,10'732,10'532,10'252
510450,5104500,MT,Indiavaí,2'779,2'806,2'213,2'174,2'194,2'172
510452,5104526,MT,Ipiranga do Norte,7'920,8'182,7'815,8'136,8'409,8'658
510454,5104542,MT,Itanhangá,6'885,7'030,7'539,7'833,8'049,8'257
510455,5104559,MT,Itaúba,3'704,3'609,5'020,5'127,5'161,5'201
510460,5104609,MT,Itiquira,13'552,13'727,12'236,12'472,12'519,12'587
510480,5104807,MT,Jaciara,27'807,27'696,28'569,29'369,29'560,29'803
510490,5104906,MT,Jangada,8'451,8'420,7'426,7'491,7'447,7'413
510500,5105002,MT,Jauru,8'582,8'377,8'367,8'211,8'076,7'881
510510,5105101,MT,Juara,35'121,35'275,34'906,35'862,35'899,36'089
510515,5105150,MT,Juína,41'101,41'190,45'869,47'397,47'800,48'396
510517,5105176,MT,Juruena,16'335,16'811,10'213,10'268,10'149,10'057
510520,5105200,MT,Juscimeira,11'176,11'124,11'480,11'656,11'620,11'622
510523,5105234,MT,Lambari D'Oeste,6'186,6'246,4'790,4'746,4'724,4'662
510525,5105259,MT,Lucas do Rio Verde,67'620,69'671,83'798,88'126,92'256,95'792
510530,5105309,MT,Luciara,2'058,2'036,2'509,2'539,2'591,2'616
510550,5105507,MT,Vila Bela da Santíssima Trindade,16'271,16'412,16'774,17'227,17'384,17'592
510558,5105580,MT,Marcelândia,10'301,10'107,11'396,11'497,11'414,11'355
510560,5105606,MT,Matupá,16'793,17'017,20'091,20'853,21'415,21'959
510562,5105622,MT,Mirassol d'Oeste,27'941,28'135,26'785,27'434,27'511,27'637
510590,5105903,MT,Nobres,15'334,15'332,15'492,15'730,15'753,15'796
510600,5106000,MT,Nortelândia,5'923,5'858,5'956,5'960,5'935,5'890
510610,5106109,MT,Nossa Senhora do Livramento,13'104,13'093,12'940,11'694,11'658,11'658
510615,5106158,MT,Nova Bandeirantes,15'685,16'052,13'635,14'036,14'160,14'340
510617,5106174,MT,Nova Nazaré,3'932,4'013,4'200,4'338,4'467,4'575
510618,5106182,MT,Nova Lacerda,6'751,6'861,6'670,6'889,6'965,7'072
510619,5106190,MT,Nova Santa Helena,3'737,3'755,4'239,4'346,4'431,4'502
510620,5106208,MT,Nova Brasilândia,3'805,3'656,3'932,3'891,3'853,3'791
510621,5106216,MT,Nova Canaã do Norte,12'831,12'876,11'707,11'835,11'771,11'734
510622,5106224,MT,Nova Mutum,46'813,48'222,55'839,58'541,61'223,63'455
510623,5106232,MT,Nova Olímpia,20'563,20'820,16'352,16'434,16'314,16'204
510624,5106240,MT,Nova Ubiratã,12'298,12'492,11'530,11'882,9'589,9'760
510625,5106257,MT,Nova Xavantina,20'944,21'695,24'345,25'084,25'486,25'915
510626,5106265,MT,Novo Mundo,9'363,9'545,6'520,6'511,6'444,6'368
510627,5106273,MT,Novo Horizonte do Norte,4'051,4'069,3'349,3'317,3'307,3'267
510628,5106281,MT,Novo São Joaquim,4'938,4'837,6'919,7'082,7'160,7'239
510629,5106299,MT,Paranaíta,11'244,11'291,11'671,11'951,11'989,12'079
510630,5106307,MT,Paranatinga,22'861,23'250,26'423,27'528,28'204,28'870
510631,5106315,MT,Novo Santo Antônio,2'705,2'769,2'015,2'003,2'040,2'041
510637,5106372,MT,Pedra Preta,17'446,17'547,18'066,18'545,18'722,18'946
510642,5106422,MT,Peixoto de Azevedo,35'338,35'695,32'714,33'559,33'599,33'754
510645,5106455,MT,Planalto da Serra,2'649,2'637,3'166,3'228,3'287,3'328
510650,5106505,MT,Poconé,33'315,33'386,31'217,31'394,31'269,31'203
510665,5106653,MT,Pontal do Araguaia,6'843,6'972,6'932,7'169,7'299,7'441
510670,5106703,MT,Ponte Branca,1'550,1'525,2'008,2'024,2'076,2'098
510675,5106752,MT,Pontes e Lacerda,45'774,46'105,52'018,53'816,54'795,55'762
510677,5106778,MT,Porto Alegre do Norte,12'685,12'849,12'127,12'420,12'524,12'649
510680,5106802,MT,Porto dos Gaúchos,5'363,5'344,5'593,5'687,5'690,5'705
510682,5106828,MT,Porto Esperidião,12'097,12'176,10'204,10'238,10'167,10'088
510685,5106851,MT,Porto Estrela,2'877,2'794,3'224,3'202,3'181,3'141
510700,5107008,MT,Poxoréu,15'916,15'936,23'283,24'102,24'587,25'103
510704,5107040,MT,Primavera do Leste,63'092,63'876,85'146,89'513,92'927,96'006
510706,5107065,MT,Querência,17'937,18'386,26'769,28'429,29'820,31'100
510710,5107107,MT,São José dos Quatro Marcos,18'846,18'788,17'849,17'954,17'830,17'721
510715,5107156,MT,Reserva do Cabaçal,2'743,2'754,2'122,2'056,2'062,2'020
510718,5107180,MT,Ribeirão Cascalheira,10'329,10'450,10'089,10'340,10'431,10'541
510719,5107198,MT,Ribeirãozinho,2'422,2'439,2'593,2'639,2'697,2'733
510720,5107206,MT,Rio Branco,5'150,5'147,4'535,4'509,4'489,4'440
510724,5107248,MT,Santa Carmem,4'563,4'600,5'374,5'563,5'677,5'795
510726,5107263,MT,Santo Afonso,3'155,3'164,2'519,2'452,2'460,2'416
510729,5107297,MT,São José do Povo,4'450,4'102,2'875,2'807,2'780,2'716
510730,5107305,MT,São José do Rio Claro,21'011,21'351,14'911,14'813,14'662,14'455
510735,5107354,MT,São José do Xingu,5'620,5'646,5'964,6'092,6'168,6'234
510740,5107404,MT,São Pedro da Cipa,4'771,4'823,4'191,4'224,4'247,4'250
510757,5107578,MT,Rondolândia,4'036,4'069,3'505,3'512,3'527,3'518
510760,5107602,MT,Rondonópolis,236'042,239'613,244'911,254'728,259'167,263'708
510770,5107701,MT,Rosário Oeste,17'054,16'999,15'453,15'421,15'236,15'041
510774,5107743,MT,Santa Cruz do Xingu,2'633,2'700,2'661,2'721,2'834,2'904
510775,5107750,MT,Salto do Céu,3'295,3'226,3'679,3'683,3'679,3'657
510776,5107768,MT,Santa Rita do Trivelato,3'506,3'602,3'276,3'366,3'463,3'536
510777,5107776,MT,Santa Terezinha,8'460,8'547,7'596,7'700,7'720,7'737
510779,5107792,MT,Santo Antônio do Leste,5'334,5'459,4'099,4'150,4'212,4'244
510780,5107800,MT,Santo Antônio de Leverger,16'999,17'188,15'246,16'776,16'795,16'839
510785,5107859,MT,São Félix do Araguaia,11'843,11'934,13'621,14'059,14'332,14'604
510787,5107875,MT,Sapezal,26'688,27'485,28'944,30'303,31'499,32'514
510788,5107883,MT,Serra Nova Dourada,1'678,1'705,1'800,1'835,1'901,1'941
510790,5107909,MT,Sinop,146'005,148'960,196'312,206'931,216'029,223'780
510792,5107925,MT,Sorriso,92'769,94'941,110'635,116'105,120'561,124'665
510794,5107941,MT,Tabaporã,9'429,9'357,9'818,9'932,9'908,9'895
510795,5107958,MT,Tangará da Serra,105'711,107'631,106'434,110'549,112'547,114'603
510800,5108006,MT,Tapurah,14'046,14'380,14'370,14'872,15'272,15'638
510805,5108055,MT,Terra Nova do Norte,9'473,9'284,10'616,10'722,10'641,10'591
510810,5108105,MT,Tesouro,3'824,3'761,3'025,2'971,2'977,2'935
510820,5108204,MT,Torixoréu,3'547,3'487,4'164,4'212,4'230,4'238
510830,5108303,MT,União do Sul,3'490,3'455,3'838,3'879,3'897,3'904
510835,5108352,MT,Vale de São Domingos,3'126,3'124,2'904,2'897,2'907,2'892
510840,5108402,MT,Várzea Grande,287'526,290'383,300'078,310'941,314'627,318'922
510850,5108501,MT,Vera,11'402,11'731,12'800,13'229,10'584,10'758
510860,5108600,MT,Vila Rica,26'496,26'946,19'888,19'948,19'827,19'686
510880,5108808,MT,Nova Guarita,4'464,4'407,4'590,4'600,4'579,4'546
510885,5108857,MT,Nova Marilândia,3'304,3'332,3'529,3'616,3'678,3'731
510890,5108907,MT,Nova Maringá,8'850,9'056,5'846,5'795,5'775,5'705
510895,5108956,MT,Nova Monte Verde,9'277,9'375,8'313,8'456,8'451,8'470
520005,5200050,GO,Abadia de Goiás,8'958,9'158,19'128,20'034,21'165,22'052
520010,5200100,GO,Abadiânia,20'461,20'873,17'232,17'574,17'638,17'738
520013,5200134,GO,Acreúna,22'546,22'710,21'568,21'947,21'995,22'079
520015,5200159,GO,Adelândia,2'516,2'515,2'297,2'287,2'297,2'282
520017,5200175,GO,Água Fria de Goiás,5'793,5'843,4'954,4'990,4'991,4'979
520020,5200209,GO,Água Limpa,1'830,1'809,1'858,1'829,1'856,1'843
520025,5200258,GO,Águas Lindas de Goiás,217'698,222'850,225'693,234'962,240'613,245'352
520030,5200308,GO,Alexânia,28'010,28'360,27'008,27'819,28'009,28'244
520050,5200506,GO,Aloândia,1'986,1'976,1'973,1'958,1'984,1'977
520055,5200555,GO,Alto Horizonte,6'605,6'796,6'072,6'248,6'375,6'487
520060,5200605,GO,Alto Paraíso de Goiás,7'688,7'751,10'306,10'606,10'936,11'182
520080,5200803,GO,Alvorada do Norte,8'705,8'749,8'446,8'580,8'597,8'619
520082,5200829,GO,Amaralina,3'845,3'875,3'268,3'279,3'281,3'267
520085,5200852,GO,Americano do Brasil,6'164,6'220,5'259,5'301,5'281,5'260
520090,5200902,GO,Amorinópolis,3'069,3'011,3'007,2'967,2'952,2'906
520110,5201108,GO,Anápolis,391'772,396'526,398'869,411'305,415'847,420'300
520120,5201207,GO,Anhanguera,1'160,1'171,924,899,921,913
520130,5201306,GO,Anicuns,21'981,22'113,18'503,18'628,18'443,18'306
520140,5201405,GO,Aparecida de Goiânia,590'146,601'844,527'796,546'588,550'925,556'021
520145,5201454,GO,Aparecida do Rio Doce,2'474,2'474,2'907,2'955,3'012,3'045
520150,5201504,GO,Aporé,4'232,4'266,4'325,4'398,4'452,4'488
520160,5201603,GO,Araçu,3'486,3'450,3'799,3'816,3'842,3'840
520170,5201702,GO,Aragarças,20'273,20'410,18'390,18'643,18'604,18'601
520180,5201801,GO,Aragoiânia,10'496,10'680,11'890,12'235,12'554,12'806
520215,5202155,GO,Araguapaz,7'783,7'795,7'153,7'223,7'182,7'152
520235,5202353,GO,Arenópolis,2'536,2'462,2'946,2'930,2'930,2'904
520250,5202502,GO,Aruanã,10'110,10'340,8'300,8'475,8'515,8'570
520260,5202601,GO,Aurilândia,3'058,3'000,3'284,3'271,3'266,3'237
520280,5202809,GO,Avelinópolis,2'409,2'401,2'868,2'915,2'963,2'993
520310,5203104,GO,Baliza,5'280,5'418,3'351,3'340,3'335,3'306
520320,5203203,GO,Barro Alto,11'408,11'643,10'371,10'617,10'738,10'853
520330,5203302,GO,Bela Vista de Goiás,30'492,31'004,34'445,35'693,36'583,37'305
520340,5203401,GO,Bom Jardim de Goiás,8'869,8'912,7'826,7'872,7'824,7'775
520350,5203500,GO,Bom Jesus de Goiás,25'648,26'069,23'958,24'460,24'701,24'925
520355,5203559,GO,Bonfinópolis,9'919,10'120,10'296,10'601,10'828,11'025
520357,5203575,GO,Bonópolis,4'493,4'579,3'299,3'296,3'306,3'289
520360,5203609,GO,Brazabrantes,3'746,3'812,3'992,4'077,4'149,4'201
520380,5203807,GO,Britânia,5'797,5'815,5'695,5'781,5'788,5'798
520390,5203906,GO,Buriti Alegre,9'484,9'515,10'495,10'721,10'831,10'930
520393,5203939,GO,Buriti de Goiás,2'476,2'464,2'732,2'754,2'789,2'800
520396,5203962,GO,Buritinópolis,3'283,3'272,3'145,3'140,3'154,3'140
520400,5204003,GO,Cabeceiras,8'046,8'098,7'560,7'676,7'678,7'689
520410,5204102,GO,Cachoeira Alta,12'666,12'843,11'513,11'723,11'789,11'854
520420,5204201,GO,Cachoeira de Goiás,1'342,1'336,1'405,1'397,1'419,1'417
520425,5204250,GO,Cachoeira Dourada,8'031,7'997,7'782,7'828,7'801,7'762
520430,5204300,GO,Caçu,16'270,16'525,13'774,14'001,14'006,14'034
520440,5204409,GO,Caiapônia,19'107,19'304,16'513,16'711,16'655,16'628
520450,5204508,GO,Caldas Novas,93'196,95'183,98'622,102'458,104'788,106'820
520455,5204557,GO,Caldazinha,3'848,3'900,4'507,4'630,4'735,4'819
520460,5204607,GO,Campestre de Goiás,3'649,3'662,3'755,3'809,3'854,3'879
520465,5204656,GO,Campinaçu,3'632,3'628,3'708,3'738,3'758,3'760
520470,5204706,GO,Campinorte,12'764,12'880,12'510,12'768,12'879,12'983
520480,5204805,GO,Campo Alegre de Goiás,7'738,7'884,7'422,7'604,7'711,7'807
520485,5204854,GO,Campo Limpo de Goiás,7'940,8'087,8'081,8'287,8'449,8'579
520490,5204904,GO,Campos Belos,20'007,20'124,18'108,18'358,18'258,18'227
520495,5204953,GO,Campos Verdes,1'830,1'526,4'005,3'943,3'899,3'822
520500,5205000,GO,Carmo do Rio Verde,10'186,10'299,9'710,9'904,9'937,9'988
520505,5205059,GO,Castelândia,3'407,3'380,2'985,2'928,2'921,2'871
520510,5205109,GO,Catalão,110'983,113'091,114'427,118'461,120'789,122'760
520520,5205208,GO,Caturaí,5'101,5'132,5'184,5'280,5'318,5'352
520530,5205307,GO,Cavalcante,9'725,9'740,9'583,9'727,9'721,9'730
520540,5205406,GO,Ceres,22'306,22'407,22'046,22'425,22'484,22'570
520545,5205455,GO,Cezarina,8'703,8'794,8'090,8'241,8'265,8'301
520547,5205471,GO,Chapadão do Céu,10'486,10'797,12'870,13'401,13'897,14'321
520549,5205497,GO,Cidade Ocidental,72'890,74'370,91'767,95'525,98'963,101'570
520551,5205513,GO,Cocalzinho de Goiás,20'504,20'771,25'016,26'001,26'638,27'196
520552,5205521,GO,Colinas do Sul,3'360,3'339,4'030,4'102,4'153,4'188
520570,5205703,GO,Córrego do Ouro,2'290,2'254,2'454,2'452,2'456,2'441
520580,5205802,GO,Corumbá de Goiás,11'169,11'223,10'562,10'731,10'714,10'724
520590,5205901,GO,Corumbaíba,9'869,10'012,9'164,9'338,9'416,9'484
520620,5206206,GO,Cristalina,60'210,61'385,62'337,64'355,65'705,66'827
520630,5206305,GO,Cristianópolis,2'964,2'962,3'504,3'570,3'630,3'670
520640,5206404,GO,Crixás,17'044,17'136,17'065,17'370,17'445,17'532
520650,5206503,GO,Cromínia,3'472,3'458,3'883,3'936,3'977,3'999
520660,5206602,GO,Cumari,2'837,2'820,2'927,2'949,2'955,2'951
520670,5206701,GO,Damianópolis,3'306,3'302,3'770,3'828,3'884,3'917
520680,5206800,GO,Damolândia,2'953,2'944,2'724,2'737,2'755,2'753
520690,5206909,GO,Davinópolis,2'094,2'094,1'902,1'876,1'901,1'889
520710,5207105,GO,Diorama,2'479,2'477,2'062,2'024,2'023,1'991
520725,5207253,GO,Doverlândia,7'247,7'174,6'956,6'959,6'895,6'823
520735,5207352,GO,Edealina,3'688,3'678,4'001,4'047,4'087,4'104
520740,5207402,GO,Edéia,12'467,12'559,11'747,11'929,11'953,11'982
520750,5207501,GO,Estrela do Norte,3'264,3'253,3'205,3'205,3'224,3'214
520753,5207535,GO,Faina,6'576,6'527,7'070,7'177,7'164,7'167
520760,5207600,GO,Fazenda Nova,5'553,5'471,5'877,5'917,5'878,5'842
520780,5207808,GO,Firminópolis,13'449,13'604,10'419,10'458,10'365,10'274
520790,5207907,GO,Flores de Goiás,17'005,17'415,13'744,14'062,14'156,14'273
520800,5208004,GO,Formosa,123'684,125'705,115'901,119'580,120'478,121'559
520810,5208103,GO,Formoso,4'172,4'098,4'660,4'691,4'681,4'662
520815,5208152,GO,Gameleira de Goiás,3'880,3'923,3'456,3'504,3'542,3'563
520830,5208301,GO,Divinópolis de Goiás,4'778,4'701,4'457,4'456,4'440,4'405
520840,5208400,GO,Goianápolis,11'224,11'217,13'967,14'321,14'555,14'758
520850,5208509,GO,Goiandira,5'625,5'650,4'973,5'007,4'986,4'962
520860,5208608,GO,Goianésia,71'075,72'045,73'707,75'975,77'014,78'009
520870,5208707,GO,Goiânia,1'536'097,1'555'626,1'437'366,1'493'064,1'494'599,1'503'256
520880,5208806,GO,Goianira,45'296,46'278,71'916,74'982,78'754,81'495
520890,5208905,GO,Goiás,22'381,22'122,24'071,24'384,24'233,24'172
520910,5209101,GO,Goiatuba,34'202,34'307,35'664,36'597,36'777,36'984
520915,5209150,GO,Gouvelândia,5'988,6'076,4'390,4'375,4'356,4'313
520920,5209200,GO,Guapó,14'207,14'206,19'545,20'082,20'588,20'985
520929,5209291,GO,Guaraíta,1'951,1'905,2'188,2'169,2'185,2'170
520940,5209408,GO,Guarani de Goiás,3'846,3'801,4'085,4'116,4'106,4'091
520945,5209457,GO,Guarinos,1'737,1'681,2'161,2'151,2'165,2'154
520960,5209606,GO,Heitoraí,3'733,3'742,3'354,3'358,3'360,3'342
520970,5209705,GO,Hidrolândia,22'124,22'533,27'742,28'800,29'827,30'587
520980,5209804,GO,Hidrolina,3'508,3'450,3'545,3'535,3'514,3'477
520990,5209903,GO,Iaciara,14'082,14'215,10'584,10'610,10'430,10'289
520993,5209937,GO,Inaciolândia,6'235,6'275,5'954,6'055,6'061,6'076
520995,5209952,GO,Indiara,15'787,15'962,17'061,17'504,17'747,17'985
521000,5210000,GO,Inhumas,53'259,53'655,52'204,53'478,53'629,53'884
521010,5210109,GO,Ipameri,27'174,27'365,25'548,26'166,26'163,26'223
521015,5210158,GO,Ipiranga de Goiás,2'893,2'892,2'919,2'938,2'964,2'968
521020,5210208,GO,Iporá,31'499,31'471,35'684,36'691,36'983,37'283
521030,5210307,GO,Israelândia,2'786,2'772,2'560,2'548,2'540,2'515
521040,5210406,GO,Itaberaí,43'622,44'329,44'734,46'181,46'943,47'603
521056,5210562,GO,Itaguari,4'685,4'684,4'963,5'035,5'088,5'120
521060,5210604,GO,Itaguaru,5'206,5'184,4'904,4'916,4'880,4'837
521080,5210802,GO,Itajá,4'475,4'412,4'380,4'360,4'328,4'276
521090,5210901,GO,Itapaci,23'421,23'850,21'087,21'537,21'708,21'891
521100,5211008,GO,Itapirapuã,4'685,4'380,8'007,8'123,8'125,8'133
521120,5211206,GO,Itapuranga,25'681,25'597,26'113,26'658,26'574,26'553
521130,5211305,GO,Itarumã,7'259,7'337,6'101,6'162,6'142,6'124
521140,5211404,GO,Itauçu,8'960,8'968,7'736,7'771,7'701,7'636
521150,5211503,GO,Itumbiara,105'809,106'845,107'970,111'220,112'289,113'322
521160,5211602,GO,Ivolândia,2'334,2'295,2'693,2'706,2'729,2'731
521170,5211701,GO,Jandaia,6'025,6'001,6'272,6'358,6'360,6'365
521180,5211800,GO,Jaraguá,51'338,52'160,45'223,46'351,46'427,46'633
521190,5211909,GO,Jataí,102'065,103'221,105'729,109'100,110'404,111'634
521200,5212006,GO,Jaupaci,2'860,2'843,2'924,2'926,2'946,2'939
521205,5212055,GO,Jesúpolis,2'506,2'497,2'123,2'107,2'124,2'112
521210,5212105,GO,Joviânia,7'402,7'417,7'159,7'225,7'247,7'247
521220,5212204,GO,Jussara,18'371,18'266,19'620,19'917,19'901,19'926
521225,5212253,GO,Lagoa Santa,1'621,1'652,1'390,1'388,1'426,1'435
521230,5212303,GO,Leopoldo de Bulhões,7'651,7'663,8'745,8'943,9'035,9'123
521250,5212501,GO,Luziânia,211'508,214'645,209'129,216'725,218'872,221'262
521260,5212600,GO,Mairipotaba,2'363,2'358,2'561,2'588,2'618,2'631
521270,5212709,GO,Mambaí,9'081,9'277,8'124,8'302,8'405,8'493
521280,5212808,GO,Mara Rosa,9'363,9'234,10'700,10'843,10'815,10'806
521290,5212907,GO,Marzagão,2'250,2'263,2'758,2'794,2'893,2'942
521295,5212956,GO,Matrinchã,4'336,4'321,4'042,4'058,4'033,4'004
521300,5213004,GO,Maurilândia,14'327,14'568,10'304,10'338,10'239,10'145
521305,5213053,GO,Mimoso de Goiás,2'583,2'575,2'614,2'611,2'633,2'626
521308,5213087,GO,Minaçu,28'793,28'518,27'075,27'337,26'939,26'616
521310,5213103,GO,Mineiros,68'154,69'477,70'081,72'255,73'781,74'999
521340,5213400,GO,Moiporá,1'501,1'471,1'685,1'674,1'693,1'687
521350,5213509,GO,Monte Alegre de Goiás,8'684,8'759,6'692,6'698,6'613,6'534
521370,5213707,GO,Montes Claros de Goiás,8'047,8'037,8'756,8'921,8'972,9'024
521375,5213756,GO,Montividiu,13'672,13'935,12'521,12'809,12'957,13'094
521377,5213772,GO,Montividiu do Norte,4'509,4'538,3'779,3'780,3'770,3'743
521380,5213806,GO,Morrinhos,46'548,46'955,51'351,52'855,53'640,54'326
521385,5213855,GO,Morro Agudo de Goiás,2'232,2'217,2'456,2'472,2'499,2'505
521390,5213905,GO,Mossâmedes,4'206,4'120,4'654,4'681,4'655,4'626
521400,5214002,GO,Mozarlândia,15'870,16'077,14'750,15'029,15'109,15'199
521405,5214051,GO,Mundo Novo,4'713,4'540,6'189,6'243,6'223,6'202
521410,5214101,GO,Mutunópolis,3'764,3'749,3'564,3'569,3'562,3'540
521440,5214408,GO,Nazário,9'260,9'375,8'189,8'319,8'330,8'349
521450,5214507,GO,Nerópolis,30'395,30'931,31'932,33'039,33'706,34'273
521460,5214606,GO,Niquelândia,46'730,47'064,34'964,35'112,34'466,33'890
521470,5214705,GO,Nova América,2'357,2'362,2'337,2'358,2'375,2'380
521480,5214804,GO,Nova Aurora,2'222,2'236,2'101,2'101,2'130,2'132
521483,5214838,GO,Nova Crixás,12'945,13'020,12'815,13'042,13'095,13'153
521486,5214861,GO,Nova Glória,8'112,8'063,8'310,8'410,8'375,8'356
521487,5214879,GO,Nova Iguaçu de Goiás,2'934,2'939,3'010,3'044,3'072,3'084
521490,5214903,GO,Nova Roma,3'236,3'208,3'076,3'060,3'053,3'022
521500,5215009,GO,Nova Veneza,10'018,10'193,9'481,9'699,9'790,9'883
521520,5215207,GO,Novo Brasil,2'843,2'775,3'527,3'550,3'568,3'567
521523,5215231,GO,Novo Gama,117'703,119'649,103'804,106'892,107'092,107'663
521525,5215256,GO,Novo Planalto,4'544,4'592,3'716,3'729,3'723,3'703
521530,5215306,GO,Orizona,15'725,15'834,16'399,16'735,16'890,17'035
521540,5215405,GO,Ouro Verde de Goiás,3'723,3'679,4'057,4'095,4'108,4'109
521550,5215504,GO,Ouvidor,6'782,6'895,7'200,7'392,7'542,7'665
521560,5215603,GO,Padre Bernardo,34'430,35'011,34'967,36'175,36'692,37'207
521565,5215652,GO,Palestina de Goiás,3'467,3'470,3'132,3'125,3'132,3'113
521570,5215702,GO,Palmeiras de Goiás,29'392,29'915,31'858,33'140,33'749,34'375
521580,5215801,GO,Palmelo,2'381,2'382,2'259,2'240,2'273,2'266
521590,5215900,GO,Palminópolis,3'582,3'578,3'851,3'900,3'939,3'959
521600,5216007,GO,Panamá,2'603,2'590,2'455,2'437,2'449,2'432
521630,5216304,GO,Paranaiguara,10'140,10'221,7'607,7'578,7'470,7'356
521640,5216403,GO,Paraúna,10'980,10'988,10'659,10'765,10'749,10'727
521645,5216452,GO,Perolândia,3'143,3'156,2'964,2'970,3'000,2'999
521680,5216809,GO,Petrolina de Goiás,10'261,10'240,9'573,9'650,9'577,9'519
521690,5216908,GO,Pilar de Goiás,2'194,2'135,2'328,2'286,2'288,2'254
521710,5217104,GO,Piracanjuba,24'548,24'543,24'883,25'289,25'309,25'373
521720,5217203,GO,Piranhas,10'272,10'161,11'712,11'896,11'913,11'940
521730,5217302,GO,Pirenópolis,25'064,25'218,26'690,27'504,27'757,28'028
521740,5217401,GO,Pires do Rio,31'686,31'909,32'373,33'276,33'494,33'736
521760,5217609,GO,Planaltina,90'640,91'345,105'031,108'838,110'619,112'304
521770,5217708,GO,Pontalina,17'860,17'899,18'309,18'627,18'685,18'763
521800,5218003,GO,Porangatu,45'633,45'866,44'317,45'421,45'400,45'512
521805,5218052,GO,Porteirão,3'931,3'979,4'070,4'145,4'225,4'276
521810,5218102,GO,Portelândia,4'022,4'032,3'280,3'245,3'234,3'191
521830,5218300,GO,Posse,37'414,37'924,34'914,35'911,36'060,36'291
521839,5218391,GO,Professor Jamil,3'203,3'211,3'649,3'696,3'732,3'750
521850,5218508,GO,Quirinópolis,50'701,51'323,48'447,49'691,49'986,50'329
521860,5218607,GO,Rialma,10'940,10'961,12'165,12'442,12'551,12'665
521870,5218706,GO,Rianápolis,4'817,4'832,3'980,3'951,3'938,3'893
521878,5218789,GO,Rio Quente,4'612,4'728,3'864,3'925,3'994,4'033
521880,5218805,GO,Rio Verde,241'518,247'259,225'696,233'945,238'025,241'494
521890,5218904,GO,Rubiataba,19'947,20'012,19'788,20'114,20'132,20'186
521900,5219001,GO,Sanclerlândia,7'632,7'630,7'918,8'044,8'063,8'085
521910,5219100,GO,Santa Bárbara de Goiás,6'634,6'701,6'149,6'245,6'280,6'306
521920,5219209,GO,Santa Cruz de Goiás,2'819,2'782,3'002,2'998,3'016,3'004
521925,5219258,GO,Santa Fé de Goiás,5'523,5'585,4'951,5'020,5'036,5'047
521930,5219308,GO,Santa Helena de Goiás,38'808,38'962,38'492,39'447,39'481,39'601
521935,5219357,GO,Santa Isabel,3'815,3'821,3'538,3'558,3'556,3'543
521940,5219407,GO,Santa Rita do Araguaia,8'935,9'110,5'924,5'906,5'842,5'765
521945,5219456,GO,Santa Rita do Novo Destino,3'355,3'367,2'689,2'651,2'648,2'611
521950,5219506,GO,Santa Rosa de Goiás,2'252,2'200,2'820,2'820,2'837,2'828
521960,5219605,GO,Santa Tereza de Goiás,3'280,3'207,3'293,3'252,3'225,3'172
521970,5219704,GO,Santa Terezinha de Goiás,8'562,8'386,10'645,10'818,10'818,10'837
521971,5219712,GO,Santo Antônio da Barra,4'854,4'886,4'267,4'284,4'293,4'279
521973,5219738,GO,Santo Antônio de Goiás,6'440,6'593,7'386,7'628,7'873,8'066
521975,5219753,GO,Santo Antônio do Descoberto,75'829,76'871,72'127,74'186,74'614,75'221
521980,5219803,GO,São Domingos,13'103,13'305,9'711,9'726,9'581,9'457
521990,5219902,GO,São Francisco de Goiás,6'267,6'265,6'378,6'468,6'491,6'507
522000,5220009,GO,São João d'Aliança,14'085,14'423,14'041,14'425,14'757,15'026
522005,5220058,GO,São João da Paraúna,1'345,1'312,1'774,1'784,1'807,1'812
522010,5220108,GO,São Luís de Montes Belos,34'157,34'488,33'852,34'771,35'031,35'288
522015,5220157,GO,São Luiz do Norte,5'215,5'263,4'837,4'907,4'926,4'939
522020,5220207,GO,São Miguel do Araguaia,21'920,21'849,21'900,22'201,22'079,22'040
522026,5220264,GO,São Miguel do Passa Quatro,4'082,4'105,4'464,4'568,4'621,4'671
522028,5220280,GO,São Patrício,2'037,2'040,2'143,2'160,2'190,2'200
522040,5220405,GO,São Simão,20'985,21'318,17'020,17'247,17'194,17'181
522045,5220454,GO,Senador Canedo,118'451,121'447,155'635,161'994,169'849,175'042
522050,5220504,GO,Serranópolis,8'642,8'737,8'027,8'168,8'201,8'237
522060,5220603,GO,Silvânia,20'816,20'938,22'245,22'742,22'939,23'150
522068,5220686,GO,Simolândia,6'879,6'895,5'742,5'743,5'693,5'634
522070,5220702,GO,Sítio d'Abadia,3'001,3'040,2'927,2'943,2'973,2'978
522100,5221007,GO,Taquaral de Goiás,3'521,3'506,4'026,4'093,4'146,4'180
522108,5221080,GO,Teresina de Goiás,3'498,3'538,2'701,2'676,2'685,2'660
522119,5221197,GO,Terezópolis de Goiás,8'186,8'326,7'944,8'149,8'243,8'340
522130,5221304,GO,Três Ranchos,2'830,2'830,2'921,2'949,2'970,2'976
522140,5221403,GO,Trindade,129'823,132'006,142'431,147'508,150'858,153'560
522145,5221452,GO,Trombas,3'498,3'497,3'120,3'126,3'106,3'080
522150,5221502,GO,Turvânia,4'564,4'526,4'480,4'491,4'478,4'449
522155,5221551,GO,Turvelândia,5'365,5'447,4'985,5'084,5'130,5'171
522157,5221577,GO,Uirapuru,2'840,2'829,2'798,2'795,2'809,2'798
522160,5221601,GO,Uruaçu,40'840,41'150,42'546,43'797,44'150,44'533
522170,5221700,GO,Uruana,13'818,13'795,13'729,13'923,13'871,13'857
522180,5221809,GO,Urutaí,3'066,3'056,3'553,3'604,3'667,3'700
522185,5221858,GO,Valparaíso de Goiás,172'135,175'720,198'861,207'101,213'506,218'416
522190,5221908,GO,Varjão,3'838,3'848,3'716,3'760,3'768,3'770
522200,5222005,GO,Vianópolis,13'977,14'088,14'956,15'307,15'476,15'644
522205,5222054,GO,Vicentinópolis,8'873,9'002,8'768,8'948,9'077,9'175
522220,5222203,GO,Vila Boa,6'312,6'451,4'215,4'198,4'185,4'145
522230,5222302,GO,Vila Propício,5'882,5'941,5'815,5'928,5'982,6'028
530010,5300108,DF,Brasília,3'055'149,3'094'325,2'817'381,2'967'543,2'982'818,2'996'899
