id,titulo,tema,tags,fonte,texto,vigente,prioridade,origem,arquivo
norma_vigente_nt154,Norma vigente — NT Conjunta 154/2024,norma,nt 154 97 retifica revoga vigilancia meningite dm hib vigente vale ainda,NT Conjunta nº 154/2024-DPNI/SVSA/MS (retifica e revoga a NT nº 97/2024-DPNI/SVSA/MS),"A Nota Técnica Conjunta nº 154/2024-DPNI/SVSA/MS (SEI 25000.108654/2024-97) revisa definições de caso suspeito, contatos, surto de doença meningocócica e orientações de quimioprofilaxia para DM e doença invasiva por Hib; inclui orientações de vacinação pós-DIHib; e revoga/retifica a NT nº 97/2024-DPNI/SVSA/MS e as definições equivalentes da 6ª edição do Guia de Vigilância em Saúde. Os conceitos da NT 154 devem ser adotados a partir de sua publicação e serão incorporados à 7ª edição do GVS. Use sempre a NT 154 como referência operacional atual; a NT 97 permanece apenas como documento histórico revogado.",True,95,curado,
notif_24h,Notificação compulsória imediata,notificacao,notificacao compulsoria 24h imediata surto obito cluster sinan,Informe Meningites 2024 — CGVDI/DPNI/SVSA/MS; Lista nacional de notificação compulsória,"Meningite é doença de notificação compulsória em até 24 horas. Surtos, aglomerados de casos (clusters) e óbitos são de notificação imediata. Casos suspeitos ou confirmados devem ser notificados às autoridades competentes por profissionais da assistência e vigilância e por laboratórios públicos e privados. O registro deve ser feito no SINAN, com ficha de investigação de meningite e, quando aplicável, ficha de investigação de surtos. Meningite tuberculosa confirmada também deve preencher a ficha de tuberculose.",True,95,curado,
caso_suspeita_nt154,Definição de caso suspeito (NT 154/2024),definicao_caso,caso suspeito febre rigidez nuca cefaleia vomito petequia fontanela kernig brudzinski,NT Conjunta nº 154/2024-DPNI/SVSA/MS (retifica e revoga a NT nº 97/2024-DPNI/SVSA/MS),"Caso suspeito de meningite (NT 154/2024): (1) indivíduo com febre acompanhada de dois ou mais entre: cefaleia intensa, vômito, confusão/alteração mental, fotofobia, torpor, convulsão; OU (2) febre com pelo menos um sinal de irritação meníngea (rigidez de nuca, Kernig ou Brudzinski); OU (3) febre de início súbito com erupções petequiais ou sufusões hemorrágicas; OU (4) em menores de 2 anos, além do acima, febre com irritabilidade, choro persistente, sonolência ou abaulamento de fontanela. Em surto, usar definição mais sensível: febre + um ou mais de confusão, convulsão, torpor, irritação meníngea ou petéquias/sufusões; OU febre + dois ou mais entre cefaleia, vômito e fotofobia.",True,95,curado,
contato_proximo_nt154,Contato próximo (NT 154/2024),contatos,contato proximo exposicao goticulas domicilio creche escola 4 horas 10 dias 1 metro,NT Conjunta nº 154/2024-DPNI/SVSA/MS (retifica e revoga a NT nº 97/2024-DPNI/SVSA/MS),"Contato próximo (NT 154/2024): indivíduo com contato direto e prolongado com caso suspeito ou confirmado de DM ou doença invasiva por Hib, com exposição a gotículas de secreções respiratórias. Retrospectivo: do início dos sintomas até 10 dias anteriores. Prospectivo: do início dos sintomas até 24h após início de tratamento com cefalosporina de 3ª geração (ceftriaxona/cefotaxima) ou rifampicina. Situações: mesmo domicílio/dormitório; beijo/troca salivar; exposição próxima e contínua de pelo menos 4 horas E até 1 metro em ambiente fechado; exposição por pelo menos 5 dias (contínuos ou não) — ex. creche/ensino infantil; procedimentos geradores de aerossol/gotícula sem EPI antes de 24h de tratamento. Contato transitório isolado não configura contato próximo.",True,95,curado,
quimio_nt154,Quimioprofilaxia — indicação e prazo (NT 154/2024),quimioprofilaxia,quimioprofilaxia rifampicina ceftriaxona ciprofloxacino azitromicina 24h 48h 10 dias 30 dias dm hib,NT Conjunta nº 154/2024-DPNI/SVSA/MS (retifica e revoga a NT nº 97/2024-DPNI/SVSA/MS); Informe Meningites 2024,"Objetivo: interromper transmissão por descolonização de nasofaringe e prevenir casos secundários. Realizar o mais breve possível nos contatos próximos de caso suspeito/confirmado de DM ou DIHib, idealmente nas primeiras 24h após início dos sintomas. O indicador nacional monitora quimio em DM em até 48h da notificação. Após 10 dias da exposição o valor é limitado/nulo na maioria dos casos secundários de DM; para DIHib, a quimio poderá ser realizada em até 30 dias após a exposição. Em surto: quimioprofilaxia ampliada (todos com contato direto nos 10 dias anteriores e durante os sintomas). 1ª escolha: rifampicina (simultânea a todos os contatos). Alternativas: ceftriaxona, ciprofloxacino; azitromicina 500 mg dose única se resistência ao cipro ou ausência das demais. Gestantes: ceftriaxona como 1ª escolha. Lactantes: rifampicina compatível com amamentação. Paciente: quimio só se o tratamento não for com cefalosporina de 3ª geração. Indicação rotineira apenas DM e Hib — não demais etiologias. Para Hi sem tipagem ainda disponível, realizar quimio nas condições de Hib até a tipagem.",True,95,curado,
quimio_hib_detalhe_nt154,Quimioprofilaxia específica — DIHib (NT 154/2024),quimioprofilaxia,hib dihib creche domicilio imunocomprometido menor 4 anos vacina incompleta,NT Conjunta nº 154/2024-DPNI/SVSA/MS (retifica e revoga a NT nº 97/2024-DPNI/SVSA/MS),"DIHib — devem receber quimio: (a) o paciente se não tratado com cefalosporina 3ª geração; (b) todos os contatos domiciliares se houver imunocomprometido ou criança <2 anos (independentemente da vacina) OU criança <4 anos não vacinada/esquema incompleto; (c) demais contatos próximos que tenham em seu domicílio imunocomprometido/<2 anos ou <4 anos com vacina incompleta (quimio só no contato direto do caso-índice); (d) em creche/ensino infantil: cuidadores e crianças <4 anos da sala do caso se contato ≥5 dos 10 dias pré-sintomas ou durante sintomas, quando houver vulnerável na sala; e TODOS os contatos da sala se for o 2º caso de doença invasiva por Hi em até 60 dias. Não há evidência de quimio para Hi não-b; contudo, iniciar conforme Hib até tipagem.",True,95,curado,
surto_comunitario_nt154,Surto comunitário de DM (NT 154/2024),surto,surto comunitario dm sorogrupo cultura pcr 3 casos 3 meses incidencia canal endemico,NT Conjunta nº 154/2024-DPNI/SVSA/MS (retifica e revoga a NT nº 97/2024-DPNI/SVSA/MS),"Surto comunitário de DM (NT 154/2024): ≥3 casos primários (sem vínculo entre si), do mesmo sorogrupo, confirmados por cultura ou PCR, em período ≤3 meses, na mesma localidade (distrito, bairro, cidade). A incidência atual deve superar a média esperada dos últimos 5 anos (diagrama de controle/canal endêmico), desconsiderando anos atípicos. Se incidência histórica muito baixa, comparar com regional/estadual. Avaliar também duplicação semanal de casos. Novo sorogrupo circulante pode dispensar o critério de incidência. Alta concentração etária: avaliar a população sob risco. Encerramento: regresso sustentado ≥3 meses ao canal endêmico, em discussão conjunta municipal, estadual e MS.",True,95,curado,
surto_institucional_nt154,Surto institucional de DM (NT 154/2024),surto,surto institucional escola universidade creche 2 casos sorogrupo cultura pcr,NT Conjunta nº 154/2024-DPNI/SVSA/MS (retifica e revoga a NT nº 97/2024-DPNI/SVSA/MS),"Surto institucional de DM (NT 154/2024): ≥2 casos primários (sem vínculo entre si), do mesmo sorogrupo, confirmados por cultura ou PCR, em período ≤3 meses, entre indivíduos da mesma instituição (universidades, escolas, creches, indústrias, ILPI, unidades correcionais). Em surto, considerar quimioprofilaxia ampliada.",True,95,curado,
vacina_pos_hib_nt154,Vacinação complementar pós-DIHib (NT 154/2024),vacina,hib vacina dose adicional penta hexa 6 meses 2 anos dose d especial,NT Conjunta nº 154/2024-DPNI/SVSA/MS (retifica e revoga a NT nº 97/2024-DPNI/SVSA/MS),"Crianças com doença invasiva por Hib antes dos 2 anos podem ter risco de 2º episódio (infecção natural nessa idade não gera proteção robusta). (a) <2 anos sem vacina ou esquema incompleto: iniciar/completar com penta (rotina) ou hexa acelular (CRIE), conforme PNI. (b) 6 meses a <2 anos com esquema completo: administrar 1 dose adicional de vacina com componente Hib, intervalo mínimo 60 dias após a última dose Hib. Iniciar vacinação 30 dias após o início da doença invasiva (ou o mais breve após esse prazo). A partir de 2 anos com esquema completo, em geral não precisam dose extra. Registro da dose adicional (item b): estratégia Especial; tipo Dose D (<2 anos); categoria faixa etária; motivo CID-10 A49.2.",True,95,curado,
indicadores_ms_2024,Indicadores operacionais nacionais (Informe 2024),indicadores,indicador indicadores laboratorio pcr cultura investigacao 48h encerramento 60 dias quimioprofilaxia ministerio saude monitora monitoramento operacional,Informe Meningites 2024 — CGVDI/DPNI/SVSA/MS,"Indicadores de vigilância epidemiológica e laboratorial monitorados nacionalmente: (1) percentual de casos confirmados por critério laboratorial (RT-qPCR e cultura) — Brasil 2024: 36,1%; (2) percentual de casos investigados em até 48h da notificação — 97,8%; (3) percentual de casos encerrados em até 60 dias da notificação — 94,4%; (4) percentual de casos de DM com quimioprofilaxia de contatos em até 48h da notificação — 45,5%. No Caderno SINAN, confirmação laboratorial de bacterianas também considera cultura, CIE, PCR e látex. A oportunidade de quimio e a resposta a surtos/contatos seguem a NT 154/2024.",True,95,curado,
criterio_lab_caderno,Confirmação laboratorial (Caderno SINAN),laboratorio,cultura cie pcr latex criterio confirmacao bacteriana especificidade liquido liquórica,Caderno de Análises SINAN — Meningites; NT 154/2024 (coleta oportuna),"Proporção de casos de meningite bacteriana confirmados por critério laboratorial = nº de bacterianas confirmadas encerradas com cultura, CIE, PCR ou látex × 100 / nº de bacterianas confirmadas. Avalia capacidade de identificar o agente, orienta medidas de controle e melhora a especificidade do sistema. Etiologias bacterianas típicas: DM (MM, MCC, MM+MCC), MTBC, MB, MH e MP. NT 154: coletar líquor e sangue tão logo haja suspeita; não atrasar o tratamento pela coleta; encaminhar material/cepas ao LACEN para caracterização (incluindo tipagem Hi).",True,95,curado,
quimio_inconsistencia,Inconsistência quimioprofilaxia × etiologia,qualidade,inconsistencia quimio etiologia dm hib qualidade sinan viral nao indicada demais etiologias,Caderno de Análises SINAN — Meningites; NT 154/2024,"A quimioprofilaxia é medida de controle para prevenir casos secundários e só está indicada para doença meningocócica (MM, MCC, MM+MCC) e doença invasiva/meningite por Haemophilus (Hib/Hi até tipagem). Não deve ser realizada para as demais etiologias. Quimio registrada em etiologia não elegível deve ser auditada (erro de classificação ou de preenchimento).",True,95,curado,
investigacao_analise,Objetivos da investigação epidemiológica,investigacao,investigacao fonte transmissao surto medidas controle ficha sinan,Guia de Vigilância em Saúde — Meningites,"A investigação visa caracterizar clinicamente o caso (incluindo exames laboratoriais), identificar possíveis fontes de transmissão, verificar necessidade de identificação de contatos e implementar medidas de controle. Perguntas-guia: qual a fonte de infecção? Houve transmissão a outras pessoas? É caso isolado ou surto? Há medidas a executar? A investigação não se esgota no preenchimento da ficha SINAN.",True,95,curado,
monitoramento_semanal,Monitoramento semanal recomendado,monitoramento,monitoramento semanal dm viral municipio canal endemico sorogrupo letalidade,Guia de Vigilância em Saúde — Meningites,"Atividades recomendadas: acompanhamento semanal de casos de DM e meningite viral por município para detectar surtos; revisão das fichas; acompanhamento de incidência e letalidade por etiologia, sazonalidade e sorogrupo predominante de N. meningitidis; análise de indicadores operacionais (oportunidade de quimio, investigação, encerramento e % confirmação laboratorial).",True,95,curado,
incidencia_letalidade,"Incidência, mortalidade e letalidade",epidemiologia,incidencia mortalidade letalidade 100 mil confirmados populacao,Caderno de Análises SINAN / Informe Meningites,"Coeficiente de incidência: casos confirmados / população × 100.000. Mortalidade: óbitos por meningite / população × 100.000. Letalidade: óbitos por meningite / casos confirmados × 100. Calcular por etiologia, município, faixa etária e sexo. Usar população do ano e área avaliada (DATASUS/IBGE). Meningites bacterianas costumam ter letalidade bem maior que as virais.",True,95,curado,
caso_suspeita_nt97,Definição de caso suspeito (NT 154/2024),definicao_caso,caso suspeito febre rigidez nuca cefaleia vomito petequia fontanela kernig brudzinski,NT Conjunta nº 154/2024-DPNI/SVSA/MS (retifica e revoga a NT nº 97/2024-DPNI/SVSA/MS),"Caso suspeito de meningite (NT 154/2024): (1) indivíduo com febre acompanhada de dois ou mais entre: cefaleia intensa, vômito, confusão/alteração mental, fotofobia, torpor, convulsão; OU (2) febre com pelo menos um sinal de irritação meníngea (rigidez de nuca, Kernig ou Brudzinski); OU (3) febre de início súbito com erupções petequiais ou sufusões hemorrágicas; OU (4) em menores de 2 anos, além do acima, febre com irritabilidade, choro persistente, sonolência ou abaulamento de fontanela. Em surto, usar definição mais sensível: febre + um ou mais de confusão, convulsão, torpor, irritação meníngea ou petéquias/sufusões; OU febre + dois ou mais entre cefaleia, vômito e fotofobia.",True,95,curado,
contato_proximo_nt97,Contato próximo (NT 154/2024),contatos,contato proximo exposicao goticulas domicilio creche escola 4 horas 10 dias 1 metro,NT Conjunta nº 154/2024-DPNI/SVSA/MS (retifica e revoga a NT nº 97/2024-DPNI/SVSA/MS),"Contato próximo (NT 154/2024): indivíduo com contato direto e prolongado com caso suspeito ou confirmado de DM ou doença invasiva por Hib, com exposição a gotículas de secreções respiratórias. Retrospectivo: do início dos sintomas até 10 dias anteriores. Prospectivo: do início dos sintomas até 24h após início de tratamento com cefalosporina de 3ª geração (ceftriaxona/cefotaxima) ou rifampicina. Situações: mesmo domicílio/dormitório; beijo/troca salivar; exposição próxima e contínua de pelo menos 4 horas E até 1 metro em ambiente fechado; exposição por pelo menos 5 dias (contínuos ou não) — ex. creche/ensino infantil; procedimentos geradores de aerossol/gotícula sem EPI antes de 24h de tratamento. Contato transitório isolado não configura contato próximo.",True,95,curado,
quimio_nt97,Quimioprofilaxia — indicação e prazo (NT 154/2024),quimioprofilaxia,quimioprofilaxia rifampicina ceftriaxona ciprofloxacino azitromicina 24h 48h 10 dias 30 dias dm hib,NT Conjunta nº 154/2024-DPNI/SVSA/MS (retifica e revoga a NT nº 97/2024-DPNI/SVSA/MS); Informe Meningites 2024,"Objetivo: interromper transmissão por descolonização de nasofaringe e prevenir casos secundários. Realizar o mais breve possível nos contatos próximos de caso suspeito/confirmado de DM ou DIHib, idealmente nas primeiras 24h após início dos sintomas. O indicador nacional monitora quimio em DM em até 48h da notificação. Após 10 dias da exposição o valor é limitado/nulo na maioria dos casos secundários de DM; para DIHib, a quimio poderá ser realizada em até 30 dias após a exposição. Em surto: quimioprofilaxia ampliada (todos com contato direto nos 10 dias anteriores e durante os sintomas). 1ª escolha: rifampicina (simultânea a todos os contatos). Alternativas: ceftriaxona, ciprofloxacino; azitromicina 500 mg dose única se resistência ao cipro ou ausência das demais. Gestantes: ceftriaxona como 1ª escolha. Lactantes: rifampicina compatível com amamentação. Paciente: quimio só se o tratamento não for com cefalosporina de 3ª geração. Indicação rotineira apenas DM e Hib — não demais etiologias. Para Hi sem tipagem ainda disponível, realizar quimio nas condições de Hib até a tipagem.",True,95,curado,
surto_comunitario_nt97,Surto comunitário de DM (NT 154/2024),surto,surto comunitario dm sorogrupo cultura pcr 3 casos 3 meses incidencia canal endemico,NT Conjunta nº 154/2024-DPNI/SVSA/MS (retifica e revoga a NT nº 97/2024-DPNI/SVSA/MS),"Surto comunitário de DM (NT 154/2024): ≥3 casos primários (sem vínculo entre si), do mesmo sorogrupo, confirmados por cultura ou PCR, em período ≤3 meses, na mesma localidade (distrito, bairro, cidade). A incidência atual deve superar a média esperada dos últimos 5 anos (diagrama de controle/canal endêmico), desconsiderando anos atípicos. Se incidência histórica muito baixa, comparar com regional/estadual. Avaliar também duplicação semanal de casos. Novo sorogrupo circulante pode dispensar o critério de incidência. Alta concentração etária: avaliar a população sob risco. Encerramento: regresso sustentado ≥3 meses ao canal endêmico, em discussão conjunta municipal, estadual e MS.",True,95,curado,
surto_institucional_nt97,Surto institucional de DM (NT 154/2024),surto,surto institucional escola universidade creche 2 casos sorogrupo cultura pcr,NT Conjunta nº 154/2024-DPNI/SVSA/MS (retifica e revoga a NT nº 97/2024-DPNI/SVSA/MS),"Surto institucional de DM (NT 154/2024): ≥2 casos primários (sem vínculo entre si), do mesmo sorogrupo, confirmados por cultura ou PCR, em período ≤3 meses, entre indivíduos da mesma instituição (universidades, escolas, creches, indústrias, ILPI, unidades correcionais). Em surto, considerar quimioprofilaxia ampliada.",True,95,curado,
docsms_nt154_pdf__0042114377__1,NT Conjunta nº 154/2024-DPNI/SVSA/MS (PDF oficial) — 0042114377,norma,nt154 pdf oficial quimioprofilaxia surto dm hib conjunta 2024 dpni svsa oficial 0042114377 agosto 2024 analise doenca meningococica causada pela bacteria gram negativa neisseria meningitidis,NT Conjunta nº 154/2024-DPNI/SVSA/MS,") 
em 14 de agosto de 2024.
2
.
ANÁLISE
2
.
1
.
A doença meningocócica (DM) é causada pela bactéria gram-negativa 
Neisseria meningitidis
(meningococo). 
A doença tem distribuição mundial e é considerada como problema de saúde pública pela sua
magnitude, alta letalidade e altas taxas de sequelas em especial na faixa etária infantil, assim como pelos potenciais
de transmissão e epidêmico, patogenicidade e relevância social. O meningococo p
ossui 12 sorogrupos, com destaque
para os sorogrupos A, B, C, W, Y e X, mais associados às formas invasivas da doença, assim como a surtos e
epidemias. No Brasil, os sorogrupos de maior relevância são o 
B
, o 
C
, o 
W
 e, em menor escala, o sorogrupo 
Y
. 
O
período médio de incubação do meningococo para manifestação dos sintomas é de 4 dias e pode variar entre 2 e 10
dias. A transmissibilidade persiste até a eliminação do meningococo da nasofaringe",True,100,docs_ms,vigentes/NT154_2024_DPNI_SVSA_MS.pdf
docsms_nt154_pdf__0042114377__2,NT Conjunta nº 154/2024-DPNI/SVSA/MS (PDF oficial) — 0042114377,norma,nt154 pdf oficial quimioprofilaxia surto dm hib conjunta 2024 dpni svsa oficial 0042114377 dias pode variar entre dias transmissibilidade persiste eliminacao meningococo nasofaringe normalmente ocorre,NT Conjunta nº 154/2024-DPNI/SVSA/MS,"de 4 dias e pode variar entre 2 e 10
dias. A transmissibilidade persiste até a eliminação do meningococo da nasofaringe que, normalmente, ocorre em até
24 horas de antibioticoterapia adequada.
2
.
2
.
A doença invasiva por 
Haemophilus inﬂuenzae 
(DIHi) pode ser desencadeada pela infecção pelo
Haemophilus influenzae (
Hi) de cepas encapsuladas (sorotipos 
a, b, c, d, e 
ou
 f
) e não capsuladas. O sorotipo 
b
 (Hib)
possui uma cápsula com importante fator de virulência e que proporciona maior tropismo para penetração no sangue
e no líquor. Porém, tem sido observado um aumento na prevalência de casos de meningite e bacteremia por sorotipos
não b
, com destaque para sorotipo 
a
, e por 
Hi não tipáveis
. No Brasil, de 2009 a 2021, a maioria dos casos
identificados de DIHi foram por cepas não tipáveis, seguido dos sorotipos 
a
 e 
b
.
2
.
3
.
A transmissão do meningococo e do Hi ocorre de",True,100,docs_ms,vigentes/NT154_2024_DPNI_SVSA_MS.pdf
docsms_nt154_pdf__0042114377__3,NT Conjunta nº 154/2024-DPNI/SVSA/MS (PDF oficial) — 0042114377,norma,nt154 pdf oficial quimioprofilaxia surto dm hib conjunta 2024 dpni svsa oficial 0042114377 foram cepas tipaveis seguido sorotipos transmissao meningococo ocorre pessoa pessoa meio goticulas,NT Conjunta nº 154/2024-DPNI/SVSA/MS,"Hi foram por cepas não tipáveis, seguido dos sorotipos 
a
 e 
b
.
2
.
3
.
A transmissão do meningococo e do Hi ocorre de pessoa a pessoa, por meio de gotículas de secreções
respiratórias, do doente ou do portador assintomático, em que geralmente se necessita um contato próximo e
prolongado para que ocorra a transmissão.
2
.
4
.
Em 2010 houve a introdução da vacina meningocócica C conjugada (MenC) no Calendário Nacional de
vacinação, pelo Programa Nacional de Imunizações (PNI), que reduziu consideravelmente a incidência da doença
meningocócica no país. Na última década manteve uma média de menos de um caso para cada 100.000 habitantes
na população geral, com registro de 0,35 casos por 100.000 habitantes 
em 2023 (Figura 1). Mas, segue tendo maior
relevância entre as crianças menores de cinco anos, com média de 1,7 casos para cada 100.000 habitantes nessa
população, com registro de 1,42",True,100,docs_ms,vigentes/NT154_2024_DPNI_SVSA_MS.pdf
docsms_nt154_pdf__0042114377__4,NT Conjunta nº 154/2024-DPNI/SVSA/MS (PDF oficial) — 0042114377,norma,nt154 pdf oficial quimioprofilaxia surto dm hib conjunta 2024 dpni svsa oficial 0042114377 riancas menores cinco anos media casos para cada habitantes nessa populacao registro,NT Conjunta nº 154/2024-DPNI/SVSA/MS,"rianças menores de cinco anos, com média de 1,7 casos para cada 100.000 habitantes nessa
população, com registro de 1,42 casos por 100.000 habitantes menores de cinco anos em 2023 (Figura 2).
Fonte: SINAN - CGVDI/DPNI/SVSA/MS. Dados atualizados até 12/09/2024. Sujeitos a alterações.
Figura 1.
 
Coeficiente de incidência da doença meningocócica (x 100.000 hab.), por ano de início dos sintomas.
Brasil, 2010 a 2024.
 
Nota Técnica Conjunta 154 (0043044123)         SEI 25000.108654/2024-97 / pg. 1",True,100,docs_ms,vigentes/NT154_2024_DPNI_SVSA_MS.pdf
docsms_nt154_pdf__0042114377__5,NT Conjunta nº 154/2024-DPNI/SVSA/MS (PDF oficial) — 0042114377,norma,nt154 pdf oficial quimioprofilaxia surto dm hib conjunta 2024 dpni svsa oficial 0042114377 sintomas brasil 2010 2024 nota tecnica conjunta 0043044123 25000 108654 2024 fonte,NT Conjunta nº 154/2024-DPNI/SVSA/MS,"cio dos sintomas.
Brasil, 2010 a 2024.
 
Nota Técnica Conjunta 154 (0043044123)         SEI 25000.108654/2024-97 / pg. 1

Fonte: SINAN - CGVDI/DPNI/SVSA/MS. Dados atualizados até 12/09/2024. Sujeitos a alterações.
​
Figura 2.
 Coeﬁciente de incidência da doença meningocócica (x 100.000 hab.), por ano de início dos sintomas em
menores de cinco anos. Brasil, 2010 a 2024.
 
2
.
5
.
Nos anos 90 foi introduzida no Calendário Nacional de Vacinação a vacina contra o Hib, desde então
houve redução progressiva dos casos de DIHi tipo b, com destaque para as meningites. Considerando a população
geral, a meningite por Hi registrou uma média anual de 137 casos, no período de 2010 a 2023 (excluindo os anos
2020 e 2021 da pandemia da covid-19). Em 2024, até a semana epidemiológica (SE) 35 (até 31/08/2024), foram
registrados 110 casos de meningite por Hi. Os anos 2019 e 2023 registraram os maiores",True,100,docs_ms,vigentes/NT154_2024_DPNI_SVSA_MS.pdf
docsms_nt154_pdf__0042114377__6,NT Conjunta nº 154/2024-DPNI/SVSA/MS (PDF oficial) — 0042114377,norma,nt154 pdf oficial quimioprofilaxia surto dm hib conjunta 2024 dpni svsa oficial 0042114377 2024 foram registrados casos meningite anos 2019 2023 registraram maiores numero casos,NT Conjunta nº 154/2024-DPNI/SVSA/MS,"ca (SE) 35 (até 31/08/2024), foram
registrados 110 casos de meningite por Hi. Os anos 2019 e 2023 registraram os maiores número de casos da série
histórica analisada, com 169 e 174 casos respectivamente. Já entre os menores de cinco anos, de 2010 a 2023
(excluindo os anos 2020 e 2021 da pandemia da covid-19), foi registrada média de 76 casos ao ano. Em 2024, até a
SE 35 (até 31/08/2024), foram registrados 48 casos de meningite por Hi. O ano 2019 registrou o maior número de
casos da série histórica analisada, com 96 casos (Figura 3).  
Figura 3. 
Número de casos de meningite por 
Haemophilus
 
influenzae
, por data de início dos sintomas, da população
geral e população menor de cinco anos. Brasil, 2010 a 
2024.*
 
2
.
6
.
Diante da sustentada redução da incidência da DM e da meningite por Hi no país e ações de
sensibilização das redes de atenção à saúde, para manejo e adoção medidas",True,100,docs_ms,vigentes/NT154_2024_DPNI_SVSA_MS.pdf
docsms_nt154_pdf__0042114377__7,NT Conjunta nº 154/2024-DPNI/SVSA/MS (PDF oficial) — 0042114377,norma,nt154 pdf oficial quimioprofilaxia surto dm hib conjunta 2024 dpni svsa oficial 0042114377 meningite pais acoes sensibilizacao redes atencao saude para manejo adocao medidas oportunas,NT Conjunta nº 154/2024-DPNI/SVSA/MS,"da DM e da meningite por Hi no país e ações de
sensibilização das redes de atenção à saúde, para manejo e adoção medidas oportunas de controle e prevenção da
doença, tornou-se necessário revisar os conceitos adotados para o Sistema Nacional de Vigilância Epidemiológica das
Meningites no país, em adequação ao atual cenário epidemiológico.
2
.
7
.
As novas deﬁnições foram ajustadas de acordo com a revisão de documentos oﬁciais para vigilância e
prevenção das meningites e doenças invasivas de outros países, dos dados disponíveis na literatura, com avaliação
do cenário epidemiológico das meningites no Brasil e em discussão no Comitê Técnico Assessor, promovida pela
Coordenação-Geral de Vigilância das Doenças Imunopreveníveis, do Departamento do Programa Nacional de
Imunizações, da Secretaria de Vigilância em Saúde e Ambiente do Ministério da Saúde (CGVDI/DPNI/SVSA/MS).
3
.",True,100,docs_ms,vigentes/NT154_2024_DPNI_SVSA_MS.pdf
docsms_nt154_pdf__0043044123__1,NT Conjunta nº 154/2024-DPNI/SVSA/MS (PDF oficial) — 0043044123,norma,nt154 pdf oficial quimioprofilaxia surto dm hib conjunta 2024 dpni svsa oficial 0043044123 codigo 1e8e61d4 referencia processo 25000 108654 2024 0043044123 departamento programa nacional imunizacoes,NT Conjunta nº 154/2024-DPNI/SVSA/MS,"e o código CRC
1E8E61D4
.
Referência:
 Processo nº 25000.108654/2024-97
SEI nº 0043044123
 
Departamento do Programa Nacional de Imunizações - DPNI
SRTVN 701, Via W5 Norte Edifício PO700, 6º andar - Bairro Asa Norte, Brasília/DF, CEP 70719-040
Site - saude.gov.br
  
Nota Técnica Conjunta 154 (0043044123)         SEI 25000.108654/2024-97 / pg. 8",True,100,docs_ms,vigentes/NT154_2024_DPNI_SVSA_MS.pdf
docsms_nt154_pdf__2018_2021__1,NT Conjunta nº 154/2024-DPNI/SVSA/MS (PDF oficial) — 2018-2021,norma,nt154 pdf oficial quimioprofilaxia surto dm hib conjunta 2024 dpni svsa oficial 2018 2021 report committee infectious diseases itasca american academy pediatrics 2018 adderson invasive,NT Conjunta nº 154/2024-DPNI/SVSA/MS,"Report of the Committee on Infectious Diseases. 31. ed. Itasca, IL: American Academy of Pediatrics,
2018. p. 550-560.
____ADDERSON, E. E. 
et al.
 
Invasive Serotype a Haemophilus influenzae Infections With a Virulence
Genotype Resembling Haemophilus influenzae Type b: Emerging Pathogen in the Vaccine Era?
.
PEDIATRICS, 108(1), e18–e18. doi:10.1542/peds.108.1.e18. 2001.
____
Bertrand-Gerentes, I., Fanchon, L., Coste, F. et al. 
Range of Clinical Manifestations Caused by Invasive
Meningococcal Disease Due to Serogroup W: A Systematic Review.
 Infect Dis Ther 12, 2337–2351 (2023).
https://doi.org/10.1007/s40121-023-00869-z
____BRASIL. Ministério da Saúde. Secretaria de Vigilância em Saúde e Ambiente. Departamento de Imunizações e
Doenças Imunopreveníveis. 
Manual dos Centros de Referência para Imunobiológicos Especiais
. 6ª edição. 178
p. Brasília/DF. 2023. Disponível em: <",True,100,docs_ms,vigentes/NT154_2024_DPNI_SVSA_MS.pdf
docsms_nt154_pdf__2018_2021__2,NT Conjunta nº 154/2024-DPNI/SVSA/MS (PDF oficial) — 2018-2021,norma,nt154 pdf oficial quimioprofilaxia surto dm hib conjunta 2024 dpni svsa oficial 2018 2021 manual centros referencia para imunobiologicos especiais edicao brasilia 2023 disponivel http,NT Conjunta nº 154/2024-DPNI/SVSA/MS,"Manual dos Centros de Referência para Imunobiológicos Especiais
. 6ª edição. 178
p. Brasília/DF. 2023. Disponível em: < 
http://www.gov.br/saude/pt-br/vacinacao/arquivos/manual-dos-centros-de-
referencia-para-imunobiologicos-especiais_6a-edicao_2023.pdf
 >. Acesso em 22 de julho de 2024.
____BRASIL. Ministério da Saúde. Secretaria de Vigilância em Saúde. Departamento de Imunizações e Doenças
Transmissíveis. 
Manual de Vigilância Epidemiológica de Eventos Adversos Pós-Vacinação
 – 4ª.ed.atualizada.
340 p. : il. Brasília/DF, 2021. Disponível em: <
https://www.gov.br/saude/pt-br/centrais-de-
conteudo/publicacoes/svsa/vacinacao-imunizacao-pni/manual_eventos-
_adversos_pos_vacinacao_4ed_atualizada.pdf
>. Acesso em 22 de julho de 2024.
____BC Centre for Disease Control. C
ommunicable Disease Control Haemophilus influenzae type b August 2024.
Disponível em",True,100,docs_ms,vigentes/NT154_2024_DPNI_SVSA_MS.pdf
docsms_nt154_pdf__2018_2021__3,NT Conjunta nº 154/2024-DPNI/SVSA/MS (PDF oficial) — 2018-2021,norma,nt154 pdf oficial quimioprofilaxia surto dm hib conjunta 2024 dpni svsa oficial 2018 2021 centre disease control ommunicable disease control haemophilus influenzae type august 2024,NT Conjunta nº 154/2024-DPNI/SVSA/MS,"___BC Centre for Disease Control. C
ommunicable Disease Control Haemophilus influenzae type b August 2024.
Disponível em http://www.bccdc.ca/resource-
gallery/Documents/Guidelines%20and%20Forms/Guidelines%20and%20Manuals/Epid/CD%20Manual/Chapter%201%20-
%20CDC/Hib_CD_Guidelines.pdf. Acesso em 08 de setembro de 2024.
____BRIERE, E. C. 
et al.
 
Prevention and Control of Haemophilus influenzae Type b Disease:
Recommendations of the Advisory Committee on Immunization Practices
 (ACIP). Division of Bacterial
Diseases, National Center for Immunization and Respiratory Diseases, CDC. MMWR Recomm Rep., v. 63, n. RR-01, p.
1-14, Feb. 2014.
____BRUCE, M. G., 
et al.
 
Epidemiology of Haemophilus infl uenzae Serotype a, North American Arctic, 2000–
2005
. Emerging Infectious Diseases • www.cdc.gov/eid • Vol. 14, No. 1, January 2008.
Nota Técnica Conjunta 154 (0043044123)         SEI",True,100,docs_ms,vigentes/NT154_2024_DPNI_SVSA_MS.pdf
docsms_nt154_pdf__2018_2021__4,NT Conjunta nº 154/2024-DPNI/SVSA/MS (PDF oficial) — 2018-2021,norma,nt154 pdf oficial quimioprofilaxia surto dm hib conjunta 2024 dpni svsa oficial 2018 2021 infectious diseases january 2008 nota tecnica conjunta 0043044123 25000 108654 2024,NT Conjunta nº 154/2024-DPNI/SVSA/MS,"Infectious Diseases • www.cdc.gov/eid • Vol. 14, No. 1, January 2008.
Nota Técnica Conjunta 154 (0043044123)         SEI 25000.108654/2024-97 / pg. 7

____CDC. Center for Disease Control and Prevention. 
Meningococcal Disease
. National Center for Immunization and
Respiratory Diseases. Last Reviewed: February 7, 2022.
____D.M. Jone., 
Chemoprophylaxis of meningitis.
 Transactions of The Royal Society of Tropical Medicine and
Hygiene, Volume 85, Issue Supplement_1, December 1991, Pages 44–45, 
https://doi.org/10.1016/0035-
9203(91)90340-5
____ECDC. European Centre for Disease Prevention and Control. 
Factsheet about Invasive Haemophilus
influenzae disease
. 28 Nov 2023. Disponível em 
https://www.ecdc.europa.eu/en/invasive-haemophilus-influenzae-
disease/facts
 com acesso em 22 de julho de 2024.
____
Goldwater PN. 
Effect of cefotaxime or ceftriaxone treatment on nasopharyngeal",True,100,docs_ms,vigentes/NT154_2024_DPNI_SVSA_MS.pdf
docsms_nt154_pdf__2018_2021__5,NT Conjunta nº 154/2024-DPNI/SVSA/MS (PDF oficial) — 2018-2021,norma,nt154 pdf oficial quimioprofilaxia surto dm hib conjunta 2024 dpni svsa oficial 2018 2021 acesso julho 2024 goldwater effect cefotaxime ceftriaxone treatment nasopharyngeal haemophilus influenzae,NT Conjunta nº 154/2024-DPNI/SVSA/MS,"com acesso em 22 de julho de 2024.
____
Goldwater PN. 
Effect of cefotaxime or ceftriaxone treatment on nasopharyngeal Haemophilus
influenzae type b colonization in children
. Antimicrob Agents Chemother. 1995 Sep;39(9):2150-2. doi:
10.1128/AAC.39.9.2150. PMID: 8540735; PMCID: PMC162900.
____LADHANI, S., 
et.al
. 
Recommendations for the prevention of secondary Haemophilus influenzae type b
(Hib) disease
. 58(1), 3–14. 
doi:10.1016/j.jinf.2008.10.007. 2009.
____National
Health Service (NHS). 
Meningitis
. P
ublicly funded healthcare systems of the United Kingdom. October",True,100,docs_ms,vigentes/NT154_2024_DPNI_SVSA_MS.pdf
docsms_nt154_pdf__2022_disponivel_em__1,NT Conjunta nº 154/2024-DPNI/SVSA/MS (PDF oficial) — 2022. Disponível em,norma,nt154 pdf oficial quimioprofilaxia surto dm hib conjunta 2024 dpni svsa oficial 2022 disponivel https conditions meningitis york state department health bureau immunization haemophilus influenzae,NT Conjunta nº 154/2024-DPNI/SVSA/MS,"https://www.nhs.uk/conditions/meningitis/
____New York State Department of Health Bureau of Immunization. 
Haemophilus influenzae 
Type B Outbreak
Control Guidelines.
 March 2022. Disponível em: <
https://health.ny.gov
>.
____ZANELLA R.C., 
et. al. 
Changes in serotype distribution of Haemophilus infuenzae meningitis isolates
identifed through laboratory-based surveillance following routine childhood vaccination against H.
infuenzae type b in Brazil
. Vaccine 29:8937–8942, 2011 
https://doi. Org/10.1016/j.vaccine.2011.09.53.
____ZANELLA, R.C., 
et al
. 
Trends in serotype distribution and antimicrobial susceptibility pattern of invasive
Haemophilus influenzae isolates from Brazil, 2009–2021
. Int Microbiol (2024). 
https://doi.org/10.1007/s10123-
024-00535-5.",True,100,docs_ms,vigentes/NT154_2024_DPNI_SVSA_MS.pdf
docsms_nt154_pdf__ana_catarina_de_melo_araujo__1,NT Conjunta nº 154/2024-DPNI/SVSA/MS (PDF oficial) — Ana Catarina De Melo Araujo,norma,nt154 pdf oficial quimioprofilaxia surto dm hib conjunta 2024 dpni svsa oficial catarina melo araujo coordenacao geral incorporacao cientifica imunizacao,NT Conjunta nº 154/2024-DPNI/SVSA/MS,Coordenação-Geral de Incorporação Científica e Imunização,True,100,docs_ms,vigentes/NT154_2024_DPNI_SVSA_MS.pdf
docsms_nt154_pdf__consideracoes_finais__1,NT Conjunta nº 154/2024-DPNI/SVSA/MS (PDF oficial) — Considerações Finais,norma,nt154 pdf oficial quimioprofilaxia surto dm hib conjunta 2024 dpni svsa oficial consideracoes finais departamento programa nacional imunizacoes recomenda necessidade administracao nova dose vacina componente,NT Conjunta nº 154/2024-DPNI/SVSA/MS,"7
.
1
.
O Departamento do Programa Nacional de Imunizações recomenda a necessidade de administração de
uma nova dose da vacina com o componente 
Haemophilus influenzae b
 em crianças maiores de seis meses de vida e
menores de dois anos (6 meses a <2 anos) que tiveram doença invasiva por Hib, conforme as normas descritas no
item 5.
7
.
2
.
Os registros das doses aplicadas deverão seguir o preconizado no item 6, REGISTRO DAS DOSES
ADMINISTRADAS DA VACINA HAEMOPHILUS INFLUENZAE B (CONJUGADA), desta 
Nota Técnica.
7
.
3
.
Os novos conceitos de vigilância e quimioproﬁlaxia apresentados neste documento 
deverão ser
adotados e amplamente divulgados a partir da publicação dessa nota técnica. 
Os mesmo serão
incorporados à nova edição de atualização do Guia de Vigilância em Saúde (7ª edição). Dessa forma, ﬁcam
revogadas
 as deﬁnições que constam na versão da 
6ª edição revisada
 do Guia de",True,100,docs_ms,vigentes/NT154_2024_DPNI_SVSA_MS.pdf
docsms_nt154_pdf__consideracoes_finais__2,NT Conjunta nº 154/2024-DPNI/SVSA/MS (PDF oficial) — Considerações Finais,norma,nt154 pdf oficial quimioprofilaxia surto dm hib conjunta 2024 dpni svsa oficial consideracoes finais saude edicao dessa forma ficam revogadas definicoes constam versao edicao revisada,NT Conjunta nº 154/2024-DPNI/SVSA/MS,"em Saúde (7ª edição). Dessa forma, ﬁcam
revogadas
 as deﬁnições que constam na versão da 
6ª edição revisada
 do Guia de Vigilância em Saúde (2024),
bem como na Nota Técnica nº 97/2024-DPNI/SVSA/MS, publicada anteriormente.
7
.
4
.
As revisões conceituais dessa nota técnica e as orientações para quimioproﬁlaxia dos contatos próximos
de casos suspeitos ou conﬁmados de doença meningocócica e doença invasiva por 
Haemophilus inﬂuenzae 
b (DiHib),
bem como as orientações de vacinação para os casos de DiHib foram embasadas no cenário epidemiológico do Brasil,
Nota Técnica Conjunta 154 (0043044123)         SEI 25000.108654/2024-97 / pg. 6",True,100,docs_ms,vigentes/NT154_2024_DPNI_SVSA_MS.pdf
docsms_nt154_pdf__consideracoes_finais__3,NT Conjunta nº 154/2024-DPNI/SVSA/MS (PDF oficial) — Considerações Finais,norma,nt154 pdf oficial quimioprofilaxia surto dm hib conjunta 2024 dpni svsa oficial consideracoes finais cenario epidemiologico brasil nota tecnica conjunta 0043044123 25000 108654 2024 calendario,NT Conjunta nº 154/2024-DPNI/SVSA/MS,"das no cenário epidemiológico do Brasil,
Nota Técnica Conjunta 154 (0043044123)         SEI 25000.108654/2024-97 / pg. 6

no Calendário Nacional de Vacinação, na revisão de documentos cientíﬁcos e em discussões com especialistas da
Câmara Técnica Assessora em Imunizações e vigilância das meningites, com o Conselho Nacional de Secretários de
Saúde, com o Conselho Nacional de Secretarias Municipais de Saúde e com as referências técnicas de vigilância das
meningites dos Estados.
7
.
5
.
É necessária a coleta de material biológico (líquor e sangue) tão logo se tenha suspeita clínica
de meningite
 para realização dos exames laboratoriais a ﬁm de conﬁrmar o diagnóstico etiológico e, quando
aplicável, identiﬁcar o sorogrupo/sorotipo circulante, conforme recomendações contidas no Guia de Vigilância em
Saúde.
7
.
5
.
1
.
Não se deve atrasar o início do tratamento do paciente suspeito de",True,100,docs_ms,vigentes/NT154_2024_DPNI_SVSA_MS.pdf
docsms_nt154_pdf__consideracoes_finais__4,NT Conjunta nº 154/2024-DPNI/SVSA/MS (PDF oficial) — Considerações Finais,norma,nt154 pdf oficial quimioprofilaxia surto dm hib conjunta 2024 dpni svsa oficial consideracoes finais contidas guia vigilancia saude deve atrasar inicio tratamento paciente suspeito meningite,NT Conjunta nº 154/2024-DPNI/SVSA/MS,"contidas no Guia de Vigilância em
Saúde.
7
.
5
.
1
.
Não se deve atrasar o início do tratamento do paciente suspeito de meningite em virtude da coleta de
material para diagnóstico. Entretanto, quando não for possível a coleta anteriormente ou concomitante ao início do
tratamento, recomenda-se que a coleta das amostras seja feita o mais próximo possível do momento do início do
tratamento.
7
.
5
.
2
.
O material coletado em meio estéril deve ser processado inicialmente no laboratório local
 para
apoio e orientação à conduta médica (bacterioscopia, citoquímica, látex, cultura). 
Subsequentemente, esse
material 
e/ou a cepa de N. meningitidis, de 
H. inﬂuenzae 
ou de 
S. pneumoniae
 já isolada 
deverá ser encaminhado
ao Laboratório Central de Saúde Pública (Lacen)
 para realização de diagnóstico mais especíﬁco. A realização de
cultura (sangue e/ou líquor) para o isolamento bacteriano dos",True,100,docs_ms,vigentes/NT154_2024_DPNI_SVSA_MS.pdf
docsms_nt154_pdf__consideracoes_finais__5,NT Conjunta nº 154/2024-DPNI/SVSA/MS (PDF oficial) — Considerações Finais,norma,nt154 pdf oficial quimioprofilaxia surto dm hib conjunta 2024 dpni svsa oficial consideracoes finais realizacao diagnostico mais especifico realizacao cultura sangue liquor para isolamento bacteriano,NT Conjunta nº 154/2024-DPNI/SVSA/MS,"realização de diagnóstico mais especíﬁco. A realização de
cultura (sangue e/ou líquor) para o isolamento bacteriano dos casos de meningite bacteriana e outras doenças
invasivas, para melhor e completa caracterização do agente etiológico, é de extrema relevância na era pós
vacinação.
7
.
6
.
Informações adicionais acerca das vacinas indicadas no Calendário Nacional de Vacinação, esquemas
vacinais, contraindicações e particularidades para o uso, podem obtidas no endereço eletrônico <
https://www.gov.br/saude/pt-br/vacinacao/calendario-tecnico
>; também consolidadas pela ""Instrução Normativa do
Calendário Nacional de Vacinação - 2024"", disponível em: <
https://www.gov.br/saude/pt-br/centrais-de-
conteudo/publicacoes/guias-e-manuais/2024/manual-dos-centros-de-referencia-para-imunobiologicos-especiais-6a-
edicao
>.
7
.
7
.
Para os indivíduos que apresentam condições clínicas especiais, as",True,100,docs_ms,vigentes/NT154_2024_DPNI_SVSA_MS.pdf
docsms_nt154_pdf__consideracoes_finais__6,NT Conjunta nº 154/2024-DPNI/SVSA/MS (PDF oficial) — Considerações Finais,norma,nt154 pdf oficial quimioprofilaxia surto dm hib conjunta 2024 dpni svsa oficial consideracoes finais para imunobiologicos especiais edicao para individuos apresentam condicoes clinicas especiais recomendacoes,NT Conjunta nº 154/2024-DPNI/SVSA/MS,"-para-imunobiologicos-especiais-6a-
edicao
>.
7
.
7
.
Para os indivíduos que apresentam condições clínicas especiais, as recomendações preconizadas pelo PNI
estão dispostas no “Manual dos Centros de Referência para Imunobiológicos Especiais - CRIE, 6ª edição, 2023”,
disponível em < 
https://www.gov.br/saude/pt-br/vacinacao/arquivos/manual-dos-centros-de-referencia-para-
imunobiologicos-especiais_6a-edicao_2023.pdf
 >.
7
.
8
.
Ressalta-se que as vacinas disponibilizadas pelo Programa Nacional de Imunizações (PNI)
 
são seguras e
bem toleráveis. Contudo, como qualquer outro medicamento, reações adversas podem ocorrer após a vacinação.
Mais informações sobre a segurança da vacinação e condutas frente aos esavi (graves e não graves) podem ser
encontradas no Manual de Vigilância (versão eletrônica), disponível em",True,100,docs_ms,vigentes/NT154_2024_DPNI_SVSA_MS.pdf
docsms_nt154_pdf__consideracoes_finais__7,NT Conjunta nº 154/2024-DPNI/SVSA/MS (PDF oficial) — Considerações Finais,norma,nt154 pdf oficial quimioprofilaxia surto dm hib conjunta 2024 dpni svsa oficial consideracoes finais frente esavi graves graves podem encontradas manual vigilancia versao eletronica disponivel,NT Conjunta nº 154/2024-DPNI/SVSA/MS,"frente aos esavi (graves e não graves) podem ser
encontradas no Manual de Vigilância (versão eletrônica), disponível em <
https://www.gov.br/saude/pt-br/centrais-de-
conteudo/publicacoes/svsa/vacinacao-imunizacao-pni/manual_eventos-
_adversos_pos_vacinacao_4ed_atualizada.pdf/view
>.
7
.
9
.
Ante o exposto, para esclarecimentos adicionais, contatar a Coordenação-Geral de Vigilância das Doenças
Imunopreveníveis (CGVDI) ou a Coordenação-Geral de Incorporação Cientiﬁca e Imunização (CGICI) pelos telefones
(61) 3315-3494 
ou 
(61) 3315-3460
, ou pelos endereços eletrônicos 
cvgdi@saude.gov.br 
ou 
cgici@saude.gov.b
r,
respectivamente.",True,100,docs_ms,vigentes/NT154_2024_DPNI_SVSA_MS.pdf
docsms_nt154_pdf__definicao_de_surto_de_doenca_meningococica__1,NT Conjunta nº 154/2024-DPNI/SVSA/MS (PDF oficial) — Definição De Surto De Doença Meningocócica,norma,nt154 pdf oficial quimioprofilaxia surto dm hib conjunta 2024 dpni svsa oficial definicao surto doenca meningococica urto comunitario ocorrencia pelo menos tres casos primarios vinculo,NT Conjunta nº 154/2024-DPNI/SVSA/MS,"S
urto Comunitário de DM
: Ocorrência de pelo menos três casos primários (sem vínculo entre si), do
mesmo sorogrupo, conﬁrmados por exame laboratorial especíﬁco (cultura ou PCR), no período inferior
ou igual a três meses em uma mesma localidade geográﬁca (distrito, bairro, cidade). Para
caracterização do surto, a incidência atual deve estar superior à incidência média esperada, levando
em consideração a ocorrência dos casos e a população sob risco, nos últimos cinco anos, em
conformidade com a avaliação do diagrama de controle
1,2 e 3
.
Se a incidência na comunidade tem sido historicamente muito baixa, para melhor avaliação, as
comparações poderão ser com a incidência anual da região ou com os dados de nível estadual.
Também poderá ser avaliado se o número de casos de uma semana para a outra duplica.
Surto Institucional de DM
: Ocorrência de pelo menos dois casos primários (sem vínculo",True,100,docs_ms,vigentes/NT154_2024_DPNI_SVSA_MS.pdf
docsms_nt154_pdf__definicao_de_surto_de_doenca_meningococica__2,NT Conjunta nº 154/2024-DPNI/SVSA/MS (PDF oficial) — Definição De Surto De Doença Meningocócica,norma,nt154 pdf oficial quimioprofilaxia surto dm hib conjunta 2024 dpni svsa oficial definicao surto doenca meningococica semana para outra duplica surto institucional ocorrencia pelo menos,NT Conjunta nº 154/2024-DPNI/SVSA/MS,"uma semana para a outra duplica.
Surto Institucional de DM
: Ocorrência de pelo menos dois casos primários (sem vínculo entre si), do
mesmo sorogrupo, conﬁrmados por exame laboratorial especíﬁco (cultura ou PCR), no período inferior
ou igual a três meses, entre indivíduos que frequentam a mesma instituição. (Exemplos:
universidades, escolas, creches, indústrias, instituições de longa permanência ou instalações
correcionais).
Nota Técnica Conjunta 154 (0043044123)         SEI 25000.108654/2024-97 / pg. 3",True,100,docs_ms,vigentes/NT154_2024_DPNI_SVSA_MS.pdf
docsms_nt154_pdf__definicao_de_surto_de_doenca_meningococica__3,NT Conjunta nº 154/2024-DPNI/SVSA/MS (PDF oficial) — Definição De Surto De Doença Meningocócica,norma,nt154 pdf oficial quimioprofilaxia surto dm hib conjunta 2024 dpni svsa oficial definicao surto doenca meningococica ermanencia instalacoes correcionais nota tecnica conjunta 0043044123 25000 108654,NT Conjunta nº 154/2024-DPNI/SVSA/MS,"ermanência ou instalações
correcionais).
Nota Técnica Conjunta 154 (0043044123)         SEI 25000.108654/2024-97 / pg. 3

O encerramento do cenário de surto da doença meningocócica deverá ser realizado em discussão
conjunta nos três níveis de gestão envolvidos (vigilâncias epidemiológica e laboratorial da meningite
municipais, estadual e do Ministério da Saúde), quando houver um regresso sustentado, de pelo menos
três meses, para o canal endêmico da doença no território avaliado.
1
 Desconsiderar da análise os anos em situações atípicas (ex. ano epidêmico)
2
 Em caso de identificação de um novo sorogrupo circulante, a definição de surto pode não atender ao critério de incidência citado
3
 Se a ocorrência da doença estiver com uma alta concentração em uma determinada faixa etária, a avaliação deverá levar em conta essa população
 
4
.",True,100,docs_ms,vigentes/NT154_2024_DPNI_SVSA_MS.pdf
docsms_nt154_pdf__eder_gatti_fernandes__1,NT Conjunta nº 154/2024-DPNI/SVSA/MS (PDF oficial) — Eder Gatti Fernandes,norma,nt154 pdf oficial quimioprofilaxia surto dm hib conjunta 2024 dpni svsa oficial eder gatti fernandes diretor departamento programa nacional imunizacoes,NT Conjunta nº 154/2024-DPNI/SVSA/MS,Diretor do Departamento do Programa Nacional de Imunizações,True,100,docs_ms,vigentes/NT154_2024_DPNI_SVSA_MS.pdf
docsms_nt154_pdf__ethel_maciel__1,NT Conjunta nº 154/2024-DPNI/SVSA/MS (PDF oficial) — Ethel Maciel,norma,nt154 pdf oficial quimioprofilaxia surto dm hib conjunta 2024 dpni svsa oficial ethel maciel secretaria vigilancia saude ambiente documento assinado eletronicamente eder gatti fernandes diretor,NT Conjunta nº 154/2024-DPNI/SVSA/MS,"Secretaria de Vigilância em Saúde e Ambiente
Documento assinado eletronicamente por 
Eder Gatti Fernandes
, 
Diretor(a) do Departamento do Programa
Nacional de Imunizações
, em 01/10/2024, às 13:26, conforme horário oficial de Brasília, com fundamento no § 3º, do
art. 4º, do 
Decreto nº 10.543, de 13 de novembro de 2020
; e art. 8º, da 
Portaria nº 900 de 31 de Março de 2017
.
Documento assinado eletronicamente por 
Greice Madeleine Ikeda do Carmo
, 
Coordenador(a)-Geral de
Vigilância das Doenças Imunopreveníveis
, em 02/10/2024, às 11:49, conforme horário oficial de Brasília, com
fundamento no § 3º, do art. 4º, do 
Decreto nº 10.543, de 13 de novembro de 2020
; e art. 8º, da 
Portaria nº 900 de 31
de Março de 2017
.
Documento assinado eletronicamente por 
Ana Catarina de Melo Araujo
, 
Coordenador(a)-Geral de Incorporação
Científica e Imunização
, em 02/10/2024, às 12:02, conforme",True,100,docs_ms,vigentes/NT154_2024_DPNI_SVSA_MS.pdf
docsms_nt154_pdf__ethel_maciel__2,NT Conjunta nº 154/2024-DPNI/SVSA/MS (PDF oficial) — Ethel Maciel,norma,nt154 pdf oficial quimioprofilaxia surto dm hib conjunta 2024 dpni svsa oficial ethel maciel arina melo araujo coordenador geral incorporacao cientifica imunizacao 2024 conforme horario,NT Conjunta nº 154/2024-DPNI/SVSA/MS,"arina de Melo Araujo
, 
Coordenador(a)-Geral de Incorporação
Científica e Imunização
, em 02/10/2024, às 12:02, conforme horário oficial de Brasília, com fundamento no § 3º, do
art. 4º, do 
Decreto nº 10.543, de 13 de novembro de 2020
; e art. 8º, da 
Portaria nº 900 de 31 de Março de 2017
.
Documento assinado eletronicamente por 
Ethel Leonor Noia Maciel
, 
Secretário(a) de Vigilância em Saúde e
Ambiente
, em 03/10/2024, às 14:47, conforme horário oficial de Brasília, com fundamento no § 3º, do art. 4º, do
Decreto nº 10.543, de 13 de novembro de 2020
; e art. 8º, da 
Portaria nº 900 de 31 de Março de 2017
.
A autenticidade deste documento pode ser conferida no site 
http://sei.saude.gov.br/sei/controlador_externo.php?
acao=documento_conferir&id_orgao_acesso_externo=0
, informando o código verificador",True,100,docs_ms,vigentes/NT154_2024_DPNI_SVSA_MS.pdf
docsms_nt154_pdf__greice_madeleine_ikeda_do_carmo__1,NT Conjunta nº 154/2024-DPNI/SVSA/MS (PDF oficial) — Greice Madeleine Ikeda Do Carmo,norma,nt154 pdf oficial quimioprofilaxia surto dm hib conjunta 2024 dpni svsa oficial greice madeleine ikeda carmo coordenadora geral vigilancia doencas imunopreveniveis,NT Conjunta nº 154/2024-DPNI/SVSA/MS,Coordenadora-Geral de Vigilância das Doenças Imunopreveníveis,True,100,docs_ms,vigentes/NT154_2024_DPNI_SVSA_MS.pdf
docsms_nt154_pdf__haemophilus_influenzae__1,NT Conjunta nº 154/2024-DPNI/SVSA/MS (PDF oficial) — Haemophilus Influenzae,norma,nt154 pdf oficial quimioprofilaxia surto dm hib conjunta 2024 dpni svsa oficial haemophilus influenzae tipo,NT Conjunta nº 154/2024-DPNI/SVSA/MS,"TIPO B,",True,100,docs_ms,vigentes/NT154_2024_DPNI_SVSA_MS.pdf
docsms_nt154_pdf__haemophilus_influenzae__2,NT Conjunta nº 154/2024-DPNI/SVSA/MS (PDF oficial) — Haemophilus Influenzae,norma,nt154 pdf oficial quimioprofilaxia surto dm hib conjunta 2024 dpni svsa oficial haemophilus influenzae beneficiario servico prestado devera realizado sistemas informacao para registros dados vacinas,NT Conjunta nº 154/2024-DPNI/SVSA/MS,"dão beneficiário do serviço prestado.
6
.
3
.
Deverá ser realizado nos Sistemas de Informação para registros de dados de vacinas e outros
imunobiológicos já disponíveis. Ainda, de acordo com a Portaria MS nº 2.499, de 23 de setembro de 2019, os registros
das doses de vacinas aplicadas nas Unidades de Atenção Primária à Saúde, deverão ser realizados exclusivamente na
estratégia e-SUS APS, por meio do Prontuário Eletrônico do Cidadão (PEC), ou do Sistema de Coleta de Dados
Simpliﬁcada (CDS), ou através integração de sistemas informatizados próprios integrados com a Rede Nacional de
Dados em Saúde (RNDS). De acordo com o Ofício Conjunto Circular nº 2/2019/SVS/MS, de 27 de setembro de 2019, os
dados referentes às doses das vacinas aplicadas pelas unidades de saúde NÃO integrantes da atenção primária,
como maternidades, clínicas especializadas, clínicas privadas entre outras, deverão ser",True,100,docs_ms,vigentes/NT154_2024_DPNI_SVSA_MS.pdf
docsms_nt154_pdf__haemophilus_influenzae__3,NT Conjunta nº 154/2024-DPNI/SVSA/MS (PDF oficial) — Haemophilus Influenzae,norma,nt154 pdf oficial quimioprofilaxia surto dm hib conjunta 2024 dpni svsa oficial haemophilus influenzae integrantes atencao primaria como maternidades clinicas especializadas clinicas privadas entre outras,NT Conjunta nº 154/2024-DPNI/SVSA/MS,"integrantes da atenção primária,
como maternidades, clínicas especializadas, clínicas privadas entre outras, deverão ser digitados no Sistema de
Informação do Programa Nacional de Imunizações (SIPNI).
6
.
4
.
Ante o exposto, 
as doses de vacinas administradas em atenção ao Calendário Nacional de
Vacinação, 
deverão ser registradas
 em conformidade as regras de registros já estabelecidas pelo Ministério
da Saúde.
6
.
5
.
Para as doses das vacinas contendo o componente 
Haemophilus inﬂuenzae
 B, administradas
nas condições descritas acima no tópico 5.1 (item b) desta Nota Técnica, 
o registro deverá ser realizado
conforme as especificações a seguir:
- Estratégia “Especial”;
- Tipo de Dose “Dose D” – 
para menores de dois anos de idade;
- Categoria / Grupo de atendimento: “Faixa etária”; 
e
- Motivo de indicação 
- Código Internacional (CID-10)
 A492 - Infecção por 
Haemophilus
influenzae",True,100,docs_ms,vigentes/NT154_2024_DPNI_SVSA_MS.pdf
docsms_nt154_pdf__haemophilus_influenzae__4,NT Conjunta nº 154/2024-DPNI/SVSA/MS (PDF oficial) — Haemophilus Influenzae,norma,nt154 pdf oficial quimioprofilaxia surto dm hib conjunta 2024 dpni svsa oficial haemophilus influenzae faixa etaria motivo indicacao codigo internacional a492 infeccao haemophilus influenzae localizacao,NT Conjunta nº 154/2024-DPNI/SVSA/MS,"“Faixa etária”; 
e
- Motivo de indicação 
- Código Internacional (CID-10)
 A492 - Infecção por 
Haemophilus
influenzae
 de localização não especificada.
 
7
.",True,100,docs_ms,vigentes/NT154_2024_DPNI_SVSA_MS.pdf
docsms_nt154_pdf__intro__1,NT Conjunta nº 154/2024-DPNI/SVSA/MS (PDF oficial),norma,nt154 pdf oficial quimioprofilaxia surto dm hib conjunta 2024 dpni svsa oficial ministerio saude secretaria vigilancia saude ambiente departamento programa nacional imunizacoes nota tecnica conjunta,NT Conjunta nº 154/2024-DPNI/SVSA/MS,"Ministério da Saúde
Secretaria de Vigilância em Saúde e Ambiente
Departamento do Programa Nacional de Imunizações
  
NOTA TÉCNICA CONJUNTA Nº 154/2024-DPNI/SVSA/MS
  
Novas orientações para o Sistema
Nacional de Vigilância Epidemiológica
das Meningites e retiﬁcação da Nota
Técnica nº 97/2024-DPNI/SVSA/MS.
1
.
ASSUNTO
1
.
1
.
Trata da revisão da deﬁnição de caso suspeito, de contatos, de surto de doença meningocócica e das
orientações para quimioproﬁlaxia dos contatos próximos de casos suspeitos ou conﬁmados de doença meningocócica
e doença invasiva por 
Haemophilus 
influenzae 
b, que constam no Guia de Vigilância em Saúde (GVS), do Ministério da
Saúde do Brasil, bem como da revogação dessas definições que constam na versão da 6ª edição do Guia de Vigilância
em Saúde (2023).
1
.
2
.
Inclusão das orientações sobre vacinação para os casos de doença invasiva por 
Haemophilus 
influenzae",True,100,docs_ms,vigentes/NT154_2024_DPNI_SVSA_MS.pdf
docsms_nt154_pdf__intro__2,NT Conjunta nº 154/2024-DPNI/SVSA/MS (PDF oficial),norma,nt154 pdf oficial quimioprofilaxia surto dm hib conjunta 2024 dpni svsa oficial 2023 inclusao orientacoes sobre vacinacao para casos doenca invasiva haemophilus influenzae revoga retifica,NT Conjunta nº 154/2024-DPNI/SVSA/MS,"e (2023).
1
.
2
.
Inclusão das orientações sobre vacinação para os casos de doença invasiva por 
Haemophilus 
influenzae 
b.
1
.
3
.
Revoga e retiﬁca as orientações publicadas anteriormente na 
Nota Técnica nº 97/2024-DPNI/SVSA/MS
(",True,100,docs_ms,vigentes/NT154_2024_DPNI_SVSA_MS.pdf
docsms_nt154_pdf__medicamentos_para_quimioprofilaxia__1,NT Conjunta nº 154/2024-DPNI/SVSA/MS (PDF oficial) — Medicamentos Para Quimioprofilaxia,norma,nt154 pdf oficial quimioprofilaxia surto dm hib conjunta 2024 dpni svsa oficial medicamentos para quimioprofilaxia antibiotico primeira escolha para quimioprofilaxia rifampicina deve administrada dose adequada,NT Conjunta nº 154/2024-DPNI/SVSA/MS,"4
.
5
.
1
.
O antibiótico de 
primeira escolha
 para a quimioproﬁlaxia é a 
rifampicina
, que deve ser administrada
em dose adequada e simultaneamente a todos os contatos próximos
, conforme recomendações constantes no Guia
de Vigilância em Saúde (GVS).
4
.
5
.
1
.
1
.
Alternativamente, outros antibióticos como a 
ceftriaxona e o ciproﬂoxacino
 podem ser utilizados em
dose única para a quimioproﬁlaxia, quando na indisponibilidade, intolerância ou contraindicação do uso da
rifampicina, ou ainda em situações que não for garantida a tomada adequada de todas as doses preconizadas. A
recomendação para uso preferencial e restrito da rifampicina visa evitar a seleção de isolados bacterianos
resistentes. A
 azitromicina 
(em dose única de 500mg) é uma alternativa indicada em situações que houver
resistência microbiana ao ciprofloxacino ou na ausência das demais opções.
4
.
5
.
2
.
Em relação",True,100,docs_ms,vigentes/NT154_2024_DPNI_SVSA_MS.pdf
docsms_nt154_pdf__medicamentos_para_quimioprofilaxia__2,NT Conjunta nº 154/2024-DPNI/SVSA/MS (PDF oficial) — Medicamentos Para Quimioprofilaxia,norma,nt154 pdf oficial quimioprofilaxia surto dm hib conjunta 2024 dpni svsa oficial medicamentos para quimioprofilaxia situacoes houver resistencia microbiana ciprofloxacino ausencia demais opcoes relacao gestantes,NT Conjunta nº 154/2024-DPNI/SVSA/MS,"m situações que houver
resistência microbiana ao ciprofloxacino ou na ausência das demais opções.
4
.
5
.
2
.
Em relação às
 gestantes
, apesar de não haver estudos controlados sobre efeitos teratogênicos em
humanos com o uso da rifampicina, estudos de reprodução animal demonstraram efeitos adversos no feto. Assim,
orienta-se o 
uso da ceftriaxona como medicamento de primeira escolha para quimioproﬁlaxia nesse
público.
 Outras alternativas e a relação risco/benefício do uso do antibiótico pela gestante deverá ser avaliada pelo
médico assistente.
4
.
5
.
3
.
Para lactantes
, a OMS e a Academia Americana de Pediatria classiﬁcam a 
rifampicina
 como droga
compatível com a amamentação, de maneira que 
não há contraindicação do uso por lactantes
, bem como a
amamentação não deve ser descontinuada durante o uso. Outras alternativas e a relação risco/benefício do uso do
antibiótico pela",True,100,docs_ms,vigentes/NT154_2024_DPNI_SVSA_MS.pdf
docsms_nt154_pdf__medicamentos_para_quimioprofilaxia__3,NT Conjunta nº 154/2024-DPNI/SVSA/MS (PDF oficial) — Medicamentos Para Quimioprofilaxia,norma,nt154 pdf oficial quimioprofilaxia surto dm hib conjunta 2024 dpni svsa oficial medicamentos para quimioprofilaxia deve descontinuada durante outras alternativas relacao risco beneficio antibiotico pela,NT Conjunta nº 154/2024-DPNI/SVSA/MS,"ção não deve ser descontinuada durante o uso. Outras alternativas e a relação risco/benefício do uso do
antibiótico pela lactante deverá ser avaliada pelo médico assistente.
4
.
5
.
4
.
Havendo ocorrência de novos casos que abranja o mesmo grupo de contatos próximos, em até 30 dias
após realização de quimioprofilaxia, um antibiótico alternativo deverá ser considerado para profilaxia de repetição.
4
.
5
.
5
.
Destaca-se a importância dos proﬁssionais de vigilância epidemiológica e de atenção à saúde veriﬁcarem
a realização completa e adequada do esquema proﬁlático dos contatos, bem como monitorar o aparecimento de
sinais e sintomas suspeitos, contados da data da última exposição com o caso até 10 dias posteriores (período de
incubação).
 
4
.
6
.
QUIMIOPROFILAXIA PARA DOENÇA MENINGOCÓCICA (DM)
4
.
6
.
1
.
 
Deverão receber quimioprofilaxia:
a
)
O paciente
: somente se o tratamento da",True,100,docs_ms,vigentes/NT154_2024_DPNI_SVSA_MS.pdf
docsms_nt154_pdf__medicamentos_para_quimioprofilaxia__4,NT Conjunta nº 154/2024-DPNI/SVSA/MS (PDF oficial) — Medicamentos Para Quimioprofilaxia,norma,nt154 pdf oficial quimioprofilaxia surto dm hib conjunta 2024 dpni svsa oficial medicamentos para quimioprofilaxia doenca meningococica deverao receber quimioprofilaxia paciente somente tratamento doenca estiver,NT Conjunta nº 154/2024-DPNI/SVSA/MS,"RA DOENÇA MENINGOCÓCICA (DM)
4
.
6
.
1
.
 
Deverão receber quimioprofilaxia:
a
)
O paciente
: somente se o tratamento da doença não estiver sendo realizado com cefalosporina de
terceira geração (ceftriaxona ou cefotaxima);
b
)
Contato próximo
 do caso suspeito ou confirmado de DM (vide definição 3.2).
4
.
6
.
2
.
Esquema quimioprofilático indicado para doença meningocócica
Droga*
Idade
Dose
Intervalo
Duração
Rifampicina
¹
<1 mês
5mg/kg/dose
12 em 12 horas
2 dias
>= 1 mês
10mg/kg/dose
(máximo 600mg)
Ceftriaxona
²
<12 anos
125mg intramuscular
dose única
Nota Técnica Conjunta 154 (0043044123)         SEI 25000.108654/2024-97 / pg. 4",True,100,docs_ms,vigentes/NT154_2024_DPNI_SVSA_MS.pdf
docsms_nt154_pdf__medicamentos_para_quimioprofilaxia__5,NT Conjunta nº 154/2024-DPNI/SVSA/MS (PDF oficial) — Medicamentos Para Quimioprofilaxia,norma,nt154 pdf oficial quimioprofilaxia surto dm hib conjunta 2024 dpni svsa oficial medicamentos para quimioprofilaxia anos 125mg intramuscular dose unica nota tecnica conjunta 0043044123 25000,NT Conjunta nº 154/2024-DPNI/SVSA/MS,"<12 anos
125mg intramuscular
dose única
Nota Técnica Conjunta 154 (0043044123)         SEI 25000.108654/2024-97 / pg. 4

>=12 anos
250mg intramuscular
Ciprofloxacino
¹
>=18 anos
500mg uso oral
dose única
¹Não recomendado para gestantes. ²Droga de primeira escolha para gestantes. *Em situações de resistência microbiana ao
ciprofloxacino, a Azitromicina (500mg em dose única) poderá ser utilizada em >=12 anos, na impossibilidade do uso das demais
opções.
 
4
.
7
.",True,100,docs_ms,vigentes/NT154_2024_DPNI_SVSA_MS.pdf
docsms_nt154_pdf__novas_definicoes__1,NT Conjunta nº 154/2024-DPNI/SVSA/MS (PDF oficial) — Novas Definições,norma,nt154 pdf oficial quimioprofilaxia surto dm hib conjunta 2024 dpni svsa oficial novas definicoes definicao caso suspeito meningite individuo febre acompanhada dois mais seguintes sintomas,NT Conjunta nº 154/2024-DPNI/SVSA/MS,"3
.
1
.
DEFINIÇÃO DE CASO SUSPEITO DE MENINGITE:
Indivíduo com 
febre acompanhada de dois ou mais dos seguintes sintomas
: cefaleia intensa, vômito,
confusão ou alteração mental, fotofobia (aumento da sensibilidade à luz), torpor, convulsão; 
OU
Indivíduo com 
febre acompanhada de pelo menos um sinal de irritação meníngea
, como rigidez de
nuca, 
Kernig
 ou 
Brudzinski
; 
OU
Indivíduo com 
febre de início súbito e aparecimento de erupções cutâneas
 petequiais ou sufusões
hemorrágicas; 
OU
Fonte: SINAN. DPNI/SVSA/MS. *Dados preliminares, sujeitos a alterações, atualizados até 07/09/2024. 
 
Nota Técnica Conjunta 154 (0043044123)         SEI 25000.108654/2024-97 / pg. 2",True,100,docs_ms,vigentes/NT154_2024_DPNI_SVSA_MS.pdf
docsms_nt154_pdf__novas_definicoes__2,NT Conjunta nº 154/2024-DPNI/SVSA/MS (PDF oficial) — Novas Definições,norma,nt154 pdf oficial quimioprofilaxia surto dm hib conjunta 2024 dpni svsa oficial novas definicoes teracoes atualizados 2024 nota tecnica conjunta 0043044123 25000 108654 2024 menores,NT Conjunta nº 154/2024-DPNI/SVSA/MS,"terações, atualizados até 07/09/2024. 
 
Nota Técnica Conjunta 154 (0043044123)         SEI 25000.108654/2024-97 / pg. 2

Em menores de dois anos considerar, além das apresentações supracitadas, a ocorrência de febre com
irritabilidade ou choro persistente ou sonolência ou abaulamento de fontanela.
3
.
1
.
1
.
Em situações de surto
 recomenda-se adoção de deﬁnição de caso mais sensível para captação dos
potenciais casos na rede assistencial, o mais precocemente possível. Assim, considerar como caso suspeito:
Indivíduo com 
febre acompanhada de um ou mais dos seguintes sintomas
: confusão ou alteração
mental, convulsão, torpor, sinal de irritação meníngea (rigidez de nuca, Kernig ou Brudzinski),
erupções cutâneas petequiais ou sufusões hemorrágicas; 
OU
 
Indivíduo com 
febre acompanhada de dois ou mais dos seguintes sintomas
: cefaleia intensa, vômito,
fotofobia (aumento da",True,100,docs_ms,vigentes/NT154_2024_DPNI_SVSA_MS.pdf
docsms_nt154_pdf__novas_definicoes__3,NT Conjunta nº 154/2024-DPNI/SVSA/MS (PDF oficial) — Novas Definições,norma,nt154 pdf oficial quimioprofilaxia surto dm hib conjunta 2024 dpni svsa oficial novas definicoes ndividuo febre acompanhada dois mais seguintes sintomas cefaleia intensa vomito fotofobia,NT Conjunta nº 154/2024-DPNI/SVSA/MS,"ndivíduo com 
febre acompanhada de dois ou mais dos seguintes sintomas
: cefaleia intensa, vômito,
fotofobia (aumento da sensibilidade à luz); 
OU
 
Em menores de dois anos considerar, além das apresentações supracitadas, a ocorrência de febre com
irritabilidade ou choro persistente ou sonolência ou abaulamento de fontanela.
3
.
1
.
2
.
Os sinais e sintomas 
podem aparecer em qualquer ordem. Algumas manifestações gastrointestinais podem
estar presentes (distensão abdominal e diarreia). Os patógenos bacterianos da meningite podem causar 
outros
sintomas como resultado de infecções da corrente sanguínea (
sepse
) como mãos e pés frios, mialgia e/ou artalgia,
taquipneia (respiração mais rápida do que o normal), taquicardia (aumento da frequência cardíaca), além das erupções
cutâneas que podem aparecer mais tardiamente
.
 
3
.
2
.",True,100,docs_ms,vigentes/NT154_2024_DPNI_SVSA_MS.pdf
docsms_nt154_pdf__novas_orientacoes_acerca_da_vacinacao_para_crian__1,NT Conjunta nº 154/2024-DPNI/SVSA/MS (PDF oficial) — Novas Orientações Acerca Da Vacinação Para Crianças Maiores De 6 Meses E,norma,nt154 pdf oficial quimioprofilaxia surto dm hib conjunta 2024 dpni svsa oficial novas orientacoes acerca vacinacao para criancas maiores meses menores dois anos doenca invasiva,NT Conjunta nº 154/2024-DPNI/SVSA/MS,"MENORES DE DOIS ANOS, COM DOENÇA INVASIVA POR",True,100,docs_ms,vigentes/NT154_2024_DPNI_SVSA_MS.pdf
docsms_nt154_pdf__novas_orientacoes_para_quimioprofilaxia__1,NT Conjunta nº 154/2024-DPNI/SVSA/MS (PDF oficial) — Novas Orientações Para Quimioprofilaxia,norma,nt154 pdf oficial quimioprofilaxia surto dm hib conjunta 2024 dpni svsa oficial novas orientacoes para quimioprofilaxia principal objetivo quimioprofilaxia interromper cadeia transmissao meningococo haemophilus influenzae,NT Conjunta nº 154/2024-DPNI/SVSA/MS,"4
.
1
.
O principal objetivo da quimioproﬁlaxia é interromper a cadeia de transmissão do meningococo e do
Haemophilus inﬂuenzae 
b (Hib), por meio do uso de antibiótico para descolonização de nasofaringe de um
contactante do caso suspeito ou conﬁrmado, pois existe uma possibilidade de que ele seja o portador da bactéria.
Consequentemente, prevenir a ocorrência de outros casos a partir do mesmo portador. Por outro lado, a
quimioproﬁlaxia também é preconizada para prevenção de casos secundários entre os indivíduos expostos ao caso-
índice.
4
.
2
.
A quimioproﬁlaxia deverá ser realizada o mais breve possível, nos contatos próximos do caso suspeito ou
conﬁrmado de doença meningocócica ou doença invasiva por Hib, idealmente nas primeiras 24h após início dos
sintomas. ​​​​
4
.
3
.
A quimioproﬁlaxia, se administrada mais de 10 dias após a exposição ao caso-índice é de valor bastante
limitado",True,100,docs_ms,vigentes/NT154_2024_DPNI_SVSA_MS.pdf
docsms_nt154_pdf__novas_orientacoes_para_quimioprofilaxia__2,NT Conjunta nº 154/2024-DPNI/SVSA/MS (PDF oficial) — Novas Orientações Para Quimioprofilaxia,norma,nt154 pdf oficial quimioprofilaxia surto dm hib conjunta 2024 dpni svsa oficial novas orientacoes para quimioprofilaxia quimioprofilaxia administrada mais dias apos exposicao caso indice valor,NT Conjunta nº 154/2024-DPNI/SVSA/MS,"4
.
3
.
A quimioproﬁlaxia, se administrada mais de 10 dias após a exposição ao caso-índice é de valor bastante
limitado ou nulo, pois a maioria dos casos secundários ocorre na primeira semana após o contato com o caso-índice.
No entanto, quando se trata de doença invasiva por Hib (DIHib), há relatos na literatura de casos secundários que
ocorreram mais tardiamente. Assim, para estes casos (contato com caso de DIHib) a quimioproﬁlaxia poderá ser
realizada em até 30 dias após exposição ao caso-índice.
4
.
4
.
Em situações de surto, recomenda-se a realização da 
quimioproﬁlaxia ampliada
, que consiste na
ampliação da seleção de indivíduos contactantes do caso-índice para receber a quimioproﬁlaxia, ou seja, todos os
indivíduos que tiveram contato direto com o caso suspeito ou conﬁrmado nos 10 dias anteriores ao início dos
sintomas e durante a manifestação dos sintomas.
 
4
.
5
.",True,100,docs_ms,vigentes/NT154_2024_DPNI_SVSA_MS.pdf
docsms_nt154_pdf__para_vacinas_contendo_o_componente_hib__1,NT Conjunta nº 154/2024-DPNI/SVSA/MS (PDF oficial) — Para Vacinas Contendo O Componente Hib,norma,nt154 pdf oficial quimioprofilaxia surto dm hib conjunta 2024 dpni svsa oficial para vacinas contendo componente criancas tiveram doenca invasiva antes completar dois anos idade,NT Conjunta nº 154/2024-DPNI/SVSA/MS,"5
.
1
.
Crianças que tiveram doença invasiva por Hib antes de completar os dois anos de idade, podem ainda
Nota Técnica Conjunta 154 (0043044123)         SEI 25000.108654/2024-97 / pg. 5

apresentar risco de um segundo episódio da doença. A infecção natural nessa idade não resulta em níveis de
anticorpos protetores de forma robusta. Assim, para essas crianças, recomenda-se as seguintes ações
complementares de vacinação:
a
)
Crianças menores de dois anos de idade
 (< 2 anos), que NÃO 
estiverem vacinadas OU
estiverem com o esquema vacinal INCOMPLETO para 
Haemophilus inﬂuenzae tipo b
, deverão
iniciar ou completar o esquema vacinal conforme orientação do PNI, com a administração da 
vacina
penta 
(rotina) ou 
hexa acelular
 (Centros de Referência para Imunobiológicos Especiais – CRIE).
b
)
Crianças de seis meses de vida à menores de dois anos 
(6 meses a <2 anos),
 
com esquema
vacinal",True,100,docs_ms,vigentes/NT154_2024_DPNI_SVSA_MS.pdf
docsms_nt154_pdf__para_vacinas_contendo_o_componente_hib__2,NT Conjunta nº 154/2024-DPNI/SVSA/MS (PDF oficial) — Para Vacinas Contendo O Componente Hib,norma,nt154 pdf oficial quimioprofilaxia surto dm hib conjunta 2024 dpni svsa oficial para vacinas contendo componente especiais crie criancas seis meses vida menores dois anos,NT Conjunta nº 154/2024-DPNI/SVSA/MS,"Especiais – CRIE).
b
)
Crianças de seis meses de vida à menores de dois anos 
(6 meses a <2 anos),
 
com esquema
vacinal COMPLETO contra 
Haemophilus inﬂuenzae tipo b
, recomenda-se a 
administração de
uma DOSE ADICIONAL de vacina contendo componente 
Haemophilus inﬂuenzae b
,
respeitando o intervalo mínimo de 60 dias após a última dose administrada de vacinas contendo esse
componente.
5
.
2
.
A vacinação deve ser iniciada 30 dias após o início da doença invasiva ou o mais breve
possível passado este período.
5
.
3
.
Crianças que tiveram doença invasiva por Hib 
a partir dos dois anos de idade
 que possuem o
esquema vacinal completo contra a doença, geralmente, desenvolvem uma resposta imune protetora e 
não
requerem
, portanto, administração de outra dose. Se não vacinadas ou com esquema incompleto de vacina
contendo o componente Hib, deverão iniciar ou completar o esquema vacinal",True,100,docs_ms,vigentes/NT154_2024_DPNI_SVSA_MS.pdf
docsms_nt154_pdf__para_vacinas_contendo_o_componente_hib__3,NT Conjunta nº 154/2024-DPNI/SVSA/MS (PDF oficial) — Para Vacinas Contendo O Componente Hib,norma,nt154 pdf oficial quimioprofilaxia surto dm hib conjunta 2024 dpni svsa oficial para vacinas contendo componente vacinadas esquema incompleto vacina contendo componente deverao iniciar completar,NT Conjunta nº 154/2024-DPNI/SVSA/MS,"vacinadas ou com esquema incompleto de vacina
contendo o componente Hib, deverão iniciar ou completar o esquema vacinal conforme orientação do Calendário
Nacional de Vacinação.
 
6
.",True,100,docs_ms,vigentes/NT154_2024_DPNI_SVSA_MS.pdf
docsms_nt154_pdf__quimioprofilaxia_para_doenca_invasiva_por__1,NT Conjunta nº 154/2024-DPNI/SVSA/MS (PDF oficial) — Quimioprofilaxia Para Doença Invasiva Por,norma,nt154 pdf oficial quimioprofilaxia surto dm hib conjunta 2024 dpni svsa oficial quimioprofilaxia para doenca invasiva haemophilus influenzae tipo casos secundarios meningite influenzae raros porem,NT Conjunta nº 154/2024-DPNI/SVSA/MS,"Haemophilus influenzae 
tipo b
4
.
7
.
1
.
Casos secundários de meningite por 
H. inﬂuenzae b
 são raros, porém podem ocorrer com mais de 30 dias
após contato com o caso-índice. A taxa de ataque secundária é maior entre os contatos domiciliares menores de 4
anos de idade, não vacinados. Alguns estudos apontaram que as maiores taxas de colonização se encontram entre
contatos domiciliares (26 a 32%), especialmente se forem crianças (33 a 66%). Em contactantes de creches essa
taxa é menor (10 a 23%), mas ainda assim há riscos (BRIERE et al., 2014; LADHANI et al., 2009).
4
.
7
.
2
.
Deverão receber quimioprofilaxia:
a
)
O paciente
, se o tratamento da doença não estiver sendo realizado com cefalosporina de terceira
geração (ceftriaxona ou cefotaxima);
b
)
Todos os
 
contatos domiciliares do caso
, se o domicílio incluir:
Indivíduo imunocomprometido ou criança menor de dois anos de",True,100,docs_ms,vigentes/NT154_2024_DPNI_SVSA_MS.pdf
docsms_nt154_pdf__quimioprofilaxia_para_doenca_invasiva_por__2,NT Conjunta nº 154/2024-DPNI/SVSA/MS (PDF oficial) — Quimioprofilaxia Para Doença Invasiva Por,norma,nt154 pdf oficial quimioprofilaxia surto dm hib conjunta 2024 dpni svsa oficial quimioprofilaxia para doenca invasiva contatos domiciliares caso domicilio incluir individuo imunocomprometido crianca menor,NT Conjunta nº 154/2024-DPNI/SVSA/MS,"s
 
contatos domiciliares do caso
, se o domicílio incluir:
Indivíduo imunocomprometido ou criança menor de dois anos de idade,
independentemente da situação vacinal;
Criança menor de quatro anos não vacinada ou sem esquema completo de vacinação.
c
)
Os
 
demais contatos próximos do caso
 
(vide deﬁnição 3.2) 
que tenham entre seus contatos
domiciliares:
Indivíduo imunocomprometido ou criança menor de dois anos de idade,
independentemente da situação vacinal;
Criança menor de quatro anos não vacinada ou sem esquema completo de vacinação.
Observação
:
 nessa situação (item c) se faz a quimioproﬁlaxia 
apenas no contato direto do
caso-índice
, não sendo necessária a quimioproﬁlaxia da criança ou do indivíduo
imunocomprometido, por não serem contato direto do caso-índice.
d
)
Indivíduos em creche ou ensino infantil:
I
 -
Cuidadores diretos e as crianças (menores de 4 anos) da sala do",True,100,docs_ms,vigentes/NT154_2024_DPNI_SVSA_MS.pdf
docsms_nt154_pdf__quimioprofilaxia_para_doenca_invasiva_por__3,NT Conjunta nº 154/2024-DPNI/SVSA/MS (PDF oficial) — Quimioprofilaxia Para Doença Invasiva Por,norma,nt154 pdf oficial quimioprofilaxia surto dm hib conjunta 2024 dpni svsa oficial quimioprofilaxia para doenca invasiva ndice individuos creche ensino infantil cuidadores diretos criancas menores,NT Conjunta nº 154/2024-DPNI/SVSA/MS,"ndice.
d
)
Indivíduos em creche ou ensino infantil:
I
 -
Cuidadores diretos e as crianças (menores de 4 anos) da sala do caso-índice,
quando o contato se deu por pelo menos 5 dos 10 dias que antecederam o início dos sintomas
OU durante a manifestação dos sintomas, 
se 
h
ouver
Criança imunocomprometida ou menor de dois anos de idade, independentemente da
situação vacinal;
Criança menor de quatro anos não vacinada ou sem esquema completo de vacinação.
II
 -
Todos os contatos da sala
 (incluindo cuidadores diretos e  demais proﬁssionais que
entraram em contato com a referida turma, além das crianças) 
se
 f
or o segundo caso de
doença invasiva por Hi ocorrido em um intervalo de até 60 dias, 
independentemente da idade
ou da situação vacinal
.
4
.
7
.
2
.
1
.
Não há evidências que indicam realização de quimioproﬁlaxia em casos de doença invasiva por
Haemophilus inﬂuenzae 
não b. No",True,100,docs_ms,vigentes/NT154_2024_DPNI_SVSA_MS.pdf
docsms_nt154_pdf__quimioprofilaxia_para_doenca_invasiva_por__4,NT Conjunta nº 154/2024-DPNI/SVSA/MS (PDF oficial) — Quimioprofilaxia Para Doença Invasiva Por,norma,nt154 pdf oficial quimioprofilaxia surto dm hib conjunta 2024 dpni svsa oficial quimioprofilaxia para doenca invasiva evidencias indicam realizacao quimioprofilaxia casos doenca invasiva haemophilus influenzae,NT Conjunta nº 154/2024-DPNI/SVSA/MS,"há evidências que indicam realização de quimioproﬁlaxia em casos de doença invasiva por
Haemophilus inﬂuenzae 
não b. No entanto, tendo em vista que o resultado da tipagem do Hi pode demorar,
recomenda-se a realização da quimioproﬁlaxia de contatos, nas condições supracitadas, mediante a conﬁrmação
inicial da doença invasiva por Hi.
4
.
7
.
2
.
2
.
Esquema quimioprofilático indicado para doença invasiva por Hib*
Droga
Idade
Dose
Intervalo
Duração
Rifampicina
<1 mês
10mg/kg/dose
24 em 24
horas
(1x/dia)
4 dias
>= 1 mês
a <18 anos
20mg/kg/dose
(máximo 600mg)
>=18 anos
600mg
Ceftriaxona¹
<12 anos
50mg/kg
intramuscular ou
intravenoso
24 em 24
horas
(1x/dia)
2 dias
>=12 anos
1 grama
intramuscular ou
intravenoso
¹Apenas se 
indivíduo com contraindicação ou intolerância/reação adversa à rifampicina
*Ladhani, S., Neely, F., Heath, P. T., Nazareth, B., Roberts, R., Slack, M. P. E., … Ramsay, M.",True,100,docs_ms,vigentes/NT154_2024_DPNI_SVSA_MS.pdf
docsms_nt154_pdf__quimioprofilaxia_para_doenca_invasiva_por__5,NT Conjunta nº 154/2024-DPNI/SVSA/MS (PDF oficial) — Quimioprofilaxia Para Doença Invasiva Por,norma,nt154 pdf oficial quimioprofilaxia surto dm hib conjunta 2024 dpni svsa oficial quimioprofilaxia para doenca invasiva adversa rifampicina ladhani neely heath nazareth roberts slack ramsay,NT Conjunta nº 154/2024-DPNI/SVSA/MS,"ão adversa à rifampicina
*Ladhani, S., Neely, F., Heath, P. T., Nazareth, B., Roberts, R., Slack, M. P. E., … Ramsay, M. E. (2009). 
Recommendations for the prevention of secondary Haemophilus influenzae type
b (Hib) disease. Journal of Infection, 58(1), 3–14.
 doi:10.1016/j.jinf.2008.10.007. 
*BC Centre for Disease Control. Commu
nicable Disease Control Haemophilus influenzae type b August
2024
 
5
.",True,100,docs_ms,vigentes/NT154_2024_DPNI_SVSA_MS.pdf
docsms_nt154_pdf__referencias__1,NT Conjunta nº 154/2024-DPNI/SVSA/MS (PDF oficial) — Referências,norma,nt154 pdf oficial quimioprofilaxia surto dm hib conjunta 2024 dpni svsa oficial referencias american academy pediatrics meningococcal infections kimberlin book,NT Conjunta nº 154/2024-DPNI/SVSA/MS,"____AMERICAN ACADEMY OF PEDIATRICS. 
Meningococcal infections
. In: KIMBERLIN, D. W. 
et al.
 (ed.). 
Red Book:",True,100,docs_ms,vigentes/NT154_2024_DPNI_SVSA_MS.pdf
docsms_nt154_pdf__registro_das_doses_administradas_da__1,NT Conjunta nº 154/2024-DPNI/SVSA/MS (PDF oficial) — Registro Das Doses Administradas Da,norma,nt154 pdf oficial quimioprofilaxia surto dm hib conjunta 2024 dpni svsa oficial registro doses administradas vacina,NT Conjunta nº 154/2024-DPNI/SVSA/MS,VACINA,True,100,docs_ms,vigentes/NT154_2024_DPNI_SVSA_MS.pdf
docsms_nt154_pdf__to_proximo__1,NT Conjunta nº 154/2024-DPNI/SVSA/MS (PDF oficial) — To Próximo,norma,nt154 pdf oficial quimioprofilaxia surto dm hib conjunta 2024 dpni svsa oficial proximo individuo teve contato direto prolongado caso suspeito confirmado doenca meningococica doenca invasiva,NT Conjunta nº 154/2024-DPNI/SVSA/MS,"3
.
2
.
1
.
Indivíduo que teve contato direto e prolongado com o caso suspeito ou conﬁrmado de doença
meningocócica e doença invasiva por Hib, com 
exposição direta às gotículas de secreções respiratórias,
considerando dois momentos:
Retrospectivo: 
do início dos sinais e sintomas do caso 
até 10 dias anteriores
Prospectivo: 
do início dos sinais e sintomas do caso 
até 24 horas após início do tratamento com
cefalosporina de terceira geração (ceftriaxona ou cefotaxima) ou uso de rifampicina
3
.
2
.
2
.
Essa divisão temporal visa auxiliar as equipes de vigilância epidemiológica e de atenção à saúde para
identiﬁcar e tratar o possível portador, prevenindo novos casos e interrompendo cadeias de transmissão (no
momento retrospectivo), e prevenir casos secundários (momento prospectivo)
, uma vez que todos os contatos
próximos do caso suspeito ou confirmado devem realizar",True,100,docs_ms,vigentes/NT154_2024_DPNI_SVSA_MS.pdf
docsms_nt154_pdf__to_proximo__2,NT Conjunta nº 154/2024-DPNI/SVSA/MS (PDF oficial) — To Próximo,norma,nt154 pdf oficial quimioprofilaxia surto dm hib conjunta 2024 dpni svsa oficial proximo secundarios momento prospectivo todos contatos proximos caso suspeito confirmado devem realizar quimioprofilaxia,NT Conjunta nº 154/2024-DPNI/SVSA/MS,"secundários (momento prospectivo)
, uma vez que todos os contatos
próximos do caso suspeito ou confirmado devem realizar quimioprofilaxia.
3
.
2
.
3
.
Principais situações em que pode ocorrer 
exposição
 
direta às gotículas de secreções respiratórias
entre o caso suspeito ou confirmado e o contato, 
considerando o momento retrospectivo ou prospectivo
:
a
)
Compartilhamento de ambiente doméstico. Exemplo: mesmo domicílio ou dormitório;
b
)
Exposição direta às secreções nasofaríngeas. Exemplo: beijo ou compartilhamento de objetos que
viabilizem troca salivar;
c
)
Exposição próxima e contínua de pelo menos 4 horas 
E
 até 1 metro de distância, em ambiente
fechado. Exemplo: passageiro sentado ao lado em viagem de longo percurso; encontros, reuniões e
atividades em ambientes fechados; salas de aulas em escolas, creches, entre outros;
d
)
Exposição próxima por 
pelo menos cinco dias
 (em",True,100,docs_ms,vigentes/NT154_2024_DPNI_SVSA_MS.pdf
docsms_nt154_pdf__to_proximo__3,NT Conjunta nº 154/2024-DPNI/SVSA/MS (PDF oficial) — To Próximo,norma,nt154 pdf oficial quimioprofilaxia surto dm hib conjunta 2024 dpni svsa oficial proximo ientes fechados salas aulas escolas creches entre outros exposicao proxima pelo menos,NT Conjunta nº 154/2024-DPNI/SVSA/MS,"ientes fechados; salas de aulas em escolas, creches, entre outros;
d
)
Exposição próxima por 
pelo menos cinco dias
 (em dias contínuos ou não). Exemplo: turma de creche
e instituição de ensino infantil (menores de cinco anos); ambientes de trabalho;
e
)
Exposição direta às gotículas de secreções respiratórias na realização de procedimentos invasivos,
potencialmente geradores de aerossóis (ex. intubação 
orotraqueal
, passagem de cateter 
nasogástrico
,
aspiração de vias aéreas, respiração boca a boca), 
sem utilização de equipamento de proteção
individual
 (EPI) adequado, antes de completar 24h de tratamento do paciente (com cefalosporina de
terceira geração).
3
.
2
.
4
.
É po
uco provável que o contato transitório (fora dos períodos especiﬁcados acima) com o caso-índice 
seja
um fator de risco signiﬁcativo para a transmissão, de modo que
 o indivíduo com mera proximidade com esse
caso",True,100,docs_ms,vigentes/NT154_2024_DPNI_SVSA_MS.pdf
docsms_nt154_pdf__to_proximo__4,NT Conjunta nº 154/2024-DPNI/SVSA/MS (PDF oficial) — To Próximo,norma,nt154 pdf oficial quimioprofilaxia surto dm hib conjunta 2024 dpni svsa oficial proximo seja fator risco significativo para transmissao modo individuo mera proximidade esse caso,NT Conjunta nº 154/2024-DPNI/SVSA/MS,"ice 
seja
um fator de risco signiﬁcativo para a transmissão, de modo que
 o indivíduo com mera proximidade com esse
caso não deve ser considerado como contato próximo e prolongado.
 
 
3
.
3
.",True,100,docs_ms,vigentes/NT154_2024_DPNI_SVSA_MS.pdf
docsms_nt154_md__4_em_menores_de_2_anos_alem_do_acima_febre_com_i__1,"NT 154/2024 — resumo operacional (MD) — 4. Em menores de 2 anos, além do acima, febre com irritabilidade, choro persistente, sonolência ou abaulamento de fontanela.",norma,nt154 quimioprofilaxia surto dm hib contato 2024 resumo operacional menores anos alem acima febre irritabilidade choro persistente sonolencia abaulamento fontanela surto usar definicao mais,NT Conjunta nº 154/2024-DPNI/SVSA/MS,"Em surto, usar definição mais sensível: febre + um ou mais de confusão, convulsão, torpor, irritação meníngea ou petéquias/sufusões; OU febre + dois ou mais entre cefaleia, vômito e fotofobia.",True,98,docs_ms,vigentes/01_nt154_orientacoes_operacionais.md
docsms_nt154_md__coleta_laboratorial_oportuna__1,NT 154/2024 — resumo operacional (MD) — Coleta laboratorial oportuna,norma,nt154 quimioprofilaxia surto dm hib contato 2024 resumo operacional coleta laboratorial oportuna coletar liquor sangue logo haja suspeita atrasar tratamento pela coleta encaminhar material,NT Conjunta nº 154/2024-DPNI/SVSA/MS,Coletar líquor e sangue tão logo haja suspeita; não atrasar o tratamento pela coleta; encaminhar material/cepas ao LACEN para caracterização (incluindo tipagem Hi).,True,98,docs_ms,vigentes/01_nt154_orientacoes_operacionais.md
docsms_nt154_md__contato_proximo__1,NT 154/2024 — resumo operacional (MD) — Contato próximo,norma,nt154 quimioprofilaxia surto dm hib contato 2024 resumo operacional contato proximo contato proximo individuo contato direto prolongado caso suspeito confirmado dihib exposicao goticulas secrecoes,NT Conjunta nº 154/2024-DPNI/SVSA/MS,"Contato próximo: indivíduo com contato direto e prolongado com caso suspeito ou confirmado de DM ou DIHib, com exposição a gotículas de secreções respiratórias.

- Retrospectivo: do início dos sintomas até 10 dias anteriores.
- Prospectivo: do início dos sintomas até 24h após início de tratamento com cefalosporina de 3ª geração (ceftriaxona/cefotaxima) ou rifampicina.

Situações típicas: mesmo domicílio/dormitório; beijo/troca salivar; exposição próxima e contínua de pelo menos 4 horas E até 1 metro em ambiente fechado; exposição por pelo menos 5 dias (contínuos ou não) — ex. creche/ensino infantil; procedimentos geradores de aerossol/gotícula sem EPI antes de 24h de tratamento. Contato transitório isolado não configura contato próximo.",True,98,docs_ms,vigentes/01_nt154_orientacoes_operacionais.md
docsms_nt154_md__definicao_de_caso_suspeito__1,NT 154/2024 — resumo operacional (MD) — Definição de caso suspeito,norma,nt154 quimioprofilaxia surto dm hib contato 2024 resumo operacional definicao caso suspeito caso suspeito meningite 2024,NT Conjunta nº 154/2024-DPNI/SVSA/MS,Caso suspeito de meningite (NT 154/2024):,True,98,docs_ms,vigentes/01_nt154_orientacoes_operacionais.md
docsms_nt154_md__norma_vigente__1,NT 154/2024 — resumo operacional (MD) — Norma vigente,norma,nt154 quimioprofilaxia surto dm hib contato 2024 resumo operacional norma vigente revisa definicoes caso suspeito contatos surto doenca meningococica orientacoes quimioprofilaxia para doenca invasiva,NT Conjunta nº 154/2024-DPNI/SVSA/MS,"A NT 154 revisa definições de caso suspeito, contatos, surto de doença meningocócica e orientações de quimioprofilaxia para DM e doença invasiva por Hib; inclui vacinação pós-DIHib; e revoga/retifica a NT 97 e definições equivalentes da 6ª edição do Guia de Vigilância em Saúde. Os conceitos devem ser adotados a partir da publicação e serão incorporados à 7ª edição do GVS. Use sempre a NT 154; a NT 97 permanece apenas como documento histórico revogado.",True,98,docs_ms,vigentes/01_nt154_orientacoes_operacionais.md
docsms_nt154_md__nt_conjunta_no_154_2024_dpni_svsa_ms_orientacoes__1,NT 154/2024 — resumo operacional (MD) — NT Conjunta nº 154/2024-DPNI/SVSA/MS — Orientações operacionais,norma,nt154 quimioprofilaxia surto dm hib contato 2024 resumo operacional conjunta 2024 dpni svsa orientacoes operacionais fonte nota tecnica conjunta 2024 dpni svsa 25000 108654,NT Conjunta nº 154/2024-DPNI/SVSA/MS,"**Fonte:** Nota Técnica Conjunta nº 154/2024-DPNI/SVSA/MS (SEI 25000.108654/2024-97)  
**Vigência:** vigente — retifica e revoga a NT nº 97/2024-DPNI/SVSA/MS  
**Uso CIEVS:** referência operacional atual para DM e DIHib (definições, contatos, surto, quimio, vacinação pós-Hib).",True,98,docs_ms,vigentes/01_nt154_orientacoes_operacionais.md
docsms_nt154_md__quimioprofilaxia_especifica_dihib__1,NT 154/2024 — resumo operacional (MD) — Quimioprofilaxia específica — DIHib,norma,nt154 quimioprofilaxia surto dm hib contato 2024 resumo operacional quimioprofilaxia especifica dihib devem receber quimio paciente tratado cefalosporina geracao todos contatos domiciliares houver imunocomprometido,NT Conjunta nº 154/2024-DPNI/SVSA/MS,"Devem receber quimio:

- (a) o paciente se não tratado com cefalosporina 3ª geração;
- (b) todos os contatos domiciliares se houver imunocomprometido ou criança <2 anos (independentemente da vacina) OU criança <4 anos não vacinada/esquema incompleto;
- (c) demais contatos próximos que tenham em seu domicílio imunocomprometido/<2 anos ou <4 anos com vacina incompleta (quimio só no contato direto do caso-índice);
- (d) em creche/ensino infantil: cuidadores e crianças <4 anos da sala do caso se contato ≥5 dos 10 dias pré-sintomas ou durante sintomas, quando houver vulnerável na sala; e TODOS os contatos da sala se for o 2º caso de doença invasiva por Hi em até 60 dias.

Não há evidência de quimio para Hi não-b; contudo, iniciar conforme Hib até tipagem.",True,98,docs_ms,vigentes/01_nt154_orientacoes_operacionais.md
docsms_nt154_md__quimioprofilaxia_indicacao_e_prazo__1,NT 154/2024 — resumo operacional (MD) — Quimioprofilaxia — indicação e prazo,norma,nt154 quimioprofilaxia surto dm hib contato 2024 resumo operacional quimioprofilaxia indicacao prazo objetivo interromper transmissao descolonizacao nasofaringe prevenir casos secundarios realizar mais breve possivel,NT Conjunta nº 154/2024-DPNI/SVSA/MS,"Objetivo: interromper transmissão por descolonização de nasofaringe e prevenir casos secundários. Realizar o mais breve possível nos contatos próximos de caso suspeito/confirmado de DM ou DIHib, idealmente nas primeiras 24h após início dos sintomas. O indicador nacional monitora quimio em DM em até 48h da notificação.

Após 10 dias da exposição o valor é limitado/nulo na maioria dos casos secundários de DM; para DIHib, a quimio poderá ser realizada em até 30 dias após a exposição. Em surto: quimioprofilaxia ampliada (todos com contato direto nos 10 dias anteriores e durante os sintomas).",True,98,docs_ms,vigentes/01_nt154_orientacoes_operacionais.md
docsms_nt154_md__quimioprofilaxia_indicacao_e_prazo__2,NT 154/2024 — resumo operacional (MD) — Quimioprofilaxia — indicação e prazo,norma,nt154 quimioprofilaxia surto dm hib contato 2024 resumo operacional quimioprofilaxia indicacao prazo exposicao surto quimioprofilaxia ampliada todos contato direto dias anteriores durante sintomas escolha,NT Conjunta nº 154/2024-DPNI/SVSA/MS,"exposição. Em surto: quimioprofilaxia ampliada (todos com contato direto nos 10 dias anteriores e durante os sintomas).

- 1ª escolha: rifampicina (simultânea a todos os contatos).
- Alternativas: ceftriaxona, ciprofloxacino; azitromicina 500 mg dose única se resistência ao cipro ou ausência das demais.
- Gestantes: ceftriaxona como 1ª escolha.
- Lactantes: rifampicina compatível com amamentação.
- Paciente: quimio só se o tratamento não for com cefalosporina de 3ª geração.
- Indicação rotineira apenas DM e Hib — não demais etiologias.
- Para Hi sem tipagem ainda disponível, realizar quimio nas condições de Hib até a tipagem.",True,98,docs_ms,vigentes/01_nt154_orientacoes_operacionais.md
docsms_nt154_md__surto_comunitario_de_dm__1,NT 154/2024 — resumo operacional (MD) — Surto comunitário de DM,norma,nt154 quimioprofilaxia surto dm hib contato 2024 resumo operacional surto comunitario casos primarios vinculo entre mesmo sorogrupo confirmados cultura periodo meses mesma localidade distrito,NT Conjunta nº 154/2024-DPNI/SVSA/MS,"≥3 casos primários (sem vínculo entre si), do mesmo sorogrupo, confirmados por cultura ou PCR, em período ≤3 meses, na mesma localidade (distrito, bairro, cidade). A incidência atual deve superar a média esperada dos últimos 5 anos (diagrama de controle/canal endêmico), desconsiderando anos atípicos. Se incidência histórica muito baixa, comparar com regional/estadual. Avaliar também duplicação semanal de casos. Novo sorogrupo circulante pode dispensar o critério de incidência. Alta concentração etária: avaliar a população sob risco. Encerramento: regresso sustentado ≥3 meses ao canal endêmico, em discussão conjunta municipal, estadual e MS.",True,98,docs_ms,vigentes/01_nt154_orientacoes_operacionais.md
docsms_nt154_md__surto_institucional_de_dm__1,NT 154/2024 — resumo operacional (MD) — Surto institucional de DM,norma,nt154 quimioprofilaxia surto dm hib contato 2024 resumo operacional surto institucional casos primarios vinculo entre mesmo sorogrupo confirmados cultura periodo meses entre individuos mesma,NT Conjunta nº 154/2024-DPNI/SVSA/MS,"≥2 casos primários (sem vínculo entre si), do mesmo sorogrupo, confirmados por cultura ou PCR, em período ≤3 meses, entre indivíduos da mesma instituição (universidades, escolas, creches, indústrias, ILPI, unidades correcionais). Em surto, considerar quimioprofilaxia ampliada.",True,98,docs_ms,vigentes/01_nt154_orientacoes_operacionais.md
docsms_nt154_md__vacinacao_complementar_pos_dihib__1,NT 154/2024 — resumo operacional (MD) — Vacinação complementar pós-DIHib,norma,nt154 quimioprofilaxia surto dm hib contato 2024 resumo operacional vacinacao complementar dihib criancas doenca invasiva antes anos podem risco episodio anos vacina esquema incompleto,NT Conjunta nº 154/2024-DPNI/SVSA/MS,"Crianças com doença invasiva por Hib antes dos 2 anos podem ter risco de 2º episódio.

- (a) <2 anos sem vacina ou esquema incompleto: iniciar/completar com penta (rotina) ou hexa acelular (CRIE), conforme PNI.
- (b) 6 meses a <2 anos com esquema completo: administrar 1 dose adicional de vacina com componente Hib, intervalo mínimo 60 dias após a última dose Hib.
- Iniciar vacinação 30 dias após o início da doença invasiva (ou o mais breve após esse prazo).
- A partir de 2 anos com esquema completo, em geral não precisam dose extra.
- Registro da dose adicional (item b): estratégia Especial; tipo Dose D (<2 anos); categoria faixa etária; motivo CID-10 A49.2.",True,98,docs_ms,vigentes/01_nt154_orientacoes_operacionais.md
docsms_guia_pdf_extrato__conservacao_transporte__1,Guia de Vigilância — capítulo Meningites (PDF) — Conservação Transporte,vigilancia,guia pdf meningites liquórica viral bacteriana guia vigilancia capitulo meningites conservacao transporte isolamento identificacao liquor atendimento paciente fase aguda doenca frasco polipropileno tampa rosqueada,Guia de Vigilância em Saúde 6ª ed. — capítulo Meningites,"Isolamento e 
identificação Líquor 1,5 a 2 mL 1
No ato do atendimento  
ao paciente  
(fase aguda da doença)
1 frasco de 
polipropileno 
com tampa 
rosqueada
Acondicionar 
imediatamente em 
banho de gelo e 
conservar a -70oC ou 
a -20oC até 24 horas
Enviar imediatamente  
ao laboratório em banho  
de gelo ou em gelo seco  
em caixas isotérmicas
Isolamento e 
identificação Fezes
4 a 8 g 
(aproximadamente  
1/3 do coletor)
1
No ato do atendimento  
ao paciente  
(fase aguda da doença)
1 coletor 
universal
Conservar em 
geladeira por até  
72 horas
Sob refrigeração,  
em caixas isotérmicas,  
com gelo reciclável
Detecção 
direta Líquor 1,5 a 2 mL 1
No ato do atendimento  
ao paciente  
(fase aguda da doença)
1 frasco de 
polipropileno 
com tampa 
rosqueada
Acondicionar 
imediatamente  
em banho de gelo
Enviar imediatamente  
ao laboratório em banho  
de gelo ou em gelo seco  
em caixas",True,92,docs_ms,vigentes/Guia_Vigilancia_capitulo_Meningites_extrato.pdf
docsms_guia_pdf_extrato__conservacao_transporte__2,Guia de Vigilância — capítulo Meningites (PDF) — Conservação Transporte,vigilancia,guia pdf meningites liquórica viral bacteriana guia vigilancia capitulo meningites conservacao transporte imediatamente banho gelo enviar imediatamente laboratorio banho gelo gelo seco caixas isotermicas,Guia de Vigilância em Saúde 6ª ed. — capítulo Meningites,"r 
imediatamente  
em banho de gelo
Enviar imediatamente  
ao laboratório em banho  
de gelo ou em gelo seco  
em caixas isotérmicas
Pesquisa  
de anticorpos  
da classe IgG
Soro
5 mL de sangue 
em frasco sem 
anticoagulante 
para obter o soro
2 (só serão 
processadas 
as amostras 
pareadas)
1a amostra no ato do 
atendimento ao paciente 
(fase aguda da doença)
2a amostra – 15 a 20 dias 
após a 1a (fase convalescente)
2 frascos de 
polipropileno 
com tampa 
rosqueada
Após a retração  
do coágulo, separar 
o soro e conservar  
a -20oC
Sob refrigeração,  
em caixas isotérmicas,  
com gelo reciclável
Pesquisa  
de anticorpos 
da classe IgM
Soro
5 mL de sangue 
em frasco sem 
anticoagulante 
para obter o soro
1
1 amostra no ato do 
atendimento ao paciente 
(fase aguda da doença)
1 frasco de 
polipropileno 
com tampa 
rosqueada
Após a retração  
do coágulo, separar 
o soro e conservar  
a",True,92,docs_ms,vigentes/Guia_Vigilancia_capitulo_Meningites_extrato.pdf
docsms_guia_pdf_extrato__conservacao_transporte__3,Guia de Vigilância — capítulo Meningites (PDF) — Conservação Transporte,vigilancia,guia pdf meningites liquórica viral bacteriana guia vigilancia capitulo meningites conservacao transporte doenca frasco polipropileno tampa rosqueada apos retracao coagulo separar soro conservar 20oc,Guia de Vigilância em Saúde 6ª ed. — capítulo Meningites,"a doença)
1 frasco de 
polipropileno 
com tampa 
rosqueada
Após a retração  
do coágulo, separar 
o soro e conservar  
a -20oC
Sob refrigeração,  
em caixas isotérmicas,  
com gelo reciclável
Fonte: CGLAB/Daevs/SVSA/MS.

158
Guia de Vigilância em Saúde
Todo material deverá ser enviado ao laboratório, devidamente identificado e acompanhado 
de cópia da Ficha de Investigação de Meningite, que servirá de orientação quanto aos exames 
indicados.
O perfeito acondicionamento, para remessa de amostras, é de fundamental importância  
para o êxito dos procedimentos laboratoriais.
O material deve chegar ao Lacen no prazo de 12 a 24 horas após a coleta. 
O tempo de procedimento técnico para o isolamento de vírus e sua identificação é de 30 dias, contados 
a partir da entrada da amostra no laboratório de referência para o diagnóstico de meningite viral.",True,92,docs_ms,vigentes/Guia_Vigilancia_capitulo_Meningites_extrato.pdf
docsms_guia_pdf_extrato__diagnostico__1,Guia de Vigilância — capítulo Meningites (PDF) — Diagnóstico,vigilancia,guia pdf meningites liquórica viral bacteriana guia vigilancia capitulo meningites diagnostico tipo material quantidade,Guia de Vigilância em Saúde 6ª ed. — capítulo Meningites,"TIPO DE 
MATERIAL QUANTIDADE N.º DE",True,92,docs_ms,vigentes/Guia_Vigilancia_capitulo_Meningites_extrato.pdf
docsms_guia_pdf_extrato__ministerio_da_saude__1,Guia de Vigilância — capítulo Meningites (PDF) — Ministério Da Saúde,vigilancia,guia pdf meningites liquórica viral bacteriana guia vigilancia capitulo meningites ministerio saude guia,Guia de Vigilância em Saúde 6ª ed. — capítulo Meningites,GUIA DE,True,92,docs_ms,vigentes/Guia_Vigilancia_capitulo_Meningites_extrato.pdf
docsms_guia_pdf_extrato__vigilancia__1,Guia de Vigilância — capítulo Meningites (PDF) — Vigilância,vigilancia,guia pdf meningites liquórica viral bacteriana guia vigilancia capitulo meningites vigilancia saude edicao brasilia 2023 volume outras meningites anexo fluxo encaminhamento amostras meningites virais,Guia de Vigilância em Saúde 6ª ed. — capítulo Meningites,"EM SAÚDE
6ª edição 
Brasília DF 2023
VOLUME
1

155
Outras meningites
ANEXO B – FLUXO DE ENCAMINHAMENTO DE AMOSTRAS  
(MENINGITES VIRAIS)
O diagnóstico laboratorial específico das meningites virais, em situações de surtos e em alguns 
casos isolados, é de extrema importância para a Vigilância Epidemiológica.
A seguir, estão descritas as normas de coleta dos espécimes, os exames laboratoriais disponíveis 
e as suas interpretações. Para isso, é necessário que a coleta seja realizada no ato da entrada do 
caso suspeito na unidade de saúde, no primeiro atendimento.
Deve ser utilizado o kit completo de coleta, para casos suspeitos de meningite viral, distribuído pelos 
Lacen em todo o território nacional, constituído de:
• 1 frasco de polipropileno com tampa de rosca para líquor.
• 2 frascos de polipropileno com tampa de rosca para soro.
• 1 coletor universal para fezes.
	} EXAMES",True,92,docs_ms,vigentes/Guia_Vigilancia_capitulo_Meningites_extrato.pdf
docsms_guia_pdf_extrato__vigilancia__2,Guia de Vigilância — capítulo Meningites (PDF) — Vigilância,vigilancia,guia pdf meningites liquórica viral bacteriana guia vigilancia capitulo meningites vigilancia osca para liquor frascos polipropileno tampa rosca para soro coletor universal para fezes,Guia de Vigilância em Saúde 6ª ed. — capítulo Meningites,"osca para líquor.
• 2 frascos de polipropileno com tampa de rosca para soro.
• 1 coletor universal para fezes.
	} EXAMES LABORATORIAIS
Isolamento viral em cultura celular
Pode ser realizado com diversos tipos de fluidos corporais, mais comumente líquor e fezes. São 
utilizados cultivos celulares sensíveis, para o isolamento da maioria dos vírus associados às 
meningites assépticas: RD (rabdomiossarcoma embrionário humano), Hep-2 (carcinoma epidermoide 
de laringe) e Vero (rim de macaco verde africano).
Reação de soroneutralização e de imunofluorescência
Técnicas imunológicas para identificação do vírus isolado. Serão utilizados conjuntos de antissoros 
específicos para a identificação dos sorotipos.
Reação em cadeia da polimerase (PCR e PCR em tempo real)
Técnica baseada na amplificação de sequências nucleotídicas definidas presentes no DNA ou RNA 
viral. Possui alto grau de",True,92,docs_ms,vigentes/Guia_Vigilancia_capitulo_Meningites_extrato.pdf
docsms_guia_pdf_extrato__vigilancia__3,Guia de Vigilância — capítulo Meningites (PDF) — Vigilância,vigilancia,guia pdf meningites liquórica viral bacteriana guia vigilancia capitulo meningites vigilancia ecnica baseada amplificacao sequencias nucleotidicas definidas presentes viral possui alto grau especificidade quanto,Guia de Vigilância em Saúde 6ª ed. — capítulo Meningites,"écnica baseada na amplificação de sequências nucleotídicas definidas presentes no DNA ou RNA 
viral. Possui alto grau de especificidade quanto à identificação do agente etiológico, sendo utilizada 
para detecção direta, ou identificação de diferentes grupos de vírus associados às meningites virais.
Pesquisa de anticorpos no soro do paciente
Serão utilizados testes de soroneutralização, em amostras pareadas de soro, para a pesquisa de 
anticorpos para enterovírus; para os demais vírus, serão utilizados ensaios imunoenzimáticos com 
a finalidade de se detectar anticorpos da classe IgG e IgM.",True,92,docs_ms,vigentes/Guia_Vigilancia_capitulo_Meningites_extrato.pdf
docsms_guia_pdf_extrato__vigilancia__4,Guia de Vigilância — capítulo Meningites (PDF) — Vigilância,vigilancia,guia pdf meningites liquórica viral bacteriana guia vigilancia capitulo meningites vigilancia demais virus serao utilizados ensaios imunoenzimaticos finalidade detectar anticorpos classe ministerio saude guia,Guia de Vigilância em Saúde 6ª ed. — capítulo Meningites,"demais vírus, serão utilizados ensaios imunoenzimáticos com 
a finalidade de se detectar anticorpos da classe IgG e IgM.

156
Ministério da Saúde |  Guia de Vigilância em Saúde
Observações:
Estes exames são realizados a partir de contato com a vigilância epidemiológica das meningites e 
Lacen. As amostras devem ser encaminhadas ao laboratório com as seguintes informações: nome 
do paciente; estado e cidade de notificação; cidade, estado e país de residência do paciente; tipo de 
amostra (líquor e/ou fezes); data de início dos sintomas; data de coleta   da amostra; data de envio 
da amostra para o laboratório; história de vacinação recente; e história de viagem recente.
As amostras devem ser individualmente acondicionadas em sacos plásticos e enviadas ao laboratório, 
em condições adequadas de transporte (caixas isotérmicas com gelo reciclável e, preferencialmente, 
em gelo seco para o",True,92,docs_ms,vigentes/Guia_Vigilancia_capitulo_Meningites_extrato.pdf
docsms_guia_pdf_extrato__vigilancia__5,Guia de Vigilância — capítulo Meningites (PDF) — Vigilância,vigilancia,guia pdf meningites liquórica viral bacteriana guia vigilancia capitulo meningites vigilancia condicoes adequadas transporte caixas isotermicas gelo reciclavel preferencialmente gelo seco para transporte liquor,Guia de Vigilância em Saúde 6ª ed. — capítulo Meningites,"em condições adequadas de transporte (caixas isotérmicas com gelo reciclável e, preferencialmente, 
em gelo seco para o transporte de líquor).
O fluxo de encaminhamento de amostras deve ser acordado com a CGLAB/Daevs/SVSA/MS via 
e-mail: cglab.clinica@saude.gov.br.

157
Outras meningites
QUADRO 1 – Coleta e conservação de material para diagnóstico de meningite viral
TIPO DE",True,92,docs_ms,vigentes/Guia_Vigilancia_capitulo_Meningites_extrato.pdf
docsms_guia_md__analise_epidemiologica_basica__1,Guia de Vigilância — Meningites (MD) — Análise epidemiológica básica,vigilancia,guia investigacao monitoramento notificacao guia vigilancia meningites analise epidemiologica basica coeficientes usuais incidencia casos confirmados populacao mortalidade obitos meningite populacao letalidade obitos,Guia de Vigilância em Saúde (MS) — capítulo Meningites,"Coeficientes usuais:

- Incidência: casos confirmados / população × 100.000.
- Mortalidade: óbitos por meningite / população × 100.000.
- Letalidade: óbitos por meningite / casos confirmados × 100.

Calcular por etiologia, município, faixa etária e sexo. Usar população do ano e área avaliada (DATASUS/IBGE). Meningites bacterianas costumam ter letalidade bem maior que as virais.",True,90,docs_ms,vigentes/02_guia_vigilancia_meningites.md
docsms_guia_md__guia_de_vigilancia_em_saude_meningites_orientaco__1,Guia de Vigilância — Meningites (MD) — Guia de Vigilância em Saúde — Meningites (orientações MS),vigilancia,guia investigacao monitoramento notificacao guia vigilancia meningites guia vigilancia saude meningites orientacoes fonte guia vigilancia saude ministerio saude capitulo meningites atencao pontos,Guia de Vigilância em Saúde (MS) — capítulo Meningites,"**Fonte:** Guia de Vigilância em Saúde — Ministério da Saúde (capítulo Meningites)  
**Atenção:** pontos de definição de caso/surto/quimio da 6ª edição foram retificados pela **NT 154/2024**. Para esses temas, priorize a NT 154.  
**Uso CIEVS:** investigação, monitoramento semanal, fluxo de vigilância e medidas de controle.",True,90,docs_ms,vigentes/02_guia_vigilancia_meningites.md
docsms_guia_md__medidas_de_controle_visao_geral__1,Guia de Vigilância — Meningites (MD) — Medidas de controle (visão geral),vigilancia,guia investigacao monitoramento notificacao guia vigilancia meningites medidas controle visao geral isolamento precaucoes conforme etiologia fase tratamento segundo protocolo assistencial vigilancia quimioprofilaxia,Guia de Vigilância em Saúde (MS) — capítulo Meningites,"- Isolamento/precauções conforme etiologia e fase do tratamento, segundo protocolo assistencial e vigilância.
- Quimioprofilaxia apenas quando indicada (DM e DIHib — NT 154).
- Vacinação de rotina e, quando cabível, doses complementares pós-DIHib (NT 154 / PNI).
- Comunicação de risco coordenada com a gestão (evitar ruído; validar números e critérios).
- Articulação LACEN/GAL para tipagem e confirmação etiológica.",True,90,docs_ms,vigentes/02_guia_vigilancia_meningites.md
docsms_guia_md__monitoramento_semanal_recomendado__1,Guia de Vigilância — Meningites (MD) — Monitoramento semanal recomendado,vigilancia,guia investigacao monitoramento notificacao guia vigilancia meningites monitoramento semanal recomendado atividades recomendadas acompanhamento semanal casos meningite viral municipio para detectar surtos revisao,Guia de Vigilância em Saúde (MS) — capítulo Meningites,"Atividades recomendadas:

- Acompanhamento semanal de casos de DM e meningite viral por município para detectar surtos.
- Revisão das fichas.
- Acompanhamento de incidência e letalidade por etiologia, sazonalidade e sorogrupo predominante de *N. meningitidis*.
- Análise de indicadores operacionais (oportunidade de quimio, investigação, encerramento e % confirmação laboratorial).",True,90,docs_ms,vigentes/02_guia_vigilancia_meningites.md
docsms_guia_md__notificacao_e_registro__1,Guia de Vigilância — Meningites (MD) — Notificação e registro,vigilancia,guia investigacao monitoramento notificacao guia vigilancia meningites notificacao registro meningite doenca notificacao compulsoria horas surtos aglomerados casos clusters obitos notificacao imediata casos,Guia de Vigilância em Saúde (MS) — capítulo Meningites,"Meningite é doença de notificação compulsória em até 24 horas. Surtos, aglomerados de casos (clusters) e óbitos são de notificação imediata. Casos suspeitos ou confirmados devem ser notificados às autoridades competentes por profissionais da assistência e vigilância e por laboratórios públicos e privados.

O registro deve ser feito no SINAN, com ficha de investigação de meningite e, quando aplicável, ficha de investigação de surtos. Meningite tuberculosa confirmada também deve preencher a ficha de tuberculose.",True,90,docs_ms,vigentes/02_guia_vigilancia_meningites.md
docsms_guia_md__objetivos_da_investigacao_epidemiologica__1,Guia de Vigilância — Meningites (MD) — Objetivos da investigação epidemiológica,vigilancia,guia investigacao monitoramento notificacao guia vigilancia meningites objetivos investigacao epidemiologica investigacao visa caracterizar clinicamente caso incluindo exames laboratoriais identificar possiveis fontes transmissao,Guia de Vigilância em Saúde (MS) — capítulo Meningites,"A investigação visa caracterizar clinicamente o caso (incluindo exames laboratoriais), identificar possíveis fontes de transmissão, verificar necessidade de identificação de contatos e implementar medidas de controle.

Perguntas-guia:

- Qual a fonte de infecção?
- Houve transmissão a outras pessoas?
- É caso isolado ou surto?
- Há medidas a executar?

A investigação **não se esgota** no preenchimento da ficha SINAN.",True,90,docs_ms,vigentes/02_guia_vigilancia_meningites.md
docsms_guia_md__relacao_com_a_nt_154_2024__1,Guia de Vigilância — Meningites (MD) — Relação com a NT 154/2024,vigilancia,guia investigacao monitoramento notificacao guia vigilancia meningites relacao 2024 sempre houver divergencia entre texto antigo guia edicao quanto definicao caso contato proximo,Guia de Vigilância em Saúde (MS) — capítulo Meningites,"Sempre que houver divergência entre o texto antigo do Guia (6ª edição) e a NT 154 quanto a definição de caso, contato próximo, surto ou quimioprofilaxia, **prevalece a NT 154** até a incorporação formal na 7ª edição do GVS.",True,90,docs_ms,vigentes/02_guia_vigilancia_meningites.md
docsms_nt201_pdf__0047807011__1,NT Conjunta nº 201/2025 — Vigilância Sentinela DIHi/DPI — 0047807011,laboratorio,nt201 sentinela dihi dpi haemophilus pneumococo conjunta 2025 vigilancia sentinela dihi 0047807011 codigo 9bff7c63 referencia processo 25000 074792 2025 0047807011 coordenacao geral vigilancia doencas,NT Conjunta nº 201/2025-CGVDI/DPNI/SVSA/MS-CGLAB/SVSA,"e o código CRC
9BFF7C63
.
Referência:
 Processo nº 25000.074792/2025-46
SEI nº 0047807011
 
Coordenação-Geral de Vigilância das Doenças Imunopreveníveis - CGVDI
SRTVN 701, Via W5 Norte Edifício PO700, 6º andar - Bairro Asa Norte, Brasília/DF, CEP 70719-040
Site - saude.gov.br
  
Nota Técnica Conjunta 201 (0047807011)         SEI 25000.074792/2025-46 / pg. 4",True,88,docs_ms,vigentes/NT201_2025_Vigilancia_Sentinela_DIHi_DPI.pdf
docsms_nt201_pdf__consideracoes_finais__1,NT Conjunta nº 201/2025 — Vigilância Sentinela DIHi/DPI — Considerações Finais,laboratorio,nt201 sentinela dihi dpi haemophilus pneumococo conjunta 2025 vigilancia sentinela dihi consideracoes finais svsa apresenta orientacoes para implantacao vigilancia sentinela doenca invasiva haemophilus influenzae,NT Conjunta nº 201/2025-CGVDI/DPNI/SVSA/MS-CGLAB/SVSA,"5
.
1
.
A SVSA apresenta as orientações para a implantação da Vigilância sentinela da Doença Invasiva por
Haemophilus influenzae
 (DIHi) e por 
Streptococcus pneumoniae
 (DPI).
5
.
2
.
Essa vigilância representa um avanço nas estratégias de monitoramento e controle dessas doenças no Brasil
e possibilitará a geração de dados clínicos, epidemiológicos e laboratoriais fundamentais para subsidiar ações de
prevenção, controle e avaliação da efetividade das estratégias de vacinação.
5
.
3
.
Os 
casos de meningite
 causados por esses agentes devem seguir o ﬂuxo de notiﬁcação e investigação da
vigilância das meningites já estabelecido. E, adicionalmente, se forem selecionados para investigação na vigilância
sentinela da DIHi ou DPI também deverão ser incluídos no Go.Data.
5
.
4
.
As UF participantes devem garantir a 
interlocução entre vigilância epidemiológica, Lacen e unidades
assistenciais
,",True,88,docs_ms,vigentes/NT201_2025_Vigilancia_Sentinela_DIHi_DPI.pdf
docsms_nt201_pdf__consideracoes_finais__2,NT Conjunta nº 201/2025 — Vigilância Sentinela DIHi/DPI — Considerações Finais,laboratorio,nt201 sentinela dihi dpi haemophilus pneumococo conjunta 2025 vigilancia sentinela dihi consideracoes finais participantes devem garantir interlocucao entre vigilancia epidemiologica lacen unidades assistenciais assegurando,NT Conjunta nº 201/2025-CGVDI/DPNI/SVSA/MS-CGLAB/SVSA,"4
.
As UF participantes devem garantir a 
interlocução entre vigilância epidemiológica, Lacen e unidades
assistenciais
, assegurando a coleta, preenchimento e inserção das informações no sistema.
5
.
5
.
As SES devem acompanhar de forma ativa a implementação dessa fase piloto e promover o fortalecimento
da vigilância laboratorial e epidemiológica nos territórios, contribuindo para o sucesso da iniciativa.
6
.",True,88,docs_ms,vigentes/NT201_2025_Vigilancia_Sentinela_DIHi_DPI.pdf
docsms_nt201_pdf__eder_gatti_fernandes__1,NT Conjunta nº 201/2025 — Vigilância Sentinela DIHi/DPI — Eder Gatti Fernandes,laboratorio,nt201 sentinela dihi dpi haemophilus pneumococo conjunta 2025 vigilancia sentinela dihi eder gatti fernandes diretor departamento programa nacional imunizacoes,NT Conjunta nº 201/2025-CGVDI/DPNI/SVSA/MS-CGLAB/SVSA,Diretor do Departamento do Programa Nacional de Imunizações,True,88,docs_ms,vigentes/NT201_2025_Vigilancia_Sentinela_DIHi_DPI.pdf
docsms_nt201_pdf__fluxo_para_investigacao_e_notificacao__1,NT Conjunta nº 201/2025 — Vigilância Sentinela DIHi/DPI — Fluxo Para Investigação E Notificação,laboratorio,nt201 sentinela dihi dpi haemophilus pneumococo conjunta 2025 vigilancia sentinela dihi fluxo para investigacao notificacao definicao fluxo pesquisa resultados periodicidade semanal quinzenal mensal comunicacao,NT Conjunta nº 201/2025-CGVDI/DPNI/SVSA/MS-CGLAB/SVSA,"4
.
1
.
A deﬁnição do ﬂuxo de pesquisa dos resultados, periodicidade (semanal, quinzenal ou mensal), 
comunicação
dos casos identiﬁcados, atores envolvidos, investigação e preenchimento dos dados no sistema de informação deverão
ser realizados localmente por cada SES. Esse processo deve envolver a vigilância epidemiológica e o Lacen, podendo
incluir também o
s núcleos de vigilância epidemiológica hospitalar.
4
.
2
.
As orientações locais deverão seguir o ﬂuxograma proposto pelo Ministério da Saúde para investigação e
notificação de casos da DIHi e DPI (Figura 1), podendo conter ajustes conforme sua realidade.
 
Figura 1.
 Fluxograma de investigação e notificação da Vigilância Sentinela de casos de DIHi e DPI. Brasil, 2025.
 
 
4
.
3
.
Para a Estratégia I, a seleção dos resultados dos exames para investigação será 
por conveniência
, a partir
dos 
resultados positivos de cultura de Hi ou",True,88,docs_ms,vigentes/NT201_2025_Vigilancia_Sentinela_DIHi_DPI.pdf
docsms_nt201_pdf__fluxo_para_investigacao_e_notificacao__2,NT Conjunta nº 201/2025 — Vigilância Sentinela DIHi/DPI — Fluxo Para Investigação E Notificação,laboratorio,nt201 sentinela dihi dpi haemophilus pneumococo conjunta 2025 vigilancia sentinela dihi fluxo para investigacao notificacao resultados exames para investigacao sera conveniencia partir resultados positivos,NT Conjunta nº 201/2025-CGVDI/DPNI/SVSA/MS-CGLAB/SVSA,"resultados dos exames para investigação será 
por conveniência
, a partir
dos 
resultados positivos de cultura de Hi ou pneumococo registrados no GAL
. Recomenda-se diversiﬁcar a
seleção dos resultados segundo o município de residência dos casos e a faixa etária, priorizando a variabilidade do perﬁl
e origem geográfica dos casos.
4
.
3
.
1
.
Amostras coletadas pelos Serviços de Veriﬁcação de Óbito também poderão ser selecionadas para
investigação.
4
.
4
.
Para a Estratégia II, 
todos os resultados positivos para Hi ou pneumococo registrados no GAL, seja
por cultura ou pela detecção por qPCR
, oriundos dos hospitais sentinelas, deverão ser incluídos para investigação
assegurando 100% de aproveitamento dessas notificações.
4
.
5
.
O sistema de informação escolhido para implantação dessa vigilância foi o Go.Data (OPAS/OMS). Apesar de
não ser um sistema de notiﬁcação, o Go.Data tem",True,88,docs_ms,vigentes/NT201_2025_Vigilancia_Sentinela_DIHi_DPI.pdf
docsms_nt201_pdf__fluxo_para_investigacao_e_notificacao__3,NT Conjunta nº 201/2025 — Vigilância Sentinela DIHi/DPI — Fluxo Para Investigação E Notificação,laboratorio,nt201 sentinela dihi dpi haemophilus pneumococo conjunta 2025 vigilancia sentinela dihi fluxo para investigacao notificacao para implantacao dessa vigilancia data opas apesar sistema notificacao,NT Conjunta nº 201/2025-CGVDI/DPNI/SVSA/MS-CGLAB/SVSA,"do para implantação dessa vigilância foi o Go.Data (OPAS/OMS). Apesar de
não ser um sistema de notiﬁcação, o Go.Data tem aplicabilidade para monitorar agravos, evento/surtos, sendo adotado
pelo Ministério da Saúde para uso nessa fase de implantação dessa vigilância. Recomenda-se a utilização do servidor do
Ministério da Saúde para notificação dos casos, disponível no sítio eletrônico: 
https://godata.saude.gov.br
.
Nota Técnica Conjunta 201 (0047807011)         SEI 25000.074792/2025-46 / pg. 2",True,88,docs_ms,vigentes/NT201_2025_Vigilancia_Sentinela_DIHi_DPI.pdf
docsms_nt201_pdf__fluxo_para_investigacao_e_notificacao__4,NT Conjunta nº 201/2025 — Vigilância Sentinela DIHi/DPI — Fluxo Para Investigação E Notificação,laboratorio,nt201 sentinela dihi dpi haemophilus pneumococo conjunta 2025 vigilancia sentinela dihi fluxo para investigacao notificacao etronico https godata saude nota tecnica conjunta 0047807011 25000,NT Conjunta nº 201/2025-CGVDI/DPNI/SVSA/MS-CGLAB/SVSA,"etrônico: 
https://godata.saude.gov.br
.
Nota Técnica Conjunta 201 (0047807011)         SEI 25000.074792/2025-46 / pg. 2

4
.
6
.
O ﬂuxo de envio de isolados bacterianos
 de Hi e pneumococo para o Lacen e IAL 
permanece
inalterado.
 A ﬁgura 2 retrata o ﬂuxo já existente e, adicionalmente, demonstra o ﬂuxo especíﬁco para as unidades
sentinela da Estratégia II.
 
 
Figura 2.
 Fluxograma de coleta e envio de amostras de casos suspeitos de doença bacteriana invasiva, no âmbito da Vigilância
Sentinela de DIHi e DPI. Brasil, 2025.
 
 
5
.",True,88,docs_ms,vigentes/NT201_2025_Vigilancia_Sentinela_DIHi_DPI.pdf
docsms_nt201_pdf__greice_madeleine_ikeda_do_carmo__1,NT Conjunta nº 201/2025 — Vigilância Sentinela DIHi/DPI — Greice Madeleine Ikeda Do Carmo,laboratorio,nt201 sentinela dihi dpi haemophilus pneumococo conjunta 2025 vigilancia sentinela dihi greice madeleine ikeda carmo coordenadora geral vigilancia doencas imunopreveniveis,NT Conjunta nº 201/2025-CGVDI/DPNI/SVSA/MS-CGLAB/SVSA,Coordenadora-Geral de Vigilância das Doenças Imunopreveníveis,True,88,docs_ms,vigentes/NT201_2025_Vigilancia_Sentinela_DIHi_DPI.pdf
docsms_nt201_pdf__haemophilus_influenzae__1,NT Conjunta nº 201/2025 — Vigilância Sentinela DIHi/DPI — Haemophilus Influenzae,laboratorio,nt201 sentinela dihi dpi haemophilus pneumococo conjunta 2025 vigilancia sentinela dihi haemophilus influenzae dihi,NT Conjunta nº 201/2025-CGVDI/DPNI/SVSA/MS-CGLAB/SVSA,"(DIHI) OU
POR",True,88,docs_ms,vigentes/NT201_2025_Vigilancia_Sentinela_DIHi_DPI.pdf
docsms_nt201_pdf__intro__1,NT Conjunta nº 201/2025 — Vigilância Sentinela DIHi/DPI,laboratorio,nt201 sentinela dihi dpi haemophilus pneumococo conjunta 2025 vigilancia sentinela dihi ministerio saude secretaria vigilancia saude ambiente departamento programa nacional imunizacoes coordenacao geral vigilancia,NT Conjunta nº 201/2025-CGVDI/DPNI/SVSA/MS-CGLAB/SVSA,"Ministério da Saúde
Secretaria de Vigilância em Saúde e Ambiente
Departamento do Programa Nacional de Imunizações
Coordenação-Geral de Vigilância das Doenças Imunopreveníveis
Coordenação-Geral de Laboratórios de Saúde Pública
  
NOTA TÉCNICA CONJUNTA Nº 201/2025-CGVDI/DPNI/SVSA/MS-CGLAB/SVSA
  
1
.
ASSUNTO
1
.
1
.
Orientações para a implantação da Vigilância Sentinela da Doença Invasiva por 
Haemophilus influenzae
 (DIHi)
e por 
Streptococcus pneumoniae
 (DPI)
2
.",True,88,docs_ms,vigentes/NT201_2025_Vigilancia_Sentinela_DIHi_DPI.pdf
docsms_nt201_pdf__justificativa__1,NT Conjunta nº 201/2025 — Vigilância Sentinela DIHi/DPI — Justificativa,laboratorio,nt201 sentinela dihi dpi haemophilus pneumococo conjunta 2025 vigilancia sentinela dihi justificativa doencas invasivas infeccoes graves ocorrem quando microrganismos como bacterias virus invadem partes,NT Conjunta nº 201/2025-CGVDI/DPNI/SVSA/MS-CGLAB/SVSA,"2
.
1
.
Doenças Invasivas (DI) são infecções graves que ocorrem quando microrganismos, como bactérias ou vírus,
invadem partes do corpo que normalmente são estéreis. Essa invasão pode levar a condições clínicas sérias, incluindo
pneumonia com derrame pleural, bacteremia, sepse, meningite, empiema, osteomielite, artrite séptica, endocardite,
pericardite, peritonite, epiglotite ou celulite orbitária.
2
.
2
.
As doenças bacterianas invasivas estão entre as principais causas de morbidade e mortalidade na população,
especialmente entre crianças menores de cinco anos e pessoas a partir de 65 anos, com destaque para as
pneumonias.
1;2;3
 
2
.
3
.
Considerando que as Doenças Invasivas causadas por 
Haemophilus inﬂuenzae
 
(Hi) 
e por 
Streptococcus
pneumoniae
 (pneumococo) são de notiﬁcação compulsória, e possuem vacinas disponíveis no calendário nacional de
vacinação do Sistema Único de Saúde-",True,88,docs_ms,vigentes/NT201_2025_Vigilancia_Sentinela_DIHi_DPI.pdf
docsms_nt201_pdf__justificativa__2,NT Conjunta nº 201/2025 — Vigilância Sentinela DIHi/DPI — Justificativa,laboratorio,nt201 sentinela dihi dpi haemophilus pneumococo conjunta 2025 vigilancia sentinela dihi justificativa notificacao compulsoria possuem vacinas disponiveis calendario nacional vacinacao sistema unico saude torna,NT Conjunta nº 201/2025-CGVDI/DPNI/SVSA/MS-CGLAB/SVSA,"de notiﬁcação compulsória, e possuem vacinas disponíveis no calendário nacional de
vacinação do Sistema Único de Saúde- SUS, torna-se fundamental a implantação da vigilância
 
epidemiológica dessas
doenças. Essa vigilância tem como foco a investigação clínica e epidemiológica dos casos positivos de Hi e pneumococo
identificados por cultura ou qPCR em locais estéreis.
2
.
4
.
Embora já existam recomendações do ﬂuxo de encaminhamento de cepas isoladas dessas bactérias dos
Laboratórios locais para os Laboratórios Centrais de Saúde Pública (Lacen) e Laboratório de Referência Nacional (Instituto
Adolfo Lutz - IAL) para realizar a caracterização complementar e controle de resistência antimicrobiana, 
não havia a
investigação clínica e epidemiológica dos casos
 que não se apresentavam como meningite.
4;5
 
O envio de isolados bacterianos de 
Haemophilus influenzae,
 
Streptococcus
pneumoniae",True,88,docs_ms,vigentes/NT201_2025_Vigilancia_Sentinela_DIHi_DPI.pdf
docsms_nt201_pdf__justificativa__3,NT Conjunta nº 201/2025 — Vigilância Sentinela DIHi/DPI — Justificativa,laboratorio,nt201 sentinela dihi dpi haemophilus pneumococo conjunta 2025 vigilancia sentinela dihi justificativa presentavam como meningite envio isolados bacterianos haemophilus influenzae streptococcus pneumoniae neisseria meningitidis,NT Conjunta nº 201/2025-CGVDI/DPNI/SVSA/MS-CGLAB/SVSA,"presentavam como meningite.
4;5
 
O envio de isolados bacterianos de 
Haemophilus influenzae,
 
Streptococcus
pneumoniae e Neisseria meningitidis
, permanece inalterado.
4 
 
2
.
5
.
Dessa forma, a implantação da vigilância sentinela da DIHi e DPI, no Brasil, tem por objetivo:
Descrever os sorotipos identificados de Hi e de pneumococo de acordo com o perfil clínico e epidemiológico
dos casos, incluindo a situação vacinal;
Caracterizar o perfil assistencial, gravidade e evolução dos casos;
Monitorar os perfis de suscetibilidade antimicrobiana;
Auxiliar na avaliação da efetividade das vacinas pneumocócica conjugada e Penta (difteria, tétano,
coqueluche, hepatite B e 
Haemophilus influenzae
 tipo b) do Programa Nacional de Imunizações.
2
.
6
.
Em resumo, essa vigilância produzirá informações para subsidiar a tomadas de decisão em tratamento,
prevenção e controle dessas doenças invasivas. A",True,88,docs_ms,vigentes/NT201_2025_Vigilancia_Sentinela_DIHi_DPI.pdf
docsms_nt201_pdf__justificativa__4,NT Conjunta nº 201/2025 — Vigilância Sentinela DIHi/DPI — Justificativa,laboratorio,nt201 sentinela dihi dpi haemophilus pneumococo conjunta 2025 vigilancia sentinela dihi justificativa roduzira informacoes para subsidiar tomadas decisao tratamento prevencao controle dessas doencas invasivas,NT Conjunta nº 201/2025-CGVDI/DPNI/SVSA/MS-CGLAB/SVSA,"roduzirá informações para subsidiar a tomadas de decisão em tratamento,
prevenção e controle dessas doenças invasivas. A implantação dessa vigilância é uma das atividades previstas nas
Diretrizes para enfrentamento das meningites até 2030, a qual prevê ampliação do número de UF.
3
.",True,88,docs_ms,vigentes/NT201_2025_Vigilancia_Sentinela_DIHi_DPI.pdf
docsms_nt201_pdf__karen_machado_gomes__1,NT Conjunta nº 201/2025 — Vigilância Sentinela DIHi/DPI — Karen Machado Gomes,laboratorio,nt201 sentinela dihi dpi haemophilus pneumococo conjunta 2025 vigilancia sentinela dihi karen machado gomes coordenadora geral laboratorios saude publica,NT Conjunta nº 201/2025-CGVDI/DPNI/SVSA/MS-CGLAB/SVSA,Coordenadora-Geral de Laboratórios de Saúde Pública,True,88,docs_ms,vigentes/NT201_2025_Vigilancia_Sentinela_DIHi_DPI.pdf
docsms_nt201_pdf__mariangela_batista_galvao_simao__1,NT Conjunta nº 201/2025 — Vigilância Sentinela DIHi/DPI — Mariângela Batista Galvão Simão,laboratorio,nt201 sentinela dihi dpi haemophilus pneumococo conjunta 2025 vigilancia sentinela dihi mariangela batista galvao simao nota tecnica conjunta 0047807011 25000 074792 2025 secretaria vigilancia,NT Conjunta nº 201/2025-CGVDI/DPNI/SVSA/MS-CGLAB/SVSA,"Nota Técnica Conjunta 201 (0047807011)         SEI 25000.074792/2025-46 / pg. 3

Secretária de Vigilância em Saúde e Ambiente
Documento assinado eletronicamente por 
Karen Machado Gomes
, 
Coordenador(a)-Geral de Laboratórios de Saúde
Pública
, em 04/06/2025, às 08:50, conforme horário oficial de Brasília, com fundamento no § 3º, do art. 4º, do 
Decreto nº
10.543, de 13 de novembro de 2020
; e art. 8º, da 
Portaria nº 900 de 31 de Março de 2017
.
Documento assinado eletronicamente por 
Eder Gatti Fernandes
, 
Diretor(a) do Departamento do Programa
Nacional de Imunizações
, em 04/06/2025, às 15:40, conforme horário oficial de Brasília, com fundamento no § 3º, do art.
4º, do 
Decreto nº 10.543, de 13 de novembro de 2020
; e art. 8º, da 
Portaria nº 900 de 31 de Março de 2017
.
Documento assinado eletronicamente por 
Greice Madeleine Ikeda do Carmo
, 
Coordenador(a)-Geral de Vigilância
das",True,88,docs_ms,vigentes/NT201_2025_Vigilancia_Sentinela_DIHi_DPI.pdf
docsms_nt201_pdf__mariangela_batista_galvao_simao__2,NT Conjunta nº 201/2025 — Vigilância Sentinela DIHi/DPI — Mariângela Batista Galvão Simão,laboratorio,nt201 sentinela dihi dpi haemophilus pneumococo conjunta 2025 vigilancia sentinela dihi mariangela batista galvao simao 2017 documento assinado eletronicamente greice madeleine ikeda carmo coordenador,NT Conjunta nº 201/2025-CGVDI/DPNI/SVSA/MS-CGLAB/SVSA,"2017
.
Documento assinado eletronicamente por 
Greice Madeleine Ikeda do Carmo
, 
Coordenador(a)-Geral de Vigilância
das Doenças Imunopreveníveis
, em 04/06/2025, às 17:05, conforme horário oficial de Brasília, com fundamento no § 3º,
do art. 4º, do 
Decreto nº 10.543, de 13 de novembro de 2020
; e art. 8º, da 
Portaria nº 900 de 31 de Março de 2017
.
Documento assinado eletronicamente por 
Mariângela Batista Galvão Simão
, 
Secretário(a) de Vigilância em Saúde
e Ambiente
, em 04/06/2025, às 17:25, conforme horário oficial de Brasília, com fundamento no § 3º, do art. 4º, do 
Decreto
nº 10.543, de 13 de novembro de 2020
; e art. 8º, da 
Portaria nº 900 de 31 de Março de 2017
.
A autenticidade deste documento pode ser conferida no site 
http://sei.saude.gov.br/sei/controlador_externo.php?
acao=documento_conferir&id_orgao_acesso_externo=0
, informando o código verificador",True,88,docs_ms,vigentes/NT201_2025_Vigilancia_Sentinela_DIHi_DPI.pdf
docsms_nt201_pdf__referencias__1,NT Conjunta nº 201/2025 — Vigilância Sentinela DIHi/DPI — Referências,laboratorio,nt201 sentinela dihi dpi haemophilus pneumococo conjunta 2025 vigilancia sentinela dihi referencias briles hollingshead paton ades novak dillard pneumococcal vaccines microbiol spectr 2019 1128,NT Conjunta nº 201/2025-CGVDI/DPNI/SVSA/MS-CGLAB/SVSA,"1
. 
Briles DE, Hollingshead S, Paton JC, Ades E, Novak L, Dillard JP, et al. Pneumococcal vaccines. Microbiol Spectr.
2019;7(6):10.1128/microbiolspec.GPP3-0009-2018.
2
. 
Marangu D, Zar HJ. Childhood pneumonia in low-and-middle-income countries: An update. Paediatr Respir Rev.
2019;32:3–9.
3
. 
O'Brien KL, Wolfson LJ, Watt JP, Henkle E, Deloria-Knoll M, McCall N, et al. Burden of disease caused by
Streptococcus pneumoniae
 in children younger than 5 years: global estimates. Lancet. 2009;374(9693):893–902.
4
. 
Brasil. Ministério da Saúde. Secretaria de Vigilância em Saúde. Departamento de Articulação da Vigilância em Saúde
do Sistema Único de Saúde. Coordenação-Geral de Laboratórios de Saúde Pública. Nota Informativa nº 17/2019 –
CGLAB/DAEVS/SVS/MS, de 16 de julho de 2019. Disponível em:",True,88,docs_ms,vigentes/NT201_2025_Vigilancia_Sentinela_DIHi_DPI.pdf
docsms_nt201_pdf__referencias__2,NT Conjunta nº 201/2025 — Vigilância Sentinela DIHi/DPI — Referências,laboratorio,nt201 sentinela dihi dpi haemophilus pneumococo conjunta 2025 vigilancia sentinela dihi referencias laboratorios saude publica nota informativa 2019 cglab daevs julho 2019 disponivel https,NT Conjunta nº 201/2025-CGVDI/DPNI/SVSA/MS-CGLAB/SVSA,"Laboratórios de Saúde Pública. Nota Informativa nº 17/2019 –
CGLAB/DAEVS/SVS/MS, de 16 de julho de 2019. Disponível em: 
https://www.gov.br/saude/pt-
br/media/pdf/2019/julho/17/nota-informativa-no-17-2019-cglab.pdf
.
5
. 
Brasil. Ministério da Saúde. Portaria de Consolidação nº 4, de 28 de setembro de 2017. Consolida as normas sobre
os sistemas e os subsistemas do Sistema Único de Saúde. Diário Oficial da União. 3 out. 2017. Disponível em:
https://www.in.gov.br/materia/-/asset_publisher/Kujrw0TZC2Mb/content/id/23017246
.",True,88,docs_ms,vigentes/NT201_2025_Vigilancia_Sentinela_DIHi_DPI.pdf
docsms_nt201_pdf__streptococcus_pneumoniae__1,NT Conjunta nº 201/2025 — Vigilância Sentinela DIHi/DPI — Streptococcus Pneumoniae,laboratorio,nt201 sentinela dihi dpi haemophilus pneumococo conjunta 2025 vigilancia sentinela dihi streptococcus pneumoniae vigilancia sentinela dihi sera base laboratorial seja desencadeada partir resultado positivo,NT Conjunta nº 201/2025-CGVDI/DPNI/SVSA/MS-CGLAB/SVSA,"(DPI)
3
.
1
.
A Vigilância Sentinela da DIHi e da DPI será de base laboratorial, ou seja, desencadeada a partir do resultado
positivo de 
Haemophilus influenzae
 (Hi) ou 
Streptococcus pneumoniae
 (pneumococo) para a investigação epidemiológica
dos casos. A implantação dessa vigilância ocorrerá em duas fases:
3
.
1
.
1
.
1ª fase:
 Piloto de implantação com duração de quatro (4) meses.
3
.
1
.
1
.
1
.
Esta fase conta com a participação de 10 Unidades Federadas (UF) que foram inicialmente selecionadas
pelas características de maior e menor envio de isolados bacterianos (de Hi e pneumococo) ao Lacen e ao IAL, oriundos
da população de maior risco (crianças e idosos), além da avaliação dos questionários de viabilidade para unidade
sentinela.
3
.
1
.
1
.
2
.
Essa fase inicial foi discutida com as áreas técnicas das Secretarias Estaduais da Saúde (SES) envolvidas,
durante o ano de 2024. Nesse",True,88,docs_ms,vigentes/NT201_2025_Vigilancia_Sentinela_DIHi_DPI.pdf
docsms_nt201_pdf__streptococcus_pneumoniae__2,NT Conjunta nº 201/2025 — Vigilância Sentinela DIHi/DPI — Streptococcus Pneumoniae,laboratorio,nt201 sentinela dihi dpi haemophilus pneumococo conjunta 2025 vigilancia sentinela dihi streptococcus pneumoniae discutida areas tecnicas secretarias estaduais saude envolvidas durante 2024 nesse periodo,NT Conjunta nº 201/2025-CGVDI/DPNI/SVSA/MS-CGLAB/SVSA,"al foi discutida com as áreas técnicas das Secretarias Estaduais da Saúde (SES) envolvidas,
durante o ano de 2024. Nesse período foram validados o instrumento de investigação e de preenchimento das variáveis,
com os grupos técnicos e especialistas. Assim como os ﬂuxos de seleção de casos para investigação e o sistema
operacional de registro das informações com realização de investigação e digitação de casos reais na ferramenta
Go.Data. Todo esse processo foi orientado por meio de reuniões e materiais instrutivos para investigação e acesso ao
sistema Go.Data para inserção dos dados das investigações.
3
.
1
.
1
.
3
.
Essa 1ª fase vai abranger o 
período de junho a setembro de 2025
, com a 
implantação da
 
investigação
de casos
 identiﬁcados com 
início dos sintomas de janeiro a setembro.
 A seleção dos casos para investigação
ocorrerá por meio de duas estratégias de vigilância",True,88,docs_ms,vigentes/NT201_2025_Vigilancia_Sentinela_DIHi_DPI.pdf
docsms_nt201_pdf__streptococcus_pneumoniae__3,NT Conjunta nº 201/2025 — Vigilância Sentinela DIHi/DPI — Streptococcus Pneumoniae,laboratorio,nt201 sentinela dihi dpi haemophilus pneumococo conjunta 2025 vigilancia sentinela dihi streptococcus pneumoniae ntomas janeiro setembro selecao casos para investigacao ocorrera meio duas estrategias,NT Conjunta nº 201/2025-CGVDI/DPNI/SVSA/MS-CGLAB/SVSA,"ntomas de janeiro a setembro.
 A seleção dos casos para investigação
ocorrerá por meio de duas estratégias de vigilância sentinela:
I
 -
Estratégia 1:
 Vigilância sentinela de base laboratorial, de isolados bacterianos de amostras
provenientes de qualquer serviço de saúde ou serviço de veriﬁcação de óbito, denominada também como
Nota Técnica Conjunta 201 (0047807011)         SEI 25000.074792/2025-46 / pg. 1

fluxo contínuo:
a
)
Identiﬁcar os 
resultados de cultura bacteriana
 conﬁrmatório para Hi ou pneumococo disponíveis no
Sistema Gerenciador de Ambiente Laboratorial (GAL);
b
)
Investigar uma proporção dos casos identificados:
i. UF com até
 5
 
isolados por mês: investigar 100% dos casos;
ii. UF com
 6 
ou mais isolados por mês: investigar os primeiros 5 casos e pelo menos 30% dos outros
casos.
c
)
UF participantes: Pará, Ceará, Distrito Federal, Minas Gerais, São Paulo, Rio de",True,88,docs_ms,vigentes/NT201_2025_Vigilancia_Sentinela_DIHi_DPI.pdf
docsms_nt201_pdf__streptococcus_pneumoniae__4,NT Conjunta nº 201/2025 — Vigilância Sentinela DIHi/DPI — Streptococcus Pneumoniae,laboratorio,nt201 sentinela dihi dpi haemophilus pneumococo conjunta 2025 vigilancia sentinela dihi streptococcus pneumoniae pelo menos outros casos participantes para ceara distrito federal minas gerais,NT Conjunta nº 201/2025-CGVDI/DPNI/SVSA/MS-CGLAB/SVSA,"e pelo menos 30% dos outros
casos.
c
)
UF participantes: Pará, Ceará, Distrito Federal, Minas Gerais, São Paulo, Rio de Janeiro e Paraná.
II
 -
Estratégia 2:
 Vigilância sentinela de base laboratorial de casos atendidos 
em hospitais
sentinela:
a
)
Identiﬁcar os 
resultados de cultura bacteriana ou 
PCR
 conﬁrmatório para Hi ou pneumococo
disponíveis no GAL, oriundos do hospital sentinela;
b
)
Investigar 
100% dos casos
 identificados;
c
)
UF participantes: Roraima, Maranhão, Mato Grosso.
3
.
1
.
1
.
4
.
As unidades hospitalares sentinela são deﬁnidas por cada SES, por meio das áreas técnicas envolvidas. Fica
facultado às UF a realização das duas estratégias citadas, de forma simultânea.
3
.
1
.
2
.
2ª fase:
 Implementação.
3
.
1
.
2
.
1
.
Após a etapa piloto de implantação dessa vigilância sentinela nas 10 UF, prevista para ﬁnalização em
setembro de 2025, haverá uma avaliação das",True,88,docs_ms,vigentes/NT201_2025_Vigilancia_Sentinela_DIHi_DPI.pdf
docsms_nt201_pdf__streptococcus_pneumoniae__5,NT Conjunta nº 201/2025 — Vigilância Sentinela DIHi/DPI — Streptococcus Pneumoniae,laboratorio,nt201 sentinela dihi dpi haemophilus pneumococo conjunta 2025 vigilancia sentinela dihi streptococcus pneumoniae implantacao dessa vigilancia sentinela prevista para finalizacao setembro 2025 havera avaliacao,NT Conjunta nº 201/2025-CGVDI/DPNI/SVSA/MS-CGLAB/SVSA,"implantação dessa vigilância sentinela nas 10 UF, prevista para ﬁnalização em
setembro de 2025, haverá uma avaliação das estratégias I e II. A depender dos resultados, serão propostos ajustes, bem
como a ampliação da vigilância sentinela para outras UF.
4
.",True,88,docs_ms,vigentes/NT201_2025_Vigilancia_Sentinela_DIHi_DPI.pdf
docsms_informe_pdf__anexo_iii__1,Informe Meningites 2024 (PDF oficial) — Anexo Iii,indicadores,informe pdf epidemiologia letalidade bacteriana viral informe meningites 2024 oficial anexo casos obitos letalidade meningites raca faixa etaria sexo etiologia brasil 20241 1fontes sinan,Informe Meningites 2024 — CGVDI/DPNI/SVSA/MS,"CASOS, ÓBITOS E LETALIDADE POR MENINGITES POR RAÇA/COR, FAIXA ETÁRIA, SEXO E ETIOLOGIA – BRASIL, 20241
1Fontes: Sinan e Painel Epidemiológico das Meningites (Disponível em: https:/ /bit.ly/painel-meningites, acesso em 20/9/2024). Dados notificados entre SE 1/2024 a SE 36/2024 (7/9/2024), sujeitos a alterações; dados 
representam casos confirmados e data de início de sintomas. A partir de 2020, os dados de meningites do Espírito Santo estão dispostos no sistema próprio do estado, não sendo apresentados neste informe.
Variável
Meningite bacteriana Meningite viral Meningite por outra etiologia Meningite não especificada Ignorado/ sem informação Total 
Casos Óbitos Letalidade Casos Óbitos Letalidade Casos Óbitos Letalidade Casos Óbitos Letalidade Casos Óbitos Letalidade Casos Óbitos Letalidade
Raça/cor 
Branca 1.414 301 21,3% 1.331 26 2,0% 131 32 24,4% 583 41 7,0% 16 1 6,3% 3.475 401",True,87,docs_ms,vigentes/Informe_Meningites_2024_CGVDI.pdf
docsms_informe_pdf__anexo_iii__2,Informe Meningites 2024 (PDF oficial) — Anexo Iii,indicadores,informe pdf epidemiologia letalidade bacteriana viral informe meningites 2024 oficial anexo dade casos obitos letalidade raca branca parda preta,Informe Meningites 2024 — CGVDI/DPNI/SVSA/MS,"dade Casos Óbitos Letalidade
Raça/cor 
Branca 1.414 301 21,3% 1.331 26 2,0% 131 32 24,4% 583 41 7,0% 16 1 6,3% 3.475 401 11,5%
Parda 221 293 132,6% 915 22 2,4% 190 37 19,5% 607 64 10,5% 10 1 10,0% 1.943 417 21,5%
Preta 13 60 461,5% 107 3 2,8% 37 7 18,9% 76 9 11,8% 2 2 100,0% 235 81 34,5%
Amarela 1.317 2 0,2% 14 1 7,1% 4 1 25,0% 11 0 0,0% 0 0 0,0% 1.346 4 0,3%
Indígena 15 2 13,3% 5 1 20,0% 4 0 0,0% 11 3 27,3% 0 0 0,0% 35 6 17,1%
Ignorado 220 42 19,1% 328 10 3,0% 22 6 27,3% 101 7 6,9% 1 0 0,0% 672 65 9,7%
Total 3.200 700 21,9% 2.700 63 2,3% 388 83 21,4% 1.389 124 8,9% 29 4 13,8% 7.706 974 12,6%
Faixa Etária
<  1 ano 359 56 15,6% 438 5 1,1% 5 0 0,0% 219 16 7,3% 4 1 25,0% 1.025 78 7,6%
1 a 4 anos 272 57 21,0% 488 3 0,6% 1 0 0,0% 154 7 4,5% 4 1 25,0% 919 68 7,4%
5 a 9 anos 216 39 18,1% 369 1 0,3% 6 1 16,7% 132 4 3,0% 2 1 50,0% 725 46 6,3%
10 a 14 anos 141 17 12,1% 178 3 1,7% 5 1 20,0% 101 7",True,87,docs_ms,vigentes/Informe_Meningites_2024_CGVDI.pdf
docsms_informe_pdf__anexo_iii__3,Informe Meningites 2024 (PDF oficial) — Anexo Iii,indicadores,informe pdf epidemiologia letalidade bacteriana viral informe meningites 2024 oficial anexo anos anos anos,Informe Meningites 2024 — CGVDI/DPNI/SVSA/MS,"216 39 18,1% 369 1 0,3% 6 1 16,7% 132 4 3,0% 2 1 50,0% 725 46 6,3%
10 a 14 anos 141 17 12,1% 178 3 1,7% 5 1 20,0% 101 7 6,9% 0 0 0,0% 425 28 6,6%
15 a 19 anos 111 9 8,1% 99 4 4,0% 6 2 33,3% 49 3 6,1% 2 0 0,0% 267 18 6,7%
20 a 29 anos 331 67 20,2% 230 4 1,7% 62 14 22,6% 124 15 12,1% 3 0 0,0% 750 100 13,3%
30 a 39 anos 365 90 24,7% 218 7 3,2% 84 14 16,7% 157 16 10,2% 2 0 0,0% 826 127 15,4%
40 a 49 anos 423 91 21,5% 204 7 3,4% 94 17 18,1% 135 15 11,1% 5 1 20,0% 861 131 15,2%
50 a 59 anos 400 96 24,0% 154 6 3,9% 74 21 28,4% 138 17 12,3% 3 0 0,0% 769 140 18,2%
> 60 anos 582 178 30,6% 322 23 7,1% 51 13 25,5% 180 24 13,3% 4 0 0,0% 1.139 238 20,9%
Total 3.200 700 21,9% 2.700 63 2,3% 388 83 21,4% 1.389 124 8,9% 29 4 13,8% 7.706 974 12,6%
Sexo
Masculino 1.815 382 21,0% 1.520 27 1,8% 291 65 22,3% 802 69 8,6% 17 3 17,6% 4.445 546 12,3%
Feminino 1.383 318 23,0% 1.179 36 3,1% 97 18 18,6% 587 55 9,4%",True,87,docs_ms,vigentes/Informe_Meningites_2024_CGVDI.pdf
docsms_informe_pdf__anexo_iii__4,Informe Meningites 2024 (PDF oficial) — Anexo Iii,indicadores,informe pdf epidemiologia letalidade bacteriana viral informe meningites 2024 oficial anexo feminino ignorado total,Informe Meningites 2024 — CGVDI/DPNI/SVSA/MS,"1,8% 291 65 22,3% 802 69 8,6% 17 3 17,6% 4.445 546 12,3%
Feminino 1.383 318 23,0% 1.179 36 3,1% 97 18 18,6% 587 55 9,4% 12 1 8,3% 3.258 428 13,1%
Ignorado 2 0 0,0% 1 0 0,0% 0 0 0,0% 0 0 0,0% 0 0 0,0% 3 0 0,0%
Total 3.200 700 21,9% 2.700 63 2,3% 388 83 21,4% 1.389 124 8,9% 29 4 13,8% 7.706 974 12,6%

9
CASOS, ÓBITOS E LETALIDADE POR MENINGITES BACTERIANAS POR RAÇA/COR, FAIXA ETÁRIA, SEXO E ETIOLOGIA – BRASIL, 20241
1Fontes: Sinan e Painel Epidemiológico das Meningites (Disponível em: https:/ /bit.ly/painel-meningites, acesso em 20/9/2024). Dados notificados entre SE 1/2024 a SE 36/2024 (7/9/2024), sujeitos a alterações; dados representam casos confirmados 
e data de início de sintomas. A partir de 2020, os dados de meningites do Espírito Santo estão dispostos no sistema próprio do estado, não sendo apresentados neste informe.
Variável
Doença meningocócica Meningite pneumocócica",True,87,docs_ms,vigentes/Informe_Meningites_2024_CGVDI.pdf
docsms_informe_pdf__anexo_iii__5,Informe Meningites 2024 (PDF oficial) — Anexo Iii,indicadores,informe pdf epidemiologia letalidade bacteriana viral informe meningites 2024 oficial anexo sistema proprio estado sendo apresentados neste informe variavel doenca meningococica meningite pneumococica meningite,Informe Meningites 2024 — CGVDI/DPNI/SVSA/MS,"no sistema próprio do estado, não sendo apresentados neste informe.
Variável
Doença meningocócica Meningite pneumocócica Meningite por hemófilo Meningite tuberculosa Meningite por  
outras bactérias
Meningite bacteriana  
não especificada Total
Casos Óbitos Letalidade Casos Óbitos Letalidade Casos Óbitos Letalidade Casos Óbitos Letalidade Casos Óbitos Letalidade Casos Óbitos Letalidade Casos Óbitos Letalidade
Raça/cor 
Branca 177 37 20,9% 374 124 33,2% 57 12 21,1% 55 11 20,0% 346 64 18,5% 405 53 13,1% 1.414 301 21,3%
Parda 242 51 21,1% 347 100 28,8% 41 11 26,8% 136 22 16,2% 303 63 20,8% 248 46 18,5% 1.317 293 22,2%
Preta 32 9 28,1% 73 25 34,2% 9 2 22,2% 21 5 23,8% 48 9 18,8% 38 10 26,3% 221 60 27,1%
Amarela 2 1 50,0% 4 1 25,0% 0 0 0,0% 0 0 0,0% 1 0 0,0% 6 0 0,0% 13 2 15,4%
Indígena 3 1 33,3% 2 0 0,0% 1 0 0,0% 1 0 0,0% 6 1 16,7% 2 0 0,0% 15 2 13,3%
Ignorado 32 9 28,1% 74 16 21,6% 2 1",True,87,docs_ms,vigentes/Informe_Meningites_2024_CGVDI.pdf
docsms_informe_pdf__anexo_iii__6,Informe Meningites 2024 (PDF oficial) — Anexo Iii,indicadores,informe pdf epidemiologia letalidade bacteriana viral informe meningites 2024 oficial anexo indigena ignorado total,Informe Meningites 2024 — CGVDI/DPNI/SVSA/MS,"2 15,4%
Indígena 3 1 33,3% 2 0 0,0% 1 0 0,0% 1 0 0,0% 6 1 16,7% 2 0 0,0% 15 2 13,3%
Ignorado 32 9 28,1% 74 16 21,6% 2 1 50,0% 16 2 12,5% 53 7 13,2% 43 7 16,3% 220 42 19,1%
Total 488 108 22,1% 874 266 30,4% 110 26 23,6% 229 40 17,5% 757 144 19,0% 742 116 15,6% 3.200 700 21,9%
Faixa Etária
<  1 ano 52 16 30,8% 47 12 25,5% 30 10 33,3% 6 0 0,0% 114 13 11,4% 110 5 4,5% 359 56 15,6%
1 a 4 anos 53 15 28,3% 70 22 31,4% 17 3 17,6% 10 3 30,0% 47 9 19,1% 75 5 6,7% 272 57 21,0%
5 a 9 anos 51 11 21,6% 57 17 29,8% 9 1 11,1% 3 0 0,0% 25 5 20,0% 71 5 7,0% 216 39 18,1%
10 a 14 anos 20 1 5,0% 34 2 5,9% 8 2 25,0% 5 1 20,0% 24 5 20,8% 50 6 12,0% 141 17 12,1%
15 a 19 anos 38 3 7,9% 28 3 10,7% 2 0 0,0% 4 2 50,0% 18 0 0,0% 21 1 4,8% 111 9 8,1%
20 a 29 anos 73 15 20,5% 70 19 27,1% 6 1 16,7% 50 10 20,0% 64 12 18,8% 68 10 14,7% 331 67 20,2%
30 a 39 anos 41 8 19,5% 106 42 39,6% 7 2 28,6% 60 8 13,3% 81 15 18,5%",True,87,docs_ms,vigentes/Informe_Meningites_2024_CGVDI.pdf
docsms_informe_pdf__anexo_iii__7,Informe Meningites 2024 (PDF oficial) — Anexo Iii,indicadores,informe pdf epidemiologia letalidade bacteriana viral informe meningites 2024 oficial anexo anos anos,Informe Meningites 2024 — CGVDI/DPNI/SVSA/MS,"% 50 10 20,0% 64 12 18,8% 68 10 14,7% 331 67 20,2%
30 a 39 anos 41 8 19,5% 106 42 39,6% 7 2 28,6% 60 8 13,3% 81 15 18,5% 70 15 21,4% 365 90 24,7%
40 a 49 anos 76 17 22,4% 131 34 26,0% 7 2 28,6% 45 6 13,3% 103 20 19,4% 61 12 19,7% 423 91 21,5%
50 a 59 anos 50 15 30,0% 137 35 25,5% 10 3 30,0% 22 2 9,1% 114 27 23,7% 67 14 20,9% 400 96 24,0%
>60 anos 34 7 20,6% 194 80 41,2% 14 2 14,3% 24 8 33,3% 167 38 22,8% 149 43 28,9% 582 178 30,6%
Total 488 108 22,1% 874 266 30,4% 110 26 23,6% 229 40 17,5% 757 144 19,0% 742 116 15,6% 3.200 700 21,9%
Sexo
Masculino 273 61 22,3% 463 135 29,2% 64 16 25,0% 155 25 16,1% 435 80 18,4% 425 65 41,2% 1.815 550 30,3%
Feminino 215 47 21,9% 411 131 31,9% 46 10 21,7% 74 15 20,3% 320 64 20,0% 317 51 41,7% 1.383 432 31,2%
Ignorado 0 0 0,0% 0 0 0,0% 0 0 0,0% 0 0 0,0% 2 0 0,0% 0 0 0,0% 2 0 0,0%
Total 488 108 22,1% 874 266 30,4% 110 26 23,6% 229 40 17,5% 757 144 19,0% 742",True,87,docs_ms,vigentes/Informe_Meningites_2024_CGVDI.pdf
docsms_informe_pdf__anexo_iii__8,Informe Meningites 2024 (PDF oficial) — Anexo Iii,indicadores,informe pdf epidemiologia letalidade bacteriana viral informe meningites 2024 oficial anexo total 2024 ministerio saude secretaria vigilancia saude ambiente departamento,Informe Meningites 2024 — CGVDI/DPNI/SVSA/MS,"0 0,0% 0 0 0,0% 2 0 0,0% 0 0 0,0% 2 0 0,0%
Total 488 108 22,1% 874 266 30,4% 110 26 23,6% 229 40 17,5% 757 144 19,0% 742 116 41,4% 3.200 700 21,9%

10
©2024. Ministério da Saúde. Secretaria de Vigilância em Saúde e Ambiente. 
Departamento do Programa Nacional de Imunizações. Coordenação-Geral  
de Vigilância das Doenças Imunopreveníveis.
É permitida a reprodução parcial ou total desta obra, desde que citada  
a fonte e que não seja para venda ou qualquer fim comercial.
Ministra de Estado da Saúde: 
Nísia Verônica Trindade Lima.
Secretária de Vigilância em Saúde e Ambiente: 
Ethel Leonor Noia Maciel.
Comitê editorial: 
Secretaria de Vigilância em Saúde e Ambiente (SVSA): 
Ethel Leonor Noia Maciel.
Departamento do Programa Nacional de Imunizações (DPNI): 
Eder Gatti Fernandes.
Equipe editorial: 
Coordenação-Geral de Vigilância das Doenças Imunopreveníveis (CGVDI/ 
DPNI/SVSA): Elena de",True,87,docs_ms,vigentes/Informe_Meningites_2024_CGVDI.pdf
docsms_informe_pdf__anexo_iii__9,Informe Meningites 2024 (PDF oficial) — Anexo Iii,indicadores,informe pdf epidemiologia letalidade bacteriana viral informe meningites 2024 oficial anexo fernandes equipe editorial coordenacao geral vigilancia doencas imunopreveniveis cgvdi dpni svsa elena carvalho,Informe Meningites 2024 — CGVDI/DPNI/SVSA/MS,"Fernandes.
Equipe editorial: 
Coordenação-Geral de Vigilância das Doenças Imunopreveníveis (CGVDI/ 
DPNI/SVSA): Elena de Carvalho Cremm Prendergast, Caroline Gava, Camilla  
de Miranda Ribeiro, Aline Kelen Vesely Reis, Raissa dos Santos Calado Sampaio 
de Alencar, Laise Carvalho Ribeiro. Marcelo Yoshito Wada, Greice Madeleine 
Ikeda do Carmo.
Coordenação-Geral de Laboratórios de Saúde Pública (CGLAB/SVSA): 
Gabriela Andrade Pereira.
Editoria técnico-científica: 
Coordenação-Geral de Editoração Técnico-Científica em Vigilância em Saúde 
(CGEVSA/Daevs/SVSA): Paola Barbosa Marchesini, Antonio Ygor Modesto  Oliveira.
Revisão: 
Yana Palankof (CgEVSA/Daevs/SVSA).
Diagramação: 
Sabrina Lopes (CGEVSA/Daevs/SVSA).
Informe: Meningites",True,87,docs_ms,vigentes/Informe_Meningites_2024_CGVDI.pdf
docsms_informe_pdf__bacteriana_segundo_a_faixa_etaria__1,Informe Meningites 2024 (PDF oficial) — Bacteriana Segundo A Faixa Etária,indicadores,informe pdf epidemiologia letalidade bacteriana viral informe meningites 2024 oficial bacteriana segundo faixa etaria evolucao brasil 20242 incidencia mortalidade letalidade,Informe Meningites 2024 — CGVDI/DPNI/SVSA/MS,"E A EVOLUÇÃO – BRASIL, 20242
INCIDÊNCIA, MORTALIDADE E LETALIDADE",True,87,docs_ms,vigentes/Informe_Meningites_2024_CGVDI.pdf
docsms_informe_pdf__casos_obitos_incidencia3_mortalidade3letalidade__1,Informe Meningites 2024 (PDF oficial) — Casos Óbitos Incidência3 Mortalidade3Letalidade,indicadores,informe pdf epidemiologia letalidade bacteriana viral informe meningites 2024 oficial casos obitos incidencia3 mortalidade3letalidade coeficiente incidencia mortalidade doenca meningococica brasil 20242 1fontes sinan painel,Informe Meningites 2024 — CGVDI/DPNI/SVSA/MS,"22,1%
COEFICIENTE DE INCIDÊNCIA (A) E MORTALIDADE (B) POR DOENÇA MENINGOCÓCICA – BRASIL, 20242,3
1Fontes: Sinan e Painel Epidemiológico das Meningites (Disponível em: https:/ /bit.ly/painel-meningites, acesso em 20/9/2024). Dados notificados  
entre SE 1/2010 a SE 36/2024 (7/9/2024), sujeitos a alterações; dados representam casos confirmados e data de início de sintomas. A partir de 2020,  
os dados de meningites do Espírito Santo estão dispostos no sistema próprio do estado, não sendo apresentados neste informe.
2Dados de 2024 notificados até 7/9/2024 (SE36).
3Foram utilizadas as estimativas populacionais de 2021 elaboradas pelo MS, conforme Nota Técnica n.º 41/2024-Cgiae/Daent/SVSA/MS.
4Tabela apresenta apenas os casos de doença meningocócica com sorogrupos identificados (236); são omitidos 252 casos de doença meningocó-
cica sem informações sobre sorogrupos.",True,87,docs_ms,vigentes/Informe_Meningites_2024_CGVDI.pdf
docsms_informe_pdf__casos_obitos_incidencia3_mortalidade3letalidade__2,Informe Meningites 2024 (PDF oficial) — Casos Óbitos Incidência3 Mortalidade3Letalidade,indicadores,informe pdf epidemiologia letalidade bacteriana viral informe meningites 2024 oficial casos obitos incidencia3 mortalidade3letalidade sorogrupos identificados omitidos casos doenca meningoco cica informacoes sobre sorogrupos,Informe Meningites 2024 — CGVDI/DPNI/SVSA/MS,"a com sorogrupos identificados (236); são omitidos 252 casos de doença meningocó-
cica sem informações sobre sorogrupos.

4
 ◼ Desde 2010 até 20241 (SE 1-36/2024: 31/12/2023 a 7/9/2024) foram notificados 355.561 casos suspeitos de 
meningite no Brasil, dos quais 233.918 foram confirmados (65,8%), com média de 15.595 casos confirmados 
por ano. No mesmo período, dentre os casos confirmados, foram registrados 22.504 óbitos, sendo uma média 
de 1.500 óbitos por ano.
 ◼ Informa-se que os casos de meningite notificados pelo Estado do Espírito Santo a partir de 2020 estão dispostos 
no sistema próprio do estado, não sendo apresentados neste informe epidemiológico.
 ◼ Em 2024 (SE 1-36/2024: 31/12/2023 a 7/9/2024)2 foram notificados 14.352 casos suspeitos de meningite, 
com 7.706 confirmados (53,7%). Destes, 974 foram a óbito.
 ◼ Dos 7.706 casos confirmados em 2024, 3.200 casos (41,5%) foram",True,87,docs_ms,vigentes/Informe_Meningites_2024_CGVDI.pdf
docsms_informe_pdf__casos_obitos_incidencia3_mortalidade3letalidade__3,Informe Meningites 2024 (PDF oficial) — Casos Óbitos Incidência3 Mortalidade3Letalidade,indicadores,informe pdf epidemiologia letalidade bacteriana viral informe meningites 2024 oficial casos obitos incidencia3 mortalidade3letalidade confirmados destes foram obito casos confirmados 2024 casos foram classificados,Informe Meningites 2024 — CGVDI/DPNI/SVSA/MS,"7.706 confirmados (53,7%). Destes, 974 foram a óbito.
 ◼ Dos 7.706 casos confirmados em 2024, 3.200 casos (41,5%) foram classificados como meningites bacterianas, 
2.700 casos (35,0%) como meningite viral, 388 casos (5,0%) como meningite de outra etiologia e 1.389 casos 
(18,0%) de meningite não especificada. Até o momento, pela primeira vez desde 2010, as meningites bacterianas 
superaram o registro das meningites virais.
 ◼ Em relação aos 974 óbitos por meningite em 2024, 700 (71,9%) foram por meningite bacteriana, 124 (12,7%) por 
meningite não especificada, 83 (8,5%) por meningite de outra etiologia e 63 (6,5%) por meningite viral, e houve 
quatro óbitos registrados sem classificação do tipo etiológico da meningite.
 ◼ Dos 3.200 casos confirmados de meningite bacteriana em 2024, 874 (27,3%) foram classificados como meningite 
pneumocócica, 757 (23,7%) como meningite por outras",True,87,docs_ms,vigentes/Informe_Meningites_2024_CGVDI.pdf
docsms_informe_pdf__casos_obitos_incidencia3_mortalidade3letalidade__4,Informe Meningites 2024 (PDF oficial) — Casos Óbitos Incidência3 Mortalidade3Letalidade,indicadores,informe pdf epidemiologia letalidade bacteriana viral informe meningites 2024 oficial casos obitos incidencia3 mortalidade3letalidade bacteriana 2024 foram classificados como meningite pneumococica como meningite outras,Informe Meningites 2024 — CGVDI/DPNI/SVSA/MS,"bacteriana em 2024, 874 (27,3%) foram classificados como meningite 
pneumocócica, 757 (23,7%) como meningite por outras bactérias, 742 (23,2%) como meningite bacteriana não 
especificada, 488 (15,3%) como doença meningocócica, 229 (7,2%) como meningite tuberculosa e 110 casos 
(3,4%) como meningite por hemófilo.
 ◼ Dos 700 óbitos confirmados por meningite bacteriana em 2024, 266 (38,0%) foram por meningite pneumocócica, 
144 (20,6%) por meningite por outras bactérias, 116 (16,6%) por meningite bacteriana não especificada, 108 (15,4%) por 
doença meningocócica, 40 (5,7%) por meningite tuberculosa e 26 óbitos (3,7%) foram por meningite por hemófilo.
 ◼ A maior letalidade foi observada nos casos de meningite pneumocócica (30,4%), meningite por hemófilo (23,6%) 
e doença meningocócica (22,1%).
 ◼ Dos 488 casos de doença meningocócica confirmados em 2024, 236 possuem identificação do",True,87,docs_ms,vigentes/Informe_Meningites_2024_CGVDI.pdf
docsms_informe_pdf__casos_obitos_incidencia3_mortalidade3letalidade__5,Informe Meningites 2024 (PDF oficial) — Casos Óbitos Incidência3 Mortalidade3Letalidade,indicadores,informe pdf epidemiologia letalidade bacteriana viral informe meningites 2024 oficial casos obitos incidencia3 mortalidade3letalidade doenca meningococica casos doenca meningococica confirmados 2024 possuem identificacao sorogrupo,Informe Meningites 2024 — CGVDI/DPNI/SVSA/MS,"doença meningocócica (22,1%).
 ◼ Dos 488 casos de doença meningocócica confirmados em 2024, 236 possuem identificação do sorogrupo. 
Destes, 132 casos foram por sorogrupo B (55,9%), seguidos de 77 casos por sorogrupo C (32,6%). Em relação 
aos 108 óbitos por doença meningocócica, 58 óbitos possuem informações do sorogrupo. Destes, 23 óbitos 
foram por sorogrupo C (39,6%), seguidos de 21 óbitos por soro grupo B (36,2%).
 ◼ A maioria dos casos de doença meningocócica confirmados em 2024 foi observada em indivíduos de raça/cor 
parda (242 casos; 49,6% do total), com idade entre 40 e 49 anos (76 casos; 15,6% do total) e do sexo masculino 
(273 casos; 55,9% do total). Entre os óbitos, observou-se o mesmo padrão de distribuição demográfica (raça/
cor parda: 51 óbitos, 47,2% do total; 40 a 49 anos: 17 óbitos, 15,7% do total; e sexo masculino: 61 óbitos, 56,5%  
do total). No entanto, a maior",True,87,docs_ms,vigentes/Informe_Meningites_2024_CGVDI.pdf
docsms_informe_pdf__casos_obitos_incidencia3_mortalidade3letalidade__6,Informe Meningites 2024 (PDF oficial) — Casos Óbitos Incidência3 Mortalidade3Letalidade,indicadores,informe pdf epidemiologia letalidade bacteriana viral informe meningites 2024 oficial casos obitos incidencia3 mortalidade3letalidade total anos obitos total sexo masculino obitos total entanto maior,Informe Meningites 2024 — CGVDI/DPNI/SVSA/MS,"% do total; 40 a 49 anos: 17 óbitos, 15,7% do total; e sexo masculino: 61 óbitos, 56,5%  
do total). No entanto, a maior letalidade foi observada em indivíduos com raça cor amarela (50%) e em crianças 
menores de 1 ano (30,8%). A maior letalidade da doença meningocócica em crianças menores de 1 ano foi em 
decorrência do sorogrupo C (letalidade de 75%) e do sorogrupo B (letalidade de 26,3%).
 ◼ Em 2024, o Estado do Pará apresentou o maior coeficiente de incidência 2 de doença meningocócica  
(0,66 casos por 100 mil hab.), seguido do Estado de Alagoas (0,48 casos por 100 mil hab.).
 ◼ Em relação ao coeficiente de mortalidade 2 por doença meningocócica em 2024, o estado mais afetado foi 
Alagoas (0,27 óbitos por 100 mil hab.), seguido de Roraima (0,15 óbitos por 100 mil hab.).
 ◼ Quanto aos indicadores da qualidade da vigilância epidemiológica e laboratorial das meningites no Brasil  
em",True,87,docs_ms,vigentes/Informe_Meningites_2024_CGVDI.pdf
docsms_informe_pdf__casos_obitos_incidencia3_mortalidade3letalidade__7,Informe Meningites 2024 (PDF oficial) — Casos Óbitos Incidência3 Mortalidade3Letalidade,indicadores,informe pdf epidemiologia letalidade bacteriana viral informe meningites 2024 oficial casos obitos incidencia3 mortalidade3letalidade quanto indicadores qualidade vigilancia epidemiologica laboratorial meningites brasil 2024 casos,Informe Meningites 2024 — CGVDI/DPNI/SVSA/MS,"hab.).
 ◼ Quanto aos indicadores da qualidade da vigilância epidemiológica e laboratorial das meningites no Brasil  
em 2024, 36,1% os casos foram confirmados por critério laboratorial (aumento de 5,98 pontos percentuais (pp.) 
em relação a 2023), 97,8% dos casos foram investigados em até 48 horas da notificação (aumento de 0,69 pp 
em relação a 2023), 94,4% dos casos foram encerrados em até 60 dias da notificação (aumento de 0,69 pp 
em relação a 2023) e 45,5% dos casos de doença meningocócica tiveram quimioprofilaxia de contatos em até 
48 horas da notificação (diminuição de 9,04 pp em relação a 2023).",True,87,docs_ms,vigentes/Informe_Meningites_2024_CGVDI.pdf
docsms_informe_pdf__classificacao_por_agente_etiologico__1,Informe Meningites 2024 (PDF oficial) — Classificação Por Agente Etiológico,indicadores,informe pdf epidemiologia letalidade bacteriana viral informe meningites 2024 oficial classificacao agente etiologico meningites podem classificadas meningite bacteriana meningite viral meningite outra etiologia fungos,Informe Meningites 2024 — CGVDI/DPNI/SVSA/MS,"As meningites podem ser classificadas em:
 ◼ meningite bacteriana;
 ◼ meningite viral;
 ◼ meningite de outra etiologia (fungos, proto zoários 
e helmintos);
 ◼ meningite não especificada. Esta última classifi-
cação cabe quando há alteração de líquor, mas 
não é possível distinguir entre causa bacteriana 
ou viral e não há identificação de outro agen -
te etiológico, mas não é possível descartar  
o diagnóstico de meningite.
A meningites bacterianas são classificadas em:
 ◼ doença meningocócica (causada por Neisseria 
meningitidis);
 ◼ meningite pneumocócica (causada por Strepto  ­
coccus pneumoniae);
 ◼ meningite por hemófilo (causada por Haemo philus 
influenzae);
 ◼ meningite tuberculosa (causada por Myco bacte­
rium tuberculosis);
 ◼ meningite por outras bactérias; e
 ◼ meningite bacteriana não especificada. Esta última 
se aplica quando a doença se apresenta com o perfil 
de",True,87,docs_ms,vigentes/Informe_Meningites_2024_CGVDI.pdf
docsms_informe_pdf__classificacao_por_agente_etiologico__2,Informe Meningites 2024 (PDF oficial) — Classificação Por Agente Etiológico,indicadores,informe pdf epidemiologia letalidade bacteriana viral informe meningites 2024 oficial classificacao agente etiologico terias meningite bacteriana especificada esta ultima aplica quando doenca apresenta perfil,Informe Meningites 2024 — CGVDI/DPNI/SVSA/MS,"térias; e
 ◼ meningite bacteriana não especificada. Esta última 
se aplica quando a doença se apresenta com o perfil 
de infecção bacteriana, porém sem identificação do 
agente etiológico.",True,87,docs_ms,vigentes/Informe_Meningites_2024_CGVDI.pdf
docsms_informe_pdf__confirmados__1,Informe Meningites 2024 (PDF oficial) — Confirmados,indicadores,informe pdf epidemiologia letalidade bacteriana viral informe meningites 2024 oficial confirmados,Informe Meningites 2024 — CGVDI/DPNI/SVSA/MS,"3,61",True,87,docs_ms,vigentes/Informe_Meningites_2024_CGVDI.pdf
docsms_informe_pdf__doenca_meningococica_em_20242__1,Informe Meningites 2024 (PDF oficial) — Doença Meningocócica Em 20242,indicadores,informe pdf epidemiologia letalidade bacteriana viral informe meningites 2024 oficial doenca meningococica 20242 incidencia doenca meningococica sorogrupo brasil 2010 20241,Informe Meningites 2024 — CGVDI/DPNI/SVSA/MS,"INCIDÊNCIA DA DOENÇA MENINGOCÓCICA POR ANO E SOROGRUPO – BRASIL, 2010 
A 20241",True,87,docs_ms,vigentes/Informe_Meningites_2024_CGVDI.pdf
docsms_informe_pdf__incidencia3__1,Informe Meningites 2024 (PDF oficial) — Incidência3,indicadores,informe pdf epidemiologia letalidade bacteriana viral informe meningites 2024 oficial incidencia3 casos obitos,Informe Meningites 2024 — CGVDI/DPNI/SVSA/MS,"Casos/100 mil hab.
ÓBITOS
12,6%",True,87,docs_ms,vigentes/Informe_Meningites_2024_CGVDI.pdf
docsms_informe_pdf__indicadores_da_vigilancia_epidemiologica_e_labor__1,Informe Meningites 2024 (PDF oficial) — Indicadores Da Vigilância Epidemiológica E Laboratorial Das Meningites Em 20242,indicadores,informe pdf epidemiologia letalidade bacteriana viral informe meningites 2024 oficial indicadores vigilancia epidemiologica laboratorial meningites 20242 casos foram confirmados criterio laboratorial qpcr cultura casos,Informe Meningites 2024 — CGVDI/DPNI/SVSA/MS,"◼ 36,1% dos casos foram confirmados por critério laboratorial (RT-qPCR e cultura);
 ◼ 97,8% dos casos foram investigados em até 48h da notificação (%);
 ◼ 94,4% dos casos foram encerrados em até 60 dias da notificação;
 ◼ 45,5% dos casos de doença meningocócica tiveram quimioprofilaxia de contatos realizada  
em até 48h da notificação.
INDICADORES DA VIGILÂNCIA EPIDEMIOLÓGICA E LABORATORIAL DAS MENINGITES. BRASIL, 2010 
A 20243

6
ANEXO II
CASOS, ÓBITOS E LETALIDADE DE MENINGITE POR ETIOLOGIA POR REGIÃO/UF – BRASIL, 20241
Região/ UF
Meningites bacterianas Meningite viral Meningite por outra etiologia Meningite não especificada Ignorado/sem informação Total
Casos Óbitos Letalidade Casos Óbitos Letalidade Casos Óbitos Letalidade Casos Óbitos Letalidade Casos Óbitos Letalidade Casos Óbitos Letalidade
Norte 232 31 13,4% 79 2 2,5% 47 11 23,4% 91 7 7,7% 0 0 0,0% 449 51 11,4%
Acre 5 3 60,0% 1",True,87,docs_ms,vigentes/Informe_Meningites_2024_CGVDI.pdf
docsms_informe_pdf__indicadores_da_vigilancia_epidemiologica_e_labor__10,Informe Meningites 2024 (PDF oficial) — Indicadores Da Vigilância Epidemiológica E Laboratorial Das Meningites Em 20242,indicadores,informe pdf epidemiologia letalidade bacteriana viral informe meningites 2024 oficial indicadores vigilancia epidemiologica laboratorial meningites 20242 santa catarina centro oeste distrito federal,Informe Meningites 2024 — CGVDI/DPNI/SVSA/MS,"6,7% 35 6 17,1% 51 4 7,8% 184 35 19,0%
Santa Catarina 15 1 6,7% 45 10 22,2% 7 3 42,9% 5 1 20,0% 44 9 20,5% 77 4 5,2% 193 28 14,5%
Centro-Oeste 13 2 15,4% 36 10 27,8% 8 1 12,5% 9 2 22,2% 66 15 22,7% 24 5 20,8% 156 35 22,4%
Distrito Federal 2 0,0% 11 0 0,0% 1 0 0,0% 2 0 0,0% 15 1 6,7% 0 0 0,0% 31 1 0,0%
Goiás 7 1 14,3% 17 7 41,2% 1 0 0,0% 6 1 16,7% 38 12 31,6% 9 2 22,2% 78 23 29,5%
Mato Grosso 2 1 50,0% 1 0 0,0% 2 0 0,0% 0 0 0,0% 9 2 22,2% 3 1 33,3% 17 4 23,5%
Mato Grosso do Sul 2 0,0% 7 3 42,9% 4 1 25,0% 1 1 100,0% 4 0 0,0% 12 2 16,7% 30 7 23,3%
Ignorado/sem informação 1 1 100,0% 1 0 0,0% 0 0 0,0% 0 0 0,0% 4 1 25,0% 0 0 0,0% 6 2 0,0%
Total 488 108 22,1% 874 266 30,4% 229 40 17,5% 110 26 23,6% 757 144 19,0% 742 116 15,6% 3.200 700 21,9%

8",True,87,docs_ms,vigentes/Informe_Meningites_2024_CGVDI.pdf
docsms_informe_pdf__indicadores_da_vigilancia_epidemiologica_e_labor__2,Informe Meningites 2024 (PDF oficial) — Indicadores Da Vigilância Epidemiológica E Laboratorial Das Meningites Em 20242,indicadores,informe pdf epidemiologia letalidade bacteriana viral informe meningites 2024 oficial indicadores vigilancia epidemiologica laboratorial meningites 20242 lidade casos obitos letalidade norte acre amapa amazonas,Informe Meningites 2024 — CGVDI/DPNI/SVSA/MS,"lidade Casos Óbitos Letalidade
Norte 232 31 13,4% 79 2 2,5% 47 11 23,4% 91 7 7,7% 0 0 0,0% 449 51 11,4%
Acre 5 3 60,0% 1 0 0,0% 1 0 0,0% 1 0 0,0% 0 0 0,0% 8 3 37,5%
Amapá 1 0 0,0% 0 0 0,0% 1 1 100,0% 4 1 25,0% 0 0 0,0% 6 2 33,3%
Amazonas 42 11 26,2% 2 0 0,0% 13 2 15,4% 19 2 10,5% 0 0 0,0% 76 15 19,7%
Pará 139 13 9,4% 69 2 2,9% 13 4 30,8% 22 2 9,1% 0 0 0,0% 243 21 8,6%
Rondônia 27 3 11,1% 3 0 0,0% 13 2 15,4% 19 2 10,5% 0 0 0,0% 62 7 11,3%
Roraima 6 1 16,7% 0 0 0,0% 5 1 20,0% 20 0 0,0% 0 0 0,0% 31 2 6,5%
Tocantins 12 0 0,0% 4 0 0,0% 1 1 100,0% 6 0 0,0% 0 0 0,0% 23 1 4,3%
Nordeste 481 94 19,5% 385 5 1,3% 69 15 21,7% 402 42 10,4% 6 0 0,0% 1.343 156 11,6%
Alagoas 35 16 45,7% 4 0 0,0% 0 0 0,0% 9 2 22,2% 0 0 0,0% 48 18 37,5%
Bahia 131 26 19,8% 77 1 1,3% 15 4 26,7% 65 8 12,3% 0 0 0,0% 288 39 13,5%
Ceará 64 12 18,8% 78 2 2,6% 20 1 5,0% 42 6 14,3% 3 0 0,0% 207 21 10,1%
Maranhão 24 6 25,0% 8 1",True,87,docs_ms,vigentes/Informe_Meningites_2024_CGVDI.pdf
docsms_informe_pdf__indicadores_da_vigilancia_epidemiologica_e_labor__3,Informe Meningites 2024 (PDF oficial) — Indicadores Da Vigilância Epidemiológica E Laboratorial Das Meningites Em 20242,indicadores,informe pdf epidemiologia letalidade bacteriana viral informe meningites 2024 oficial indicadores vigilancia epidemiologica laboratorial meningites 20242 ceara maranhao paraiba,Informe Meningites 2024 — CGVDI/DPNI/SVSA/MS,",3% 0 0 0,0% 288 39 13,5%
Ceará 64 12 18,8% 78 2 2,6% 20 1 5,0% 42 6 14,3% 3 0 0,0% 207 21 10,1%
Maranhão 24 6 25,0% 8 1 12,5% 1 1 100,0% 47 6 12,8% 0 0 0,0% 80 14 17,5%
Paraíba 33 10 30,3% 2 0 0,0% 2 0 0,0% 22 4 18,2% 0 0 0,0% 59 14 23,7%
Pernambuco 88 13 14,8% 203 1 0,5% 17 4 23,5% 135 6 4,4% 1 0 0,0% 444 24 5,4%
Piauí 22 3 13,6% 8 0 0,0% 8 3 37,5% 37 0 0,0% 0 0 0,0% 75 6 8,0%
Rio Grande do Norte 71 4 5,6% 3 0 0,0% 4 2 50,0% 34 6 17,6% 2 0 0,0% 114 12 10,5%
Sergipe 13 4 30,8% 2 0 0,0% 2 0 0,0% 11 4 36,4% 0 0 0,0% 28 8 28,6%
Sudeste 1.659 430 25,9% 1.555 44 2,8% 140 27 19,3% 524 51 9,7% 16 3 18,8% 3.894 555 14,3%
Espírito Santo 2 0 0,0% 0 0 0,0% 0 0 0,0% 0 0 0,0% 0 0 0,0% 2 0 0,0%
Minas Gerais 278 62 22,3% 126 3 2,4% 47 4 8,5% 136 11 8,1% 0 0 0,0% 587 80 13,6%
Rio de Janeiro 332 81 24,4% 213 6 2,8% 36 11 30,6% 76 12 15,8% 0 3 0,0% 657 113 17,2%
São Paulo 1.047 287 27,4% 1.216 35 2,9%",True,87,docs_ms,vigentes/Informe_Meningites_2024_CGVDI.pdf
docsms_informe_pdf__indicadores_da_vigilancia_epidemiologica_e_labor__4,Informe Meningites 2024 (PDF oficial) — Indicadores Da Vigilância Epidemiológica E Laboratorial Das Meningites Em 20242,indicadores,informe pdf epidemiologia letalidade bacteriana viral informe meningites 2024 oficial indicadores vigilancia epidemiologica laboratorial meningites 20242 janeiro paulo,Informe Meningites 2024 — CGVDI/DPNI/SVSA/MS,"e Janeiro 332 81 24,4% 213 6 2,8% 36 11 30,6% 76 12 15,8% 0 3 0,0% 657 113 17,2%
São Paulo 1.047 287 27,4% 1.216 35 2,9% 57 12 21,1% 312 28 9,0% 16 1 6,3% 2.648 363 13,7%
Sul 666 108 16,2% 615 12 2,0% 93 21 22,6% 284 12 4,2% 7 1 14,3% 1.665 154 9,2%
Paraná 289 45 15,6% 276 5 1,8% 39 10 25,6% 112 4 3,6% 4 1 25,0% 720 65 9,0%
Rio G. do Sul 184 35 19,0% 137 0 0,0% 29 4 13,8% 99 6 6,1% 0 0 0,0% 449 45 10,0%
Santa Catarina 193 28 14,5% 202 7 3,5% 25 7 28,0% 73 2 2,7% 3 0 0,0% 496 44 8,9%
Centro-Oeste 156 35 22,4% 64 0 0,0% 39 9 23,1% 88 12 13,6% 0 0 0,0% 347 56 16,1%
Distrito Federal 31 1 3,2% 13 0 0,0% 4 2 50,0% 10 0 0,0% 0 0 0,0% 58 3 5,2%
Goiás 78 23 29,5% 36 0 0,0% 19 2 10,5% 30 4 13,3% 0 0 0,0% 163 29 17,8%
Mato Grosso 17 4 23,5% 6 0 0,0% 0 0 0,0% 24 5 20,8% 0 0 0,0% 47 9 19,1%
Mato Grosso do Sul 30 7 23,3% 9 0 0,0% 16 5 31,3% 24 3 12,5% 0 0 0,0% 79 15 19,0%
Ignorado/sem informação 6 2",True,87,docs_ms,vigentes/Informe_Meningites_2024_CGVDI.pdf
docsms_informe_pdf__indicadores_da_vigilancia_epidemiologica_e_labor__5,Informe Meningites 2024 (PDF oficial) — Indicadores Da Vigilância Epidemiológica E Laboratorial Das Meningites Em 20242,indicadores,informe pdf epidemiologia letalidade bacteriana viral informe meningites 2024 oficial indicadores vigilancia epidemiologica laboratorial meningites 20242 mato grosso ignorado informacao total,Informe Meningites 2024 — CGVDI/DPNI/SVSA/MS,"47 9 19,1%
Mato Grosso do Sul 30 7 23,3% 9 0 0,0% 16 5 31,3% 24 3 12,5% 0 0 0,0% 79 15 19,0%
Ignorado/sem informação 6 2 33,3% 2 0 0,0% 0 0 0,0% 0 0 0,0% 0 0 0,0% 8 2 25,0%
Total 3.200 700 21,9% 2.700 63 2,3% 388 83 21,4% 1.389 124 8,9% 29 4 13,8% 7.706 974 12,6%
1Fontes: Sinan e Painel Epidemiológico das Meningites (Disponível em: https:/ /bit.ly/painel-meningites, acesso em 20/9/2024). Dados notificados entre SE 1/2024 a SE 36/2024 (7/9/2024), sujeitos a alterações; dados representam 
casos confirmados e data de início de sintomas. A partir de 2020, os dados de meningites do Espírito Santo estão dispostos no sistema próprio do estado, não sendo apresentados neste informe.",True,87,docs_ms,vigentes/Informe_Meningites_2024_CGVDI.pdf
docsms_informe_pdf__indicadores_da_vigilancia_epidemiologica_e_labor__6,Informe Meningites 2024 (PDF oficial) — Indicadores Da Vigilância Epidemiológica E Laboratorial Das Meningites Em 20242,indicadores,informe pdf epidemiologia letalidade bacteriana viral informe meningites 2024 oficial indicadores vigilancia epidemiologica laboratorial meningites 20242 ados meningites espirito santo estao dispostos sistema proprio,Informe Meningites 2024 — CGVDI/DPNI/SVSA/MS,"ados de meningites do Espírito Santo estão dispostos no sistema próprio do estado, não sendo apresentados neste informe.

7
CASOS, ÓBITOS E LETALIDADE DE MENINGITE BACTERIANA POR ETIOLOGIA POR REGIÃO/UF – BRASIL, 20241
1Fontes: Sinan e Painel Epidemiológico das Meningites (Disponível em: https:/ /bit.ly/painel-meningites, acesso em 20/9/2024). Dados notificados entre SE 1/2024 a SE 36/2024 (7/9/2024), sujeitos a alterações; dados representam 
casos confirmados e data de início de sintomas. A partir de 2020, os dados de meningites do Espírito Santo estão dispostos no sistema próprio do estado, não sendo apresentados neste informe.
Região/ UF
Doença meningocócica Meningite pneumocócica Meningite tuberculosa Meningite por hemófilo Meningite por  
outras bactérias
Meningite bacterianas  
não especificada Total 
Casos Óbitos Letalidade Casos Óbitos Letalidade Casos Óbitos Letalidade Casos",True,87,docs_ms,vigentes/Informe_Meningites_2024_CGVDI.pdf
docsms_informe_pdf__indicadores_da_vigilancia_epidemiologica_e_labor__7,Informe Meningites 2024 (PDF oficial) — Indicadores Da Vigilância Epidemiológica E Laboratorial Das Meningites Em 20242,indicadores,informe pdf epidemiologia letalidade bacteriana viral informe meningites 2024 oficial indicadores vigilancia epidemiologica laboratorial meningites 20242 gite bacterianas especificada total casos obitos letalidade casos,Informe Meningites 2024 — CGVDI/DPNI/SVSA/MS,"gite bacterianas  
não especificada Total 
Casos Óbitos Letalidade Casos Óbitos Letalidade Casos Óbitos Letalidade Casos Óbitos Letalidade Casos Óbitos Letalidade Casos Óbitos Letalidade Casos Óbitos Letalidade
Norte 69 5 7,2% 23 6 26,1% 38 7 18,4% 3 1 33,3% 42 5 11,9% 57 7 12,3% 232 31 13,4%
Acre 0 0 0,0% 0 0 0,0% 0 0 0,0% 0 0 0,0% 3 2 66,7% 2 1 50,0% 5 3 60,0%
Amapá 0 0 0,0% 0 0 0,0% 0 0 0,0% 0 0 0,0% 1 0 0,0% 0 0 0,0% 1 0 0,0%
Amazonas 8 2 25,0% 9 2 22,2% 15 5 33,3% 0 0 0,0% 3 0 0,0% 7 2 28,6% 42 11 26,2%
Pará 58 2 3,4% 13 4 30,8% 13 0 0,0% 2 1 50,0% 6 2 33,3% 47 4 8,5% 139 13 9,4%
Rondônia 2 0 0,0% 0 0 0,0% 5 2 40,0% 0 0 0,0% 20 1 5,0% 0 0 0,0% 27 3 0,0%
Roraima 1 1 100,0% 0 0 0,0% 3 0 0,0% 0 0 0,0% 2 0 0,0% 0 0 0,0% 6 1 0,0%
Tocantins 0 0 0,0% 1 0 0,0% 2 0 0,0% 1 0 0,0% 7 0 0,0% 1 0 0,0% 12 0 0,0%
Nordeste 84 22 26,2% 131 37 28,2% 70 6 8,6% 16 5 31,3% 115 12 10,4% 65 12 18,5% 481",True,87,docs_ms,vigentes/Informe_Meningites_2024_CGVDI.pdf
docsms_informe_pdf__indicadores_da_vigilancia_epidemiologica_e_labor__8,Informe Meningites 2024 (PDF oficial) — Indicadores Da Vigilância Epidemiológica E Laboratorial Das Meningites Em 20242,indicadores,informe pdf epidemiologia letalidade bacteriana viral informe meningites 2024 oficial indicadores vigilancia epidemiologica laboratorial meningites 20242 nordeste alagoas bahia,Informe Meningites 2024 — CGVDI/DPNI/SVSA/MS,"1 0 0,0% 7 0 0,0% 1 0 0,0% 12 0 0,0%
Nordeste 84 22 26,2% 131 37 28,2% 70 6 8,6% 16 5 31,3% 115 12 10,4% 65 12 18,5% 481 94 19,5%
Alagoas 16 9 56,3% 6 4 66,7% 7 0 0,0% 1 1 100,0% 3 1 33,3% 2 1 50,0% 35 16 45,7%
Bahia 32 9 28,1% 56 9 16,1% 8 2 25,0% 3 0 0,0% 17 2 11,8% 15 4 26,7% 131 26 19,8%
Ceará 5 0 0,0% 28 10 35,7% 14 0 0,0% 5 1 20,0% 11 1 9,1% 1 0 0,0% 64 12 18,8%
Maranhão 2 0 0,0% 8 4 50,0% 0 0 0,0% 0 0 0,0% 10 1 10,0% 4 1 25,0% 24 6 25,0%
Paraíba 5 2 40,0% 9 4 44,4% 1 0 0,0% 1 0 0,0% 12 2 16,7% 5 2 40,0% 33 10 30,3%
Pernambuco 13 1 7,7% 12 3 25,0% 10 1 10,0% 6 3 50,0% 24 3 12,5% 23 2 8,7% 88 13 14,8%
Piauí 4 0 0,0% 3 0 0,0% 3 0 0,0% 0 0 0,0% 3 1 33,3% 9 2 22,2% 22 3 13,6%
Rio Grande do Norte 5 1 20,0% 0 0 0,0% 26 2 7,7% 0 0 0,0% 34 1 2,9% 6 0 0,0% 71 4 5,6%
Sergipe 2 0 0,0% 9 3 33,3% 1 1 100,0% 0 0 0,0% 1 0 0,0% 0 0 0,0% 13 4 0,0%
Sudeste 259 70 27,0% 539 168 31,2% 76 19 25,0% 65",True,87,docs_ms,vigentes/Informe_Meningites_2024_CGVDI.pdf
docsms_informe_pdf__indicadores_da_vigilancia_epidemiologica_e_labor__9,Informe Meningites 2024 (PDF oficial) — Indicadores Da Vigilância Epidemiológica E Laboratorial Das Meningites Em 20242,indicadores,informe pdf epidemiologia letalidade bacteriana viral informe meningites 2024 oficial indicadores vigilancia epidemiologica laboratorial meningites 20242 sudeste espirito santo,Informe Meningites 2024 — CGVDI/DPNI/SVSA/MS,"ipe 2 0 0,0% 9 3 33,3% 1 1 100,0% 0 0 0,0% 1 0 0,0% 0 0 0,0% 13 4 0,0%
Sudeste 259 70 27,0% 539 168 31,2% 76 19 25,0% 65 15 23,1% 366 81 22,1% 354 77 21,8% 1.659 430 25,9%
Espírito Santo 0 0 0,0% 1 0 0,0% 0 0 0,0% 0 0 0,0% 0 0 0,0% 1 0 0,0% 2 0 0,0%
Minas Gerais 35 8 22,9% 86 25 29,1% 15 6 40,0% 12 2 16,7% 101 17 16,8% 29 4 13,8% 278 62 22,3%
Rio de Janeiro 35 14 40,0% 124 36 29,0% 28 6 21,4% 14 1 7,1% 66 10 15,2% 65 14 21,5% 332 81 24,4%
São Paulo 189 48 25,4% 328 107 32,6% 33 7 21,2% 39 12 30,8% 199 54 27,1% 259 59 22,8% 1.047 287 27,4%
Sul 62 8 12,9% 144 45 31,3% 37 7 18,9% 17 3 17,6% 164 30 18,3% 242 15 6,2% 666 108 16,2%
Paraná 21 4 19,0% 50 16 32,0% 13 2 15,4% 6 1 16,7% 85 15 17,6% 114 7 6,1% 289 45 15,6%
Rio Grande do Sul 26 3 11,5% 49 19 38,8% 17 2 11,8% 6 1 16,7% 35 6 17,1% 51 4 7,8% 184 35 19,0%
Santa Catarina 15 1 6,7% 45 10 22,2% 7 3 42,9% 5 1 20,0% 44 9 20,5% 77 4 5,2% 193",True,87,docs_ms,vigentes/Informe_Meningites_2024_CGVDI.pdf
docsms_informe_pdf__intro__1,Informe Meningites 2024 (PDF oficial),indicadores,informe pdf epidemiologia letalidade bacteriana viral informe meningites 2024 oficial outubro 2024 coordenacao geral vigilancia doencas imunopreveniveis departamento programa nacional imunizacoes secretaria vigilancia saude,Informe Meningites 2024 — CGVDI/DPNI/SVSA/MS,"Outubro/2024
1
Coordenação-Geral de Vigilância das Doenças Imunopreveníveis | Departamento do Programa Nacional  
de Imunizações | Secretaria de Vigilância em Saúde e Ambiente | Ministério da Saúde | CGVDI/DPNI/SVSA/MS
Meningites
INFORME",True,87,docs_ms,vigentes/Informe_Meningites_2024_CGVDI.pdf
docsms_informe_pdf__letalidade__1,Informe Meningites 2024 (PDF oficial) — Letalidade,indicadores,informe pdf epidemiologia letalidade bacteriana viral informe meningites 2024 oficial letalidade,Informe Meningites 2024 — CGVDI/DPNI/SVSA/MS,"0,43",True,87,docs_ms,vigentes/Informe_Meningites_2024_CGVDI.pdf
docsms_informe_pdf__meningites_bacterianas__1,Informe Meningites 2024 (PDF oficial) — Meningites Bacterianas,indicadores,informe pdf epidemiologia letalidade bacteriana viral informe meningites 2024 oficial meningites bacterianas obitos proporcao,Informe Meningites 2024 — CGVDI/DPNI/SVSA/MS,"0%
2 0%
4 0%
6 0%
8 0%
10 0%
C as os Óbitos
Proporção (%)",True,87,docs_ms,vigentes/Informe_Meningites_2024_CGVDI.pdf
docsms_informe_pdf__mortalidade3__1,Informe Meningites 2024 (PDF oficial) — Mortalidade3,indicadores,informe pdf epidemiologia letalidade bacteriana viral informe meningites 2024 oficial mortalidade3 obitos obitos confirmados 2023 2024 proporcao casos obitos letalidade etiologia brasil 20242 20242,Informe Meningites 2024 — CGVDI/DPNI/SVSA/MS,"Óbitos/100 mil hab.
974
Óbitos confirmados  
de 31/12/2023 (SE 1) até 7/9/2024 (SE 36)
PROPORÇÃO DE CASOS E ÓBITOS E LETALIDADE POR ETIOLOGIA. BRASIL, 20242 
20242
0%
20%
40%
60%
80%
100%
Casos Óbitos
Proporção (%)
Etiologia Casos Óbitos Letalidade
Ignorado/sem informação 29 4 13,8%
Meningite não especificada 1.389 124 8,9%
Meningite de outra etiologia 388 83 21,4%
Meningite viral 2.700 63 2,3%
Meningite bacteriana 3.200 700 21,9%
Total 7.706 974 12,6%
1Fontes: Sinan e Painel Epidemiológico das Meningites (Disponível em: https:/ /bit.ly/painel-meningites, acesso em 20/9/2024). Dados notificados  
entre SE 1/2010 a SE 36/2024 (7/9/2024), sujeitos a alterações; dados representam casos confirmados e data de início de sintomas. A partir de 2020,  
os dados de meningites do Espírito Santo estão dispostos no sistema próprio do estado, não sendo apresentados neste informe.
2Dados de 2024",True,87,docs_ms,vigentes/Informe_Meningites_2024_CGVDI.pdf
docsms_informe_pdf__mortalidade3__2,Informe Meningites 2024 (PDF oficial) — Mortalidade3,indicadores,informe pdf epidemiologia letalidade bacteriana viral informe meningites 2024 oficial mortalidade3 espirito santo estao dispostos sistema proprio estado sendo apresentados neste informe 2dados 2024,Informe Meningites 2024 — CGVDI/DPNI/SVSA/MS,"tes do Espírito Santo estão dispostos no sistema próprio do estado, não sendo apresentados neste informe.
2Dados de 2024 notificados até 7/9/2024 (SE36).
3Foram utilizadas as estimativas populacionais de 2021 elaboradas pelo MS, conforme Nota Técnica n.º 41/2024-Cgiae/Daent/SVSA/MS.

2
Etiologia Casos Óbitos Letalidade
Meningite pneumocócica 874 266 30,4%
Meningite por hemófilo 110 26 23,6%
Meningite por outras bactérias 757 144 19,0%
Meningite bacteriana  
não especificada 742 116 15,6%
Meningite tuberculosa 229 40 17,5%
Doença meningocócica 488 108 22,1%
Total 3.200 700 21,9%",True,87,docs_ms,vigentes/Informe_Meningites_2024_CGVDI.pdf
docsms_informe_pdf__notificacao__1,Informe Meningites 2024 (PDF oficial) — Notificação,indicadores,informe pdf epidemiologia letalidade bacteriana viral informe meningites 2024 oficial notificacao doenca notificacao compulsoria horas sendo notificados surtos aglomerados casos clusters obitos notificacao imediata,Informe Meningites 2024 — CGVDI/DPNI/SVSA/MS,"◼ Doença de notificação compulsória em até 24 
horas, sendo notificados os surtos, os aglomerados 
de casos (clusters) ou os óbitos de notificação 
imediata. Todos os casos suspeitos ou confirmados 
devem ser notificados às autoridades competentes 
por profissionais da área de assistência e vigilância 
e pelos laboratórios públicos e privados mediante 
contato por telefone, fax, e-mail ou outras formas 
de comunicação.
 ◼ A notificação deve ser registrada no Sistema de 
Informação de Agravos de Notificação (Sinan) por 
meio do preenchimento da ficha de investigação 
de meningite e da ficha de investigação de surtos 
(quando aplicável).
 ◼ Casos confirmados de meningite tuberculosa 
também devem preencher a ficha de notificação 
de tuberculose.
Investigação epidemiológica
 ◼ Deve ser realizada para a obtenção de infor mações 
quanto à caracterização clínica do caso (incluindo 
a análise",True,87,docs_ms,vigentes/Informe_Meningites_2024_CGVDI.pdf
docsms_informe_pdf__notificacao__2,Informe Meningites 2024 (PDF oficial) — Notificação,indicadores,informe pdf epidemiologia letalidade bacteriana viral informe meningites 2024 oficial notificacao deve realizada para obtencao infor macoes quanto caracterizacao clinica caso incluindo analise exames,Informe Meningites 2024 — CGVDI/DPNI/SVSA/MS,"ica
 ◼ Deve ser realizada para a obtenção de infor mações 
quanto à caracterização clínica do caso (incluindo 
a análise dos exames laboratoriais) e as possíveis 
fontes de transmissão da doença.
 ◼ A ficha de investigação é o instrumento utilizado 
para a investigação. Todos os campos devem 
ser criteriosamente preenchidos, mesmo se a 
informação for negativa. Outras informações 
podem ser incluídas, conforme a necessidade.",True,87,docs_ms,vigentes/Informe_Meningites_2024_CGVDI.pdf
docsms_informe_pdf__numero_de_casos_de_meningites_segundo_a_etiologi__1,Informe Meningites 2024 (PDF oficial) — Número De Casos De Meningites Segundo A Etiologia E O Ano De Início De,indicadores,informe pdf epidemiologia letalidade bacteriana viral informe meningites 2024 oficial numero casos meningites segundo etiologia inicio sintomas brasil 2010 20241 casos casos suspeitos notificados,Informe Meningites 2024 — CGVDI/DPNI/SVSA/MS,"SINTOMAS – BRASIL, 2010 A 20241 
CASOS
14.352
Casos suspeitos notificados  
de 31/12/2023 (SE 1) até 7/9/2024 (SE 36)
7.706
(53,7%)",True,87,docs_ms,vigentes/Informe_Meningites_2024_CGVDI.pdf
docsms_informe_pdf__numero_de_casos_e_obitos_de_doenca_meningococica__1,Informe Meningites 2024 (PDF oficial) — Número De Casos E Óbitos De Doença Meningocócica Por Sorogrupo E Faixa Etária,indicadores,informe pdf epidemiologia letalidade bacteriana viral informe meningites 2024 oficial numero casos obitos doenca meningococica sorogrupo faixa etaria brasil 20242 faixa etaria sorogrupo sorogrupo,Informe Meningites 2024 — CGVDI/DPNI/SVSA/MS,"– BRASIL, 20242,4
Faixa etária
Sorogrupo B Sorogrupo C Sorogrupo X Sorogrupo Y Sorogrupo W
Casos Óbitos Casos Óbitos Casos Óbitos Casos Óbitos Casos Óbitos
60 anos 9 1 9 4 0 0 2 0 2 1
50 a 59 anos 8 1 12 2 0 0 1 1 2 2
40 a 49 anos 20 3 17 4 1 1 1 1 1 1
30 a 39 anos 9 1 6 3 0 0 3 1 1 1
20 a 29 anos 16 3 18 4 0 0 0 0 0 0
15 a 19 anos 8 1 3 0 0 0 2 0 1 0
10 a 14 anos 8 0 1 0 0 0 0 0 0 0
5 a 9 anos 14 2 5 2 2 1 0 0 1 1
1 a 4 anos 21 4 2 1 1 1 1 0 2 1
< 1 ano 19 5 4 3 0 0 3 1 0 0
Total 132 21 77 23 4 3 13 4 10 7
20242",True,87,docs_ms,vigentes/Informe_Meningites_2024_CGVDI.pdf
docsms_informe_pdf__por_meningite_bacteriana_segundo__1,Informe Meningites 2024 (PDF oficial) — Por Meningite Bacteriana Segundo,indicadores,informe pdf epidemiologia letalidade bacteriana viral informe meningites 2024 oficial meningite bacteriana segundo faixa etaria brasil 20242 faixa etaria incidencia3 mortalidade3 letalidade anos anos,Informe Meningites 2024 — CGVDI/DPNI/SVSA/MS,"A FAIXA ETÁRIA – BRASIL, 20242
Faixa etária Incidência3 Mortalidade3 Letalidade
> 60 anos 1,86 0,57 30,6%
50 a 59 anos 1,65 0,40 24,0%
40 a 49 anos 1,42 0,30 21,5%
30 a 39 anos 1,07 0,26 24,7%
20 a 29 anos 0,97 0,20 20,2%
15 a 19 anos 0,71 0,06 8,1%
10 a 14 anos 0,96 0,12 12,1%
5 a 9 anos 1,47 0,27 18,1%
1 a 4 anos 2,31 0,48 21,0%
< 1 ano  12,28  1,92 15,6%
Total 1,50 0,33 21,9%
20242
Proporção %  
1Fontes: Sinan e Painel Epidemiológico das Meningites (Disponível em: https:/ /bit.ly/painel-meningites, acesso em 20/9/2024). Dados notificados  
entre SE 1/2010 a SE 36/2024 (7/9/2024), sujeitos a alterações; dados representam casos confirmados e data de início de sintomas. A partir de 2020,  
os dados de meningites do Espírito Santo estão dispostos no sistema próprio do estado, não sendo apresentados neste informe.
2Dados de 2024 notificados até 7/9/2024 (SE36).
3Foram utilizadas as",True,87,docs_ms,vigentes/Informe_Meningites_2024_CGVDI.pdf
docsms_informe_pdf__por_meningite_bacteriana_segundo__2,Informe Meningites 2024 (PDF oficial) — Por Meningite Bacteriana Segundo,indicadores,informe pdf epidemiologia letalidade bacteriana viral informe meningites 2024 oficial meningite bacteriana segundo estado sendo apresentados neste informe 2dados 2024 notificados 2024 se36 3foram,Informe Meningites 2024 — CGVDI/DPNI/SVSA/MS,"io do estado, não sendo apresentados neste informe.
2Dados de 2024 notificados até 7/9/2024 (SE36).
3Foram utilizadas as estimativas populacionais de 2021 elaboradas pelo MS, conforme Nota Técnica n.º 41/2024-Cgiae/Daent/SVSA/MS.

3",True,87,docs_ms,vigentes/Informe_Meningites_2024_CGVDI.pdf
docsms_informe_pdf__proporcao_de_casos_de_meningite_bacteriana_segun__1,Informe Meningites 2024 (PDF oficial) — Proporção De Casos De Meningite Bacteriana Segundo A Etiologia,indicadores,informe pdf epidemiologia letalidade bacteriana viral informe meningites 2024 oficial proporcao casos meningite bacteriana segundo etiologia inicio sintomas brasil 2010 2024 proporcao casos obitos,Informe Meningites 2024 — CGVDI/DPNI/SVSA/MS,"E O ANO DE INÍCIO DOS SINTOMAS – BRASIL, 2010 A 2024 1 
PROPORÇÃO DE CASOS, ÓBITOS E LETALIDADE DAS MENINGITES BACTERIANAS  
– BRASIL, 2024 2",True,87,docs_ms,vigentes/Informe_Meningites_2024_CGVDI.pdf
docsms_informe_pdf__resumo_executivo__1,Informe Meningites 2024 (PDF oficial) — Resumo Executivo,indicadores,informe pdf epidemiologia letalidade bacteriana viral informe meningites 2024 oficial resumo executivo 1fontes sinan painel epidemiologico meningites disponivel https painel meningites acesso 2024 dados,Informe Meningites 2024 — CGVDI/DPNI/SVSA/MS,"1Fontes: Sinan e Painel Epidemiológico das Meningites (Disponível em: https:/ /bit.ly/painel-meningites, acesso em 20/9/2024). Dados notificados  
entre SE 1/2010 a SE 36/2024 (7/9/2024), sujeitos a alterações; dados representam casos confirmados e data de início de sintomas. A partir de 2020,  
os dados de meningites do Espírito Santo estão dispostos no sistema próprio do estado, não sendo apresentados neste informe.
2Dados de 2024 notificados até 7/9/2024 (SE36).",True,87,docs_ms,vigentes/Informe_Meningites_2024_CGVDI.pdf
docsms_informe_pdf__resumo_executivo__2,Informe Meningites 2024 (PDF oficial) — Resumo Executivo,indicadores,informe pdf epidemiologia letalidade bacteriana viral informe meningites 2024 oficial resumo executivo stos sistema proprio estado sendo apresentados neste informe 2dados 2024 notificados 2024,Informe Meningites 2024 — CGVDI/DPNI/SVSA/MS,"stos no sistema próprio do estado, não sendo apresentados neste informe.
2Dados de 2024 notificados até 7/9/2024 (SE36).

5
1Fonte: BRASIL. Secretaria de Vigilância em Saúde e Ambiente. Guia de Vigilância em Saúde, 6. ed. (revisada), v. 1. Brasília, DF: 2024. Disponível em: 
https:/ /www.gov.br/saude/pt-br/assuntos/saude-de-a-a-z/t/tetano-acidental/publicacoes/guia-de-vigilancia-em-saude-6a-edicao.pdf/view. 
Acesso em: 15/9/2024.
2Dados de 2024 notificados até 7/9/2024 (SE36).
3Fontes: Sinan e Painel Epidemiológico das Meningites (Disponível em: https:/ /bit.ly/painel-meningites, acesso em 20/9/2024). Dados notificados 
entre SE 1/2010 a SE 36/2024 (7/9/2024), sujeitos a alterações; dados representam casos confirmados e data de início de sintomas. A partir de 2020, 
os dados de meningites do Espírito Santo estão dispostos no sistema próprio do estado, não sendo apresentados neste",True,87,docs_ms,vigentes/Informe_Meningites_2024_CGVDI.pdf
docsms_informe_pdf__resumo_executivo__3,Informe Meningites 2024 (PDF oficial) — Resumo Executivo,indicadores,informe pdf epidemiologia letalidade bacteriana viral informe meningites 2024 oficial resumo executivo dados meningites espirito santo estao dispostos sistema proprio estado sendo apresentados neste,Informe Meningites 2024 — CGVDI/DPNI/SVSA/MS,"20, 
os dados de meningites do Espírito Santo estão dispostos no sistema próprio do estado, não sendo apresentados neste informe.
ANEXO I",True,87,docs_ms,vigentes/Informe_Meningites_2024_CGVDI.pdf
docsms_informe_md__como_usar_no_cievs_mt__1,Informe Meningites — indicadores (MD) — Como usar no CIEVS-MT,indicadores,informe indicadores pcr cultura investigacao encerramento informe meningites indicadores como usar cievs comparar valor estadual municipal parametro brasil informe como meta absoluta isolada como,Informe Meningites 2024 — CGVDI/DPNI/SVSA/MS,"- Comparar o valor estadual/municipal ao parâmetro Brasil do Informe (não como meta absoluta isolada, mas como referência de desempenho).
- Priorizar ação quando investigação >48h, encerramento >60 dias ou quimio DM atrasada.
- Cruzar indicadores vermelhos com a fila operacional (casos abertos, backlog) e alertas de surto.
- Sempre citar a fonte e a data de geração do painel em comunicações oficiais.",True,85,docs_ms,vigentes/03_informe_meningites_indicadores.md
docsms_informe_md__indicadores_monitorados_nacionalmente__1,Informe Meningites — indicadores (MD) — Indicadores monitorados nacionalmente,indicadores,informe indicadores pcr cultura investigacao encerramento informe meningites indicadores indicadores monitorados nacionalmente percentual casos confirmados criterio laboratorial qpcr cultura referencia brasil 2024 citada informe,Informe Meningites 2024 — CGVDI/DPNI/SVSA/MS,"1. **Percentual de casos confirmados por critério laboratorial (RT-qPCR e cultura)**  
   Referência Brasil 2024 citada no Informe: 36,1%.

2. **Percentual de casos investigados em até 48h da notificação**  
   Referência Brasil 2024: 97,8%.

3. **Percentual de casos encerrados em até 60 dias da notificação**  
   Referência Brasil 2024: 94,4%.

4. **Percentual de casos de DM com quimioprofilaxia de contatos em até 48h da notificação**  
   Referência Brasil 2024: 45,5%.

No Caderno SINAN, confirmação laboratorial de bacterianas também considera cultura, CIE, PCR e látex. A oportunidade de quimio e a resposta a surtos/contatos seguem a **NT 154/2024**.",True,85,docs_ms,vigentes/03_informe_meningites_indicadores.md
docsms_informe_md__informe_meningites_indicadores_operacionais_ms__1,Informe Meningites — indicadores (MD) — Informe Meningites — Indicadores operacionais (MS),indicadores,informe indicadores pcr cultura investigacao encerramento informe meningites indicadores informe meningites indicadores operacionais fonte informe meningites 2024 cgvdi dpni svsa cievs metas referencias nacionais,Informe Meningites 2024 — CGVDI/DPNI/SVSA/MS,"**Fonte:** Informe Meningites 2024 — CGVDI/DPNI/SVSA/MS  
**Uso CIEVS:** metas/referências nacionais e leitura de semáforo dos indicadores MS no painel.",True,85,docs_ms,vigentes/03_informe_meningites_indicadores.md
docsms_informe_md__leitura_conjunta_com_outras_normas__1,Informe Meningites — indicadores (MD) — Leitura conjunta com outras normas,indicadores,informe indicadores pcr cultura investigacao encerramento informe meningites indicadores leitura conjunta outras normas tema documento prioritario definicao caso contato surto quimio 2024 indicadores operacionais,Informe Meningites 2024 — CGVDI/DPNI/SVSA/MS,"| Tema | Documento prioritário |
|------|------------------------|
| Definição de caso / contato / surto / quimio | NT 154/2024 |
| Indicadores operacionais nacionais | Informe Meningites |
| Critérios laboratoriais SINAN / qualidade | Caderno de Análises SINAN |
| Fluxo de investigação e monitoramento | Guia de Vigilância (com ressalva NT 154) |",True,85,docs_ms,vigentes/03_informe_meningites_indicadores.md
docsms_informe_md__notificacao_compulsoria_contexto_do_informe__1,Informe Meningites — indicadores (MD) — Notificação compulsória (contexto do Informe),indicadores,informe indicadores pcr cultura investigacao encerramento informe meningites indicadores notificacao compulsoria contexto informe meningite notificacao compulsoria horas surtos clusters obitos notificacao imediata profissionais assistencia,Informe Meningites 2024 — CGVDI/DPNI/SVSA/MS,"Meningite: notificação compulsória em até 24 horas. Surtos, clusters e óbitos: notificação imediata. Profissionais da assistência, vigilância e laboratórios (públicos e privados) devem notificar. Registro no SINAN.",True,85,docs_ms,vigentes/03_informe_meningites_indicadores.md
docsms_caderno_pdf__10_ao_surgir_a_pergunta_deseja_notificar_um_novo__1,Caderno de Análises SINAN — Meningites (PDF) — 10. Ao surgir a pergunta Deseja notificar um novo caso? Clicar Não,sinan,sinan pdf indicadores qualidade dbf tabwin caderno analises sinan meningites surgir pergunta deseja notificar novo caso clicar nota inclusao ficha investigacao agravos agudos sistema,Caderno de Análises SINAN — Meningites (Portal SINAN/MS),"Nota 
 
A inclusão da ficha de investigação dos agravos agudos no Sistema pode ser realizada de 
três maneiras:",True,84,docs_ms,vigentes/Caderno_analises_SINAN_Meningites.pdf
docsms_caderno_pdf__10_atribua_um_rodape_menu_quadro_opcao_rodape_di__1,"Caderno de Análises SINAN — Meningites (PDF) — 10. Atribua um rodapé: menu Quadro, opção Rodapé, digite a observação (FONTE:",sinan,sinan pdf indicadores qualidade dbf tabwin caderno analises sinan meningites atribua rodape menu quadro opcao rodape digite observacao fonte sinanw clique atencao titulo rodape,Caderno de Análises SINAN — Meningites (Portal SINAN/MS),"SINANW) e clique em OK. 
ATENÇÃO: O título e rodapé estão habilitados somente para impressão e não para a tela.",True,84,docs_ms,vigentes/Caderno_analises_SINAN_Meningites.pdf
docsms_caderno_pdf__10_clicar_em_ok_ao_surgir_a_mensagem_pode_ser_um__1,Caderno de Análises SINAN — Meningites (PDF) — 10. Clicar em OK ao surgir a mensagem Pode ser uma possível duplicidade de,sinan,sinan pdf indicadores qualidade dbf tabwin caderno analises sinan meningites clicar surgir mensagem pode possivel duplicidade registros,Caderno de Análises SINAN — Meningites (Portal SINAN/MS),registros.,True,84,docs_ms,vigentes/Caderno_analises_SINAN_Meningites.pdf
docsms_caderno_pdf__10_faca_um_mapa_da_distribuicao_dos_coeficientes__1,Caderno de Análises SINAN — Meningites (PDF) — 10. Faça um MAPA da distribuição dos coeficientes por município de residência da,sinan,sinan pdf indicadores qualidade dbf tabwin caderno analises sinan meningites faca mapa distribuicao coeficientes municipio residencia unidade federada utilizando menu grafico opcao mapa selecione,Caderno de Análises SINAN — Meningites (Portal SINAN/MS),"unidade federada  utilizando o menu gráfico, opção mapa, selecione o mapa da UF 
correspondente (UF.map), marque a coluna INCIDÊNCIA DM e clique em OK.",True,84,docs_ms,vigentes/Caderno_analises_SINAN_Meningites.pdf
docsms_caderno_pdf__11_ao_surgir_a_mensage_m_gravacao_da_notificacao__1,"Caderno de Análises SINAN — Meningites (PDF) — 11. Ao surgir a mensage m Gravação da notificação realizada com sucesso , clicar em",sinan,sinan pdf indicadores qualidade dbf tabwin caderno analises sinan meningites surgir mensage gravacao notificacao realizada sucesso clicar,Caderno de Análises SINAN — Meningites (Portal SINAN/MS),OK.,True,84,docs_ms,vigentes/Caderno_analises_SINAN_Meningites.pdf
docsms_caderno_pdf__11_clique_no_botao_executar_para_que_o_programa__1,Caderno de Análises SINAN — Meningites (PDF) — 11. Clique no botão EXECUTAR para que o programa inicie a criação do banco com os,sinan,sinan pdf indicadores qualidade dbf tabwin caderno analises sinan meningites clique botao executar para programa inicie criacao banco casos selecionados,Caderno de Análises SINAN — Meningites (Portal SINAN/MS),casos selecionados.,True,84,docs_ms,vigentes/Caderno_analises_SINAN_Meningites.pdf
docsms_caderno_pdf__11_explore_as_diversas_opcoes_disponiveis_para_c__1,"Caderno de Análises SINAN — Meningites (PDF) — 11. Explore as diversas opções disponíveis  para configuração do mapa (cores do mapa,",sinan,sinan pdf indicadores qualidade dbf tabwin caderno analises sinan meningites explore diversas opcoes disponiveis para configuracao mapa cores mapa classes legenda,Caderno de Análises SINAN — Meningites (Portal SINAN/MS),"classes, legenda, etc.)",True,84,docs_ms,vigentes/Caderno_analises_SINAN_Meningites.pdf
docsms_caderno_pdf__11_salvar_a_tabela_no_formato_tabwin_conforme_or__1,Caderno de Análises SINAN — Meningites (PDF) — 11. Salvar a tabela no formato Tabwin conforme orientado no item 5 desse exercício.,sinan,sinan pdf indicadores qualidade dbf tabwin caderno analises sinan meningites salvar tabela formato tabwin conforme orientado item desse exercicio para salvar tabela excel basta,Caderno de Análises SINAN — Meningites (Portal SINAN/MS),"Para salvar a tabela no Excel, basta assinalar, na janela “salvar arquivo como tipo” a 
opção Planilha Excel.",True,84,docs_ms,vigentes/Caderno_analises_SINAN_Meningites.pdf
docsms_caderno_pdf__12_responda_nao_a_pergunta_deseja_notificar_um_n__1,Caderno de Análises SINAN — Meningites (PDF) — 12. Responda Não à pergunta Deseja notificar um novo caso?,sinan,sinan pdf indicadores qualidade dbf tabwin caderno analises sinan meningites responda pergunta deseja notificar novo caso,Caderno de Análises SINAN — Meningites (Portal SINAN/MS),18,True,84,docs_ms,vigentes/Caderno_analises_SINAN_Meningites.pdf
docsms_caderno_pdf__13_atribua_um_nome_ao_arquivo_dbf_a_ser_criado_e__1,"Caderno de Análises SINAN — Meningites (PDF) — 13. Atribua um nome ao arquivo DBF a ser criado. Em seguida, selecione o drive e a",sinan,sinan pdf indicadores qualidade dbf tabwin caderno analises sinan meningites atribua nome arquivo criado seguida selecione drive pasta onde arquivo sera salvo curso abaula,Caderno de Análises SINAN — Meningites (Portal SINAN/MS),pasta onde o arquivo será salvo (c:/curso men_ abaula_Inc.dbf),True,84,docs_ms,vigentes/Caderno_analises_SINAN_Meningites.pdf
docsms_caderno_pdf__16_sera_exibida_uma_nova_tela_escolhe_campos_con__1,"Caderno de Análises SINAN — Meningites (PDF) — 16. Será exibida uma nova tela, Escolhe Campos, contendo as denominações dos",sinan,sinan pdf indicadores qualidade dbf tabwin caderno analises sinan meningites sera exibida nova tela escolhe campos contendo denominacoes campos arquivo original campos entrada para,Caderno de Análises SINAN — Meningites (Portal SINAN/MS),"campos no arquivo .DBF original ( Campos entrada ), para seleção dos que 
comporão o novo arquivo .DBF que está sendo criado ( Campos saída). Selecione 
os campos listados a seguir procedendo da seguinte forma: Na janela “Campos 
entrada” selecione o campo  ID_MUNICIP, e clique no botão 
 .  Observe que a 
variável selecionada surge na janela “Campos Saída”. Selecionar da mesma forma 
os  demais campos de interesse.  (selecione todas campos chaves e o nome do 
paciente)",True,84,docs_ms,vigentes/Caderno_analises_SINAN_Meningites.pdf
docsms_caderno_pdf__1_1_comandos_basicos_para_a_analise_de_dados__1,Caderno de Análises SINAN — Meningites (PDF) — 1.1 Comandos básicos para a análise de dados,sinan,sinan pdf indicadores qualidade dbf tabwin caderno analises sinan meningites comandos basicos para analise dados para analisar dados deve inicialmente banco dados usando comando,Caderno de Análises SINAN — Meningites (Portal SINAN/MS),"Para analisar os dados, deve -se inicialmente ler o banco de dados usando o comando 
READ seguido da localização e do nome do banco: 
 
READ C:\SINANNET\BaseDBF\MENINNET.DBF 
 
Depois de abrir um banco de dados, é possível usar os vários comandos dispostos na 
tela que surge, quando pressionada a tecla F2. 
 
Segue um quadro resumido com alguns comandos básicos para análise de dados: 

51",True,84,docs_ms,vigentes/Caderno_analises_SINAN_Meningites.pdf
docsms_caderno_pdf__1_2_arquivos_de_programacao_pgm__1,Caderno de Análises SINAN — Meningites (PDF) — 1.2 Arquivos de Programação (PGM),sinan,sinan pdf indicadores qualidade dbf tabwin caderno analises sinan meningites arquivos programacao serie comandos efetuados para determinada analise podem salvos arquivo nome atribuido arquivo,Caderno de Análises SINAN — Meningites (Portal SINAN/MS),"Uma série de comandos efetuados para uma determinada análise podem ser salvos em 
arquivo (nome atribuído ao arquivo. pgm) e, oportunamente, podem ser executados 
novamente sem que seja necessário digitá-los novamente. 
 
Para construção de indicadores de meningite (base de dados SINAN NET) foram 
elaborados arquivos de “programação” (*.pgm). Os arquivos no formato PGM são 
executados com o comando “RUN” no programa “ANALYSIS”. 
 
Os resultados da aplicação dos procedimentos de análise de dados podem ser (a) apenas 
exibidos na tela; (b) encaminhados para a impressão e (c) guardados em um arquivo 
texto. Quando a opção escolhida for a impressão do produto dos comandos contidos no 
arquivo PGM, deve -se digitar a expressão “route pr inter”, ou teclar F5. Quando for 
necessário armazenar os resultados da análise, digite “route C:\nome do arquivo.TXT” e 
depois você pode editar em outro",True,84,docs_ms,vigentes/Caderno_analises_SINAN_Meningites.pdf
docsms_caderno_pdf__1_2_arquivos_de_programacao_pgm__2,Caderno de Análises SINAN — Meningites (PDF) — 1.2 Arquivos de Programação (PGM),sinan,sinan pdf indicadores qualidade dbf tabwin caderno analises sinan meningites arquivos programacao necessario armazenar resultados analise digite route nome arquivo depois voce pode editar,Caderno de Análises SINAN — Meningites (Portal SINAN/MS),"necessário armazenar os resultados da análise, digite “route C:\nome do arquivo.TXT” e 
depois você pode editar em outro processador de texto como o Word. 
 
Alguns arquivos PGM podem exigir que o usuário digite a categoria da  variável, tais como 
o código da unidade federada de residência, ano de notificação, ano de início de 
tratamento, etc. 
 
 
COMANDOS  
 
READ C:\SINANET\BASEDBF\MENINNET.DBF -> Para ler o arquivo de dados notificação/ investigação de meningite 
 
SET IGNORE=OFF  -> Para o programa considerar os registros com campos em branco 
 
SET LISTREC= OFF  -> Para o programa não listar o número de ordem do registro atribuído em uma determinada 
listagem 
 
SET STATISTICS=OFF -> Para o programa não disponibilizar na tela os resultados de testes estatísticos 
 
BROWSE ou F4    -> Para visualizar os dados 
 
FREQ VARIAVEL    -> Para calcular a freqüência de uma variável",True,84,docs_ms,vigentes/Caderno_analises_SINAN_Meningites.pdf
docsms_caderno_pdf__1_2_arquivos_de_programacao_pgm__3,Caderno de Análises SINAN — Meningites (PDF) — 1.2 Arquivos de Programação (PGM),sinan,sinan pdf indicadores qualidade dbf tabwin caderno analises sinan meningites arquivos programacao ticos browse para visualizar dados freq variavel para calcular frequencia variavel tables,Caderno de Análises SINAN — Meningites (Portal SINAN/MS),"ticos 
 
BROWSE ou F4    -> Para visualizar os dados 
 
FREQ VARIAVEL    -> Para calcular a freqüência de uma variável 
 
TABLES VARIAVEL1 VARIAVEL2  -> Para criar uma tabela com duas variáveis 
 
SELECT VARIAVEL = “CONDIÇÃO” -> Para selecionar um subgrupo de registros que atendam a uma determinada 
condição 
 
SELECT   ->  Para desfazer seleções anteriores 
  
LIST VARIAVEL1 VARIAVEL2 -> Para obter uma lista de registros com os dados de dois campos selecionados 
 
TITLE 1” título da tabela ou listagem” -> Para atribuir título ao produto do procedimento que será efetuado                                                                        
em seguida 
TITLE 1  ->   Para desfazer título anterior 
 
SAVE C:\INDICAME.PGM -> Para salvar os 19 últimos comandos em um arquivo pgm denominado INDICAME 
 
ROUTE C:\Nome da pasta\INDICA.TXT -> Para salvar os resultados em um arquivo txt",True,84,docs_ms,vigentes/Caderno_analises_SINAN_Meningites.pdf
docsms_caderno_pdf__1_2_arquivos_de_programacao_pgm__4,Caderno de Análises SINAN — Meningites (PDF) — 1.2 Arquivos de Programação (PGM),sinan,sinan pdf indicadores qualidade dbf tabwin caderno analises sinan meningites arquivos programacao arquivo denominado indicame route nome pasta indica para salvar resultados arquivo denominado,Caderno de Análises SINAN — Meningites (Portal SINAN/MS),"m um arquivo pgm denominado INDICAME 
 
ROUTE C:\Nome da pasta\INDICA.TXT -> Para salvar os resultados em um arquivo txt denominado INDICA 
 
ROUTE PRINTER (ou F5)  -> Para imprimir os resultados de uma análise 
 
RUN C:\INDICAME.PGM  -> Para executar um arquivo de programa do tipo PGM denominado INDICAME 
  

52",True,84,docs_ms,vigentes/Caderno_analises_SINAN_Meningites.pdf
docsms_caderno_pdf__1_3_como_construir_e_salvar_um_arquivo_pgm_e_sal__1,"Caderno de Análises SINAN — Meningites (PDF) — 1.3 Como construir e salvar um arquivo PGM e salvar os resultados da análise,",sinan,sinan pdf indicadores qualidade dbf tabwin caderno analises sinan meningites como construir salvar arquivo salvar resultados analise utilizando analysis todos arquivos devem inicia leitura,Caderno de Análises SINAN — Meningites (Portal SINAN/MS),"utilizando o ANALYSIS 
 
Todos os arquivos PGM devem inicia r com a leitura de um banco de dados, no nosso 
caso o arquivo MENINNET.DBF. Assim, eles iniciam com o comando “READ” seguido do 
caminho onde se localiza o arquivo cujos dados serão analisados, por exemplo, 
“C:\SINANET\BASEDBF\MENINNET.DBF”.",True,84,docs_ms,vigentes/Caderno_analises_SINAN_Meningites.pdf
docsms_caderno_pdf__1_4_exemplo_d_e_arquivo_de_programa_pgm_para_cal__1,Caderno de Análises SINAN — Meningites (PDF) — 1.4 Exemplo d e arquivo de programa ( *.PGM) para cálculo do indicador,sinan,sinan pdf indicadores qualidade dbf tabwin caderno analises sinan meningites exemplo arquivo programa para calculo indicador encerramento oportuno casos notificados meningite read sinanet basedbf,Caderno de Análises SINAN — Meningites (Portal SINAN/MS),"Encerramento Oportuno dos casos notificados de Meningite 
 
read C:\SINANET\BASEDBF\MENINNET.DBF 
 
Title 1 \c Indicadores Operacionais VE-Meningites 
 
set percents=on 
set ignore=off 
select dt_sin_pri[7,2]= ""? digite o ano de inicio dos sintomas (ex:07) ?"" 
 
erase C:\epi6\Indica.txt 
route C:\epi6\Indica.txt 
 
***** Encerramento oportuno até‚ 60 dias após a data da notificação** 
 
define encerra ### 
let encerra= dt_encerra – dt_notific 
define oportu _______ 
if encerra>=0 and encerra<61 then oportu =""adequa"" 
if encerra>=61 then oportu =""inadeq"" 
if encerra=. then oportu =""nao enc"" 
 
Title 2 \c Oportunidade de Encerramento de Casos de Meningite notificados  
 
freq oportu 
tables sg_uf oportu 
save c:\EPI6\ INDICAME.pgm 
titles 1 
titles 2 
select",True,84,docs_ms,vigentes/Caderno_analises_SINAN_Meningites.pdf
docsms_caderno_pdf__1_apos_acessar_a_consulta_selecionar_em_padroes__1,"Caderno de Análises SINAN — Meningites (PDF) — 1. Após acessar a consulta , selecionar em Padrões de consulta o nome da consulta",sinan,sinan pdf indicadores qualidade dbf tabwin caderno analises sinan meningites apos acessar consulta selecionar padroes consulta nome consulta meninge,Caderno de Análises SINAN — Meningites (Portal SINAN/MS),Meninge,True,84,docs_ms,vigentes/Caderno_analises_SINAN_Meningites.pdf
docsms_caderno_pdf__1_apos_acessar_a_consulta_selecione_em_padroes_d__1,"Caderno de Análises SINAN — Meningites (PDF) — 1. Após acessar a consulta, selecione em Padrões de Consulta, o padrão de",sinan,sinan pdf indicadores qualidade dbf tabwin caderno analises sinan meningites apos acessar consulta selecione padroes consulta padrao consulta desejado apos abrir padrao consulta existente,Caderno de Análises SINAN — Meningites (Portal SINAN/MS),"consulta desejado 
Após abrir o padrão de consulta já existente, exclua ou acrescente critérios de 
seleção desejados.",True,84,docs_ms,vigentes/Caderno_analises_SINAN_Meningites.pdf
docsms_caderno_pdf__1_duplicidade_de_registros_para_meningite__1,Caderno de Análises SINAN — Meningites (PDF) — 1. Duplicidade de registros para Meningite,sinan,sinan pdf indicadores qualidade dbf tabwin caderno analises sinan meningites duplicidade registros para meningite mesmo paciente notificado mais pela mesma outra unidade saude para,Caderno de Análises SINAN — Meningites (Portal SINAN/MS),"O mesmo paciente foi notificado mais de uma vez pela mesma ou outra Unidade de 
Saúde, para o mesmo agravo (ex: paciente de Meningite notifica do duas vezes por 
unidades de saúde diferentes e com data de primeiros sintomas no mesmo período 
prodrômico). 
 
Procedimento: O 1º nível informatizado (quem digitou a ficha) deve complementar os 
dados da 1ª notificação a partir da 2ª ficha e excluir a 2ª ficha de notificação. Se a 
duplicidade for identificada acima do 1º nível informatizado, deverá ser comunicado o 
procedimento acima para o 1º nível que digitou. 
 
 
Exemplificando Duplicidade Verdadeira:  
 
Pessoas:
  =
  
Unidade de saúde   =   ou       
Período prodrômico =",True,84,docs_ms,vigentes/Caderno_analises_SINAN_Meningites.pdf
docsms_caderno_pdf__1_eliminar_a_coluna_ign_branco_menu_quadro_opcao__1,"Caderno de Análises SINAN — Meningites (PDF) — 1. Eliminar a coluna Ign/Branco: menu Quadro, opção  Eliminar coluna , selecione",sinan,sinan pdf indicadores qualidade dbf tabwin caderno analises sinan meningites eliminar coluna branco menu quadro opcao eliminar coluna selecione branco clique,Caderno de Análises SINAN — Meningites (Portal SINAN/MS),"“Ign/Branco”, clique em OK. 

40",True,84,docs_ms,vigentes/Caderno_analises_SINAN_Meningites.pdf
docsms_caderno_pdf__1_meningite_30_dias_apos_a_data_de_notificacao__1,Caderno de Análises SINAN — Meningites (PDF) — 1. Meningite 30 dias após a data de notificação.,sinan,sinan pdf indicadores qualidade dbf tabwin caderno analises sinan meningites meningite dias apos data notificacao liberado registro fica bloqueado para alteracao exclusao pode desmarcado,Caderno de Análises SINAN — Meningites (Portal SINAN/MS)," Uma vez liberado, o registro fica bloqueado para alteração e exclusão e não pode 
ser desmarcado, para que não ocorra superposição das informações incluída s 
pelo local de residência pelas do local de notificação.  
 O encerramento automático pelo sistema como inconclusivo, só irá ocorrer no 
município de residência do caso. 
 
c. Os arquivos gerados pela rotina de fluxo de retorno terão o seguinte formato:  
FR – Fluxo de retorno 
Sigla do nível que recebe o fluxo de retorno 
Código do M – município ou D – distrito 
Ano, Mês e Dia .Sisnet 
Ex: FR_RS_M_Código do Município_Ano_Mês_Dia. Sisnet. 
 
d. O fluxo de retorno deverá ser executado pelo município e disponibilizado o arqui vo 
gerado para os seus distritos sanitários, semanalmente. 
 
e. O fluxo de retorno deverá ser acessado pelo município na página 
www.saude.gov.br/sinan_net, semanalmente, para execução da rotina e",True,84,docs_ms,vigentes/Caderno_analises_SINAN_Meningites.pdf
docsms_caderno_pdf__1_meningite_30_dias_apos_a_data_de_notificacao__2,Caderno de Análises SINAN — Meningites (PDF) — 1. Meningite 30 dias após a data de notificação.,sinan,sinan pdf indicadores qualidade dbf tabwin caderno analises sinan meningites meningite dias apos data notificacao etorno devera acessado pelo municipio pagina saude sinan semanalmente,Caderno de Análises SINAN — Meningites (Portal SINAN/MS),"etorno deverá ser acessado pelo município na página 
www.saude.gov.br/sinan_net, semanalmente, para execução da rotina e recebimento 
do arquivo que por ventura contenha registros de seu município que tenham sido 
notificados por outro município. 
 
f. A Regional de Saúde que realiza digitação de casos também deverá acessar a página 
semanalmente e receber o fluxo de retorno dos municípios dos quais ela digita.",True,84,docs_ms,vigentes/Caderno_analises_SINAN_Meningites.pdf
docsms_caderno_pdf__1_no_menu_clicar_no_botao_executa_tabulacao__1,Caderno de Análises SINAN — Meningites (PDF) — 1. No menu clicar no botão Executa tabulação,sinan,sinan pdf indicadores qualidade dbf tabwin caderno analises sinan meningites menu clicar botao executa tabulacao,Caderno de Análises SINAN — Meningites (Portal SINAN/MS),37,True,84,docs_ms,vigentes/Caderno_analises_SINAN_Meningites.pdf
docsms_caderno_pdf__1_no_menu_operacoes_opcao_somar_selecione_as_col__1,"Caderno de Análises SINAN — Meningites (PDF) — 1. No menu  Operações, opção Somar, selecione as colunas: cultura, CIE,",sinan,sinan pdf indicadores qualidade dbf tabwin caderno analises sinan meningites menu operacoes opcao somar selecione colunas cultura latex clique,Caderno de Análises SINAN — Meningites (Portal SINAN/MS),PCR e Látex e clique em OK.,True,84,docs_ms,vigentes/Caderno_analises_SINAN_Meningites.pdf
docsms_caderno_pdf__1_no_momento_da_digitacao_da_notificacao_do_caso__1,Caderno de Análises SINAN — Meningites (PDF) — 1. No momento da digitação da notificação do caso:,sinan,sinan pdf indicadores qualidade dbf tabwin caderno analises sinan meningites momento digitacao notificacao caso incluindo dados investigacao logo apos salvo notificacao,Caderno de Análises SINAN — Meningites (Portal SINAN/MS),"-Incluindo dados da investigação logo após ter salvo a notificação. 

10",True,84,docs_ms,vigentes/Caderno_analises_SINAN_Meningites.pdf
docsms_caderno_pdf__1_notas_gerais_sobre_uso_do_epiinfo__1,Caderno de Análises SINAN — Meningites (PDF) — 1. NOTAS GERAIS SOBRE USO DO EPIINFO:,sinan,sinan pdf indicadores qualidade dbf tabwin caderno analises sinan meningites notas gerais sobre epiinfo este programa dominio publico criado pelo centro controle prevencao doencas,Caderno de Análises SINAN — Meningites (Portal SINAN/MS),"Este programa de domínio público criado pelo Centro de Controle e Prevenção de 
Doenças (CDC) e pela Organizaçã o Mundial de Saúde (OMS) possibilita não só a 
tabulação, mas também o armazenamento e a análise estatística de dados. É possível 
usar esse aplicativo para avaliar a qualidade dos dados da base do SINAN, apreciando-se 
sua completitude e sua consistência, bem como para construção de indicadores. 
 
O programa ANALYSIS serve para analisar os dados armazenados em um banco 
informatizado que tenha o formato Epiinfo (.rec) ou formato (.dbf). Percebe -se que as 
teclas indicadas na parte inferior da tela são referentes  a importantes funções como a 
ajuda (F1), os comandos (F2), as variáveis (F3) entre outros.",True,84,docs_ms,vigentes/Caderno_analises_SINAN_Meningites.pdf
docsms_caderno_pdf__1_o_sistema_emite_relatorios_para_todos_os_c_aso__1,Caderno de Análises SINAN — Meningites (PDF) — 1. O Sistema emite relatórios para todos os c asos notificados (independente da,sinan,sinan pdf indicadores qualidade dbf tabwin caderno analises sinan meningites sistema emite relatorios para todos asos notificados independente confirmacao diagnostica para casos confirmados,Caderno de Análises SINAN — Meningites (Portal SINAN/MS),confirmação diagnóstica) ou para casos confirmados.,True,84,docs_ms,vigentes/Caderno_analises_SINAN_Meningites.pdf
docsms_caderno_pdf__1_para_acessar_uma_notificacao_selecionar_a_noti__1,"Caderno de Análises SINAN — Meningites (PDF) — 1. Para acessar uma notificação, selecionar a notificação e clicar no botão",sinan,sinan pdf indicadores qualidade dbf tabwin caderno analises sinan meningites para acessar notificacao selecionar notificacao clicar botao notificacao duplo click sobre,Caderno de Análises SINAN — Meningites (Portal SINAN/MS),Notificação ou dar um duplo click sobre ela.,True,84,docs_ms,vigentes/Caderno_analises_SINAN_Meningites.pdf
docsms_caderno_pdf__1_para_criar_um_padrao_de_consulta_e_salvar_os_c__1,Caderno de Análises SINAN — Meningites (PDF) — 1. Para criar um Padrão de Consulta e salvar os critérios utilizados na consulta,sinan,sinan pdf indicadores qualidade dbf tabwin caderno analises sinan meningites para criar padrao consulta salvar criterios utilizados consulta anterior clicar botao padroes consulta,Caderno de Análises SINAN — Meningites (Portal SINAN/MS),"anterior, clicar no botão Padrões de Consulta",True,84,docs_ms,vigentes/Caderno_analises_SINAN_Meningites.pdf
docsms_caderno_pdf__1_salvar_a_tabela_no_formato_tabwin_e_excel_menu__1,"Caderno de Análises SINAN — Meningites (PDF) — 1. Salvar a tabela no formato Tabwin e Excel: menu Arquivo, opção salvar como, na",sinan,sinan pdf indicadores qualidade dbf tabwin caderno analises sinan meningites salvar tabela formato tabwin excel menu arquivo opcao salvar como janela salvar arquivo como,Caderno de Análises SINAN — Meningites (Portal SINAN/MS),"janela “ Salvar arquivo como tipo ” assinale  “tabela do Tabwin” ou “Plani lha Excel), 
atribua um nome para o arquivo na janela  “nome do arquivo”, indique em que unidade 
e pasta deverá ser salva a tabela e clique em OK",True,84,docs_ms,vigentes/Caderno_analises_SINAN_Meningites.pdf
docsms_caderno_pdf__1_selecionar_menu_notificacao_opcao_individual_o__1,"Caderno de Análises SINAN — Meningites (PDF) — 1. Selecionar menu Notificação, opção Individual ou selecionar o botão de atalho",sinan,sinan pdf indicadores qualidade dbf tabwin caderno analises sinan meningites selecionar menu notificacao opcao individual selecionar botao atalho notificacao individual busca pelo agravo pode,Caderno de Análises SINAN — Meningites (Portal SINAN/MS),"Notificação Individual 
    ou     
  
 
 
A busca pelo agravo pode ser realizada tanto pelo código da CID 10 ou pelo nome do 
agravo.",True,84,docs_ms,vigentes/Caderno_analises_SINAN_Meningites.pdf
docsms_caderno_pdf__2_1_localizar_a_notificacao_por_meio_da_digitaca__1,Caderno de Análises SINAN — Meningites (PDF) — 2.1. Localizar a notificação por meio da digitação dos campos chave e digitar,sinan,sinan pdf indicadores qualidade dbf tabwin caderno analises sinan meningites localizar notificacao meio digitacao campos chave digitar dados investigacao,Caderno de Análises SINAN — Meningites (Portal SINAN/MS),dados da investigação;,True,84,docs_ms,vigentes/Caderno_analises_SINAN_Meningites.pdf
docsms_caderno_pdf__2_a_ficha_de_notificacao_sera_exibida_para_acess__1,"Caderno de Análises SINAN — Meningites (PDF) — 2. A ficha de notificação será exibida. Para acessar a i nvestigação do caso, basta",sinan,sinan pdf indicadores qualidade dbf tabwin caderno analises sinan meningites ficha notificacao sera exibida para acessar nvestigacao caso basta clicar sobre paleta investigacao notas,Caderno de Análises SINAN — Meningites (Portal SINAN/MS),"clicar sobre a paleta Investigação. 
 
  
 
Notas 
 
a. Caso haja alguma alteração na ficha para ser realizada, após a atualização do dado, 
teclar       ALT + S, para Salvar a ficha ou clicar no botão Salvar. 
 
b. Para incluir a investigação de um caso pela Consulta, após acessar a notificação, tecle 
Enter até o último campo da tela. O sistema irá emitir a mensagem: Deseja fazer a 
investigação do caso? Responder Yes. A ficha de investigação será exibida e estará 
pronta para ser preenchida. 
 
c. Para excluir uma notificação consultada, clicar no botão Excluir. 
 
d. Para visualizar e imprimir uma ficha, clicar no botão Imprimir. 
 
e. Notificações habilitadas para envio para o município de residência pelo fluxo de 
retorno não mais poderão ser editadas (alteradas ou complementadas). 

13 
 
c) Salvando um Padrão de Consulta",True,84,docs_ms,vigentes/Caderno_analises_SINAN_Meningites.pdf
docsms_caderno_pdf__2_em_diretorio_localizar_pasta_onde_estao_os_arq__1,Caderno de Análises SINAN — Meningites (PDF) — 2. Em Diretório: localizar pasta onde estão os arquivos de definição e clicar,sinan,sinan pdf indicadores qualidade dbf tabwin caderno analises sinan meningites diretorio localizar pasta onde estao arquivos definicao clicar sinannet basedbf,Caderno de Análises SINAN — Meningites (Portal SINAN/MS),C:\SINANNET\BaseDBF,True,84,docs_ms,vigentes/Caderno_analises_SINAN_Meningites.pdf
docsms_caderno_pdf__2_em_seguida_renomeie_a_coluna_soma_como_crit_la__1,"Caderno de Análises SINAN — Meningites (PDF) — 2. Em seguida, renomeie a coluna Soma como Crit lab , (clicando em menu",sinan,sinan pdf indicadores qualidade dbf tabwin caderno analises sinan meningites seguida renomeie coluna soma como crit clicando menu quadro opcao cabec colunas selecione soma,Caderno de Análises SINAN — Meningites (Portal SINAN/MS),"Quadro, opção  Cabec das colunas , selecione “ Soma”, clique em OK, 
digite Crit lab, clique em OK). Opcional: digite comentário na nota técnica 
 

45",True,84,docs_ms,vigentes/Caderno_analises_SINAN_Meningites.pdf
docsms_caderno_pdf__2_homonimos__1,Caderno de Análises SINAN — Meningites (PDF) — 2. Homônimos,sinan,sinan pdf indicadores qualidade dbf tabwin caderno analises sinan meningites homonimos registros apresentam mesmos primeiro ultimos nomes pacientes mesmas datas nascimento mesmo sexo entanto,Caderno de Análises SINAN — Meningites (Portal SINAN/MS),"São registros que apresentam os mesmos primeiro e últimos nomes dos pacientes, 
mesmas datas de nascimento e mesmo sexo e, no entanto são pessoas diferentes (ex: 
nome de mãe diferentes, endereços diferentes, etc.) 
 
Procedimento: utilizar a opção não listar para que estes registros não sejam listados no 
relatório de duplicidade. 
           
Exemplificando:  
Pessoas: 
     
Unidade de saúde   =   ou                                                                                            
 Procedimento: Não listar 
 
 
 
 
 
 
 
 
 
OBS: Muitas vezes é necessária a obtenção de informações adicionais para que seja esclarecido o 
tipo de duplicida de ou duplo registro, ou para a complementação e correção de dados. Sendo 
assim, é imprescindível a participação dos técnicos da vigilância na busca ativa e resgate dos 
dados.",True,84,docs_ms,vigentes/Caderno_analises_SINAN_Meningites.pdf
docsms_caderno_pdf__2_homonimos__2,Caderno de Análises SINAN — Meningites (PDF) — 2. Homônimos,sinan,sinan pdf indicadores qualidade dbf tabwin caderno analises sinan meningites homonimos dados sendo assim imprescindivel participacao tecnicos vigilancia busca ativa resgate dados duplicidade deve,Caderno de Análises SINAN — Meningites (Portal SINAN/MS),"de dados. Sendo 
assim, é imprescindível a participação dos técnicos da vigilância na busca ativa e resgate dos 
dados. 

17 
g. A duplicidade deve ser analisada em todos os níveis (ver no manual de rotinas do 
Sinan). 
h. A partir do relatório de duplicidade é possível acessar a ficha de notificação/ 
investigação sendo permitido r ealizar alteração de dados (exceto em registros 
habilitados para fluxo de retorno) ou exclusão das mesmas. 
 
 
 Meningite 
 
 
Caso 1. Meningite  notificada duas vezes por unidades de saúde diferentes e com data de 
primeiros sintomas no mesmo período prodrômico.",True,84,docs_ms,vigentes/Caderno_analises_SINAN_Meningites.pdf
docsms_caderno_pdf__2_na_tela_que_surgira_digitar_em_nome_do_a_gravo__1,"Caderno de Análises SINAN — Meningites (PDF) — 2. Na tela que surgirá, digitar em Nome do A gravo nome completo da doença ou",sinan,sinan pdf indicadores qualidade dbf tabwin caderno analises sinan meningites tela surgira digitar nome gravo nome completo doenca agravo caso esta sendo notificado teclar,Caderno de Análises SINAN — Meningites (Portal SINAN/MS),"agravo do caso que está sendo notificado e teclar Enter ou clicar no botão  
Notificação. 

8 
 
 
A localização na tabela da doença ou agravo que se deseja notificar, também pode ser 
feita pela digitação da parte do nome da doença ou agravo do caso que está sendo 
notificado, acrescentando %. Teclar Enter uma vez. Nas opções que serão exibidas, 
selecionar a doença ou agravo de interesse e teclar Enter duas vezes ou clicar no botão 
Notificação. 
 
Caso a busca seja feita pela Opção CID, digitar código completo da CID 10 da doença ou 
agravo que se deseja notificar (Ex. G03.9)  e teclar Enter duas vezes. Se a busca for feita 
por parte do código + %, nas opções que serão exibidas, selecionar a doença ou agravo 
de interesse e teclar Enter duas vezes ou clicar no botão Notificação.",True,84,docs_ms,vigentes/Caderno_analises_SINAN_Meningites.pdf
docsms_caderno_pdf__2_na_tela_que_surgira_digitar_em_nome_do_agravo__1,"Caderno de Análises SINAN — Meningites (PDF) — 2. Na tela que surgirá, digitar em Nome do Agravo nome completo da doença ou agravo",sinan,sinan pdf indicadores qualidade dbf tabwin caderno analises sinan meningites tela surgira digitar nome agravo nome completo doenca agravo caso esta sendo notificado teclar,Caderno de Análises SINAN — Meningites (Portal SINAN/MS),"do caso que está sendo notificado e teclar Enter duas vezes ou clicar no botão  
Notificação.",True,84,docs_ms,vigentes/Caderno_analises_SINAN_Meningites.pdf
docsms_caderno_pdf__2_no_menu_operacoes_opcao_somar_selecione_as_3_e__1,"Caderno de Análises SINAN — Meningites (PDF) — 2. No menu  Operações, opção Somar, selecione as 3 etiologias ( MM, MCC e",sinan,sinan pdf indicadores qualidade dbf tabwin caderno analises sinan meningites menu operacoes opcao somar selecione etiologias clique seguida enomeie coluna soma como clicando menu,Caderno de Análises SINAN — Meningites (Portal SINAN/MS),"MM+MCC) e clique em  OK. Em seguida, r enomeie a coluna Soma como DM, 
(clicando em menu Quadro, opção Cabec das colunas, selecione “Soma”, clique em 
OK, digite DM, clique em OK) e elimine as colunas MM, MCC e MM+MCC clicando em 
Quadro, opção Eliminar Coluna.",True,84,docs_ms,vigentes/Caderno_analises_SINAN_Meningites.pdf
docsms_caderno_pdf__2_o_relatorio_pode_ser_emitido_por_local_de_resi__1,"Caderno de Análises SINAN — Meningites (PDF) — 2. O relatório pode ser emitido por local de residência, (número absoluto e coeficiente) ou",sinan,sinan pdf indicadores qualidade dbf tabwin caderno analises sinan meningites relatorio pode emitido local residencia numero absoluto coeficiente local notificacao somente numero absoluto,Caderno de Análises SINAN — Meningites (Portal SINAN/MS),por local de notificação (somente número absoluto).,True,84,docs_ms,vigentes/Caderno_analises_SINAN_Meningites.pdf
docsms_caderno_pdf__2_selecionar_a_opcao_notificacoes_individuais_ou__1,Caderno de Análises SINAN — Meningites (PDF) — 2. Selecionar a opção Notificações Individuais ou clicar no botão de atalho  Consulta,sinan,sinan pdf indicadores qualidade dbf tabwin caderno analises sinan meningites selecionar opcao notificacoes individuais clicar botao atalho consulta individual,Caderno de Análises SINAN — Meningites (Portal SINAN/MS),"Individual 
 
  
     ou",True,84,docs_ms,vigentes/Caderno_analises_SINAN_Meningites.pdf
docsms_caderno_pdf__2_sera_exibida_a_seguinte_tela__1,Caderno de Análises SINAN — Meningites (PDF) — 2. Será exibida a seguinte tela:,sinan,sinan pdf indicadores qualidade dbf tabwin caderno analises sinan meningites sera exibida seguinte tela selecionar agravos deseja exportar marcando manualmente clicar selecionar todos para,Caderno de Análises SINAN — Meningites (Portal SINAN/MS),"g. Selecionar os agravos que deseja exportar, marcando manualmente um a um, ou 
clicar em Selecionar todos para marcar todos os agravos para serem exportados. 
 
h. Caso se deseja demarcar todos os agravos anteriormente selecionados, clicar no 
botão Limpar seleção. 

22 
 
i. Para exportar os dados de identificação do paciente selecione o item Exportar dados 
de identificação do paciente.",True,84,docs_ms,vigentes/Caderno_analises_SINAN_Meningites.pdf
docsms_caderno_pdf__2_sera_exibido_em_criteri_os_de_selecao_os_itens__1,Caderno de Análises SINAN — Meningites (PDF) — 2. Será exibido em critéri os de seleção os itens que fazem parte do Padrão de,sinan,sinan pdf indicadores qualidade dbf tabwin caderno analises sinan meningites sera exibido criteri selecao itens fazem parte padrao consulta selecionado,Caderno de Análises SINAN — Meningites (Portal SINAN/MS),"Consulta selecionado 
 

14",True,84,docs_ms,vigentes/Caderno_analises_SINAN_Meningites.pdf
docsms_caderno_pdf__2_tabular_dados_diretamente_do_arquivo_dbf_recem__1,Caderno de Análises SINAN — Meningites (PDF) — 2. Tabular dados diretamente do arquivo DBF recém-criado.,sinan,sinan pdf indicadores qualidade dbf tabwin caderno analises sinan meningites tabular dados diretamente arquivo recem criado apos assinalar opcoes tabulacao desejada linhas colunas selecao,Caderno de Análises SINAN — Meningites (Portal SINAN/MS)," Após assinalar as opções da tabulação desejada (Linhas, Colunas, e seleção) ou 
apenas indicar os registros a serem selecion ados em seleções ativas, assinale a 
opção Salvar registros.  
 Clique no botão EXECUTAR. 
 O programa exibe a caixa ""Salvar como"".  
 Atribua um nome ao arquivo DBF a ser criado. Em seguida, selecione o drive e a 
pasta onde o arquivo será salvo. O arquivo só pod e ser salvo no formato ""dBase III 
Plus"". 
 Clique no botão Salvar.       
 Será exibida uma nova tela, Escolha Campos, contendo as denominações dos 
campos no arquivo .DBF, para seleção dos que comporão o novo arquivo .DBF 
que está sendo criado. 
 Ao finalizar a seleção, clicar no botão OK. 
 Será exibida a tabulação (caso tenha sido solicitada), bem como uma nova tela 
exibindo os registros selecionados com dados dos campos indicados. O arquivo 
DBF criado foi salvo na pasta indicada.",True,84,docs_ms,vigentes/Caderno_analises_SINAN_Meningites.pdf
docsms_caderno_pdf__2_tabular_dados_diretamente_do_arquivo_dbf_recem__2,Caderno de Análises SINAN — Meningites (PDF) — 2. Tabular dados diretamente do arquivo DBF recém-criado.,sinan,sinan pdf indicadores qualidade dbf tabwin caderno analises sinan meningites tabular dados diretamente arquivo recem criado exibindo registros selecionados dados campos indicados arquivo criado,Caderno de Análises SINAN — Meningites (Portal SINAN/MS),"exibindo os registros selecionados com dados dos campos indicados. O arquivo 
DBF criado foi salvo na pasta indicada.  
 
Nota: Podem ser efetuadas tabu lações a partir desse arquivo DBF criado e salvo. 
Basta digitar o caminho completo do novo arquivo (drive, pasta e nome do arquivo) na 
janela Arquivos do ""Painel de Tabulação"" do Tabwin e efetuar a tabulação 
normalmente. 
 
 Mostra DBF  - O Tab para Windows dispõe de um recurso que permite abrir e 
visualizar qualquer arquivo DBF: 
 
 Clique no botão Mostra DBF  
 
 
 
 O programa exibe a janela  
 Clique no botão Abrir arquivo 
 , ou selecione Arquivo, opção Abrir. 
 O programa exibe a caixa ""Abrir"". 
 Indique o drive e a pasta onde foi salvo o arquivo DBF de interesse e selecione-o. 
 Clique em Abrir. 
 O programa abre o arquivo DBF na janela fBrowse: cada linha corresponde a um 
registro 
 Para visualizar todo o conteúdo",True,84,docs_ms,vigentes/Caderno_analises_SINAN_Meningites.pdf
docsms_caderno_pdf__2_tabular_dados_diretamente_do_arquivo_dbf_recem__3,Caderno de Análises SINAN — Meningites (PDF) — 2. Tabular dados diretamente do arquivo DBF recém-criado.,sinan,sinan pdf indicadores qualidade dbf tabwin caderno analises sinan meningites tabular dados diretamente arquivo recem criado programa abre arquivo janela fbrowse cada linha corresponde,Caderno de Análises SINAN — Meningites (Portal SINAN/MS),"programa abre o arquivo DBF na janela fBrowse: cada linha corresponde a um 
registro 
 Para visualizar todo o conteúdo do arquivo, utilize as barras de rolagem vertical e 
horizontal 
 
 
 O Tabwin possibilita a realização de análises estatísticas , que podem ser 
acessadas na barra de menu: Análise com R   
NOTA:Tabwin+R é uma interface aberta entre o Tabwin e o software R que permite 
adicionar ao Tabwin uma grande capacidade de análise de dados de forma fácil e 
transparente para os usuários das informações do SUS.",True,84,docs_ms,vigentes/Caderno_analises_SINAN_Meningites.pdf
docsms_caderno_pdf__2_tabular_dados_diretamente_do_arquivo_dbf_recem__4,Caderno de Análises SINAN — Meningites (PDF) — 2. Tabular dados diretamente do arquivo DBF recém-criado.,sinan,sinan pdf indicadores qualidade dbf tabwin caderno analises sinan meningites tabular dados diretamente arquivo recem criado abwin grande capacidade analise dados forma facil transparente,Caderno de Análises SINAN — Meningites (Portal SINAN/MS),"abwin uma grande capacidade de análise de dados de forma fácil e 
transparente para os usuários das informações do SUS. 

32 
O que é o R: R é uma linguagem e um ambiente para computação estatística e gráficos. 
É um projeto GNU que é similar à linguagem do ambiente S, que foi desenvolvido no Bell 
Laboratories, distribuído como Software Livre. R fornece uma ampla variedade de 
técnicas estatísticas (linear, não linear, testes estatísticos clássicos, análise de séries 
temporais, classificação, ""clustering"", etc.) e gráficas, e é altamente extensível. 
 TabWin + SQL  é uma interface entre o TabWin e os bancos de dados relacionais que 
usam a linguagem SQL para manipulação e recuperação de Informações e tem por 
objetivo o uso do programa para suportar os usuários dos novos sistemas distribuídos 
pelo DATASUS e que se baseiam em Bancos de Dados Relacionais. 
 
 TABWIN permite ainda",True,84,docs_ms,vigentes/Caderno_analises_SINAN_Meningites.pdf
docsms_caderno_pdf__2_tabular_dados_diretamente_do_arquivo_dbf_recem__5,Caderno de Análises SINAN — Meningites (PDF) — 2. Tabular dados diretamente do arquivo DBF recém-criado.,sinan,sinan pdf indicadores qualidade dbf tabwin caderno analises sinan meningites tabular dados diretamente arquivo recem criado novos sistemas distribuidos pelo datasus baseiam bancos dados,Caderno de Análises SINAN — Meningites (Portal SINAN/MS),"dos novos sistemas distribuídos 
pelo DATASUS e que se baseiam em Bancos de Dados Relacionais. 
 
 TABWIN permite ainda elaborar mapas e gráficos  com os dados tabulados. Para 
mais detalhes, consultar o manual do Tabwin ou a opção “ajuda” no menu principal 
do programa. 
 
Para comparar resultados das tabulaçõe s efetuadas pelo TABWIN, pelo Epiinfo e pelo 
SINAN é necessária muita atenção na aplicação dos critérios de seleção de casos, de 
modo que sejam os mesmos, do contrário, podem ser observadas diferenças. As 
diferenças nas tabulações podem ainda ser conseqüência de critérios distintos de 
aproximação dos resultados das subtrações de datas utilizados pelos diferentes 
programas, por exemplo. 
 
 
EXEMPLOS DE USO DO TABWIN PARA AVALIAÇÃO DA QUALIDADE DOS DADOS: 
 
Atenção: Os exemplos demonstrados a seguir foram elabor ados para avaliar a qualidade 
dos dados da base estadual.",True,84,docs_ms,vigentes/Caderno_analises_SINAN_Meningites.pdf
docsms_caderno_pdf__2_tabular_dados_diretamente_do_arquivo_dbf_recem__6,Caderno de Análises SINAN — Meningites (PDF) — 2. Tabular dados diretamente do arquivo DBF recém-criado.,sinan,sinan pdf indicadores qualidade dbf tabwin caderno analises sinan meningites tabular dados diretamente arquivo recem criado atencao exemplos demonstrados seguir foram elabor ados para,Caderno de Análises SINAN — Meningites (Portal SINAN/MS),"S: 
 
Atenção: Os exemplos demonstrados a seguir foram elabor ados para avaliar a qualidade 
dos dados da base estadual. Para a utilização deste roteiro para avaliação da qualidade 
da base municipal, deve -se substituir, nas linhas da tabulação, o município por distrito ou 
unidade de saúde ou ainda outro nível de desag regação utilizado pela SMS, desde que 
esteja contemplado nos arquivos de definição e de conversão necessários à tabulação 
pelo Tabwin. 
 
Para construir série histórica de alguns indicadores epidemiológicos e operacionais 
referentes a casos de meningite anteriores ao ano de 2007, incluídos no SinanW, deve-se 
utilizar os arquivos de definição correspondentes e buscar as bases DBF localizadas no 
seguinte diretório padrão:  c:\sinanW\tabwin\ *.* 
 
Arquivos de definição: MeningeNET.def  
Base de dados: MENINNET.DBF",True,84,docs_ms,vigentes/Caderno_analises_SINAN_Meningites.pdf
docsms_caderno_pdf__3_a_selecao_pode_ser__1,Caderno de Análises SINAN — Meningites (PDF) — 3. A seleção pode ser:,sinan,sinan pdf indicadores qualidade dbf tabwin caderno analises sinan meningites selecao pode agravo para area geografica selecionada area geografica para agravo selecionado meningite semana,Caderno de Análises SINAN — Meningites (Portal SINAN/MS)," Por agravo – para área geográfica selecionada 
 Por área geográfica – para o agravo selecionado (Ex. Meningite) 
 Por semana ou mês de notificação 
 Na desagregação pode-se selecionar até Distrito. 
 
 
a. Emitindo um Relatório de Incidência de casos notificados",True,84,docs_ms,vigentes/Caderno_analises_SINAN_Meningites.pdf
docsms_caderno_pdf__3_ao_abrir_a_ficha_de_notificacao_observe_que_os__1,"Caderno de Análises SINAN — Meningites (PDF) — 3. Ao abrir a ficha de notificação observe que os campos Agravo/Doença, código",sinan,sinan pdf indicadores qualidade dbf tabwin caderno analises sinan meningites abrir ficha notificacao observe campos agravo doenca codigo municipio notificacao codigo ibge estao preenchidos,Caderno de Análises SINAN — Meningites (Portal SINAN/MS),"CID 10, UF e Município de Notificação e Código IBGE já estão preenchidos.",True,84,docs_ms,vigentes/Caderno_analises_SINAN_Meningites.pdf
docsms_caderno_pdf__3_digitar_nos_campos__1,Caderno de Análises SINAN — Meningites (PDF) — 3. Digitar nos campos:,sinan,sinan pdf indicadores qualidade dbf tabwin caderno analises sinan meningites digitar campos data inicial 2007 tecle enter data final branco tecle enter,Caderno de Análises SINAN — Meningites (Portal SINAN/MS),"Data Inicial 01/01/2007, tecle Enter 
Data Final em branco, tecle Enter",True,84,docs_ms,vigentes/Caderno_analises_SINAN_Meningites.pdf
docsms_caderno_pdf__3_digite_run_seguido_da_localizacao_e_do_nome_do__1,"Caderno de Análises SINAN — Meningites (PDF) — 3. Digite RUN seguido da localização e do nome do arquivo PGM, para iniciar a",sinan,sinan pdf indicadores qualidade dbf tabwin caderno analises sinan meningites digite seguido localizacao nome arquivo para iniciar analise epi6 indicame para list todos disponiveis,Caderno de Análises SINAN — Meningites (Portal SINAN/MS),"análise. Por ex: run c: \EPI6\ INDICAME.pgm (ou *.pgm, para list ar todos os pgm 
disponíveis na pasta) 
 
 

53",True,84,docs_ms,vigentes/Caderno_analises_SINAN_Meningites.pdf
docsms_caderno_pdf__3_elimine_todas_as_colunas_exceto_crit_lab_e_tot__1,"Caderno de Análises SINAN — Meningites (PDF) — 3. Elimine todas as colunas exceto Crit lab e Total (opcional): Menu Quadro,",sinan,sinan pdf indicadores qualidade dbf tabwin caderno analises sinan meningites elimine todas colunas exceto crit total opcional menu quadro opcao eliminar coluna marque todas,Caderno de Análises SINAN — Meningites (Portal SINAN/MS),"opção Eliminar coluna, marque todas as colunas a serem eliminadas da 
tabela e clique em OK. 
                  
  
 
g) Calcule o indicador: no menu operações, opção calcula indicador, assinale crit lab 
no numerador, Total no denominador, escala por 100, 1 casa decimal, e por último digite 
o título da coluna “% Crit Lab” e clique em OK. 
 
 
  

46 
           
  
 
 
h) Salve a tabela no formato Tab win: menu Arquivo, opção salvar como, na janela 
“Salvar arquivo como tipo ” assinale “tabela do Tabwin”, atribua um nome para o 
arquivo na janela  “nome do arquivo”, indique em que unidade e pasta deverá ser 
salva a tabela (ex: C:/curso/menin bact diag lab PAP) e clique em OK. 
 
      
  
 
 
Interpretação do resultado do indicador 
a) É uma medida quantitativa de avaliação de um sistema de vigilância 
epidemiológica. 
b) A oportunidade é um atributo do sistema de vigilância",True,84,docs_ms,vigentes/Caderno_analises_SINAN_Meningites.pdf
docsms_caderno_pdf__3_elimine_todas_as_colunas_exceto_crit_lab_e_tot__2,"Caderno de Análises SINAN — Meningites (PDF) — 3. Elimine todas as colunas exceto Crit lab e Total (opcional): Menu Quadro,",sinan,sinan pdf indicadores qualidade dbf tabwin caderno analises sinan meningites elimine todas colunas exceto crit total opcional menu quadro tiva avaliacao sistema vigilancia epidemiologica,Caderno de Análises SINAN — Meningites (Portal SINAN/MS),"tiva de avaliação de um sistema de vigilância 
epidemiológica. 
b) A oportunidade é um atributo do sistema de vigilância epidemiológica e 
reflete a velocidade desse sistema em encerrar os casos notificados. 
c) Considera-se oportunidade aceitável, se pelo menos 70% dos casos 
notificados são encerrados no intervalo de tempo esperado. 

47 
d) Valores de oportunidade mais próximos de 100% denotam a agilidade do 
sistema de vigilância no fluxo da informação. 
 
ATENÇÃO: Para cálculo desse indicador pela Secretaria Municipal de Saúde, assinale na 
Linha a unidade de análise espacial abaixo de município (distrito, bairro ou unidade de 
saúde) e em seleções Disponíveis marque município de resi dência da UF 
correspondente. 
 
 
EXEMPLO 4: 
SERIE HISTÓRICA DE MENINGITE POR ETIOLOGIA. 
 
No menu TabWin clicar no botão Executa tabulação. 
Realizar a seleção conforme campos abaixo: 
ARQUIVO DE",True,84,docs_ms,vigentes/Caderno_analises_SINAN_Meningites.pdf
docsms_caderno_pdf__3_elimine_todas_as_colunas_exceto_crit_lab_e_tot__3,"Caderno de Análises SINAN — Meningites (PDF) — 3. Elimine todas as colunas exceto Crit lab e Total (opcional): Menu Quadro,",sinan,sinan pdf indicadores qualidade dbf tabwin caderno analises sinan meningites elimine todas colunas exceto crit total opcional menu quadro etiologia menu tabwin clicar botao,Caderno de Análises SINAN — Meningites (Portal SINAN/MS),"ETIOLOGIA. 
 
No menu TabWin clicar no botão Executa tabulação. 
Realizar a seleção conforme campos abaixo: 
ARQUIVO DE DEFINICÃO C:\SinanNET\Base DBF\MeningeNET.def 
LINHAS Ano Inic. Sintomas- Suprimir linhas zeradas 
COLUNAS Etiologia - Assinalar Sup colunas zeradas 
INCREMENTO Freqüência 
ARQUIVO C:\SinanNET\\BaseDBF\MENINNET.DBF",True,84,docs_ms,vigentes/Caderno_analises_SINAN_Meningites.pdf
docsms_caderno_pdf__3_exclua_o_criterio_6_unidade_de_saude_de_notifi__1,Caderno de Análises SINAN — Meningites (PDF) — 3. Exclua o critério 6.UNIDADE DE SAÚDE DE NOTIFICAÇÃO – Igual: Hospital da,sinan,sinan pdf indicadores qualidade dbf tabwin caderno analises sinan meningites exclua criterio unidade saude notificacao igual hospital crianca santo antonio clicando duas vezes botao,Caderno de Análises SINAN — Meningites (Portal SINAN/MS),"Criança Santo Antonio  clicando duas vezes com o botão esquerdo do mouse 
sobre o critério)",True,84,docs_ms,vigentes/Caderno_analises_SINAN_Meningites.pdf
docsms_caderno_pdf__3_inclua_a_tabela_de_populacao_por_mun_icipio_cl__1,"Caderno de Análises SINAN — Meningites (PDF) — 3. Inclua a tabela de população por mun icípio clicando no menu Arquivo, opção Incluir",sinan,sinan pdf indicadores qualidade dbf tabwin caderno analises sinan meningites inclua tabela populacao icipio clicando menu arquivo opcao incluir tabela tabela populacao avaliacao devera,Caderno de Análises SINAN — Meningites (Portal SINAN/MS),"Tabela. (A tabela com a população da UF e ano em avaliação deverá ser obtida 
no site do DATASUS e salva em tabela tabwin na pasta c:\Curso)",True,84,docs_ms,vigentes/Caderno_analises_SINAN_Meningites.pdf
docsms_caderno_pdf__3_informar_o_caminho_e_clicar_ok__1,Caderno de Análises SINAN — Meningites (PDF) — 3. Informar o caminho e clicar OK,sinan,sinan pdf indicadores qualidade dbf tabwin caderno analises sinan meningites informar caminho clicar,Caderno de Análises SINAN — Meningites (Portal SINAN/MS),23,True,84,docs_ms,vigentes/Caderno_analises_SINAN_Meningites.pdf
docsms_caderno_pdf__3_preencher_com_as_informacoes_dos_campos_chave__1,Caderno de Análises SINAN — Meningites (PDF) — 3. Preencher com as informações dos campos chave da ficha Nº___________,sinan,sinan pdf indicadores qualidade dbf tabwin caderno analises sinan meningites preencher informacoes campos chave ficha observe campos chave agravo doenca municipio notificacao foram preenchidos,Caderno de Análises SINAN — Meningites (Portal SINAN/MS),"Observe que os campos -chave Agravo/doença e Município de Notificação  já foram 
preenchidos pelo sistema. Digitar os dados dos demais campos chaves ( Nº. e 
Data de Notificação) conforme consta na ficha de investigação.",True,84,docs_ms,vigentes/Caderno_analises_SINAN_Meningites.pdf
docsms_caderno_pdf__3_renomeie_todas_as_colunas_dessa_tabela_clicand__1,"Caderno de Análises SINAN — Meningites (PDF) — 3. Renomeie todas as colunas dessa tabela, clicando no menu  Quadro, opções Cabec",sinan,sinan pdf indicadores qualidade dbf tabwin caderno analises sinan meningites renomeie todas colunas dessa tabela clicando menu quadro opcoes cabec colunas seguinte forma renomear,Caderno de Análises SINAN — Meningites (Portal SINAN/MS),"das colunas, da seguinte forma: O que for  DM renomear para ÓBITO_DM, o que for 
MB renomear para ÓBITO_MB, e assim por diante (incluindo obito_total). 

42",True,84,docs_ms,vigentes/Caderno_analises_SINAN_Meningites.pdf
docsms_caderno_pdf__3_salvar_a_tabela_no_formato_tabwin_menu_arquivo__1,"Caderno de Análises SINAN — Meningites (PDF) — 3. Salvar a tabela no formato Tabwin: menu Arquivo, opção salvar como, na janela",sinan,sinan pdf indicadores qualidade dbf tabwin caderno analises sinan meningites salvar tabela formato tabwin menu arquivo opcao salvar como janela salvar arquivo como tipo,Caderno de Análises SINAN — Meningites (Portal SINAN/MS),"“Salvar arquivo como tipo ” assinale “tabela do Tabwin”, atribua um nome para o 
arquivo (ex: total_etiologia) na janela  “nome do arquivo”, indique em que unidade e 
pasta deverá ser salva a tabela e clique em OK. 
 
2ª ETAPA: Clicar em executar tabulação, selecionar o arquivo de definição adequado  
No menu TabWin clicar no botão Executa tabulação. 
Realizar a seleção conforme campos abaixo: 
 
ARQUIVO DE DEFINICÃO C:\SinanNET\Base DBF\MeningeNET.def 
LINHAS Mun Resid UF  (Selecione a UF de interesse) 
COLUNAS Etiologia - Assinalar Sup colunas zeradas 
INCREMENTO Freqüência 
ARQUIVO C:\SinanNET\\BaseDBF\MENINNET.DBF",True,84,docs_ms,vigentes/Caderno_analises_SINAN_Meningites.pdf
docsms_caderno_pdf__3_selecionar_nos_campos__1,Caderno de Análises SINAN — Meningites (PDF) — 3. Selecionar nos campos:,sinan,sinan pdf indicadores qualidade dbf tabwin caderno analises sinan meningites selecionar campos incidencia agravo casos notificados local residencia 2007 data primeiros sintomas diagnostico semana,Caderno de Análises SINAN — Meningites (Portal SINAN/MS)," Incidência por: Agravo 
 Casos: Notificados 
 Local de: Residência 
 Ano: 2007 
 Ano da Data de: Primeiros sintomas/diagnóstico  
 Por – Semana Epidemiológica 
 Semana epidemiológica (referente à data do início dos primeiros sintomas): 
       Digitar 1 e 52 
 Nível de seleção: por UF 
 UF: __",True,84,docs_ms,vigentes/Caderno_analises_SINAN_Meningites.pdf
docsms_caderno_pdf__4_a_tela_do_tabwin_sera_exibida__1,Caderno de Análises SINAN — Meningites (PDF) — 4. A tela do Tabwin será exibida:,sinan,sinan pdf indicadores qualidade dbf tabwin caderno analises sinan meningites tela tabwin sera exibida avaliacao completitude dados notificacoes,Caderno de Análises SINAN — Meningites (Portal SINAN/MS),1) AVALIAÇÃO DA COMPLETITUDE DOS DADOS DAS NOTIFICAÇÕES/,True,84,docs_ms,vigentes/Caderno_analises_SINAN_Meningites.pdf
docsms_caderno_pdf__4_ao_rodar_o_pgm_o_resultado_das_analises_sera_s__1,"Caderno de Análises SINAN — Meningites (PDF) — 4. Ao rodar o pgm, o resultado das análises será salvo automaticamente no diretório",sinan,sinan pdf indicadores qualidade dbf tabwin caderno analises sinan meningites rodar resultado analises sera salvo automaticamente diretorio epi6 indica,Caderno de Análises SINAN — Meningites (Portal SINAN/MS),c:\epi6\indica.txt,True,84,docs_ms,vigentes/Caderno_analises_SINAN_Meningites.pdf
docsms_caderno_pdf__4_ao_surgir_a_mensagem_notificacao_ja_cadastrada__1,Caderno de Análises SINAN — Meningites (PDF) — 4. Ao surgir a mensagem Notificação já cadastrada. Deseja carregá -la? Clicar no,sinan,sinan pdf indicadores qualidade dbf tabwin caderno analises sinan meningites surgir mensagem notificacao cadastrada deseja carrega clicar botao,Caderno de Análises SINAN — Meningites (Portal SINAN/MS),botão Yes.,True,84,docs_ms,vigentes/Caderno_analises_SINAN_Meningites.pdf
docsms_caderno_pdf__4_calcule_o_indicador_de_incidencia_de_meningite__1,Caderno de Análises SINAN — Meningites (PDF) — 4. Calcule o indicador  de incidência de meningite por tipo (etiologia): no menu,sinan,sinan pdf indicadores qualidade dbf tabwin caderno analises sinan meningites calcule indicador incidencia meningite tipo etiologia menu operacoes opcao calcula indicador selecione numerador denominador,Caderno de Análises SINAN — Meningites (Portal SINAN/MS),"operações, opção calcula indicador, selecione “DM” no numerador, “POP_UF_ANO” 
no denominador, escala por 100.000, 1 casa decimal, digite o título da coluna 
“Incidência DM” e clique em OK.",True,84,docs_ms,vigentes/Caderno_analises_SINAN_Meningites.pdf
docsms_caderno_pdf__4_clicar_no_botao_imprimir_para_visualizar_o_rel__1,Caderno de Análises SINAN — Meningites (PDF) — 4. Clicar no botão Imprimir para visualizar o relatório,sinan,sinan pdf indicadores qualidade dbf tabwin caderno analises sinan meningites clicar botao imprimir para visualizar relatorio emitindo relatorio incidencia casos confirmados repetir passos exercicio,Caderno de Análises SINAN — Meningites (Portal SINAN/MS),"b. Emitindo um Relatório de Incidência de casos confirmados 
 
Repetir os passos do exercício a)  substituindo o campo Casos para Confirmados 
Observar a diferença entre os relatórios de casos notificados e confirmados.",True,84,docs_ms,vigentes/Caderno_analises_SINAN_Meningites.pdf
docsms_caderno_pdf__4_em_padroes_de_consulta_no_campo_nome_seleciona__1,"Caderno de Análises SINAN — Meningites (PDF) — 4. Em Padrões de Consulta, no campo Nome, selecionar o padrão de consulta a ser",sinan,sinan pdf indicadores qualidade dbf tabwin caderno analises sinan meningites padroes consulta campo nome selecionar padrao consulta executado,Caderno de Análises SINAN — Meningites (Portal SINAN/MS),executado.,True,84,docs_ms,vigentes/Caderno_analises_SINAN_Meningites.pdf
docsms_caderno_pdf__4_informar_em_data_inicial_e_data_final_o_period__1,Caderno de Análises SINAN — Meningites (PDF) — 4. Informar em Data Inicial e Data Final o período a ser consultado: 01/01/2007 a data,sinan,sinan pdf indicadores qualidade dbf tabwin caderno analises sinan meningites informar data inicial data final periodo consultado 2007 data atual,Caderno de Análises SINAN — Meningites (Portal SINAN/MS),atual,True,84,docs_ms,vigentes/Caderno_analises_SINAN_Meningites.pdf
docsms_caderno_pdf__4_salvar_a_tabela_no_formato_tabwin_menu_arquivo__1,"Caderno de Análises SINAN — Meningites (PDF) — 4. Salvar a tabela no formato Tabwin: menu Arquivo, opção salvar como, na janela",sinan,sinan pdf indicadores qualidade dbf tabwin caderno analises sinan meningites salvar tabela formato tabwin menu arquivo opcao salvar como janela salvar arquivo como tipo,Caderno de Análises SINAN — Meningites (Portal SINAN/MS),"“Salvar arquivo como tipo ” assinale “tabela do Tabwin”, atribua um nome para o 
arquivo (obito_etiologia) na janela  “nome do a rquivo”, indique em que unidade e 
pasta deverá ser salva a tabela e clique em OK.",True,84,docs_ms,vigentes/Caderno_analises_SINAN_Meningites.pdf
docsms_caderno_pdf__4_selecionar_demograficas_e_socioeconomicas__1,Caderno de Análises SINAN — Meningites (PDF) — 4. Selecionar Demográficas e Socioeconômicas,sinan,sinan pdf indicadores qualidade dbf tabwin caderno analises sinan meningites selecionar demograficas socioeconomicas,Caderno de Análises SINAN — Meningites (Portal SINAN/MS),48,True,84,docs_ms,vigentes/Caderno_analises_SINAN_Meningites.pdf
docsms_caderno_pdf__5_clicar_em_sair__1,Caderno de Análises SINAN — Meningites (PDF) — 5. Clicar em Sair,sinan,sinan pdf indicadores qualidade dbf tabwin caderno analises sinan meningites clicar sair executando padrao consulta,Caderno de Análises SINAN — Meningites (Portal SINAN/MS),d) Executando um Padrão de Consulta,True,84,docs_ms,vigentes/Caderno_analises_SINAN_Meningites.pdf
docsms_caderno_pdf__5_de_forma_similar_calcule_os_indicadores_das_de__1,"Caderno de Análises SINAN — Meningites (PDF) — 5. De forma similar, calcule os indicadores das demais colunas (MTBC, MB, MNE, MV,",sinan,sinan pdf indicadores qualidade dbf tabwin caderno analises sinan meningites forma similar calcule indicadores demais colunas mtbc preenchendo nome cabecalho respectiva etiologia,Caderno de Análises SINAN — Meningites (Portal SINAN/MS),"MOE, MH, MP), preenchendo o nome no cabeçalho da respectiva etiologia.",True,84,docs_ms,vigentes/Caderno_analises_SINAN_Meningites.pdf
docsms_caderno_pdf__5_inclua_a_tabela_de_total_de_casos_confirmados__1,Caderno de Análises SINAN — Meningites (PDF) — 5. Inclua a tabela de total de casos confirmados por etiologia por município,sinan,sinan pdf indicadores qualidade dbf tabwin caderno analises sinan meningites inclua tabela total casos confirmados etiologia municipio total etiologia executada primeira etapa exemplo clicando,Caderno de Análises SINAN — Meningites (Portal SINAN/MS),"(total_etiologia) executada na primeira etapa do exemplo clicando no menu Arquivo, 
opção Incluir Tabela.",True,84,docs_ms,vigentes/Caderno_analises_SINAN_Meningites.pdf
docsms_caderno_pdf__5_na_tela_que_surgira_atribuir_nome_ao_novo_padr__1,"Caderno de Análises SINAN — Meningites (PDF) — 5. Na tela que surgirá, atribuir nome ao novo padrão de consulta e clicar em Salvar",sinan,sinan pdf indicadores qualidade dbf tabwin caderno analises sinan meningites tela surgira atribuir nome novo padrao consulta clicar salvar como,Caderno de Análises SINAN — Meningites (Portal SINAN/MS),Como,True,84,docs_ms,vigentes/Caderno_analises_SINAN_Meningites.pdf
docsms_caderno_pdf__5_observe_que_os_criterios_deste_padrao_de_consu__1,Caderno de Análises SINAN — Meningites (PDF) — 5. Observe que os critérios deste padrão de consulta surgem no campo  Critérios de,sinan,sinan pdf indicadores qualidade dbf tabwin caderno analises sinan meningites observe criterios deste padrao consulta surgem campo criterios selecao,Caderno de Análises SINAN — Meningites (Portal SINAN/MS),Seleção,True,84,docs_ms,vigentes/Caderno_analises_SINAN_Meningites.pdf
docsms_caderno_pdf__5_para_ver_o_resultado_das_analises_abrir_a_past__1,Caderno de Análises SINAN — Meningites (PDF) — 5. Para ver o resultado das análises abrir a pasta c:\epi6\indica.txt,sinan,sinan pdf indicadores qualidade dbf tabwin caderno analises sinan meningites para resultado analises abrir pasta epi6 indica referencias bibliograficas manual vigilancia epidemiologica meningites brasilia,Caderno de Análises SINAN — Meningites (Portal SINAN/MS),"55 
 
REFERÊNCIAS BIBLIOGRÁFICAS: 
 
 Manual de Vigilância Epidemiológica das Meningites. Brasília: Ministério da Saúde 
 
 Fundação Nacional de Saúde. Manual de Normas e Rotinas do SINAN. Brasília: 
FUNASA; 2002.(mimeo) 
 
 Fundação Nacional de Saúde. Manual de Treinamento SINAN Windows – 
Tuberculose e Hanseníase. Brasília: FUNASA; 2002. (mimeo) 
 
 Fundação Nacional de Saúde. Manual de Treinamento SINAN Windows - Guia 
Para Cálculo De Indicadores Básicos E Avaliação Da Qualidade Da Base De 
Dados De Hanseníase Do Sistema De Informação De Agravos De Notificação 
(Sinan). Brasília: FUNASA; 2002 (mimeo) 
 
 Fundação Nacional de Saúde Centro de Referência Professor Hélio Fraga. Roteiro 
Para Avaliação Da Completitude e Consistência da Base Estadual de Dados de  
Tuberculose do Sinan, Versão Dos, Utilizando O Tabwin e Epiinfo. Rio de Janeiro; 
2002 
 
 Fundação Nacional de Saúde.",True,84,docs_ms,vigentes/Caderno_analises_SINAN_Meningites.pdf
docsms_caderno_pdf__5_para_ver_o_resultado_das_analises_abrir_a_past__2,Caderno de Análises SINAN — Meningites (PDF) — 5. Para ver o resultado das análises abrir a pasta c:\epi6\indica.txt,sinan,sinan pdf indicadores qualidade dbf tabwin caderno analises sinan meningites para resultado analises abrir pasta epi6 indica tuberculose sinan versao utilizando tabwin epiinfo janeiro,Caderno de Análises SINAN — Meningites (Portal SINAN/MS),"Tuberculose do Sinan, Versão Dos, Utilizando O Tabwin e Epiinfo. Rio de Janeiro; 
2002 
 
 Fundação Nacional de Saúde. Manual Operacional SINAN Windows versão 4. 
Brasília: FUNASA; 2002. 
 
 Aplicativo Tabwin tópicos de ajuda  
 
 
 
Documento revisado por: 
 Camila  Portela ( COVER/CGDT/DEVEP/SVS/MS) 
 Claudete Iris Kmetzsch (SES/RS)  
 Mara Beatriz Martins Conceição (DIVE/SES/SC)",True,84,docs_ms,vigentes/Caderno_analises_SINAN_Meningites.pdf
docsms_caderno_pdf__6_acessar_as_notificacoes_correspondentes_a_dupl__1,Caderno de Análises SINAN — Meningites (PDF) — 6. Acessar as notificações correspondentes à duplicidade verdadeira e verificar os,sinan,sinan pdf indicadores qualidade dbf tabwin caderno analises sinan meningites acessar notificacoes correspondentes duplicidade verdadeira verificar dados unidades saude datas notificacao data primeiros sintomas,Caderno de Análises SINAN — Meningites (Portal SINAN/MS),"dados das unidades de saúde, datas de notificação, data dos primeiros 
sintomas, nomes dos pacientes, nome da mãe, endereço de residência, etc. 
Deverá permanecer no Sistema a 1a Notificação (mais antiga), complementando-
se com os dados da última, caso necessário. Para complementar/editar dados 
proceda conforme orientado a seguir:",True,84,docs_ms,vigentes/Caderno_analises_SINAN_Meningites.pdf
docsms_caderno_pdf__6_acessar_cada_notificacao_correspondente_a_dupl__1,Caderno de Análises SINAN — Meningites (PDF) — 6. Acessar cada notificação correspondente a duplicidade verdadeira e verificar os,sinan,sinan pdf indicadores qualidade dbf tabwin caderno analises sinan meningites acessar cada notificacao correspondente duplicidade verdadeira verificar dados notificacao investigacao devera permanecer sistema primeira,Caderno de Análises SINAN — Meningites (Portal SINAN/MS),"dados da notificação/ investigação. 
Deverá permanecer no sistema a primeira notificação e excluída a segunda (mais 
recente), por se tratar de uma duplicidade verdadeira. Para excluir o registro 
proceda conforme orientado a seguir:",True,84,docs_ms,vigentes/Caderno_analises_SINAN_Meningites.pdf
docsms_caderno_pdf__6_ao_surgir_a_mensagem_gravacao_da_notificacao_r__1,"Caderno de Análises SINAN — Meningites (PDF) — 6. Ao surgir a mensagem  Gravação da Notificação realizada com sucesso , clicar",sinan,sinan pdf indicadores qualidade dbf tabwin caderno analises sinan meningites surgir mensagem gravacao notificacao realizada sucesso clicar botao,Caderno de Análises SINAN — Meningites (Portal SINAN/MS),no botão OK,True,84,docs_ms,vigentes/Caderno_analises_SINAN_Meningites.pdf
docsms_caderno_pdf__6_assinalar_as_seguintes_opcoes_em__1,Caderno de Análises SINAN — Meningites (PDF) — 6. Assinalar as seguintes opções em:,sinan,sinan pdf indicadores qualidade dbf tabwin caderno analises sinan meningites assinalar seguintes opcoes linha municipio coluna conteudo populacao residente periodos disponiveis selecionar interesse 2012,Caderno de Análises SINAN — Meningites (Portal SINAN/MS),"Linha: Município  
Coluna: Ano    
Conteúdo: População Residente 
Períodos Disponíveis: selecionar ano(s) de interesse (ex: 2012)",True,84,docs_ms,vigentes/Caderno_analises_SINAN_Meningites.pdf
docsms_caderno_pdf__6_calcule_o_indicador_de_letalidade_de_meningite__1,Caderno de Análises SINAN — Meningites (PDF) — 6. Calcule o indicador  de letalidade de meningite por tipo (etiologia): no menu,sinan,sinan pdf indicadores qualidade dbf tabwin caderno analises sinan meningites calcule indicador letalidade meningite tipo etiologia menu operacoes opcao calcula indicador selecione obito numerador,Caderno de Análises SINAN — Meningites (Portal SINAN/MS),"operações, opção calcula indicador, selecione “ÓBITO_DM” no numerador, “DM” no 
denominador, escala por 100, 1 casa decimal, digite o título da coluna “Letal DM” e 
clique em OK.",True,84,docs_ms,vigentes/Caderno_analises_SINAN_Meningites.pdf
docsms_caderno_pdf__6_elimine_as_colunas_que_serviram_de_base_para_c__1,"Caderno de Análises SINAN — Meningites (PDF) — 6. Elimine as colunas que serviram de base para construção dos indicadores (MTBC,",sinan,sinan pdf indicadores qualidade dbf tabwin caderno analises sinan meningites elimine colunas serviram base para construcao indicadores mtbc mais coluna total clicando menu quadro,Caderno de Análises SINAN — Meningites (Portal SINAN/MS),"MB, MNE, MV, MOE, MH, MP ), e mais a coluna Total, clicando no menu Quadro, 
opção Eliminar coluna  , selecione as colunas a serem eliminadas e clique em OK.",True,84,docs_ms,vigentes/Caderno_analises_SINAN_Meningites.pdf
docsms_caderno_pdf__6_selecionar_censos_1980_1991_e_2000_contagem_19__1,"Caderno de Análises SINAN — Meningites (PDF) — 6. Selecionar – Censos (1980, 1991 e 2000), contagem (1996) e projeções",sinan,sinan pdf indicadores qualidade dbf tabwin caderno analises sinan meningites selecionar censos 1980 1991 2000 contagem 1996 projecoes intercensitarias 1981 2012 segundo faixa etaria,Caderno de Análises SINAN — Meningites (Portal SINAN/MS),"intercensitárias (1981 a 2012), segundo faixa etária e situação de domicílio",True,84,docs_ms,vigentes/Caderno_analises_SINAN_Meningites.pdf
docsms_caderno_pdf__7_acessar_o_item_padroes_de_consultas_verificar__1,Caderno de Análises SINAN — Meningites (PDF) — 7. Acessar o item Padrões de Consultas. Verificar que no campo  Nome agora existe,sinan,sinan pdf indicadores qualidade dbf tabwin caderno analises sinan meningites acessar item padroes consultas verificar campo nome agora existe dois padroes salvos,Caderno de Análises SINAN — Meningites (Portal SINAN/MS),dois padrões salvos,True,84,docs_ms,vigentes/Caderno_analises_SINAN_Meningites.pdf
docsms_caderno_pdf__7_analisar_o_resultado__1,Caderno de Análises SINAN — Meningites (PDF) — 7. Analisar o resultado.,sinan,sinan pdf indicadores qualidade dbf tabwin caderno analises sinan meningites analisar resultado alterando padrao consulta,Caderno de Análises SINAN — Meningites (Portal SINAN/MS),e) Alterando um Padrão de Consulta,True,84,docs_ms,vigentes/Caderno_analises_SINAN_Meningites.pdf
docsms_caderno_pdf__7_atribua_um_titulo_a_tabela_resultante_menu_qua__1,"Caderno de Análises SINAN — Meningites (PDF) — 7. Atribua um título à tabela resultante : menu Quadro, opção Cabeçalho 1, digite a",sinan,sinan pdf indicadores qualidade dbf tabwin caderno analises sinan meningites atribua titulo tabela resultante menu quadro opcao cabecalho digite primeira parte titulo coeficiente incidencia,Caderno de Análises SINAN — Meningites (Portal SINAN/MS),"primeira parte do título ( Coeficiente de Incidência de Meningite por Tipo, segundo 
Município de Residência ) e clique em OK. Retorne ao menu Quadro, opção 
Cabeçalho 2, digite a segunda parte do título (UF, ANO) e clique em OK.",True,84,docs_ms,vigentes/Caderno_analises_SINAN_Meningites.pdf
docsms_caderno_pdf__7_clicar_no_botao__1,Caderno de Análises SINAN — Meningites (PDF) — 7. Clicar no botão,sinan,sinan pdf indicadores qualidade dbf tabwin caderno analises sinan meningites clicar botao localizado final pagina para iniciar tabulacao,Caderno de Análises SINAN — Meningites (Portal SINAN/MS),localizado no final da página para iniciar a tabulação.,True,84,docs_ms,vigentes/Caderno_analises_SINAN_Meningites.pdf
docsms_caderno_pdf__7_de_forma_similar_calcule_os_indicadores_par_a__1,"Caderno de Análises SINAN — Meningites (PDF) — 7. De forma similar, calcule os indicadores par a as demais etiologias ( MTBC, MB, MNE,",sinan,sinan pdf indicadores qualidade dbf tabwin caderno analises sinan meningites forma similar calcule indicadores demais etiologias mtbc total preenchendo nome cabecalho respectiva coluna letal,Caderno de Análises SINAN — Meningites (Portal SINAN/MS),"MV, MOE, MH, MP  e TOTAL ), preenchendo o nome no cabeçalho da respectiva 
coluna (Letal_XX).",True,84,docs_ms,vigentes/Caderno_analises_SINAN_Meningites.pdf
docsms_caderno_pdf__7_em_criterio_de_selecao_digitar_menin_teclar_en__1,"Caderno de Análises SINAN — Meningites (PDF) — 7. Em Critério de Seleção digitar Menin%, teclar Enter e em seguida clicar no  botão",sinan,sinan pdf indicadores qualidade dbf tabwin caderno analises sinan meningites criterio selecao digitar menin teclar enter seguida clicar botao observe campo passou para criterios,Caderno de Análises SINAN — Meningites (Portal SINAN/MS),. Observe que o campo passou para Critérios de seleção.,True,84,docs_ms,vigentes/Caderno_analises_SINAN_Meningites.pdf
docsms_caderno_pdf__7_proceda_de_forma_semelhante_para_selecionar_os__1,Caderno de Análises SINAN — Meningites (PDF) — 7. Proceda de forma semelhante para selecionar os campos UF de notificação,sinan,sinan pdf indicadores qualidade dbf tabwin caderno analises sinan meningites proceda forma semelhante para selecionar campos notificacao digite sigla municipio notificacao digite nome municipio,Caderno de Análises SINAN — Meningites (Portal SINAN/MS),"(digite a sigla, EX: RS) , Município de notificação (digite o nome do município: 
______) e Unidade de saúde de notificação (digite o nome da Unidade: ______). 

12",True,84,docs_ms,vigentes/Caderno_analises_SINAN_Meningites.pdf
docsms_caderno_pdf__7_selecionar_a_1a_notificacao_no_clicando_uma_ve__1,Caderno de Análises SINAN — Meningites (PDF) — 7. Selecionar a 1ª notificação Nº _________ clicando uma vez com o mouse sobre,sinan,sinan pdf indicadores qualidade dbf tabwin caderno analises sinan meningites selecionar notificacao clicando mouse sobre qualquer seus campos visualizados lista,Caderno de Análises SINAN — Meningites (Portal SINAN/MS),qualquer um dos seus campos visualizados na lista.,True,84,docs_ms,vigentes/Caderno_analises_SINAN_Meningites.pdf
docsms_caderno_pdf__7_selecionar_o_estado_de_interesse_clicando_no_m__1,"Caderno de Análises SINAN — Meningites (PDF) — 7. Selecionar o estado de interesse, clicando no mapa ou no nome (ex: Goiás)",sinan,sinan pdf indicadores qualidade dbf tabwin caderno analises sinan meningites selecionar estado interesse clicando mapa nome goias,Caderno de Análises SINAN — Meningites (Portal SINAN/MS),49,True,84,docs_ms,vigentes/Caderno_analises_SINAN_Meningites.pdf
docsms_caderno_pdf__8_ao_finalizar_a_exportacao_surgira_a_mensagem_e__1,Caderno de Análises SINAN — Meningites (PDF) — 8. Ao finalizar a exportação surgirá a mensagem: Exportação para DBF gerada com,sinan,sinan pdf indicadores qualidade dbf tabwin caderno analises sinan meningites finalizar exportacao surgira mensagem exportacao para gerada sucesso,Caderno de Análises SINAN — Meningites (Portal SINAN/MS),sucesso,True,84,docs_ms,vigentes/Caderno_analises_SINAN_Meningites.pdf
docsms_caderno_pdf__8_ao_surgir_a_mensagem_gravacao_da_notificacao_r__1,"Caderno de Análises SINAN — Meningites (PDF) — 8. Ao surgir a mensagem Gravação da Notificação realizada com sucesso, clicar em",sinan,sinan pdf indicadores qualidade dbf tabwin caderno analises sinan meningites surgir mensagem gravacao notificacao realizada sucesso clicar,Caderno de Análises SINAN — Meningites (Portal SINAN/MS),OK,True,84,docs_ms,vigentes/Caderno_analises_SINAN_Meningites.pdf
docsms_caderno_pdf__8_atribua_um_rodape_menu_quadro_opcao_rodape_dig__1,"Caderno de Análises SINAN — Meningites (PDF) — 8. Atribua um rodapé: menu Quadro, opção Rodapé, digite a observação (FONTE:",sinan,sinan pdf indicadores qualidade dbf tabwin caderno analises sinan meningites atribua rodape menu quadro opcao rodape digite observacao fonte sinan clique atencao titulo rodape,Caderno de Análises SINAN — Meningites (Portal SINAN/MS),"SINAN) e clique em OK. 
 
ATENÇÃO: O título e rodapé estão habilitados somente para impressão e não para a tela.",True,84,docs_ms,vigentes/Caderno_analises_SINAN_Meningites.pdf
docsms_caderno_pdf__8_clicar_em_sair__1,Caderno de Análises SINAN — Meningites (PDF) — 8. Clicar em Sair.,sinan,sinan pdf indicadores qualidade dbf tabwin caderno analises sinan meningites clicar sair excluindo padrao consulta,Caderno de Análises SINAN — Meningites (Portal SINAN/MS),f) Excluindo um padrão de consulta,True,84,docs_ms,vigentes/Caderno_analises_SINAN_Meningites.pdf
docsms_caderno_pdf__8_elimine_as_colunas_que_serviram_de_base_para_c__1,Caderno de Análises SINAN — Meningites (PDF) — 8. Elimine as colunas que serviram de base para construção dos indicadores (casos e,sinan,sinan pdf indicadores qualidade dbf tabwin caderno analises sinan meningites elimine colunas serviram base para construcao indicadores casos obitos clicando menu quadro opcao eliminar,Caderno de Análises SINAN — Meningites (Portal SINAN/MS),"óbitos), clicando no menu Quadro, opção Eliminar coluna, selecione as colunas a 
serem eliminadas e clique em OK.",True,84,docs_ms,vigentes/Caderno_analises_SINAN_Meningites.pdf
docsms_caderno_pdf__9_analisar_o_resultado__1,Caderno de Análises SINAN — Meningites (PDF) — 9. Analisar o resultado.,sinan,sinan pdf indicadores qualidade dbf tabwin caderno analises sinan meningites analisar resultado acessando casos meningite pela consulta,Caderno de Análises SINAN — Meningites (Portal SINAN/MS),b) Acessando casos de Meningite pela Consulta,True,84,docs_ms,vigentes/Caderno_analises_SINAN_Meningites.pdf
docsms_caderno_pdf__9_ao_surgir_a_mensagem_gravacao_da_investigacao__1,"Caderno de Análises SINAN — Meningites (PDF) — 9. Ao surgir a mensagem Gravação da investigação realizada com  sucesso, clicar em",sinan,sinan pdf indicadores qualidade dbf tabwin caderno analises sinan meningites surgir mensagem gravacao investigacao realizada sucesso clicar,Caderno de Análises SINAN — Meningites (Portal SINAN/MS),OK,True,84,docs_ms,vigentes/Caderno_analises_SINAN_Meningites.pdf
docsms_caderno_pdf__9_atribua_um_titulo_a_tabela_resultante_menu_qua__1,"Caderno de Análises SINAN — Meningites (PDF) — 9. Atribua um título à tabela resultante : menu Quadro, opção Cabeçalho 1, digite a",sinan,sinan pdf indicadores qualidade dbf tabwin caderno analises sinan meningites atribua titulo tabela resultante menu quadro opcao cabecalho digite primeira parte titulo coeficiente letalidade,Caderno de Análises SINAN — Meningites (Portal SINAN/MS),"primeira parte do título ( Coeficiente de Letalidade de Menin gite por Tipo, segundo 
Município de Residência ) e clique em OK . Retorne ao menu Quadro, opção 
Cabeçalho 2, digite a segunda parte do título (UF, ANO) e clique em OK.",True,84,docs_ms,vigentes/Caderno_analises_SINAN_Meningites.pdf
docsms_caderno_pdf__9_complementar_campo_da_notificacao_ex_numero_do__1,Caderno de Análises SINAN — Meningites (PDF) — 9. Complementar campo da notificação (Ex: Número do Cartão SUS= 1024837) e,sinan,sinan pdf indicadores qualidade dbf tabwin caderno analises sinan meningites complementar campo notificacao numero cartao 1024837 salvar registro,Caderno de Análises SINAN — Meningites (Portal SINAN/MS),salvar o registro.,True,84,docs_ms,vigentes/Caderno_analises_SINAN_Meningites.pdf
docsms_caderno_pdf__9_na_janela_selecoes_disponiveis__1,Caderno de Análises SINAN — Meningites (PDF) — 9. Na janela Seleções disponíveis:,sinan,sinan pdf indicadores qualidade dbf tabwin caderno analises sinan meningites janela selecoes disponiveis class final selecione confirmado taria selecionar todas opcoes excecao menores abaul,Caderno de Análises SINAN — Meningites (Portal SINAN/MS),"- Class Final  (selecione confirmado) 
- Fx E taria (13) (selecionar todas as opções com exceção do s 
menores de 1 ano) 
- Abaul de font (selecione sim)",True,84,docs_ms,vigentes/Caderno_analises_SINAN_Meningites.pdf
docsms_caderno_pdf__9_para_exportar_a_tabela_para_o_formato_tabwin_c__1,"Caderno de Análises SINAN — Meningites (PDF) — 9. Para exportar a tabela para o formato Tabwin, clicar no link",sinan,sinan pdf indicadores qualidade dbf tabwin caderno analises sinan meningites para exportar tabela para formato tabwin clicar link abrira caixa texto download arquivo clique,Caderno de Análises SINAN — Meningites (Portal SINAN/MS),"Abrirá uma caixa de texto Download de arquivo. Clique no botão Salvar 

50 
Abrirá uma caixa de texto do programa (Salvar Como) para salvar o arquivo no 
formato.tab. Alterar o nome do arquivo (ex:POP_ÛF_2012), indicando a pasta onde será 
salvo o arquivo, e clicar no botão Salvar. 
 
Notas: 
 
 Esta tabela poderá ser incluída em outra tabela gerada pelo Tabwin contendo, por 
exemplo, o número de casos para cálculo de taxa de incidência, conforme 
demonstrado em exercício correspondente. 
 Para salvar a tabela para ser aberta pelo Excel, clicar no botão  
  
 Para obter tabela com populações referentes a vários anos, assinale, por exemplo, na 
Linha: município, na Coluna:  Ano, e em Períodos disponíveis: 2007 e 2008.",True,84,docs_ms,vigentes/Caderno_analises_SINAN_Meningites.pdf
docsms_caderno_pdf__9_salvar_a_tabela_no_formato_tabwin_menu_arquivo__1,"Caderno de Análises SINAN — Meningites (PDF) — 9. Salvar a tabela no formato Tabwin: menu Arquivo, opção salvar como, na janela",sinan,sinan pdf indicadores qualidade dbf tabwin caderno analises sinan meningites salvar tabela formato tabwin menu arquivo opcao salvar como janela salvar arquivo como tipo,Caderno de Análises SINAN — Meningites (Portal SINAN/MS),"“Salvar arquivo como tipo ” assinale “tabela do Tabwin”, atribua um nome para o 
arquivo na janela  “nome do arquivo”, indique em que unidade e pasta deverá ser 
salva a tabela e clique em OK. 
 
Para salvar a tabela no Excel, basta assinalar na janela “salvar arquivo como tipo” a 
opção Planilha Excel. 
 
Fazer um mapa para visualizar a distribuição dos indicadores calculados.",True,84,docs_ms,vigentes/Caderno_analises_SINAN_Meningites.pdf
docsms_caderno_pdf__aapprreesseennttaaccaaoo_ddoo_ssiisstteemmaa__1,Caderno de Análises SINAN — Meningites (PDF) — Aapprreesseennttaaççããoo  Ddoo  Ssiisstteemmaa,sinan,sinan pdf indicadores qualidade dbf tabwin caderno analises sinan meningites aapprreesseennttaaccaaoo ddoo ssiisstteemmaa sinan composto pequenos modulos todos acessados partir modulo unico subdivide seguintes,Caderno de Análises SINAN — Meningites (Portal SINAN/MS),"O Sinan é composto por pequenos módulos, todos acessados a partir de um módulo 
único e subdivide-se nas seguintes rotinas: 
 
­ Entrada de Dados (notificação, investigação e acompanhamento de hanseníase e 
tuberculose); 
 
­ Consulta da base de dados (notificações individuais, negativas, notificações de 
surtos e agregados (Tracoma); 
 
­ Rotinas para verificação de dupl icidades (relatório, vinculação de registros de 
hanseníase e tuberculose, opções Não listar e Não contar);",True,84,docs_ms,vigentes/Caderno_analises_SINAN_Meningites.pdf
docsms_caderno_pdf__aapprreesseennttaaccaaoo_ddoo_ssiisstteemmaa__2,Caderno de Análises SINAN — Meningites (PDF) — Aapprreesseennttaaççããoo  Ddoo  Ssiisstteemmaa,sinan,sinan pdf indicadores qualidade dbf tabwin caderno analises sinan meningites aapprreesseennttaaccaaoo ddoo ssiisstteemmaa dupl icidades relatorio vinculacao registros hanseniase tuberculose opcoes listar contar tabelas,Caderno de Análises SINAN — Meningites (Portal SINAN/MS),"ção de dupl icidades (relatório, vinculação de registros de 
hanseníase e tuberculose, opções Não listar e Não contar); 

3 
­ Tabelas; 
 
­ Ferramentas:  
 Movimento: 
­ Transferência e Recepção Vertical de dados e emissão de relatórios de 
controle; 
­ Transferência e Recepção Horizonta l de dados e emissão de relatórios de 
controle; 
­ Descentralização de base de dados; 
­ Fluxo de retorno; 
 
 Backup: 
­ Realizar backup; 
­ Consulta/ Restauração de backup; 
 
 Exportação para formato DBF 
 Acesso ao Tabwin 
 Importação de outros sistemas 
 Usuários do Sinan NET (definição de níveis de acesso ao sistema) 
 Usuários SISNET 
 Configuração 
 Exportação da tabela de bairros do SinanW 
 Descentralização de tabelas 
 
­ Relatórios (Incidência, Exportador, Notificação Negativa, Exclusão de Notificações, 
Calendário Epidemiológico).",True,84,docs_ms,vigentes/Caderno_analises_SINAN_Meningites.pdf
docsms_caderno_pdf__agravos_prazo_para_liberacao_do_fluxo_de__1,Caderno de Análises SINAN — Meningites (PDF) — Agravos Prazo Para Liberação Do Fluxo De,sinan,sinan pdf indicadores qualidade dbf tabwin caderno analises sinan meningites agravos prazo para liberacao fluxo retorno,Caderno de Análises SINAN — Meningites (Portal SINAN/MS),RETORNO,True,84,docs_ms,vigentes/Caderno_analises_SINAN_Meningites.pdf
docsms_caderno_pdf__bbaassee_ddee_ddaaddooss_ddoo_ssiinnaann_nneett__1,Caderno de Análises SINAN — Meningites (PDF) — Bbaassee  Ddee  Ddaaddooss  Ddoo  Ssiinnaann  Nneett,sinan,sinan pdf indicadores qualidade dbf tabwin caderno analises sinan meningites bbaassee ddee ddaaddooss ddoo ssiinnaann nneett base nacional dados sinan contem casos agravos notificacao,Caderno de Análises SINAN — Meningites (Portal SINAN/MS),"A base nacional de dados do Sinan  contém casos de agravos de notificação c ompulsória 
em todo território nacional, e outros considerados de interesse nacional. As bases 
estaduais e municipais incluem também agravos de notificação compulsória no âmbito 
estadual e municipal, respectivamente. 
 
Conforme normas definidas anteriormente , devem ser notificados os casos  
suspeitos/confirmados de Meningites através do preenchimento da ficha de 
notificação/investigação específica. 
 
As notificações e investigações de casos de agravos de notificação compulsória 
registradas no Sistema de Informação de Agravos de Notificação (SINAN) geram a tabela 
NOTINDIV, que armazena as notificações de todos os agravos, e uma tabela para cada 
agravo, que armazena dados das investigações (ex: Meninge), compondo o banco de 
dados do SINAN NET. A junção das duas tabelas, de notificação e de investigação",True,84,docs_ms,vigentes/Caderno_analises_SINAN_Meningites.pdf
docsms_caderno_pdf__bbaassee_ddee_ddaaddooss_ddoo_ssiinnaann_nneett__2,Caderno de Análises SINAN — Meningites (PDF) — Bbaassee  Ddee  Ddaaddooss  Ddoo  Ssiinnaann  Nneett,sinan,sinan pdf indicadores qualidade dbf tabwin caderno analises sinan meningites bbaassee ddee ddaaddooss ddoo ssiinnaann nneett coes meninge compondo banco dados sinan juncao duas,Caderno de Análises SINAN — Meningites (Portal SINAN/MS),"ções (ex: Meninge), compondo o banco de 
dados do SINAN NET. A junção das duas tabelas, de notificação e de investigação de um 
agravo específico, é feita através da rotina de exportação para dbf disponível no ítem 
Ferramentas do sistema. Após a exportação cada arquivo DBF reúne todos os dados do 
agravo, localizado no diretório C: \SinanNET\BaseDBF\ (ex: 
C:\SinanNET\BaseDBF\MeninNET.DBF). 
 
As coordenações nacionais responsáveis pelos agravos de notificação compulsória 
selecionaram os campos das fichas de notificação e de investigação considerados como 
essenciais para preenchimento, tendo  como referência, principalmente, os que são 
utilizados para cálculos de indicadores epidemiológicos e operacionais e, dentre estes, 
quais devem ser obrigatórios. 
 
 

5",True,84,docs_ms,vigentes/Caderno_analises_SINAN_Meningites.pdf
docsms_caderno_pdf__calculo_do_percentual_de_casos_confirmados_de_me__1,Caderno de Análises SINAN — Meningites (PDF) — Cálculo Do Percentual De Casos Confirmados De Meningite Sem,sinan,sinan pdf indicadores qualidade dbf tabwin caderno analises sinan meningites calculo percentual casos confirmados meningite informacao sobre evolucao segundo municipio notificacao menu tabwin clicar,Caderno de Análises SINAN — Meningites (Portal SINAN/MS),"INFORMAÇÃO SOBRE A EVOLUÇÃO, SEGUNDO MUNICÍPIO DE NOTIFICAÇÃO  E 
ANO. 
 
No menu TabWin clicar no botão Executa tabulação. 
Realizar a seleção conforme campos abaixo: 
 
ARQUIVO DE DEFINICÃO C:\SinanNET\Base DBF\MeningeNET.def 
LINHAS Mun US Noti “UF” (Selecione a UF de interesse) 
COLUNAS Evolução-Não assinalar Suprimir colunas zeradas 
INCREMENTO Freqüência 
ARQUIVO C:\SinanNET\\BaseDBF\MENINNET.DBF 

35",True,84,docs_ms,vigentes/Caderno_analises_SINAN_Meningites.pdf
docsms_caderno_pdf__ccaallccuulloo_ddee_iinnddiiccaaddoorreess_uutti__1,Caderno de Análises SINAN — Meningites (PDF) — Ccáállccuulloo  Ddee  Iinnddiiccaaddoorreess  Uuttiilliizzaannddoo  Eeppiiiinnffoo,sinan,sinan pdf indicadores qualidade dbf tabwin caderno analises sinan meningites ccaallccuulloo ddee iinnddiiccaaddoorreess uuttiilliizzaannddoo eeppiiiinnffoo elaborado arquivo indicame para calculo seguintes indicadores proporcao casos,Caderno de Análises SINAN — Meningites (Portal SINAN/MS),"Foi elaborado um arquivo pgm, INDICAME.pgm, para o cálculo dos seguintes 
indicadores: 
 
 
 PROPORÇÃO DE CASOS DE MENINGITE ENCERRADOS OPORTUNAMENTE (EM 
ATÉ 60 DIAS) 
 
Este indicador avalia a oportunidade de encerramento dos casos de meningite, ou seja a 
proporção de casos que foram encerrados em até 60 dias. 
 
 
 PROPORÇÃO DE CASOS CONFIRMADOS DE MENINGITE POR HEMÓFILOS",True,84,docs_ms,vigentes/Caderno_analises_SINAN_Meningites.pdf
docsms_caderno_pdf__ccaammppooss_eesssseenncciiaaiiss_ddee_pprreeeen__1,Caderno de Análises SINAN — Meningites (PDF) — Ccaammppooss  Eesssseenncciiaaiiss  Ddee  Pprreeeenncchhiimmeennttoo  Oobbrriiggaattóórriioo,sinan,sinan pdf indicadores qualidade dbf tabwin caderno analises sinan meningites ccaammppooss eesssseenncciiaaiiss ddee pprreeeenncchhiimmeennttoo oobbrriiggaattoorriioo campo preenchimento obrigatorio aquele cuja ausencia dado impossibilita inclusao,Caderno de Análises SINAN — Meningites (Portal SINAN/MS),"Campo de preenchimento obrigatório é aquele  cuja ausência de dado impossibilita a 
inclusão da notificação ou da investigação no SINAN. 
 
Campos Chaves do Sistema (identificam cada registro): 
 Agravo 
 Número (Da Notificação) 
 Data De Notificação 
 Município De Notificação 
 
Campos de Preenchimento Obrigatório na Notificação (todos os agravos): 
 Data dos primeiros sintomas (agravos agudos)/do Diagnóstico (crônicos) 
 Nome do paciente 
 Idade 
 Sexo 
 Município de Residência (Se Paciente Brasileiro, Quando UF é Digitada) 
 País (Se Paciente Estrangeiro) 
 
Na Investigação de Meningite: 
 Data da investigação 
 Critério de Confirmação 
 Realizada a quimioprofilaxia dos comunicantes 
 Data do encerramento 
 
 
 
CCAAMMPPOOSS  EESSSSEENNCCIIAAIISS,,  PPOORREEMM  NNÃÃOO  OOBBRRIIGGAATTÓÓRRIIOOSS  
 
Nem sempre os campos podem ter a digitação obrigatória no sistema, uma",True,84,docs_ms,vigentes/Caderno_analises_SINAN_Meningites.pdf
docsms_caderno_pdf__ccaammppooss_eesssseenncciiaaiiss_ddee_pprreeeen__2,Caderno de Análises SINAN — Meningites (PDF) — Ccaammppooss  Eesssseenncciiaaiiss  Ddee  Pprreeeenncchhiimmeennttoo  Oobbrriiggaattóórriioo,sinan,sinan pdf indicadores qualidade dbf tabwin caderno analises sinan meningites ccaammppooss eesssseenncciiaaiiss ddee pprreeeenncchhiimmeennttoo oobbrriiggaattoorriioo ppoorreemm nnaaoo oobbrriiggaattoorriiooss sempre campos podem digitacao obrigatoria sistema,Caderno de Análises SINAN — Meningites (Portal SINAN/MS),"PPOORREEMM  NNÃÃOO  OOBBRRIIGGAATTÓÓRRIIOOSS  
 
Nem sempre os campos podem ter a digitação obrigatória no sistema, uma vez que 
muitos dados não são coletados no primeiro momento da investigação. Caso contrário, 
haveria atraso no envio das notificações/investigações. 
  
Os campos listados abaixo, embora não sejam de preenchimento obrigatório no sistema, 
foram selecionados como essenciais para análise epidemiológica e operacional. Ressalta-
se que os casos serão considerados completos e encerrados somente quando todos 
estes campos estiverem preenchidos. 
 
Na Notificação: Além dos campos obrigatórios citados acima, todos os demais campos 
da notificação são essenciais para o preenchimento (ex: escolaridade, raça, etc.). 
 
Na Investigação: 
- Contato compatível com caso de meningite (35) 
- Caso secundário (39) 
- Sinais e sintomas (40) 
- Data da internação (42) 
- Punção lombar",True,84,docs_ms,vigentes/Caderno_analises_SINAN_Meningites.pdf
docsms_caderno_pdf__ccaammppooss_eesssseenncciiaaiiss_ddee_pprreeeen__3,Caderno de Análises SINAN — Meningites (PDF) — Ccaammppooss  Eesssseenncciiaaiiss  Ddee  Pprreeeenncchhiimmeennttoo  Oobbrriiggaattóórriioo,sinan,sinan pdf indicadores qualidade dbf tabwin caderno analises sinan meningites ccaammppooss eesssseenncciiaaiiss ddee pprreeeenncchhiimmeennttoo oobbrriiggaattoorriioo caso meningite caso secundario sinais sintomas data internacao puncao,Caderno de Análises SINAN — Meningites (Portal SINAN/MS),"com caso de meningite (35) 
- Caso secundário (39) 
- Sinais e sintomas (40) 
- Data da internação (42) 
- Punção lombar (46) 
- Data da punção (47) 
- Classificação do caso (50) 
- Se confirmado, especifique (51) 
- especificar a etiologias bacterianas 

6 
- especificar a etiologias asséptica 
- especificar a etiologias de outra etiologia 
- Critério de confirmação (52) 
- Número de comunicantes (54) 
- Realizou quimioprofilaxia dos comunicantes (55) 
- Evolução do caso (58) 
 
 
 
IINNCCLLUUSSÃÃOO  DDEE  NNOOTTIIFFIICCAAÇÇÕÕEESS  DDEE  MMEENNIINNGGIITTEESS  ((AAGGRRAAVVOO  AAGGUUDDOO))  
 
Notas sobre a ficha de notificação 
 
a. Devem ser preenchidas pela Unidade de Saúde ou outra fonte notificadora do 
município na ocorrência de casos suspeitos.  
 
b. O formulário utilizado deve ser  a ficha de notificação padronizada (2 vias) e pré-
numeradas. Somente haverá sobreposição de",True,84,docs_ms,vigentes/Caderno_analises_SINAN_Meningites.pdf
docsms_caderno_pdf__ccaammppooss_eesssseenncciiaaiiss_ddee_pprreeeen__4,Caderno de Análises SINAN — Meningites (PDF) — Ccaammppooss  Eesssseenncciiaaiiss  Ddee  Pprreeeenncchhiimmeennttoo  Oobbrriiggaattóórriioo,sinan,sinan pdf indicadores qualidade dbf tabwin caderno analises sinan meningites ccaammppooss eesssseenncciiaaiiss ddee pprreeeenncchhiimmeennttoo oobbrriiggaattoorriioo mulario utilizado deve ficha notificacao padronizada vias numeradas somente,Caderno de Análises SINAN — Meningites (Portal SINAN/MS),"mulário utilizado deve ser  a ficha de notificação padronizada (2 vias) e pré-
numeradas. Somente haverá sobreposição de registros, se os casos forem referentes ao 
mesmo agravo, notificados pelo mesmo município no mesmo dia e com a mesma 
numeração. 
 
c. As instruções de preenchimento devem ser rigorosamente obedecidas, não devendo 
ficar casela em branco. 
 
d. O não preenchimento dos campos abaixo (obrigatórios) inviabilizará a inclusão do caso: 
 Tipo de notificação – 2 - Individual 
 Agravo/doença – Nome do agravo notificado (Paralisia Flácida Aguda 
Poliomielite) 
 Data da notificação – data do preenchimento da notificação 
 Município de notificação – Onde está localizada a Unidade de Saúde (ou 
outra fonte notificadora) que realizou a notificação. 
 Unidade de Saúde: Nome da Unidade de Saúde que realizou a notificação. 
 Data dos primeiros Sintomas – Data que foi referida",True,84,docs_ms,vigentes/Caderno_analises_SINAN_Meningites.pdf
docsms_caderno_pdf__ccaammppooss_eesssseenncciiaaiiss_ddee_pprreeeen__5,Caderno de Análises SINAN — Meningites (PDF) — Ccaammppooss  Eesssseenncciiaaiiss  Ddee  Pprreeeenncchhiimmeennttoo  Oobbrriiggaattóórriioo,sinan,sinan pdf indicadores qualidade dbf tabwin caderno analises sinan meningites ccaammppooss eesssseenncciiaaiiss ddee pprreeeenncchhiimmeennttoo oobbrriiggaattoorriioo saude nome unidade saude realizou notificacao data primeiros sintomas,Caderno de Análises SINAN — Meningites (Portal SINAN/MS),"de de Saúde: Nome da Unidade de Saúde que realizou a notificação. 
 Data dos primeiros Sintomas – Data que foi referida como surgimento dos 
primeiros sintomas. 
 Nome do paciente – Nome completo sem abreviações. 
 Data de nascimento ou Idade. 
 Sexo 
 Gestante – preenchimento obrigatório se paciente for do sexo feminino 
 UF e Município de Residência - preenchimento obrigatório se paciente 
reside no Brasil 
 País – preenchimento obrigatório se paciente não reside no Brasil 
 
e. A Unidade de Saúde notificante deve encaminhar a 1ª via, para o Núcleo de Vigilância 
Epidemiológica Municipal de acordo com rotina estabelecida pela SMS. 
 
f. A 2ª via deve ser arquivada na Unidade de Saúde. 
 
g. As Fichas devem ser submetidas à análise pelo Núcleo de Vigilância  Epidemiológica 
da Unidade ou do nível Municipal antes do encaminhamento para a inclusão no Sistema. 
 
h. A digitação é",True,84,docs_ms,vigentes/Caderno_analises_SINAN_Meningites.pdf
docsms_caderno_pdf__ccaammppooss_eesssseenncciiaaiiss_ddee_pprreeeen__6,Caderno de Análises SINAN — Meningites (PDF) — Ccaammppooss  Eesssseenncciiaaiiss  Ddee  Pprreeeenncchhiimmeennttoo  Oobbrriiggaattóórriioo,sinan,sinan pdf indicadores qualidade dbf tabwin caderno analises sinan meningites ccaammppooss eesssseenncciiaaiiss ddee pprreeeenncchhiimmeennttoo oobbrriiggaattoorriioo epidemiologica unidade nivel municipal antes encaminhamento para inclusao sistema,Caderno de Análises SINAN — Meningites (Portal SINAN/MS),"Epidemiológica 
da Unidade ou do nível Municipal antes do encaminhamento para a inclusão no Sistema. 
 
h. A digitação é realizada pelo  município ou regional  responsável,, onde a 1ª via deve 
ser arquivada. 

7 
 
i. Os campos que identificam cada registro no banco de dados (campos-chave) são: 
- Nº 
- Data de Notificação 
- Município de Notificação 
- Agravo 
 
j.Uma vez incluída uma notificação, os campos chaves não poderão ser alterados. 
Caso haja erro de digitação, a ficha deverá ser excluída e digitada novamente com 
outro número. 
 
l. A data para inclusão de casos novos de MENINGITE é de 180 dias.",True,84,docs_ms,vigentes/Caderno_analises_SINAN_Meningites.pdf
docsms_caderno_pdf__ccoonnssuullttaa__1,Caderno de Análises SINAN — Meningites (PDF) — Ccoonnssuullttaa,sinan,sinan pdf indicadores qualidade dbf tabwin caderno analises sinan meningites ccoonnssuullttaa notas resultado consulta correspondera todos registros base dados indicado periodo notificacao criterio selecao,Caderno de Análises SINAN — Meningites (Portal SINAN/MS),"Notas 
 
a. O resultado da consulta corresponderá a todos os registros da base de dados se não 
for indicado o período de notificação e critério de seleção.  
 
b. A consulta poderá ser realizada por Data de Notificação ou p or Semana 
Epidemiológica da Notificação. 
 
c. Se no item Período de Notificação for informada apenas a data inicial, o sistema 
consultará os registros notificados no período compreendido entre a data inicial 
indicada e a data registrada pelo relógio do microcomputador.  
 
d. As opções disponíveis no campo Operador (igual, maior, menor, etc.) variam de 
acordo com o campo selecionado para critério de seleção de registros. 
 
e. Para excluir um critério de seleção, clique duas vezes sobre ele. 
 
f. Para apagar todos os critéri os utilizados em seleção anterior e iniciar uma nova 
consulta utilizar o botão Nova consulta. 
 
g. O sistema possibilita salvar um",True,84,docs_ms,vigentes/Caderno_analises_SINAN_Meningites.pdf
docsms_caderno_pdf__ccoonnssuullttaa__2,Caderno de Análises SINAN — Meningites (PDF) — Ccoonnssuullttaa,sinan,sinan pdf indicadores qualidade dbf tabwin caderno analises sinan meningites ccoonnssuullttaa selecao anterior iniciar nova consulta utilizar botao nova consulta sistema possibilita salvar modelo,Caderno de Análises SINAN — Meningites (Portal SINAN/MS),"s em seleção anterior e iniciar uma nova 
consulta utilizar o botão Nova consulta. 
 
g. O sistema possibilita salvar um modelo de consulta, chamado Padrão de Consulta, 
que tenha pelo menos 3 critérios de seleção. 
 
h. Para salvar um padrão de consulta c riado a partir de outro é necessário salvá -lo com 
outro nome e utilizar a função Salvar Como. 
 
i. Após salvo um Padrão de Consulta é possível enviá -lo para um outro nível, para a 
execução da mesma consulta, utilizando os mesmos critérios, por meio da opção 
Exportar. Após execução da rotina exportar o arquivo gerado (localizado na pasta 
descentralização) deverá ser encaminhado e recebido (rotina de recebimento) pelo 
nível de interesse.  
 
j. A função Não contar é utilizada para marcar registros na base de dados par a não 
serem computados no cálculo da incidência do agravo. Uma vez marcados como não 
contar, os registros são",True,84,docs_ms,vigentes/Caderno_analises_SINAN_Meningites.pdf
docsms_caderno_pdf__ccoonnssuullttaa__3,Caderno de Análises SINAN — Meningites (PDF) — Ccoonnssuullttaa,sinan,sinan pdf indicadores qualidade dbf tabwin caderno analises sinan meningites ccoonnssuullttaa ados serem computados calculo incidencia agravo marcados como contar registros armazenados tabela parte,Caderno de Análises SINAN — Meningites (Portal SINAN/MS),"ados par a não 
serem computados no cálculo da incidência do agravo. Uma vez marcados como não 
contar, os registros são armazenados em tabela à parte. Deve ser utilizado para 
notificação improcedente e que não foi excluída pelo nível que a digitou, apesar de 
orientado e solicitado (ex: notificação de varíola registrada na base estadual).  
 
k. A listagem resultante da consulta pode ser salva em vários formatos, dentre eles o .rtf 
que é equivalente ao word. 
 
 

11 
a) Realizando uma consulta",True,84,docs_ms,vigentes/Caderno_analises_SINAN_Meningites.pdf
docsms_caderno_pdf__coeficiente_de_incidencia_de_meningite_por_etiol__1,Caderno de Análises SINAN — Meningites (PDF) — Coeficiente De Incidência De Meningite Por Etiologia Segundo,sinan,sinan pdf indicadores qualidade dbf tabwin caderno analises sinan meningites coeficiente incidencia meningite etiologia segundo municipio residencia determinada menu tabwin clicar botao executa tabulacao,Caderno de Análises SINAN — Meningites (Portal SINAN/MS),"MUNICÍPIO DE RESIDÊNCIA, DE DETERMINADA UF E ANO. 
No menu TabWin clicar no botão Executa tabulação. 
Realizar a seleção conforme campos abaixo: 
 
ARQUIVO DE DEFINICÃO C:\sinanNET\Base DBF\MeningeNET.def 
LINHAS Mun Resid UF  (Selecione a UF de interesse) 
COLUNAS Etiologia -Não assinalar Sup colunas zeradas 
INCREMENTO Freqüência 
ARQUIVO C:\SinanNET\\BaseDBF\MENINNET.DBF",True,84,docs_ms,vigentes/Caderno_analises_SINAN_Meningites.pdf
docsms_caderno_pdf__coeficiente_de_letalidade_de_meningite_por_etiol__1,Caderno de Análises SINAN — Meningites (PDF) — Coeficiente De Letalidade De Meningite Por Etiologia Segundo,sinan,sinan pdf indicadores qualidade dbf tabwin caderno analises sinan meningites coeficiente letalidade meningite etiologia segundo municipio residencia determinada menu tabwin clicar botao executa tabulacao,Caderno de Análises SINAN — Meningites (Portal SINAN/MS),"MUNICÍPIO DE RESIDÊNCIA, DE DETERMINADA UF E ANO. 
No menu TabWin clicar no botão Executa tabulação. 
Realizar a seleção conforme campos abaixo: 
 

41 
ARQUIVO DE DEFINICÃO C:\SinanNET\Base DBF\MeningeNET.def 
LINHAS Mun Resid UF  (Selecione a UF de interesse) 
COLUNAS Etiologia - Assinalar Sup colunas zeradas 
INCREMENTO Freqüência 
ARQUIVO C:\SinanNET\\BaseDBF\MENINNET.DBF",True,84,docs_ms,vigentes/Caderno_analises_SINAN_Meningites.pdf
docsms_caderno_pdf__comunicantes__1,Caderno de Análises SINAN — Meningites (PDF) — Comunicantes,sinan,sinan pdf indicadores qualidade dbf tabwin caderno analises sinan meningites comunicantes este indicador proporciona avaliacao sobre utilizacao quimioprofilaxia sendo assim quando quimioprofilaxia realizada importante,Caderno de Análises SINAN — Meningites (Portal SINAN/MS),"Este indicador proporciona uma avaliação sobre a utilização da quimioprofilaxia. Sendo 
assim, quando a quimioprofilaxia é realizada, é importante saber quantas pessoas 
receberam medicação (Rifampicina). 
 
 PROPORÇÃO DE CASOS CONFIRMADOS DE MENINGITE COM INFORMAÇÃO",True,84,docs_ms,vigentes/Caderno_analises_SINAN_Meningites.pdf
docsms_caderno_pdf__ddaaddooss_ddoo_ssiinnaann__1,Caderno de Análises SINAN — Meningites (PDF) — Ddaaddooss  Ddoo  Ssiinnaann,sinan,sinan pdf indicadores qualidade dbf tabwin caderno analises sinan meningites ddaaddooss ddoo ssiinnaann para realizarmos analises completitude campos notificacoes podemos tabular frequencias simples cada,Caderno de Análises SINAN — Meningites (Portal SINAN/MS),"Para realizarmos análises da completitude dos campos das notificações com o Tab win, 
podemos tabular freqüências simples de cada campo essencial, como também cruzar 
dois campos para avaliarmos simultaneamente a completitude e consistência.  
 
O Sinan, versão para NET, permite acessar o Tabwin , sem sair do programa, pelo m enu 
Ferramentas, opção Tabwin. Este programa também pode ser executado diretamente. Em 
ambas situações, antes de iniciar seu uso, é necessá rio que a base de dados do Sinan  
NET esteja no formato DBF. Para exportar as bases de dados do SINAN Net, que estão 
no formato Interbase ou Postgre , para formato DBF, proceda conforme orientado 
anteriormente. 
 
 Para iniciar a tabulação dos dados selecionar a função “arquivo” na barra de menu, 
opção “executar tabulação” ou clicar diretamente no botão com ícone “ponto de 
interrogação. Surge na tela uma caixa de",True,84,docs_ms,vigentes/Caderno_analises_SINAN_Meningites.pdf
docsms_caderno_pdf__ddaaddooss_ddoo_ssiinnaann__10,Caderno de Análises SINAN — Meningites (PDF) — Ddaaddooss  Ddoo  Ssiinnaann,sinan,sinan pdf indicadores qualidade dbf tabwin caderno analises sinan meningites ddaaddooss ddoo ssiinnaann somente registros atendam determinada condicao exemplo casos notificados municipio especifico partir,Caderno de Análises SINAN — Meningites (Portal SINAN/MS),"somente os registros que atendam a uma determinada condição. 
Por exemplo, casos notificados por município específico a partir de determinado ano, de 
uma doença ou faixa etária, etc; 
Reunir registros de vários arquivos de dados em um único arquivo DBF; 
 

31",True,84,docs_ms,vigentes/Caderno_analises_SINAN_Meningites.pdf
docsms_caderno_pdf__ddaaddooss_ddoo_ssiinnaann__2,Caderno de Análises SINAN — Meningites (PDF) — Ddaaddooss  Ddoo  Ssiinnaann,sinan,sinan pdf indicadores qualidade dbf tabwin caderno analises sinan meningites ddaaddooss ddoo ssiinnaann opcao executar tabulacao clicar diretamente botao icone ponto interrogacao surge tela,Caderno de Análises SINAN — Meningites (Portal SINAN/MS),"opção “executar tabulação” ou clicar diretamente no botão com ícone “ponto de 
interrogação. Surge na tela uma caixa de diálogo para seleção do arquivo de definição 
“Abre arquivo de definição”. 
 
         
          
  
 
Para efetuar tabulações com os programas TAB (TAB, TABWIN, TABNET) são 
necessários arquivos de definição e de conversão específicos par a cada banco de dados 
(*.DBF). Os arquivos de definição (*.DEF) contém informações necessárias para 
identificar quais variáveis estarão disponíveis no painel de controle apresentado pelo 
programa de modo a possibilitar a tabulação dos dados do respectivo b anco. Nos 
arquivos de conversão (*.CNV) estão as categorias de cada variável do banco de dados e 
respectivos códigos de identificação. Os arquivos de definição e de conversão devem ser 
salvos no diretório criado (C:\ SINANNET\BASEDBF).",True,84,docs_ms,vigentes/Caderno_analises_SINAN_Meningites.pdf
docsms_caderno_pdf__ddaaddooss_ddoo_ssiinnaann__3,Caderno de Análises SINAN — Meningites (PDF) — Ddaaddooss  Ddoo  Ssiinnaann,sinan,sinan pdf indicadores qualidade dbf tabwin caderno analises sinan meningites ddaaddooss ddoo ssiinnaann identificacao arquivos definicao conversao devem salvos diretorio criado sinannet basedbf portanto,Caderno de Análises SINAN — Meningites (Portal SINAN/MS),"identificação. Os arquivos de definição e de conversão devem ser 
salvos no diretório criado (C:\ SINANNET\BASEDBF). 
 

27 
 
    
 
Portanto para executar as tabulações de dados referentes ao agravo Meningite na base 
de dados do SINAN NET é necessário selecionar o arquivo de definição 
C:\SINANNET\BASEDBF\ MeninNET.def e clicar o botão Abre DEF. 
       
Após a seleção do arquivo de definição adequa do, surge na tela o painel de controle 
onde estão todas as opções básicas que o programa oferece para a realização de 
tabulações (linha, coluna, seleção, arquivo, etc.). 
 
          
  
 
Verificar no campo “Arquivos” se  o banco de dados a ser utilizado e res pectiva 
localização (ex: C: \SINANNET\BASEDBF\MENINNET.DBF) estão corretamente 
indicados, caso contrário, digitar diretamente no campo “Arquivos” ou solicitar modificação 
da indicação padrão definida na primeira linha do",True,84,docs_ms,vigentes/Caderno_analises_SINAN_Meningites.pdf
docsms_caderno_pdf__ddaaddooss_ddoo_ssiinnaann__4,Caderno de Análises SINAN — Meningites (PDF) — Ddaaddooss  Ddoo  Ssiinnaann,sinan,sinan pdf indicadores qualidade dbf tabwin caderno analises sinan meningites ddaaddooss ddoo ssiinnaann digitar diretamente campo arquivos solicitar modificacao indicacao padrao definida primeira linha,Caderno de Análises SINAN — Meningites (Portal SINAN/MS),"rio, digitar diretamente no campo “Arquivos” ou solicitar modificação 
da indicação padrão definida na primeira linha do arquivo de definição correspondente. 
 
 
 
Caso se queira tabular dados referentes a 
todos os agravos de notificação, deve -se 
selecionar o arquivo de definição 
NOTINDIVNET.DEF, caso deseje um 
agravo especifico de investigação, 
seleciona-se o arquivo referente ao agravo.  
Ex.: MeningeNET.def  
 

28 
 Selecionar na janela LINHA  a informação que deverá constar nas linhas da tabela 
a ser executada 
 
 Selecionar na COLUNA a informação que deverá constar nas colunas da tabela a 
ser executada   
                                      
 
 A janela “incremento ” somente deve ser utilizada  para variáveis não categóricas 
(ex: nº total de ampolas) quando não se deseja agrupá-las em categorias.  
 
                                            
  
 
 Para",True,84,docs_ms,vigentes/Caderno_analises_SINAN_Meningites.pdf
docsms_caderno_pdf__ddaaddooss_ddoo_ssiinnaann__5,Caderno de Análises SINAN — Meningites (PDF) — Ddaaddooss  Ddoo  Ssiinnaann,sinan,sinan pdf indicadores qualidade dbf tabwin caderno analises sinan meningites ddaaddooss ddoo ssiinnaann ampolas quando deseja agrupa categorias para selecionar quais registros serao considerados,Caderno de Análises SINAN — Meningites (Portal SINAN/MS),"de ampolas) quando não se deseja agrupá-las em categorias.  
 
                                            
  
 
 Para selecionar quais registros serão considerados na tabulação, assinala r na 
janela “seleções disponíveis” as variáveis que os identificam, clicar no botão 
“incluir” e selecionar na janela  “categorias selecionadas” as opções desejadas. 
Confira as seleções efetuadas percorrendo com o mouse as opções disponíveis na 
janela “seleções ativas”. 
                                           
  
 
 NÃO CLASSIFICADOS : Quando assinalada a opção Ignorar são considerados 
apenas os registros cujos campos estão preenchidos com categorias previstas na 
fichas de notificação/investigação (valores vá lidos) e que devem estar 
discriminadas no arquivo de conversão correspondente. A opção Incluir considera, 
inclusive, os registros cujos campos selecionados na coluna e na linha",True,84,docs_ms,vigentes/Caderno_analises_SINAN_Meningites.pdf
docsms_caderno_pdf__ddaaddooss_ddoo_ssiinnaann__6,Caderno de Análises SINAN — Meningites (PDF) — Ddaaddooss  Ddoo  Ssiinnaann,sinan,sinan pdf indicadores qualidade dbf tabwin caderno analises sinan meningites ddaaddooss ddoo ssiinnaann ersao correspondente opcao incluir considera inclusive registros cujos campos selecionados coluna,Caderno de Análises SINAN — Meningites (Portal SINAN/MS),"ersão correspondente. A opção Incluir considera, 
inclusive, os registros cujos campos selecionados na coluna e na linha estejam 
preenchidos com valores não válidos, sem contudo discriminá -los; a opçã o 
Discriminar além de considerar, inclusive, os registros cujos campos selecionados 

29 
na coluna e na linha estejam preenchidos com valores não válidos, discrimina cada 
valor inválido encontrado.  
 
Clicar no botão executar para que o programa inicie a tabulação.  
 
Ao concluir a tabulação, surge na tela a janela LOG que apresenta todas as 
características da tabulação efetuada, útil para fazer uma revisão da tabulação solicitada. 
  
Esses dados são salvos junto com a tabela. Minimizar a janela. 
 
Observação: Sempre que uma tabela salva anteriormente for aberta, surge a janela log. 
 
                      
Para calcular indicador ou efetuar operações matemáticas: opção",True,84,docs_ms,vigentes/Caderno_analises_SINAN_Meningites.pdf
docsms_caderno_pdf__ddaaddooss_ddoo_ssiinnaann__7,Caderno de Análises SINAN — Meningites (PDF) — Ddaaddooss  Ddoo  Ssiinnaann,sinan,sinan pdf indicadores qualidade dbf tabwin caderno analises sinan meningites ddaaddooss ddoo ssiinnaann aberta surge janela para calcular indicador efetuar operacoes matematicas opcao operacoes,Caderno de Análises SINAN — Meningites (Portal SINAN/MS),"or aberta, surge a janela log. 
 
                      
Para calcular indicador ou efetuar operações matemáticas: opção Operações 
 
 
Para modificar nome de colunas utilizar o menu “quadro” da barra de menu principal do 
programa (opção cabec das colunas), assim como para modificar sua posição (opção 
mover colunas) ou excluir colunas ( opção eliminar colunas).  

30 
 
ATENÇÃO: Os valores da coluna total não são atualizados com a eliminação de colunas 
que não são de interesse.  
 
Para definir o nº de casas decimais: menu “quadro”, opção Decimais. 
 
Para atribuir título, rodapé e imprimir a tabela : menu arquivo, opção imprimir, digitar o 
título e rodapé. Para imprimir a tabela na configuração “paisagem”  ou modificar outras 
configurações de impressão, clicar no botão “setup” e selecionar em “orientação” a opção 
paisagem, clicar em OK. Para iniciar a impressão clique no botão OK",True,84,docs_ms,vigentes/Caderno_analises_SINAN_Meningites.pdf
docsms_caderno_pdf__ddaaddooss_ddoo_ssiinnaann__8,Caderno de Análises SINAN — Meningites (PDF) — Ddaaddooss  Ddoo  Ssiinnaann,sinan,sinan pdf indicadores qualidade dbf tabwin caderno analises sinan meningites ddaaddooss ddoo ssiinnaann botao setup selecionar orientacao opcao paisagem clicar para iniciar impressao clique,Caderno de Análises SINAN — Meningites (Portal SINAN/MS),"botão “setup” e selecionar em “orientação” a opção 
paisagem, clicar em OK. Para iniciar a impressão clique no botão OK na janela Imprime. 
Para atribuir título e rodapé sem imprimir, clicar no botão sair 
OBS: O título e rodapé também podem ser atribuídos no menu Quadro, opção Cabeçalho 
1, digite a primeira parte do título e clique em OK . Retorne ao menu Quadro, opção 
Cabeçalho 2, digite a segunda parte do título e clique em OK. 
 
Atenção: O título e rodapé estão habilitados somente para impressão e não para a tela. 
 
Para salvar as tabelas clique na opção Salvar como do menu Arquivo e indique o nome e 
o local onde o arquivo deverá ser gravado e Salve com o tipo Tabelas do Tabwin (a 
extensão atribuída é .tab). 
 
OBS: Para salvar com formato compatível com o aplicativo Excel : selecionar no menu 
Arquivo a opção Salvar como, digitar o nome do arquivo a ser salvo (cura02.xls) na",True,84,docs_ms,vigentes/Caderno_analises_SINAN_Meningites.pdf
docsms_caderno_pdf__ddaaddooss_ddoo_ssiinnaann__9,Caderno de Análises SINAN — Meningites (PDF) — Ddaaddooss  Ddoo  Ssiinnaann,sinan,sinan pdf indicadores qualidade dbf tabwin caderno analises sinan meningites ddaaddooss ddoo ssiinnaann plicativo excel selecionar menu arquivo opcao salvar como digitar nome arquivo,Caderno de Análises SINAN — Meningites (Portal SINAN/MS),"plicativo Excel : selecionar no menu 
Arquivo a opção Salvar como, digitar o nome do arquivo a ser salvo (cura02.xls) na janela 
“Salvar arquivo como tipo” assinale “planilha Excel”, indique em que unidade e pasta onde 
deverá ser salvo o arquivo e clique em OK.  
 
Para associar duas tabelas, abra a primeira, selecione a opção “incluir tabela” no menu 
“arquivo” e indique a tabela a ser incluída. 
 
- SALVAR REGISTROS: (Opcional) Caso queira que registros selecionados sejam salvos 
em um novo arquivo DBF, marque a opção Salvar registros.  O programa solicitará que 
seja dado um nome a esse arquivo DBF, indicação onde salvá -lo, bem como quais 
variáveis deverão compor esse novo arquivo.  
 
Esta opção é útil, entre outras situações, para: 
Criar arquivos contendo somente os registros que atendam a uma determinada condição. 
Por exemplo, casos notificados por município específico a",True,84,docs_ms,vigentes/Caderno_analises_SINAN_Meningites.pdf
docsms_caderno_pdf__dduupplliicciiddaaddeess_nnaa_bbaassee_ddee_ddaa__1,Caderno de Análises SINAN — Meningites (PDF) — Dduupplliicciiddaaddeess  Nnaa  Bbaassee  Ddee  Ddaaddooss  Ddoo  Ssiinnaann,sinan,sinan pdf indicadores qualidade dbf tabwin caderno analises sinan meningites dduupplliicciiddaaddeess nnaa bbaassee ddee ddaaddooss ddoo ssiinnaann numero significativo registros indevidamente duplicados pode distorcer,Caderno de Análises SINAN — Meningites (Portal SINAN/MS),"Um número significativo de registros indevidamente duplicados pode distorcer os 
resultados de indicadores calculados a partir da base de dados do SINAN. Esses registros 
duplicados devem ser identificados, investigados e, de acordo com o tipo de duplicidade 
(duplicidade propriamente  dita ou homônimos), devem ser efetuados os procedimentos 
correspondentes, conforme descrito no Manua l Operacional e no Manual de Normas e 
Rotinas do SINAN NET e demonstrado no Roteiro de treinamento do SINAN NET, ambos 
documentos disponíveis no CD de instalação do sistema. 
 
 
Verificação de Duplicidades e procedimentos indicados 
 
Notas 
 
a. O sistema selecion a registros possivelmente duplicados e os  lista no relatório, 
utilizando como critério padrão os seguintes campos idênticos: 
 
 Nome/ Sobrenome do paciente 
 Data de nascimento 
 Sexo",True,84,docs_ms,vigentes/Caderno_analises_SINAN_Meningites.pdf
docsms_caderno_pdf__dduupplliicciiddaaddeess_nnaa_bbaassee_ddee_ddaa__2,Caderno de Análises SINAN — Meningites (PDF) — Dduupplliicciiddaaddeess  Nnaa  Bbaassee  Ddee  Ddaaddooss  Ddoo  Ssiinnaann,sinan,sinan pdf indicadores qualidade dbf tabwin caderno analises sinan meningites dduupplliicciiddaaddeess nnaa bbaassee ddee ddaaddooss ddoo ssiinnaann como criterio padrao seguintes campos identicos nome,Caderno de Análises SINAN — Meningites (Portal SINAN/MS),"do como critério padrão os seguintes campos idênticos: 
 
 Nome/ Sobrenome do paciente 
 Data de nascimento 
 Sexo 
 

15 
b. Para a seleção de possíveis duplicidades, o sistema utiliza para a identific ação do 
paciente além dessas variáveis, outras opções para seleção duplicidade. É possível 
compor um filtro utilizando um ou mais das seguintes variáveis:  
 
 Nome do paciente (nome completo do paciente) 
 Idade 
 Nome da mãe 
 
c. A seleção do período de notificação deve ser: 
 
 Meningite –  no mínimo de 1 ano; 
 
d. Se o período não for indicado, toda base de dados será analisado. 
e.  
f. De acordo com a duplicidade identificada é possível adotar um dos seguintes 
procedimentos: 
 
 Excluir – exclui da base de dados o registro selecionado; 
 
 Não Listar – o registro selecionado permanece na base de dados, apenas não é 
exibido no relatório de duplicidades. Só voltará a",True,84,docs_ms,vigentes/Caderno_analises_SINAN_Meningites.pdf
docsms_caderno_pdf__dduupplliicciiddaaddeess_nnaa_bbaassee_ddee_ddaa__3,Caderno de Análises SINAN — Meningites (PDF) — Dduupplliicciiddaaddeess  Nnaa  Bbaassee  Ddee  Ddaaddooss  Ddoo  Ssiinnaann,sinan,sinan pdf indicadores qualidade dbf tabwin caderno analises sinan meningites dduupplliicciiddaaddeess nnaa bbaassee ddee ddaaddooss ddoo ssiinnaann registro selecionado permanece base dados apenas exibido,Caderno de Análises SINAN — Meningites (Portal SINAN/MS),"ar – o registro selecionado permanece na base de dados, apenas não é 
exibido no relatório de duplicidades. Só voltará a ser listado se for  notificado um 
novo registro com as mesmas variáveis de identificação. 
 
 Não Contar – o registro selec ionado não será mais exibido na base de dados, 
passando a fazer parte de uma tabela de registros marcados para não contar no 
sistema e não serão computados nas estatísticas do agravo correspondente. 
Disponível apenas para as Secretarias Estaduais de Saúde e Ministério da Saúde 
(MS). Deverá ser utilizado, quando apesar de todos os esforços, os níveis 
inferiores não tiverem excluído a duplicidade identificada ou poderá também ser 
utilizado quando forem identificadas notificações não procedentes na base de 
dados e que deveriam ser excluídas no nível inferior, no entanto não executado. 
(Ex.:Caso de Poliomielite confirmado). 
 
 
Atenção:",True,84,docs_ms,vigentes/Caderno_analises_SINAN_Meningites.pdf
docsms_caderno_pdf__dduupplliicciiddaaddeess_nnaa_bbaassee_ddee_ddaa__4,Caderno de Análises SINAN — Meningites (PDF) — Dduupplliicciiddaaddeess  Nnaa  Bbaassee  Ddee  Ddaaddooss  Ddoo  Ssiinnaann,sinan,sinan pdf indicadores qualidade dbf tabwin caderno analises sinan meningites dduupplliicciiddaaddeess nnaa bbaassee ddee ddaaddooss ddoo ssiinnaann eriam excluidas nivel inferior entanto executado caso,Caderno de Análises SINAN — Meningites (Portal SINAN/MS),"eriam ser excluídas no nível inferior, no entanto não executado. 
(Ex.:Caso de Poliomielite confirmado). 
 
 
Atenção: 
 
 O registro marcado com a opção Não Contar é incluído na tabela de não contar  e 
transferido para o nível superior do sistema, no entanto, não será exportado e nem 
contado como registro; 
 Se o registro estiver marcado no nível acima como não contar, ao ser recebido por 
uma nova transferência de um lote, é atualizado na tabela não contar. 
 
g. Conceitos e procedimentos que devem ser realizados em situações de: 
 
 Duplicidade 
 Homônimos 
 

16",True,84,docs_ms,vigentes/Caderno_analises_SINAN_Meningites.pdf
docsms_caderno_pdf__de_quimioprofilaxia_e_numero_de_comunicantes_por__1,Caderno de Análises SINAN — Meningites (PDF) — De Quimioprofilaxia E Número De Comunicantes Por Etiologia,sinan,sinan pdf indicadores qualidade dbf tabwin caderno analises sinan meningites quimioprofilaxia numero comunicantes etiologia proporcao casos oenca meningococica eningite,Caderno de Análises SINAN — Meningites (Portal SINAN/MS),"54 
 PROPORÇÃO DE CASOS DE D OENÇA MENINGOCÓCICA E M ENINGITE POR",True,84,docs_ms,vigentes/Caderno_analises_SINAN_Meningites.pdf
docsms_caderno_pdf__determinada_unidade_federada_e_ano_de_inicio_dos__1,Caderno de Análises SINAN — Meningites (PDF) — Determinada Unidade Federada E Ano De Início Dos Sintomas,sinan,sinan pdf indicadores qualidade dbf tabwin caderno analises sinan meningites determinada unidade federada inicio sintomas entende criterio laboratorial tecnicas cultura contraimunoeletroforese aglutinacao pelo latex,Caderno de Análises SINAN — Meningites (Portal SINAN/MS),"Entende-se por critério laboratorial as técnicas de cultura , contraimunoeletroforese (CIE), 
PCR e aglutinação pelo látex. 
 
Importância deste indicador 
 
o Útil para avaliar a eficiência do sistema de vigilância epidemiológica da meningite 
quanto à sua capacidade de encerrar os casos de meningite  bacteriana com técnicas 
laboratoriais que permitem a identificação do agente etiológico. 
 
o Este indicador permite orientar a avaliação e aplicação adequada das medidas de 
controle quando necessárias 
 
o Permite melhorar a especificidade do sistema de vigilância. 
 
o Prove bases para planejamento do programa de controle da doença.",True,84,docs_ms,vigentes/Caderno_analises_SINAN_Meningites.pdf
docsms_caderno_pdf__determinada_unidade_federada_e_ano_de_inicio_dos__2,Caderno de Análises SINAN — Meningites (PDF) — Determinada Unidade Federada E Ano De Início Dos Sintomas,sinan,sinan pdf indicadores qualidade dbf tabwin caderno analises sinan meningites determinada unidade federada inicio sintomas orar especificidade sistema vigilancia prove bases para planejamento programa,Caderno de Análises SINAN — Meningites (Portal SINAN/MS),"orar a especificidade do sistema de vigilância. 
 
o Prove bases para planejamento do programa de controle da doença. 
 

43 
 
Cálculo: 
 
Nº de casos confirmados de meningites bacterianas encerradas com critério laboratorial 
(cultura, CIE, PCR, Látex) x 100 
                                   Nº de casos confirmados de meningites bacterianas 
 
 
 
 
 
 
ARQUIVO DE DEFINICÃO C:\SinanNET\Base DBF\MeningeNET.def 
LINHAS Mun Resid UF   (Selecione a UF de interesse) 
Suprimir linhas zeradas 
COLUNAS Critério Conf - Assinalar Sup colunas zeradas 
INCREMENTO Freqüência 
ARQUIVO C:\SinanNET\\BaseDBF\MENINNET.DBF",True,84,docs_ms,vigentes/Caderno_analises_SINAN_Meningites.pdf
docsms_caderno_pdf__eexxppoorrttaaccaaoo_ppaarraa_ddbbff__1,Caderno de Análises SINAN — Meningites (PDF) — Eexxppoorrttaaççããoo  Ppaarraa  Ddbbff,sinan,sinan pdf indicadores qualidade dbf tabwin caderno analises sinan meningites eexxppoorrttaaccaaoo ppaarraa ddbbff notas essa rotina disponibiliza base dados arquivo formato para utilizado softwares,Caderno de Análises SINAN — Meningites (Portal SINAN/MS),"Notas 
 
a. Essa rotina disponibiliza a base de dados em arquivo formato.DBF para ser utilizado 
por softwares de análise. 
 

21 
b. Não serão exportados os registros que foram marcados na rotina de duplicidade como 
Não Contar no Banco de Dados. 
 
c. Sempre que houver uma atualização de dados e notificações na base do Sinan, deve 
ser realizada nova exportação  para que os dados sejam atualizado na base DBF.. 
 
d. Os registros a serem exportados podem ser selecionados segundo período de 
notificação. Para exportar a base toda basta não preencher o campo Período. 
 
e. O(s) agravo(s) que terão seus registros exportados devem ser indicados na tela. 
 
f. A exportação poderá ser realizada com os dados de identificação do paciente (caso 
esta opção esteja marcada) ou sem eles. 
 
g. Os arquivos após exportados estarão disponíveis na pasta C:\SinanNet\Base DBF 
 
 
 Exportando a base de",True,84,docs_ms,vigentes/Caderno_analises_SINAN_Meningites.pdf
docsms_caderno_pdf__eexxppoorrttaaccaaoo_ppaarraa_ddbbff__2,Caderno de Análises SINAN — Meningites (PDF) — Eexxppoorrttaaççããoo  Ppaarraa  Ddbbff,sinan,sinan pdf indicadores qualidade dbf tabwin caderno analises sinan meningites eexxppoorrttaaccaaoo ppaarraa ddbbff eles arquivos apos exportados estarao disponiveis pasta sinannet base exportando base,Caderno de Análises SINAN — Meningites (Portal SINAN/MS),"em eles. 
 
g. Os arquivos após exportados estarão disponíveis na pasta C:\SinanNet\Base DBF 
 
 
 Exportando a base de dados para o formato DBF:",True,84,docs_ms,vigentes/Caderno_analises_SINAN_Meningites.pdf
docsms_caderno_pdf__encerramento__1,Caderno de Análises SINAN — Meningites (PDF) — Encerramento,sinan,sinan pdf indicadores qualidade dbf tabwin caderno analises sinan meningites encerramento todo caso suspeito entra sistema investigado entao classificado como confirmado descarta para avaliar,Caderno de Análises SINAN — Meningites (Portal SINAN/MS),"Todo caso suspeito que entra no sistema é investigado e então classificado como 
confirmado ou descarta do, mas para avaliar a oportunidade de encerramento dos casos 
(60 dias) é necessário que a variável data de encerramento seja preenchida. O não 
preenchimento desta variável faz com que os casos permaneçam em aberto 
comprometendo a análise do indicador de oportunidade de encerramento dos casos. 
 
 
 PROPORÇÃO DE CASOS DESCARTADOS COM CRITÉRIO DE CONFIRMAÇÃO",True,84,docs_ms,vigentes/Caderno_analises_SINAN_Meningites.pdf
docsms_caderno_pdf__fflluuxxoo_ddee_rreettoorrnnoo__1,Caderno de Análises SINAN — Meningites (PDF) — Fflluuxxoo  Ddee  Rreettoorrnnoo,sinan,sinan pdf indicadores qualidade dbf tabwin caderno analises sinan meningites fflluuxxoo ddee rreettoorrnnoo notas fluxo retorno utilizado para enviar notificacao investigacao local notificacao para,Caderno de Análises SINAN — Meningites (Portal SINAN/MS),"Notas 
 
a. O Fluxo de retorno é utilizado para enviar a notificação/ investigação do local de 
notificação para o local de residên cia do caso. Só poderá ser realizado acessando o 
site www.saude.gov.br/sinan_net, para município e regional de saúde ou pelo nível 
municipal para o distrito, utilizando o sistema. 

20 
b. As notificações/ investig ações só serão liberadas para serem enviadas pelo fluxo de 
retorno, quando: 
 
 Após metade do prazo de encerramento, caso o flag não seja marcado o sistema 
automaticamente habilitará o envio da notificação/ investigação pelo fluxo de 
retorno para meningite.",True,84,docs_ms,vigentes/Caderno_analises_SINAN_Meningites.pdf
docsms_caderno_pdf__hemofilos_que_realizaram_quimioprofilaxia__1,Caderno de Análises SINAN — Meningites (PDF) — Hemófilos Que Realizaram Quimioprofilaxia,sinan,sinan pdf indicadores qualidade dbf tabwin caderno analises sinan meningites hemofilos realizaram quimioprofilaxia quimioprofilaxia esta indicada para omunicantes casos realizacao quimioprofilaxia para demais etiologias,Caderno de Análises SINAN — Meningites (Portal SINAN/MS),"A quimioprofilaxia está indicada para c omunicantes de casos de DM e MH. A realização 
de quimioprofilaxia para as demais etiologias não está indicada, sendo considerada 
inconsistência.  
 
 
 PROPORÇÃO DE CASOS CONFIRMADOS COM PUNÇÃO LOMBAR REALIZADA",True,84,docs_ms,vigentes/Caderno_analises_SINAN_Meningites.pdf
docsms_caderno_pdf__iinncclluussaaoo_ddee_iinnvveessttiiggaaccaaoo_d__1,Caderno de Análises SINAN — Meningites (PDF) — Iinncclluussããoo  Ddee  Iinnvveessttiiggaaççããoo  Ddee  Mmeenniinnggiittee,sinan,sinan pdf indicadores qualidade dbf tabwin caderno analises sinan meningites iinncclluussaaoo ddee iinnvveessttiiggaaccaaoo ddee mmeenniinnggiittee notas ficha investigacao deve receber mesma numeracao ficha notificacao,Caderno de Análises SINAN — Meningites (Portal SINAN/MS),"Notas 
 
A ficha de investigação deve receber a mesma numeração da Ficha de Notificação 
correspondente ao caso. 
 
As instruções de preenchimento devem ser rigorosamente obedecidas , não devendo ficar 
campos em branco. 
 
O não preenchimento dos campos obrigatórios específicos de cada agravo inviabilizará a 
inclusão dos casos no Sistema (a identificação dos campos obrigatórios encontra -se nos 
instrucionais da ficha de investigação e no  documento Dicionário de Dados de cada 
agravo).",True,84,docs_ms,vigentes/Caderno_analises_SINAN_Meningites.pdf
docsms_caderno_pdf__iinncclluussaaoo_ddee_iinnvveessttiiggaaccaaoo_d__2,Caderno de Análises SINAN — Meningites (PDF) — Iinncclluussããoo  Ddee  Iinnvveessttiiggaaççããoo  Ddee  Mmeenniinnggiittee,sinan,sinan pdf indicadores qualidade dbf tabwin caderno analises sinan meningites iinncclluussaaoo ddee iinnvveessttiiggaaccaaoo ddee mmeenniinnggiittee torios encontra instrucionais ficha investigacao documento dicionario dados cada,Caderno de Análises SINAN — Meningites (Portal SINAN/MS),"tórios encontra -se nos 
instrucionais da ficha de investigação e no  documento Dicionário de Dados de cada 
agravo). 
 

9 
As Fichas devem ser submetidas à análise pelo Núcleo de Vigilância Epidemiológica da 
Unidade de Saúde ou do Município antes do encaminhamento para inclusão no Sistema. 
   
O encerramento da investigação dos c asos notificados como suspeitos deve ser feito de 
acordo com os critérios de confirmação ou descarte de Meningite, constante no Manual 
da Vigilância Epidemiológica Nacional e no Manual de Normas e Rotinas do Sinan. Após 
o prazo o sistema encerrará automati camente o caso atribuindo a categoria Inconclusivo 
ao campo Classificação Final e a Data do Micro à Data de Encerramento, dos casos não 
encerrados.",True,84,docs_ms,vigentes/Caderno_analises_SINAN_Meningites.pdf
docsms_caderno_pdf__iinnttrroodduuccaaoo__1,Caderno de Análises SINAN — Meningites (PDF) — Iinnttrroodduuççããoo,sinan,sinan pdf indicadores qualidade dbf tabwin caderno analises sinan meningites iinnttrroodduuccaaoo base dados sistema informacao agravos notificacao sinan versao implantada 2007 contem varios dados,Caderno de Análises SINAN — Meningites (Portal SINAN/MS),"A base de dados do Sistema de Informação de Agravos de Notificação - Sinan - versão 
NET, implantada em  2007, contém vários dados necessários ao cálculo dos principais 
indicadores epidemiológicos e operacionais utilizados para a avaliação local, municipal, 
estadual e nacional. No entanto, para que essas informações sejam efetivamente úteis 
ao monitoramento das ações e a valiação do seu impacto no controle dos agravos de 
notificação compulsória, é imprescindível que sejam efetuadas regularmente análises 
da qualidade da base de dados com o objetivo de ide ntificar e solucionar faltas e 
inconsistências de dados e as duplicidades de registros. 
 
O presente documento foi elaborado com o objetivo de orientar o usuário no manuseio 
do Sinan NET e de aplicativos auxiliares, a fim de demonstrar e facilitar a realização de 
análise da qua lidade da base de dados do Sinan  e do cálculo de",True,84,docs_ms,vigentes/Caderno_analises_SINAN_Meningites.pdf
docsms_caderno_pdf__iinnttrroodduuccaaoo__2,Caderno de Análises SINAN — Meningites (PDF) — Iinnttrroodduuççããoo,sinan,sinan pdf indicadores qualidade dbf tabwin caderno analises sinan meningites iinnttrroodduuccaaoo iares demonstrar facilitar realizacao analise lidade base dados sinan calculo indicadores pelas equipes,Caderno de Análises SINAN — Meningites (Portal SINAN/MS),"iares, a fim de demonstrar e facilitar a realização de 
análise da qua lidade da base de dados do Sinan  e do cálculo de indicadores pelas 
equipes estaduais, regionais e municipais. Esta  atividade é imprescindível para que os 
dados possam efetivamente subsidiar análises epidemiológicas e tomadas de decisão. 
 
Descrevem-se, passo a passo, as orientações e normatizações no uso do sistema 
(notificação /investigação, consulta, procedimentos para duplicidades) bem como as 
etapas para a execução de  tabulações efetuadas para quantificar os registros 
incompletos ou inconsistentes e para calcular indicadores epidemiológicos utilizando o 
programa Tabwin e a  base de dados estadual do Sinan  (o nível de desagregação 
utilizado é município). Para a utilização deste roteiro pelo nível municipal, deve -se 
substituir o município por distrito ou unidade de saúde ou ainda outro nível de",True,84,docs_ms,vigentes/Caderno_analises_SINAN_Meningites.pdf
docsms_caderno_pdf__iinnttrroodduuccaaoo__3,Caderno de Análises SINAN — Meningites (PDF) — Iinnttrroodduuççããoo,sinan,sinan pdf indicadores qualidade dbf tabwin caderno analises sinan meningites iinnttrroodduuccaaoo roteiro pelo nivel municipal deve substituir municipio distrito unidade saude ainda outro nivel,Caderno de Análises SINAN — Meningites (Portal SINAN/MS),"roteiro pelo nível municipal, deve -se 
substituir o município por distrito ou unidade de saúde ou ainda outro nível de 
desagregação utilizado pela Secretaria Municipal de Saúde (SMS), desde que esteja 
contemplado nos arquivos de definição e de conversão necessários à tabulação pelo 
Tabwin.  
 
Para análise de dados de alguns agravos foram incluídos ainda orientações para uso do 
Epiinfo. Esse programa foi utilizado para a elaboração de arquivos de programa (*.pgm) 
para cálculo de indicadores que não são executáveis pelo Tabwin  ou para listar 
registros que atendem à condição que não pode ser especificada no Relatório de 
Conferência ( ex: casos encerrados fora de prazo considerado oportuno). Neste caderno 
não orientamos como utilizar o relatório de conferência.",True,84,docs_ms,vigentes/Caderno_analises_SINAN_Meningites.pdf
docsms_caderno_pdf__incluindo_investigacao_de_caso_de_meningite_no_s__1,Caderno de Análises SINAN — Meningites (PDF) — Incluindo Investigação De Caso De Meningite No Sinan,sinan,sinan pdf indicadores qualidade dbf tabwin caderno analises sinan meningites incluindo investigacao caso meningite sinan meningite pelos campos chave sistema,Caderno de Análises SINAN — Meningites (Portal SINAN/MS), Meningite (pelos campos chave do Sistema),True,84,docs_ms,vigentes/Caderno_analises_SINAN_Meningites.pdf
docsms_caderno_pdf__incluindo_notificacao_de_caso_de_meningite_no_si__1,Caderno de Análises SINAN — Meningites (PDF) — Incluindo Notificação De Caso De Meningite  No Sinan,sinan,sinan pdf indicadores qualidade dbf tabwin caderno analises sinan meningites incluindo notificacao caso meningite sinan nota para agravos agudos possivel notificacao sistema casos suspeitos,Caderno de Análises SINAN — Meningites (Portal SINAN/MS),"Nota: 
 
Para os agravos agudos, é possível a notificação no sistema de casos suspeitos, ou seja, 
sem confirmação diagnóstica. Assim, é possível incluir a notificação do caso e 
posteriormente realizar a inclusão da investigação. No entanto, caso já se possua a ficha 
de investigação, é possível a inclusão no sistema da notificação, seguida da investigação 
do caso.  
 
 
 Meningite",True,84,docs_ms,vigentes/Caderno_analises_SINAN_Meningites.pdf
docsms_caderno_pdf__intro__1,Caderno de Análises SINAN — Meningites (PDF),sinan,sinan pdf indicadores qualidade dbf tabwin caderno analises sinan meningites ministerio saude secretaria vigilancia saude departamento vigilancia epidemiologica coordenacao geral doencas transmissiveis gerencia tecnica,Caderno de Análises SINAN — Meningites (Portal SINAN/MS),"1 
 
Ministério da Saúde 
Secretaria de Vigilância em Saúde 
Departamento de Vigilância Epidemiológica 
Coordenação Geral de Doenças Transmissíveis 
Gerência Técnica do SINAN 
 
 
ROTEIRO PARA USO DO SINAN NET, ANÁLISE DA",True,84,docs_ms,vigentes/Caderno_analises_SINAN_Meningites.pdf
docsms_caderno_pdf__investigacoes__1,Caderno de Análises SINAN — Meningites (PDF) — Investigações,sinan,sinan pdf indicadores qualidade dbf tabwin caderno analises sinan meningites investigacoes entende completitude registros grau preenchimento campo proporcao casos notificados data inicio deficiencia motora,Caderno de Análises SINAN — Meningites (Portal SINAN/MS),"Entende-se por completitude dos registros o grau de preenchimento do campo (Ex.: 
Proporção de casos  notificados sem data do início da deficiência motora). 
 
Devem ser avaliados, prioritariamente, os campos que identificam a notificação, 
caracterizam o indivíduo e aqueles necessários aos cálculos dos indicadores. 
  
 
 
 
2) AVALIAÇÃO DA CONSISTÊNCIA DOS DADOS DAS NOTIFICAÇÕES/",True,84,docs_ms,vigentes/Caderno_analises_SINAN_Meningites.pdf
docsms_caderno_pdf__investigacoes__2,Caderno de Análises SINAN — Meningites (PDF) — Investigações,sinan,sinan pdf indicadores qualidade dbf tabwin caderno analises sinan meningites investigacoes cada desses registros utilizando elatorio conferencia sinan arquivo programa epiinfo compatibilidade entre categorias,Caderno de Análises SINAN — Meningites (Portal SINAN/MS),"-se 
cada um desses registros utilizando o r elatório de conferência do Sinan  ou arquivo de 
programa do Epiinfo. 
 
 

24 
Compatibilidade entre categorias de campos essenciais relacionados: 
 
 
 Coerência entre Contato compatível com caso de meningite e caso secundário: 
 
Contato compatível com caso de 
meningite 
Caso secundário 
7 – Sem história de contato 2 – não 
9 - ignorado 9 - ignorado 
 
 
 Coerência entre Se confirmado, especifique e Critério de confirmação: 
 
Se confirmado, especifique Critério de confirmação 
Meningococcemia = 1 1,2,3,4,5,7,9,10 
Meningite Meningocócica = 2 1,2,3,5,7,9,10 
Meningite Meningocócica com 
meningococcemia = 3 
1,2,3,4,5,7,9,10 
Meningite tuberculosa = 4 1,4,5,6,7,9,10 
Meningite Bacteriana = 5 1,3,4,5,6,9,10 
Meningite não especificada = 6 4,6,9,10 
Meningite viral = 7 4,6,7,8,9,10 
Meningite de outras etiologias = 
8 
1,3,9,10,",True,84,docs_ms,vigentes/Caderno_analises_SINAN_Meningites.pdf
docsms_caderno_pdf__investigacoes__3,Caderno de Análises SINAN — Meningites (PDF) — Investigações,sinan,sinan pdf indicadores qualidade dbf tabwin caderno analises sinan meningites investigacoes eningite especificada meningite viral meningite outras etiologias meningite hemofilus meningite pneumococos coerencia entre,Caderno de Análises SINAN — Meningites (Portal SINAN/MS),"eningite não especificada = 6 4,6,9,10 
Meningite viral = 7 4,6,7,8,9,10 
Meningite de outras etiologias = 
8 
1,3,9,10, 
Meningite por Hemófilus = 9 1,2,3,7,9,10 
Meningite por pneumococos = 
10 
1,3,9,10 
 
 
 Coerência entre Realizou quimioprofilaxia e Se confirmado, especifique 
 
Realizou quimioprofilaxia Se confirmado, especifique 
1 – sim 1,2,3 ou 9 
2 – não 4,5,6,7,8,10 
9 - ignorado  
 
 
 Coerência entre Realizou quimioprofilaxia e Número de comunicantes 
 
Realizou quimioprofilaxia Número de comunicantes 
1 – sim Preenchimento 
 
 
 Coerência entre Idade e Sinais e sintomas: 
 
Idade Sinais e sintomas 
> 1 ano Abaulamento de fontanela = 2",True,84,docs_ms,vigentes/Caderno_analises_SINAN_Meningites.pdf
docsms_caderno_pdf__investigacoes__4,Caderno de Análises SINAN — Meningites (PDF) — Investigações,sinan,sinan pdf indicadores qualidade dbf tabwin caderno analises sinan meningites investigacoes coerencia entre idade sinais sintomas idade sinais sintomas abaulamento fontanela coerencia entre classificacao,Caderno de Análises SINAN — Meningites (Portal SINAN/MS)," Coerência entre Idade e Sinais e sintomas: 
 
Idade Sinais e sintomas 
> 1 ano Abaulamento de fontanela = 2 
 
 
 

25 
 Coerência entre Classificação final e Sinais e sintomas: 
 
Classificação final Sinais e sintomas 
1 – Confirmado Pelo menos 3 campos = 1 
 
 
 Coerência entre Punção lombar e Aspecto do líquor: 
 
Punção lombar Aspecto do líquor 
1 – Sim 1,2,3,4,5, 6 
 
 
 Coerência entre Punção lombar e Data da punção: 
 
Punção lombar Data da punção 
1 – Sim Preenchimento 
 
 
 Coerência entre Classificação final e Critério de confirmação: 
 
Classificação final Critério de confirmação 
2 - Descartado Não deve ser preenchido 
 
 
 Coerência entre Classificação final e Evolução: 
 
Classificação final Evolução 
1 - Confirmado 1 e 2 
 
 
 Coerência entre Classificação final e Data de encerramento: 
 
Classificação final Data de encerramento 
Se preenchido Preenchimento",True,84,docs_ms,vigentes/Caderno_analises_SINAN_Meningites.pdf
docsms_caderno_pdf__investigacoes__5,Caderno de Análises SINAN — Meningites (PDF) — Investigações,sinan,sinan pdf indicadores qualidade dbf tabwin caderno analises sinan meningites investigacoes classificacao final data encerramento classificacao final data encerramento preenchido preenchimento outros exemplos coerencias,Caderno de Análises SINAN — Meningites (Portal SINAN/MS),"e Classificação final e Data de encerramento: 
 
Classificação final Data de encerramento 
Se preenchido Preenchimento 
 
 
Outros exemplos de coerências: 
 
 Coerência entre Se confirmado, especifique: opção 05 (meningite bac teriana) 
e a tabela de etiologias bacterianas: O total deve ser igual. 
 Coerência entre Se confirmado, especifique: opção 08 (meningite outras 
etiologias) e a tabela de outras etiologias: O total deve ser igual. 
 Coerência entre Se confirmado, especifique: opção 07 (meningite asséptica) e 
a tabela de etiologias virais: o total deve ser igual. 
 
 
 
 
 
 
 

26 
UUSSOO  DDOO  TTAABBWWIINN  PPAARRAA  AAVVAALLIIAARR  CCOOMMPPLLEETTIITTUUDDEE  EE  CCOONNSSIISSTTÊÊNNCCIIAA  DDAA  BBAASSEE  DDEE",True,84,docs_ms,vigentes/Caderno_analises_SINAN_Meningites.pdf
docsms_caderno_pdf__investigados_nas_primeiras_48_horas_a_partir_da__1,Caderno de Análises SINAN — Meningites (PDF) — Investigados Nas Primeiras 48 Horas A Partir Da Notificação,sinan,sinan pdf indicadores qualidade dbf tabwin caderno analises sinan meningites investigados primeiras horas partir notificacao este indicador avalia oportunidade investigacao casos meningite haemophilus influenzae,Caderno de Análises SINAN — Meningites (Portal SINAN/MS),"Este indicador avalia a oportunidade da investigação dos casos de meningite por 
Haemophilus influenzae . É um importante indicador visto que a investigação é uma 
atividade imprescindível e que deve ser realizada ra pidamente a fim de garantir o êxito da 
quimioprofilaxia. 
 
 PROPORÇÃO DE CASOS  CONFIRMADOS DE DOENÇA MENINGOCÓCICA",True,84,docs_ms,vigentes/Caderno_analises_SINAN_Meningites.pdf
docsms_caderno_pdf__meningite__1,Caderno de Análises SINAN — Meningites (PDF) — Meningite,sinan,sinan pdf indicadores qualidade dbf tabwin caderno analises sinan meningites meningite versao preliminar brasilia 2008,Caderno de Análises SINAN — Meningites (Portal SINAN/MS),"(Versão Preliminar) 
 
Brasília - DF 
2008 
 
 
 
 
 
  
  
 
 

2",True,84,docs_ms,vigentes/Caderno_analises_SINAN_Meningites.pdf
docsms_caderno_pdf__meningococica_e_meningite_por_hemofilo_que_reali__1,Caderno de Análises SINAN — Meningites (PDF) — Meningocócica E Meningite Por Hemófilo Que Realizaram,sinan,sinan pdf indicadores qualidade dbf tabwin caderno analises sinan meningites meningococica meningite hemofilo realizaram quimioprofilaxia menu tabwin clicar botao executa tabulacao realizar selecao conforme,Caderno de Análises SINAN — Meningites (Portal SINAN/MS),"QUIMIOPROFILAXIA. 
 
No menu TabWin clicar no botão Executa tabulação. 
Realizar a seleção conforme campos abaixo: 
 
ARQUIVO DE DEFINICÃO C:\SinanNET\Base DBF\MeningeNET.def 
LINHAS Mun US Noti “UF” (Selecione a UF de interesse) 
COLUNAS Etiologia-Não assinalar Suprimir colunas zeradas 
INCREMENTO Freqüência 
ARQUIVO C:\SinanNET\\BaseDBF\MENINNET.DBF",True,84,docs_ms,vigentes/Caderno_analises_SINAN_Meningites.pdf
docsms_caderno_pdf__mmeeccaanniissmmooss_ddee_nnaavveeggaaccaaoo_ddo__1,Caderno de Análises SINAN — Meningites (PDF) — Mmeeccaanniissmmooss  Ddee  Nnaavveeggaaççããoo  Ddoo  Ssiisstteemmaa,sinan,sinan pdf indicadores qualidade dbf tabwin caderno analises sinan meningites mmeeccaanniissmmooss ddee nnaavveeggaaccaaoo ddoo ssiisstteemmaa para adequado funcionamento sistema necessario conhecer seus mecanismos navegacao,Caderno de Análises SINAN — Meningites (Portal SINAN/MS),"Para o adequado funcionamento do sistema é necessário conhecer os seus mecanismos 
de navegação. Assim: 
 Para ir de um campo a outro: utilizar a tecla ENTER ou TAB 
 Para retornar aos campos anteriormente digitados: utilizar as teclas SHIFT/ TAB ou 
o mouse. Por vezes este procedimento não é possível, devido a críticas de campo, 
que movem o cursor automaticamente para um outro campo. 
 Após acessar uma tabela do sistema, para sair da mesma, teclar ESC. 
 Para visualizar todas as opções de preenchimento do campo, digite apenas % e 
tecle Enter e em seguida selecione a opção desejada utilizando as teclas de setas.  
 Para realizar uma pesquisa nas tabelas: digitar parte da palavra/ código que se 
está buscando, acrescentar o % e tecl ar Enter. O sistema apresentará as opções 
de preenchimento relacionadas à descrição parcial digitada.  
 Para salvar ficha digitada: ao final da",True,84,docs_ms,vigentes/Caderno_analises_SINAN_Meningites.pdf
docsms_caderno_pdf__mmeeccaanniissmmooss_ddee_nnaavveeggaaccaaoo_ddo__2,Caderno de Análises SINAN — Meningites (PDF) — Mmeeccaanniissmmooss  Ddee  Nnaavveeggaaççããoo  Ddoo  Ssiisstteemmaa,sinan,sinan pdf indicadores qualidade dbf tabwin caderno analises sinan meningites mmeeccaanniissmmooss ddee nnaavveeggaaccaaoo ddoo ssiisstteemmaa ntara opcoes preenchimento relacionadas descricao parcial digitada para salvar,Caderno de Análises SINAN — Meningites (Portal SINAN/MS),"ntará as opções 
de preenchimento relacionadas à descrição parcial digitada.  
 Para salvar ficha digitada: ao final da digitação do caso, teclar ALT+ S (atalho para 
o botão Salvar), ou utilizar o mouse, clicando sobre o botão.",True,84,docs_ms,vigentes/Caderno_analises_SINAN_Meningites.pdf
docsms_caderno_pdf__oorrggaanniizzaaccaaoo_ddaass_ppaassttaass_ggeer__1,Caderno de Análises SINAN — Meningites (PDF) — Oorrggaanniizzaaççããoo  Ddaass  Ppaassttaass  Ggeerraaddaass  Nnaa  Iinnssttaallaaççããoo  Ddoo  Ssiinnaann,sinan,sinan pdf indicadores qualidade dbf tabwin caderno analises sinan meningites oorrggaanniizzaaccaaoo ddaass ppaassttaass ggeerraaddaass nnaa iinnssttaallaaccaaoo ddoo ssiinnaann apos instalacao sistema criadas seguintes subpastas,Caderno de Análises SINAN — Meningites (Portal SINAN/MS),"Após a instalação do sistema são criadas as seguintes subpastas na pasta SinanNET:       

4 
 
 Base DBF:  Encontram-se as estruturas do DBF que irão receber as bases 
exportadas, os arquivos de definição e conv ersão necessários para uso do 
TabWin; 
 BatBackup: Encontram-se os arquivos utilizados para realização do Backup e na 
subpasta Arquivos, o Backup propriamente dito; 
 Descentralização: Encontram-se os arquivos gerados pela rotina de 
descentralização de bases de dados; 
 Fluxo de Retorno : Encontram -se os arquivos gerados pela rotina de fluxo de 
retorno; 
 Imagens: Encontram-se todas as imagens utilizadas pelo sistema; 
 Scripts: Contém arquivos utilizados na atualização da versão do Sistema; 
 Sisnet: Encontram-se os arquivos do programa Sisnet; 
 Tabwin: Programa Tabwin; 
 Transferência Horizontal : Encontram -se os arquivos gerados pelas rotinas de",True,84,docs_ms,vigentes/Caderno_analises_SINAN_Meningites.pdf
docsms_caderno_pdf__oorrggaanniizzaaccaaoo_ddaass_ppaassttaass_ggeer__2,Caderno de Análises SINAN — Meningites (PDF) — Oorrggaanniizzaaççããoo  Ddaass  Ppaassttaass  Ggeerraaddaass  Nnaa  Iinnssttaallaaççããoo  Ddoo  Ssiinnaann,sinan,sinan pdf indicadores qualidade dbf tabwin caderno analises sinan meningites oorrggaanniizzaaccaaoo ddaass ppaassttaass ggeerraaddaass nnaa iinnssttaallaaccaaoo ddoo ssiinnaann sisnet tabwin programa tabwin transferencia horizontal,Caderno de Análises SINAN — Meningites (Portal SINAN/MS),"ama Sisnet; 
 Tabwin: Programa Tabwin; 
 Transferência Horizontal : Encontram -se os arquivos gerados pelas rotinas de 
transferência horizontal; 
 Transferência Vertical:  Encontram-se os arquivos gerados pelas rotinas de 
Transferência vertical : Descentralização de Bairros do SinanW e 
Descentralização de Tabelas; 
 XML: Modelo de arquivo de conversão utilizado para importação da tabela de 
localidade.",True,84,docs_ms,vigentes/Caderno_analises_SINAN_Meningites.pdf
docsms_caderno_pdf__outros_exemplos_para_avaliacao_de_outros_tipos_d__1,Caderno de Análises SINAN — Meningites (PDF) — Outros Exemplos Para Avaliação De Outros Tipos De,sinan,sinan pdf indicadores qualidade dbf tabwin caderno analises sinan meningites outros exemplos para avaliacao outros tipos inconsistencias forma semelhante demonstrada acima devem avaliadas outros,Caderno de Análises SINAN — Meningites (Portal SINAN/MS),"INCONSISTÊNCIAS: 
 
De forma  semelhante à demonstrada acima, devem ser avaliadas outros tipos de 
inconsistências, tais como: 
 
 
 Inconsistência entre Contato compatível com caso de meningite e Caso 
secundário  
No menu TabWin clicar no botão Executa tabulação. 
Realizar a seleção conforme campos abaixo: 
 
ARQUIVO DE DEFINICÃO C:\sinanNET\Base DBF\MeningeNET.def 
LINHAS Caso secundário  - Não assinalar Sup linhas 
zeradas 
COLUNAS Contato compatível -Não assinalar Sup colunas 
zeradas 
INCREMENTO Freqüência 
ARQUIVO C:\SinanNET\\BaseDBF\MENINNET.DBF",True,84,docs_ms,vigentes/Caderno_analises_SINAN_Meningites.pdf
docsms_caderno_pdf__percentual_de_casos_confirmados_de_meningite_com__1,Caderno de Análises SINAN — Meningites (PDF) — Percentual De Casos Confirmados De Meningite Com Abaulamento,sinan,sinan pdf indicadores qualidade dbf tabwin caderno analises sinan meningites percentual casos confirmados meningite abaulamento fontanela segundo faixa etaria municipio notificacao menu tabwin clicar,Caderno de Análises SINAN — Meningites (Portal SINAN/MS),"DE FONTANELA, SEGUNDO FAIXA ETÁRIA POR MUNICÍPIO DE NOTIFICAÇÃO E 
ANO 
 
No menu TabWin clicar no botão Executa tabulação. 
Realizar a seleção conforme campos abaixo: 
 
ARQUIVO DE DEFINICÃO C:\sinanNET\Base DBF\MeningeNET.def 
LINHAS Mun US Noti “UF” (Selecione a UF de interesse) 
COLUNAS Fx etária (13)-Não assinalar Sup colunas zeradas 
INCREMENTO Freqüência 
ARQUIVO C:\SinanNET\\BaseDBF\MENINNET.DBF",True,84,docs_ms,vigentes/Caderno_analises_SINAN_Meningites.pdf
docsms_caderno_pdf__percentual_de_casos_confirmados_de_meningite_sem__1,Caderno de Análises SINAN — Meningites (PDF) — Percentual De Casos Confirmados De Meningite Sem Inform Ação,sinan,sinan pdf indicadores qualidade dbf tabwin caderno analises sinan meningites percentual casos confirmados meningite inform acao sobre criterio confirmacao segundo municipio notificacao menu tabwin,Caderno de Análises SINAN — Meningites (Portal SINAN/MS),"SOBRE CRITÉRIO DE CONFIRMAÇÃO, SEGUNDO MUNICÍPIO DE NOTIFICAÇÃO E 
ANO. 
No menu TabWin clicar no botão Executa tabulação. 
Realizar a seleção conforme campos abaixo: 
 
ARQUIVO DE DEFINICÃO C:\sinanNET\Base DBF\MeningeNET.def 
LINHAS Mun US Noti “UF” (Selecione a UF de interesse) 
COLUNAS Critério Conf  -Não assinalar Suprimir colunas 
zeradas 
INCREMENTO Freqüência 
ARQUIVO C:\SinanNET\\BaseDBF\MENINNET.DBF",True,84,docs_ms,vigentes/Caderno_analises_SINAN_Meningites.pdf
docsms_caderno_pdf__percentual_de_casos_notificados_sem_informacao_s__1,Caderno de Análises SINAN — Meningites (PDF) — Percentual De Casos Notificados Sem Informação Sobre A,sinan,sinan pdf indicadores qualidade dbf tabwin caderno analises sinan meningites percentual casos notificados informacao sobre classificacao final segundo municipio notificacao menu tabwin clicar botao,Caderno de Análises SINAN — Meningites (Portal SINAN/MS),"CLASSIFICAÇÃO FINAL, SEGUNDO MUNICÍPIO DE NOTIFICAÇÃO E ANO. 
 
No menu TabWin clicar no botão Executa tabulação. 
Realizar a seleção conforme campos abaixo: 

33 
 
ARQUIVO DE DEFINICÃO C:\sinanNET\Base DBF\MeningeNET.def 
LINHAS Mun US Noti “UF” (Selecione a UF de interesse) 
COLUNAS Class. Final 
INCREMENTO Freqüência 
ARQUIVO C:\SinanNET\\BaseDBF\MENINNET.DBF",True,84,docs_ms,vigentes/Caderno_analises_SINAN_Meningites.pdf
docsms_caderno_pdf__ppooppuullaacciioonnaaiiss__1,Caderno de Análises SINAN — Meningites (PDF) — Ppooppuullaacciioonnaaiiss,sinan,sinan pdf indicadores qualidade dbf tabwin caderno analises sinan meningites ppooppuullaacciioonnaaiiss dados populacao fonte original alem dados referentes mortalidade fonte original sistema informacao mortalidade,Caderno de Análises SINAN — Meningites (Portal SINAN/MS),"Os dados de população (fonte original I BGE), além de dados referentes à mortalidade 
(fonte original Sistema de Informação de Mortalidade - SIM) e natalidade (SINASC) 
podem ser tabulados a partir de dados disponibilizados no site do DATASUS/MS 
utilizando o aplicativo TABNET.  
 
 
EEXXEERRCCÍÍCCIIOO  11  --  CCoommoo  rreeaalliizzaarr  uummaa  ttaabbuullaaççããoo  ccoonntteennddoo  ddaaddooss  ppooppuullaacciioonnaaiiss  
uuttiilliizzaannddoo  oo  TTAABBNNEETT::  
 
A seguir são descritos, como exemplo, os passos para obtenção de dados 
populacionais referentes a um determinado ano, segundo município de residência do 
estado de interesse.",True,84,docs_ms,vigentes/Caderno_analises_SINAN_Meningites.pdf
docsms_caderno_pdf__preenchido__1,Caderno de Análises SINAN — Meningites (PDF) — Preenchido,sinan,sinan pdf indicadores qualidade dbf tabwin caderno analises sinan meningites preenchido variavel criterio diagnostico refere criterio utilizado para confirmar caso assim casos descartados devem,Caderno de Análises SINAN — Meningites (Portal SINAN/MS),"A variável critério diagnóstico refere -se ao critério utilizado para confirmar o caso. Assim, 
os casos descartados não devem ter esta variável preenchida. 
 
Portanto, para calcular os indicadores listados acima, execute no programa Analysis do 
Epiinfo o arquivo de programa, indicame.pgm. 
 
Salvar o pgm (indicame.pgm) no diretório c:\epi6 
Após salvar o pgm, abrir esse mesmo pgm e fazer as modificaçõe s quanto ao caminho 
em que está o banco de Meningite no estado, agravo etc. Em seguida, proceder conforme 
indicações abaixo:",True,84,docs_ms,vigentes/Caderno_analises_SINAN_Meningites.pdf
docsms_caderno_pdf__proporcao_de_casos_de_meningite_bacteriana_confi__1,Caderno de Análises SINAN — Meningites (PDF) — Proporção De Casos De Meningite Bacteriana Confirmad Os Por,sinan,sinan pdf indicadores qualidade dbf tabwin caderno analises sinan meningites proporcao casos meningite bacteriana confirmad criterio laboratorial segundo municipio residencia,Caderno de Análises SINAN — Meningites (Portal SINAN/MS),"CRITÉRIO LABORATORIAL, SEGUNDO MUNICÍPIO DE RESIDÊNCIA DE",True,84,docs_ms,vigentes/Caderno_analises_SINAN_Meningites.pdf
docsms_caderno_pdf__rreellaattoorriiooss__1,Caderno de Análises SINAN — Meningites (PDF) — Rreellaattóórriiooss,sinan,sinan pdf indicadores qualidade dbf tabwin caderno analises sinan meningites rreellaattoorriiooss notas sistema emite relatorios incidencia conferencia acompanhamento alimentacao sinan exclusao notificacoes calendario epidemiologico,Caderno de Análises SINAN — Meningites (Portal SINAN/MS),"Notas: 
 
a. O sistema emite Relatórios de incidência, de conferência, acompanhamento de 
alimentação do Sinan, exclusão de notificações e calendário epidemiológico. 
 
b. Também poderá ser utilizado o TabWin  para tabulações não fornecidas pelo Sistema.  
 
c. Os relat órios do Sinan poderão ser salvos nos formatos: RPF (padrão do sistema), 
PDF e página da Web. A opção, de salvar os relatórios, é a mesma que a dos outros 
relatórios do sistema. 
 
 
 
 

19 
 Relatório de Incidência 
 
Notas",True,84,docs_ms,vigentes/Caderno_analises_SINAN_Meningites.pdf
docsms_caderno_pdf__selecione_e_salve_em_um_banco_de_dados_os_casos__1,Caderno de Análises SINAN — Meningites (PDF) — Selecione E Salve Em Um Banco De Dados Os Casos Inconsistentes,sinan,sinan pdf indicadores qualidade dbf tabwin caderno analises sinan meningites selecione salve banco dados casos inconsistentes confirmados meningite abaulamento fontanela casos maiores,Caderno de Análises SINAN — Meningites (Portal SINAN/MS),"CONFIRMADOS DE MENINGITE COM ABAULAMENTO DE FONTANELA (SÃO OS 
CASOS EM MAIORES DE 1 ANO).",True,84,docs_ms,vigentes/Caderno_analises_SINAN_Meningites.pdf
docsms_caderno_pdf__selecoes_disponiveis__1,Caderno de Análises SINAN — Meningites (PDF) — Seleções Disponíveis,sinan,sinan pdf indicadores qualidade dbf tabwin caderno analises sinan meningites selecoes disponiveis inic sintomas selecionar interesse classificados marcar ignorar executar tabulacao clicando botao executar,Caderno de Análises SINAN — Meningites (Portal SINAN/MS),"Ano Inic Sintomas Selecionar o ano de interesse 
NÃO CLASSIFICADOS Marcar “Ignorar” 
 
 Executar a tabulação clicando no botão Executar. (Minimizar caixa de diálogo LOG) 
 Analisar a tabela 
 
Esta tabela permite identificar quais municípios de no tificação apresentam casos sem 
classificação final – confirmados ou descartados. 
 
Os casos de meningite notificados no SINAN devem ser encerrados em até 60 dias. 
 
 
 Calcule o percentual de casos sem informação sobre a classificação final entre o 
total de ca sos notificados pelo município , procedendo da seguinte forma: menu 
operações, opção calcula indicador , selecione “ Ign/Branco” no numerador, 
“TOTAL” no denominador, escala por 100, 1 casa decimal, digite o título da coluna 
“%Ign/Branco” e clique em OK. (cada indicador evidencia o percentual de casos sem 
informação em relação ao total de casos notificados pelo município,",True,84,docs_ms,vigentes/Caderno_analises_SINAN_Meningites.pdf
docsms_caderno_pdf__selecoes_disponiveis__2,Caderno de Análises SINAN — Meningites (PDF) — Seleções Disponíveis,sinan,sinan pdf indicadores qualidade dbf tabwin caderno analises sinan meningites selecoes disponiveis cada indicador evidencia percentual casos informacao relacao total casos notificados pelo municipio,Caderno de Análises SINAN — Meningites (Portal SINAN/MS),"(cada indicador evidencia o percentual de casos sem 
informação em relação ao total de casos notificados pelo município, indicando a 
qualidade dos dados da base municipal). 
 
 Para mover a coluna formada, clique com o botão esquerdo do mouse no título da 
coluna % Ign/Branco e, segurando o botão do mouse, arraste -o para o lado da coluna 
Ign/Branco e solte o botão em cima do local desejado. 
 
 Calcule a distribuição percentual dos casos sem informação segundo município 
notificante procedendo da seguinte forma: menu operações, opção %percentagem, 
selecione “ Ign/Branco” e clique em OK (cada indicador evidencia o peso que as 
notificações sem informação daquele município tem no total de notificações sem 
informação. Essa informação é útil para identificar quais e como os mu nicípios estão 
interferindo na qualidade dos dados da base estadual, orientando portanto onde é 
mais",True,84,docs_ms,vigentes/Caderno_analises_SINAN_Meningites.pdf
docsms_caderno_pdf__selecoes_disponiveis__3,Caderno de Análises SINAN — Meningites (PDF) — Seleções Disponíveis,sinan,sinan pdf indicadores qualidade dbf tabwin caderno analises sinan meningites selecoes disponiveis uais como nicipios estao interferindo qualidade dados base estadual orientando portanto onde,Caderno de Análises SINAN — Meningites (Portal SINAN/MS),"uais e como os mu nicípios estão 
interferindo na qualidade dos dados da base estadual, orientando portanto onde é 
mais importante a complementação desses dados). 
 
 Atribua um título à tabela resultante. No menu Quadro, opção Cabeçalho 1, digite 
a primeira parte do título ( Proporção de casos notificados de Meningite sem 
informação sobre) e clique em OK. Retorne ao menu Quadro, opção Cabeçalho 2, 
digite a segunda parte do título (a classificação final, por município de notificação, 
UF, ano) e clique em OK. 
 
 Atribua um rodapé (ex: “FONTE: SINAN/SES UF ) menu Quadro, opção Rodapé, 
digite a observação e clique em OK. 
 
ATENÇÃO: O título e rodapé estão habilitados somente para impressão e não para a tela.",True,84,docs_ms,vigentes/Caderno_analises_SINAN_Meningites.pdf
docsms_caderno_pdf__selecoes_disponiveis__4,Caderno de Análises SINAN — Meningites (PDF) — Seleções Disponíveis,sinan,sinan pdf indicadores qualidade dbf tabwin caderno analises sinan meningites selecoes disponiveis observacao clique atencao titulo rodape estao habilitados somente para impressao para tela,Caderno de Análises SINAN — Meningites (Portal SINAN/MS),"observação e clique em OK. 
 
ATENÇÃO: O título e rodapé estão habilitados somente para impressão e não para a tela. 
 

34 
 Salvar a tabela no formato Tabwin: menu Arquivo, opção salvar como, na janela 
“Salvar arquivo como tipo ” assinale “tabela do Tabwin”, atribua um nome para o 
arquivo na janela  “nome do arquivo”, indique em que unidade e pasta deverá ser 
salva a tabela e clique em OK.",True,84,docs_ms,vigentes/Caderno_analises_SINAN_Meningites.pdf
docsms_caderno_pdf__sem_informacao_sobre_a_data_da_puncao__1,Caderno de Análises SINAN — Meningites (PDF) — Sem Informação Sobre A Data Da Punção,sinan,sinan pdf indicadores qualidade dbf tabwin caderno analises sinan meningites informacao sobre data puncao este indic ador avalia qualidade dados sistema tendo sido realizada,Caderno de Análises SINAN — Meningites (Portal SINAN/MS),"Este indic ador avalia a qualidade dos dados do sistema, uma vez que tendo sido 
realizada a punção lombar deve -se preencher a informação sobre a data de coleta. O 
preenchimento desta variável possibilita calcular o tempo necessário (oportunidade) para 
a obtenção do esclarecimento diagnóstico. 
 
 
 PROPORÇÃO DE CASOS COM CLASSIFICAÇÃO FINAL (CONFIRMADOS OU 
DESCARTADOS) SEM PREENCHIMENTO DA VARIÁVEL DATA DE",True,84,docs_ms,vigentes/Caderno_analises_SINAN_Meningites.pdf
docsms_caderno_pdf__ttaabbwwiinn__1,Caderno de Análises SINAN — Meningites (PDF) — Ttaabbwwiinn,sinan,sinan pdf indicadores qualidade dbf tabwin caderno analises sinan meningites ttaabbwwiinn notas sinan permite acessar tabwin sair programa pela opcao ferramentas tabwin este programa,Caderno de Análises SINAN — Meningites (Portal SINAN/MS),"Notas 
 
O Sinan permite acessar o Tabwin, sem sair do programa, pela  opção Ferramentas - 
TABWIN. Este programa também pode ser executado diretamente pelo seu atalho. Em 
ambas as situações, antes de iniciar seu uso, é necessário que a base de dados do Sinan 
esteja no formato DBF, ou seja, tenha sido realizada a rotina de Exportação para DBF. 
 
O usuário deverá ter versão atualizada do programa instalada no seu equipamento ou na 
rede da instituição onde trabalha . No entanto, no momento da instalação do Sinan NET, 
este programa é instalado na pasta C: \SinanNET\Tabwin.Este aplic ativo pode ser 
constantemente atualizado pelo site  www.datasus.gov.br  
 
 Acessando o TabWin a partir do Sinan Net",True,84,docs_ms,vigentes/Caderno_analises_SINAN_Meningites.pdf
docsms_caderno_pdf__uussoo_ddoo_eeppiiiinnffoo_ppaarraa_ccaallccuull__1,Caderno de Análises SINAN — Meningites (PDF) — Uussoo  Ddoo  Eeppiiiinnffoo  Ppaarraa  Ccáállccuulloo  Ddee  Iinnddiiccaaddoorreess,sinan,sinan pdf indicadores qualidade dbf tabwin caderno analises sinan meningites uussoo ddoo eeppiiiinnffoo ppaarraa ccaallccuulloo ddee iinnddiiccaaddoorreess alem relatorios emitidos pelo sinan tabwin epiinfo,Caderno de Análises SINAN — Meningites (Portal SINAN/MS),"Além dos relatórios emitidos pelo SINAN, o Tabwin e Epiinfo podem ser utilizados para o 
cálculo de indicadores epidemiológicos e operacionais com os dados da base do sistema, 
no formato DBF. 
 
Atenção: Orientações sobre a exportação da base de dados para o formato DBF já foram 
descritas anteriormente no subitem 4.1 do item III.",True,84,docs_ms,vigentes/Caderno_analises_SINAN_Meningites.pdf
docsms_caderno_pdf__visualizar_os_registros_de_arquivo_dbf_salvos_no__1,Caderno de Análises SINAN — Meningites (PDF) — Visualizar Os Registros De Arquivo Dbf Salvos No Exercício,sinan,sinan pdf indicadores qualidade dbf tabwin caderno analises sinan meningites visualizar registros arquivo salvos exercicio anterior para abrir visualizar arquivo clique botao mostra janela,Caderno de Análises SINAN — Meningites (Portal SINAN/MS),"ANTERIOR: 
  
             Para abrir e visualizar um arquivo DBF: 
  Clique no botão Mostra DBF 
 
 
 
 Na janela que surgirá clique no botão Abrir arquivo 
 , ou selecione Arquivo, 
opção Abrir. 
 O programa exibe a janela ""Abrir"". 
 Indique o drive e a pasta onde foi salvo o arquivo DBF de interesse e selecione-
o (C:/curso/men_abaula_inc.dbf) 
 Clique em Abrir. 

38 
 O programa abre o arquivo DBF na janela ""fBrowse"": cada linha corresponde a 
um registro 
 Para visualizar todo o conteúdo do arquivo, utilize as barras de rolagem vertical 
e horizontal. 
 
Obs.: Esse arquivo  salvo em dbf  também pode ser visualizado em planilha excel.",True,84,docs_ms,vigentes/Caderno_analises_SINAN_Meningites.pdf
docsms_nt77_pdf__2_analise__1,NT nº 77/2025 — reforço MenACWY — 2. ANÁLISE,vacina,nt77 menacwy meningococica c reforco vacina 2025 reforco menacwy analise algumas meningites bacterianas atualmente imunopreveniveis vacinas conjugadas meningococicas menc eacwy menacwy foram implementadas programa,NT nº 77/2025-CGICI/DPNI/SVSA/MS,"2.1. Algumas das meningites bacterianas atualmente são imunopreveníveis. As vacinas conjugadas meningocócicas C (MenC) eACWY (MenACWY) foram implementadas no Programa Nacional de Imunizações (PNI) para crianças e adolescentes em 2010 e 2020,respectivamente, visando os sorogrupos mais prevalentes nas faixas etárias. Evidências conﬁrmam a efetividade e impacto dessesimunobiológicos no Brasil, com redução na incidência da doença meningocócica (DM), em pessoas vacinadas e não vacinadas. No entanto, aocorrência das meningites bacterianas ainda é um fator de preocupação, especialmente as causadas pela Neisseria meningitidis e peloStreptococcus pneumoniae (BRASIL, 2024).
2.2. Para o ano de 2025, este Departamento do Programa Nacional de Imunizações (DPNI) recomenda a substituição da dose dereforço da vacina meningocócica C (conjugada) pela vacina meningocócica ACWY (conjugada) para as crianças",True,82,docs_ms,vigentes/NT77_2025_MenACWY_reforco.pdf
docsms_nt77_pdf__2_analise__2,NT nº 77/2025 — reforço MenACWY — 2. ANÁLISE,vacina,nt77 menacwy meningococica c reforco vacina 2025 reforco menacwy analise icao dose dereforco vacina meningococica conjugada pela vacina meningococica acwy conjugada para criancas meses,NT nº 77/2025-CGICI/DPNI/SVSA/MS,"ição da dose dereforço da vacina meningocócica C (conjugada) pela vacina meningocócica ACWY (conjugada) para as crianças de 12 meses de idade, noCalendário Nacional de Vacinação. Essa substituição é uma ação que dá continuidade ao enfrentamento das meningites até 2030 seguindo asDiretrizes para Enfrentamento das Meningites até 2030, publicadas pelo Brasil, primeiro país a propor suas ações no roteiro global daOrganização Mundial da Saúde (OMS) sobre o tema, que estabelece estratégias para o combate às principais causas de meningite bacterianaaguda (meningococo, pneumococo, Haemophilus inﬂuenzae e estreptococo do grupo B) (BRASIL, 2024 e 2025).
2.3. Assim, o Ministério da Saúde (MS) disponibilizará a partir de 1 julho de 2025, na rede de vacinação do Sistema Único deSaúde (SUS), a vacina meningocócica ACWY (conjugada) como dose de reforço para as crianças de 12 meses de idade, com o",True,82,docs_ms,vigentes/NT77_2025_MenACWY_reforco.pdf
docsms_nt77_pdf__2_analise__3,NT nº 77/2025 — reforço MenACWY — 2. ANÁLISE,vacina,nt77 menacwy meningococica c reforco vacina 2025 reforco menacwy analise desaude vacina meningococica acwy conjugada como dose reforco para criancas meses idade intuito deprotege,NT nº 77/2025-CGICI/DPNI/SVSA/MS,"deSaúde (SUS), a vacina meningocócica ACWY (conjugada) como dose de reforço para as crianças de 12 meses de idade, com o intuito deprotegê-las contra as meningites e infecções generalizadas (doenças meningocócicas) causadas pela bactéria meningococo dos tipos A, C, We Y.
2.4. Deste modo, o esquema primário de vacinação será, duas doses da vacina meningocócica C (conjugada) e  uma dose de reforçoaos 12 meses de idade, preferencialmente (Quadro 1). Reforça-se que aquelas crianças que perderam a oportunidade de receber o reforço aos12 meses, poderão recebê-lo até 4 (quatro) anos, 11 meses e 29 dias.
       Quadro 1: Esquema Primário com Meningocócica C e Dose de Reforçocom ACWY. Brasil, 2025.Idade Dose Vacina indicada3 meses D1 Meningocócica C(conjugada)5 meses D2 Meningocócica C(conjugada)12 meses R Meningocócica ACWY(conjugada)11 a 14 anos deidade D ou R conforme situação",True,82,docs_ms,vigentes/NT77_2025_MenACWY_reforco.pdf
docsms_nt77_pdf__2_analise__4,NT nº 77/2025 — reforço MenACWY — 2. ANÁLISE,vacina,nt77 menacwy meningococica c reforco vacina 2025 reforco menacwy analise meses meningococica conjugada meses meningococica acwy conjugada anos deidade conforme situacao vacinalencontrada meningococica acwy,NT nº 77/2025-CGICI/DPNI/SVSA/MS,"meses D2 Meningocócica C(conjugada)12 meses R Meningocócica ACWY(conjugada)11 a 14 anos deidade D ou R conforme situação vacinalencontrada Meningocócica ACWY(conjugada)          Fonte: CGICI/DPNI/SVSA/MS
 
2.5. A criança que recebeu o esquema primário e o reforço com a vacina meningocócica C (conjugada), não precisa receber a dosede reforço com a vacina meningocócica ACWY (conjugada). Nesta situação considerar vacinada.",True,82,docs_ms,vigentes/NT77_2025_MenACWY_reforco.pdf
docsms_nt77_pdf__3_recomendacoes_de_boas_praticas_para_o_processo__1,NT nº 77/2025 — reforço MenACWY — 3. RECOMENDAÇÕES DE BOAS PRÁTICAS PARA O PROCESSO DE VACINAÇÃO,vacina,nt77 menacwy meningococica c reforco vacina 2025 reforco menacwy recomendacoes boas praticas para processo vacinacao implementacao boas praticas vacinacao permitira processo estruturado assegure oferta,NT nº 77/2025-CGICI/DPNI/SVSA/MS,"3.1. A implementação de boas práticas na vacinação permitirá um processo estruturado que assegure a oferta do serviço com quasegurança e efetividade, desde o planejamento até sua operacionalização. Para a promoção da vacinação segura, deve-se monitorar os ESupostamente Atribuíveis à Vacinação ou Imunização (Esavi) e os erros de imunização (BRASIL, 2020). Demais informações sobre segurança podencontradas no Manual de Vigilância Epidemiológica de Eventos Adversos Pós-Vacinação, no seguinte enhttps://bvsms.saude.gov.br/bvs/publicacoes/manual_vigilancia_epidemiologica_eventos_vacinacao_4ed.pdf.",True,82,docs_ms,vigentes/NT77_2025_MenACWY_reforco.pdf
docsms_nt77_pdf__4_1_o_registro_da_vacina_meningococica_acwy_conj__1,"NT nº 77/2025 — reforço MenACWY — 4.1. O registro da vacina meningocócica ACWY (conjugada) – meningo ACWY, como reforço ocorrerá nos seguintes sistemas de informaçã",vacina,nt77 menacwy meningococica c reforco vacina 2025 reforco menacwy registro vacina meningococica acwy conjugada meningo acwy como reforco ocorrera seguintes sistemas informaca sistema informacao,NT nº 77/2025-CGICI/DPNI/SVSA/MS,"Sistema de Informação do Programa Nacional de Imunizações (SI-PNI);
e-SUS APS PEC – Prontuário Eletrônico do Cidadão;
Sistemas de informação próprios e terceiros integrados à Rede Nacional de Dados em Saúde (RNDS).
24/06/2025, 15:15 SEI/MS - 0048369301 - Nota Técnica
https://sei.saude.gov.br/sei/controlador.php?acao=documento_imprimir_web&acao_origem=arvore_visualizar&id_documento=51914841&infra_si… 1/3",True,82,docs_ms,vigentes/NT77_2025_MenACWY_reforco.pdf
docsms_nt77_pdf__4_2_para_consultar_as_regras_de_entradas_nos_sis__1,NT nº 77/2025 — reforço MenACWY — 4.2. Para consultar as regras de entradas nos sistemas de informação para registro da vacina acessar o link disponível:,vacina,nt77 menacwy meningococica c reforco vacina 2025 reforco menacwy para consultar regras entradas sistemas informacao para registro vacina acessar link disponivel https saude vacinacao,NT nº 77/2025-CGICI/DPNI/SVSA/MS,<https://www.gov.br/saude./pt-br/vacinacao/regras-para-registros-vacinais>,True,82,docs_ms,vigentes/NT77_2025_MenACWY_reforco.pdf
docsms_nt77_pdf__4_3_no_quadro_2_apresenta_se_as_regras_de_entrad__1,NT nº 77/2025 — reforço MenACWY — 4.3. No Quadro 2 apresenta-se as regras de entrada de dados nos sistemas de informação para registro da vacina.,vacina,nt77 menacwy meningococica c reforco vacina 2025 reforco menacwy quadro apresenta regras entrada dados sistemas informacao para registro vacina quadro regras entradas sistemas informacao,NT nº 77/2025-CGICI/DPNI/SVSA/MS,"Quadro 2: Regras de entradas nos sistemas de informação para registro da vacina
Nome Comum doImunobiológico Sigla doImunobiológico CódigoEstratégia Estratégia Código Dose DescriçãoDose Sigla DoseFaixa_Etária
MeningocócicaACWY MenACWY 1 Rotina 38 Reforço REF ≥1A a14A
      Fonte: https://www.gov.br/saude./pt-br/vacinacao/regras-para-registros-vacinais
 4.4. A disseminação das informações sobre as doses aplicadas estará disponível nos painéis de monitoramento, desenvolvidos em parceriaDepartamento do Programa Nacional de Imunizações (DPNI) e o Departamento de Monitoramento, Avaliação e Disseminação de Informações Estraem Saúde (DEMAS/SEIDIGI/MS).
4.5. Para acessar os painéis, deve-se utilizar o seguinte link: https://www.gov.br/saude/pt-br/composicao/svsa. Na página da SecretVigilância em Saúde e Ambiente (SVSA), é necessário localizar o tópico “Painéis de Monitoramento – Calendário",True,82,docs_ms,vigentes/NT77_2025_MenACWY_reforco.pdf
docsms_nt77_pdf__4_3_no_quadro_2_apresenta_se_as_regras_de_entrad__2,NT nº 77/2025 — reforço MenACWY — 4.3. No Quadro 2 apresenta-se as regras de entrada de dados nos sistemas de informação para registro da vacina.,vacina,nt77 menacwy meningococica c reforco vacina 2025 reforco menacwy quadro apresenta regras entrada dados sistemas informacao para registro vacina secretvigilancia saude ambiente svsa necessario,NT nº 77/2025-CGICI/DPNI/SVSA/MS,"a da SecretVigilância em Saúde e Ambiente (SVSA), é necessário localizar o tópico “Painéis de Monitoramento – Calendário Nacional”.
4.6. No que se refere à operacionalização da substituição da dose de reforço da vacina meningocócica C pela vacina meningocócica (conjugada), destaca-se que, no Painel de Cobertura Vacinal, essa dose de reforço será contemplada conforme a regra de negócio, que será atualtambém disponibilizada no painel na aba informações.
4.7. Além disso, haverá um novo card específico para a vacina meningocócica ACWY (Reforço), direcionado às crianças na faixa etáriaano, facilitando a visualização e o monitoramento dos dados.",True,82,docs_ms,vigentes/NT77_2025_MenACWY_reforco.pdf
docsms_nt77_pdf__5_conclusao__1,NT nº 77/2025 — reforço MenACWY — 5. CONCLUSÃO,vacina,nt77 menacwy meningococica c reforco vacina 2025 reforco menacwy conclusao partir julho 2025 dpni disponibilizara vacina meningococica acwy como dose reforco meses deidade substituicao,NT nº 77/2025-CGICI/DPNI/SVSA/MS,"5.1. A partir de 1 de julho de 2025, o DPNI  disponibilizará a vacina meningocócica ACWY como dose de reforço aos 12 meses deidade em substituição a meningocócica C (conjugada).
5.2. O impacto das vacinas sobre as doenças invasivas, causadas por N. meningitidis, depende da prevalência dos sorogruposcirculantes na população, do alcance das metas das coberturas vacinais de rotina para a vacina meningocócica C (Conjugada) e da oferta dadose de reforço com a vacina ACWY.",True,82,docs_ms,vigentes/NT77_2025_MenACWY_reforco.pdf
docsms_nt77_pdf__6_referencias__1,NT nº 77/2025 — reforço MenACWY — 6. REFERÊNCIAS,vacina,nt77 menacwy meningococica c reforco vacina 2025 reforco menacwy referencias brasil ministerio saude secretaria vigilancia saude ambiente departamento acoes estrategicas epidemiologia vigilanciaem saude ambiente,NT nº 77/2025-CGICI/DPNI/SVSA/MS,"BRASIL. Ministério da Saúde. Secretaria de Vigilância em Saúde e Ambiente. Departamento de Ações Estratégicas de Epidemiologia e Vigilânciaem Saúde e Ambiente. Guia de vigilância em saúde: volume 1 [recurso eletrônico] / 6. ed. rev. – Brasília: Ministério da Saúde, 2024. 3 v.: il.ISBN 978-65-5993-506-2. Dísponível em: https://www.gov.br/saude/pt-br/assuntos/saude-de-a-a-z/t/tetano-acidental/publicacoes/guia-de-vigilancia-em-saude-6a-edicao.pdf/view. Acesso em: 04 abril. 2025.
______. Ministério da Saúde. Secretaria de Vigilância em Saúde e Ambiente, Departamento do Programa Nacional de Imunizações. InstruçãoNormativa do Calendário Nacional de Vacinação. Brasil, 2024. Disponível em: https://www.gov.br/saude/pt-br/vacinacao/publicacoes/instrucao-normativa-calendario-nacional-de-vacinacao-2024.pdf/view. Acesso em: 17 de maio. de 2025.
_______. Ministério da Saúde. Secretaria de Vigilância",True,82,docs_ms,vigentes/NT77_2025_MenACWY_reforco.pdf
docsms_nt77_pdf__6_referencias__2,NT nº 77/2025 — reforço MenACWY — 6. REFERÊNCIAS,vacina,nt77 menacwy meningococica c reforco vacina 2025 reforco menacwy referencias ional vacinacao 2024 view acesso maio 2025 ministerio saude secretaria vigilancia saude ambiente departamento,NT nº 77/2025-CGICI/DPNI/SVSA/MS,"ional-de-vacinacao-2024.pdf/view. Acesso em: 17 de maio. de 2025.
_______. Ministério da Saúde. Secretaria de Vigilância em Saúde e Ambiente, Departamento do Programa Nacional de Imunizações. Diretrizespara enfrentamento das meningites até 2030. Disponível em https://www.gov.br/saude/pt-br/centrais-de-conteudo/publicacoes/guias-e-manuais/2024/diretrizes-para-enfrentamento-das-meningites-ate-2030.pdf . Acesso em: 20 de mai. de 2025.
________. Ministério da Saúde. Secretaria de Vigilância em Saúde. Departamento do Programa Nacional de Imunizações. Manual de vigilânciaepidemiológica de eventos adversos pós-vacinação. 4ª edição. Brasília, 2020. Disponível em:https://bvsms.saude.gov.br/bvs/publicacoes/manual_vigilancia_epidemiologica_eventos_vacinacao_4ed.pdf . Acesso em: 17 de mai. de 2025.
________. Ministério da Saúde. Secretaria de Vigilância em Saúde. PORTARIA GM/MS Nº 5.663, DE 31 DE",True,82,docs_ms,vigentes/NT77_2025_MenACWY_reforco.pdf
docsms_nt77_pdf__6_referencias__3,NT nº 77/2025 — reforço MenACWY — 6. REFERÊNCIAS,vacina,nt77 menacwy meningococica c reforco vacina 2025 reforco menacwy referencias 2025 ministerio saude secretaria vigilancia saude portaria outubro 2024 disponivel https portaria outubro 2024,NT nº 77/2025-CGICI/DPNI/SVSA/MS,"17 de mai. de 2025.
________. Ministério da Saúde. Secretaria de Vigilância em Saúde. PORTARIA GM/MS Nº 5.663, DE 31 DE outubro DE 2024. Disponível em:https://www.in.gov.br/en/web/dou/-/portaria-gm/ms-n-5.663-de-31-de-outubro-de-2024-593693777
 
 
 
 ANA CATARINA DE MELO ARAUJODiretora SubstitutaDepartamento do Programa Nacional de Imunizações   MARIÂNGELA BATISTA GALVÃO SIMÃOSecretáriaSecretaria de Vigilância em Saúde e Ambiente   
 
24/06/2025, 15:15 SEI/MS - 0048369301 - Nota Técnica
https://sei.saude.gov.br/sei/controlador.php?acao=documento_imprimir_web&acao_origem=arvore_visualizar&id_documento=51914841&infra_si… 2/3",True,82,docs_ms,vigentes/NT77_2025_MenACWY_reforco.pdf
docsms_nt77_pdf__6_referencias__4,NT nº 77/2025 — reforço MenACWY — 6. REFERÊNCIAS,vacina,nt77 menacwy meningococica c reforco vacina 2025 reforco menacwy referencias controlador acao documento imprimir acao origem arvore visualizar documento 51914841 infra documento assinado eletronicamente,NT nº 77/2025-CGICI/DPNI/SVSA/MS,"gov.br/sei/controlador.php?acao=documento_imprimir_web&acao_origem=arvore_visualizar&id_documento=51914841&infra_si… 2/3

Documento assinado eletronicamente por Ana Catarina de Melo Araujo, Diretor(a) do Departamento do Programa Nacional de Imunizaçõessubstituto(a), em 23/06/2025, às 17:44, conforme horário oﬁcial de Brasília, com fundamento no § 3º, do art. 4º, do Decreto nº 10.543, de 13de novembro de 2020; e art. 8º, da Portaria nº 900 de 31 de Março de 2017.
Documento assinado eletronicamente por Mariângela Batista Galvão Simão, Secretário(a) de Vigilância em Saúde e Ambiente, em24/06/2025, às 13:22, conforme horário oﬁcial de Brasília, com fundamento no § 3º, do art. 4º, do Decreto nº 10.543, de 13 de novembro de2020; e art. 8º, da Portaria nº 900 de 31 de Março de 2017.
A autenticidade deste documento pode ser conferida no site",True,82,docs_ms,vigentes/NT77_2025_MenACWY_reforco.pdf
docsms_nt77_pdf__6_referencias__5,NT nº 77/2025 — reforço MenACWY — 6. REFERÊNCIAS,vacina,nt77 menacwy meningococica c reforco vacina 2025 reforco menacwy referencias de2020 portaria marco 2017 autenticidade deste documento pode conferida site http saude controlador externo,NT nº 77/2025-CGICI/DPNI/SVSA/MS,"de2020; e art. 8º, da Portaria nº 900 de 31 de Março de 2017.
A autenticidade deste documento pode ser conferida no site http://sei.saude.gov.br/sei/controlador_externo.php?acao=documento_conferir&id_orgao_acesso_externo=0, informando o código veriﬁcador 0048369301 e o código CRC 2CED4E21.
Referência: Processo nº 25000.096533/2025-76 SEI nº 0048369301 Coordenação-Geral de Incorporação Cientíﬁca e Imunização - CGICISRTVN 701, Via W5 Norte Edifício PO700, 6º andar - Bairro Asa Norte, Brasília/DF, CEP 70719-040Site - saude.gov.br  
24/06/2025, 15:15 SEI/MS - 0048369301 - Nota Técnica
https://sei.saude.gov.br/sei/controlador.php?acao=documento_imprimir_web&acao_origem=arvore_visualizar&id_documento=51914841&infra_si… 3/3",True,82,docs_ms,vigentes/NT77_2025_MenACWY_reforco.pdf
docsms_nt77_pdf__intro__1,NT nº 77/2025 — reforço MenACWY,vacina,nt77 menacwy meningococica c reforco vacina 2025 reforco menacwy ministerio saudesecretaria vigilancia saude ambientedepartamento programa nacional imunizacoescoordenacao geral incorporacao cientifica imunizacao nota tecnica 2025,NT nº 77/2025-CGICI/DPNI/SVSA/MS,"Ministério da SaúdeSecretaria de Vigilância em Saúde e AmbienteDepartamento do Programa Nacional de ImunizaçõesCoordenação-Geral de Incorporação Cientíﬁca e Imunização  
NOTA TÉCNICA Nº 77/2025-CGICI/DPNI/SVSA/MS",True,82,docs_ms,vigentes/NT77_2025_MenACWY_reforco.pdf
docsms_caderno_md__caderno_de_analises_sinan_meningites__1,Caderno SINAN Meningites (MD) — Caderno de Análises SINAN — Meningites,sinan,sinan laboratorio classificacao qualidade caderno sinan meningites caderno analises sinan meningites fonte caderno analises sinan meningites ministerio saude cievs qualidade informacao confirmacao,Caderno de Análises SINAN — Meningites,"**Fonte:** Caderno de Análises SINAN — Meningites (Ministério da Saúde)  
**Uso CIEVS:** qualidade da informação, confirmação laboratorial e inconsistências (ex.: quimio × etiologia).",True,80,docs_ms,vigentes/04_caderno_sinan_meningites.md
docsms_caderno_md__coeficientes_epidemiologicos__1,Caderno SINAN Meningites (MD) — Coeficientes epidemiológicos,sinan,sinan laboratorio classificacao qualidade caderno sinan meningites coeficientes epidemiologicos incidencia casos confirmados populacao mortalidade obitos meningite populacao letalidade obitos meningite casos confirmados,Caderno de Análises SINAN — Meningites,"- **Incidência:** casos confirmados / população × 100.000.
- **Mortalidade:** óbitos por meningite / população × 100.000.
- **Letalidade:** óbitos por meningite / casos confirmados × 100.

Calcular por etiologia, município, faixa etária e sexo. Usar população do ano e área avaliada (DATASUS/IBGE).",True,80,docs_ms,vigentes/04_caderno_sinan_meningites.md
docsms_caderno_md__confirmacao_laboratorial_bacterianas__1,Caderno SINAN Meningites (MD) — Confirmação laboratorial (bacterianas),sinan,sinan laboratorio classificacao qualidade caderno sinan meningites confirmacao laboratorial bacterianas proporcao casos meningite bacteriana confirmados criterio laboratorial bacterianas confirmadas encerradas cultura latex,Caderno de Análises SINAN — Meningites,"Proporção de casos de meningite bacteriana confirmados por critério laboratorial =

nº de bacterianas confirmadas encerradas com cultura, CIE, PCR ou látex × 100  
÷ nº de bacterianas confirmadas.

Avalia capacidade de identificar o agente, orienta medidas de controle e melhora a especificidade do sistema.

Etiologias bacterianas típicas no SINAN: DM (MM, MCC, MM+MCC), MTBC, MB, MH e MP.

Coleta oportuna (alinhada à NT 154): líquor e sangue tão logo haja suspeita; não atrasar o tratamento pela coleta; encaminhar material/cepas ao LACEN para caracterização (incluindo tipagem Hi).",True,80,docs_ms,vigentes/04_caderno_sinan_meningites.md
docsms_caderno_md__inconsistencia_quimioprofilaxia_etiologia__1,Caderno SINAN Meningites (MD) — Inconsistência quimioprofilaxia × etiologia,sinan,sinan laboratorio classificacao qualidade caderno sinan meningites inconsistencia quimioprofilaxia etiologia quimioprofilaxia medida controle para prevenir casos secundarios esta indicada para doenca meningococica,Caderno de Análises SINAN — Meningites,"A quimioprofilaxia é medida de controle para prevenir casos secundários e **só está indicada** para:

- doença meningocócica (MM, MCC, MM+MCC);
- doença invasiva/meningite por *Haemophilus* (Hib/Hi até tipagem).

Não deve ser realizada para as demais etiologias. Quimio registrada em etiologia não elegível deve ser auditada (erro de classificação ou de preenchimento).",True,80,docs_ms,vigentes/04_caderno_sinan_meningites.md
docsms_caderno_md__qualidade_da_ficha_e_analise__1,Caderno SINAN Meningites (MD) — Qualidade da ficha e análise,sinan,sinan laboratorio classificacao qualidade caderno sinan meningites qualidade ficha analise revisar campos criticos datas sintomas notificacao investigacao encerramento classificacao final criterio confirmacao,Caderno de Análises SINAN — Meningites,"- Revisar campos críticos: datas (sintomas, notificação, investigação, encerramento), classificação final, critério de confirmação, evolução, quimioprofilaxia.
- Cruzar atraso de investigação/encerramento com indicadores do Informe MS.
- Em bacterianas sem lab, priorizar busca ativa de resultado (GAL/LACEN) e atualização da ficha.",True,80,docs_ms,vigentes/04_caderno_sinan_meningites.md
docsms_caderno_md__relacao_com_a_nt_154_2024__1,Caderno SINAN Meningites (MD) — Relação com a NT 154/2024,sinan,sinan laboratorio classificacao qualidade caderno sinan meningites relacao 2024 criterios elegibilidade prazos quimioprofilaxia definicao contato surto devem lidos pela caderno orienta analise,Caderno de Análises SINAN — Meningites,"Critérios de elegibilidade e prazos de quimioprofilaxia, definição de contato e surto devem ser lidos pela **NT 154**. O Caderno orienta a análise no SINAN; a NT orienta a ação de controle.",True,80,docs_ms,vigentes/04_caderno_sinan_meningites.md
docsms_tutorial_sinan_pdf__10_de_novo_no_campo_de_selecao_selecoes_disponiv__1,"Tutorial análises epidemiológicas Meningites (SINAN) — 10. De novo no campo de seleção “seleções disponíveis”, clicamos em “ano de início",sinan,tutorial sinan tabwin histograma analise tutorial analises epidemiologicas meningites sinan novo campo selecao selecoes disponiveis clicamos inicio sintomas clicamos caixa incluir lado depois,Tutorial análises epi Meningites bacterianas — SVS/MS,"dos sintomas” e clicamos na caixa “incluir” ao lado; depois no campo de seleção 
“Seleções ativas”, selecionamos “ano de início dos sintomas”, e assim, abaixo, no 
campo de seleção “Categorias selecionadas” deixamos selecionados ao mesm o 
tempo (Ctrl + click da seta do mouse) os termos “2012”, “2013”, “2014”, “2015” 
e “2016”; 

8",True,70,docs_ms,vigentes/Tutorial_analises_epi_Meningites_SINAN.pdf
docsms_tutorial_sinan_pdf__10_transfira_os_dados_da_tabela_de_tabwin_para_o__1,"Tutorial análises epidemiológicas Meningites (SINAN) — 10. Transfira os dados da tabela de Tabwin para o Excel, clicando em “editar”, “copiar”",sinan,tutorial sinan tabwin histograma analise tutorial analises epidemiologicas meningites sinan transfira dados tabela tabwin para excel clicando editar copiar colar excel organizar dados,Tutorial análises epi Meningites bacterianas — SVS/MS,"e “colar no Excel” – organizar os dados copiados conforme organização prévia da 
tabela (vide exemplo na figura); 
 

23",True,70,docs_ms,vigentes/Tutorial_analises_epi_Meningites_SINAN.pdf
docsms_tutorial_sinan_pdf__11_agora_vamos_calcular_os_valores_dos_limites_e__1,Tutorial análises epidemiológicas Meningites (SINAN) — 11. Agora vamos calcular os valores dos limites endêmicos d o diagrama de controle:,sinan,tutorial sinan tabwin histograma analise tutorial analises epidemiologicas meningites sinan agora vamos calcular valores limites endemicos diagrama controle podemos fazer dois modos calculando,Tutorial análises epi Meningites bacterianas — SVS/MS,"podemos fazer de dois modos, ou calculando “os quartis”, ou calculando “ média ± 
desvio padrão”. Aconselhamos fazer os dois modelos de canal com os mesmos dados 
e depois compará-los, decidindo qual seria o mais adequado  para suas análises. No 
nosso exemplo, vamos trabalhar apenas com o modelo de quartis, sendo este modelo 
também aplicável ao modelo de média ± desvio padrão. Assim, na tabela Excel, copie 
as fórmulas de acordo com os dados da tabela abaixo, e substitua os “XY:XY” das 
fórmulas pelas células correspondentes da tabela, conforme exemplo da figura. 
 
Tabela - Fórmulas respectivas para os cálculos de limites para canais endêmicos 
  Limite Superior Limite Médio Limite inferior 
Média e DP =MÉDIA(XY:XY)+1,96*DESVPAD(XY:XY) =MÉDIA(XY:XY) =MÉDIA(XY:XY)-1,96*DESVPAD(XY:XY) 
Quartis =QUARTIL(XY:XY;3) =QUARTIL(XY:XY;2) =QUARTIL(XY:XY;1) 
OBS: “X:Y” – Série de dados dos anos",True,70,docs_ms,vigentes/Tutorial_analises_epi_Meningites_SINAN.pdf
docsms_tutorial_sinan_pdf__11_agora_vamos_calcular_os_valores_dos_limites_e__2,Tutorial análises epidemiológicas Meningites (SINAN) — 11. Agora vamos calcular os valores dos limites endêmicos d o diagrama de controle:,sinan,tutorial sinan tabwin histograma analise tutorial analises epidemiologicas meningites sinan agora vamos calcular valores limites endemicos diagrama controle desvpad quartis quartil quartil quartil,Tutorial análises epi Meningites bacterianas — SVS/MS,"1,96*DESVPAD(XY:XY) 
Quartis =QUARTIL(XY:XY;3) =QUARTIL(XY:XY;2) =QUARTIL(XY:XY;1) 
OBS: “X:Y” – Série de dados dos anos pertinentes ao canal endêmico (substituir no cálculo conforme seus 
próprios dados na tabela). 
 

24",True,70,docs_ms,vigentes/Tutorial_analises_epi_Meningites_SINAN.pdf
docsms_tutorial_sinan_pdf__12_o_tabwin_mostrara_os_resultados_rodados_em_um__1,Tutorial análises epidemiológicas Meningites (SINAN) — 12. O Tabwin mostrará os resultados rodados em uma tabela. Agora vamos transferir,sinan,tutorial sinan tabwin histograma analise tutorial analises epidemiologicas meningites sinan tabwin mostrara resultados rodados tabela agora vamos transferir estes dados para programa excel,Tutorial análises epi Meningites bacterianas — SVS/MS,"estes dados para o programa Excel ® : No tabwin, clicamos em “editar”, e depois 
“copiar”; 

9",True,70,docs_ms,vigentes/Tutorial_analises_epi_Meningites_SINAN.pdf
docsms_tutorial_sinan_pdf__12_para_expandir_a_acao_das_formulas_a_todas_as__1,Tutorial análises epidemiológicas Meningites (SINAN) — 12. Para expandir a ação das fórmulas a todas as linhas de semanas epidemiológicas,sinan,tutorial sinan tabwin histograma analise tutorial analises epidemiologicas meningites sinan para expandir acao formulas todas linhas semanas epidemiologicas colocadas selecione celula formula clique,Tutorial análises epi Meningites bacterianas — SVS/MS,"colocadas, selecione a célula da fórmula e clique duas vezes com o botão direito do 
mouse no pequeno quadrado inferior direito na célula do Excel, que ele expande em 
toda a coluna a fórmula analítica.",True,70,docs_ms,vigentes/Tutorial_analises_epi_Meningites_SINAN.pdf
docsms_tutorial_sinan_pdf__13_em_seguida_abrimos_o_programa_excel_e_no_novo__1,"Tutorial análises epidemiológicas Meningites (SINAN) — 13. Em seguida abrimos o programa Excel®,  e, no novo arquivo aberto, clicamos",sinan,tutorial sinan tabwin histograma analise tutorial analises epidemiologicas meningites sinan seguida abrimos programa excel novo arquivo aberto clicamos colar tabela tabwin sera colada,Tutorial análises epi Meningites bacterianas — SVS/MS,em “colar”. A tabela do tabwin será colada no excel.,True,70,docs_ms,vigentes/Tutorial_analises_epi_Meningites_SINAN.pdf
docsms_tutorial_sinan_pdf__13_faca_as_expansoes_das_respectivas_formulas_em__1,Tutorial análises epidemiológicas Meningites (SINAN) — 13. Faça as expansões das respectivas fórmulas em todos os limites endêmicos,sinan,tutorial sinan tabwin histograma analise tutorial analises epidemiologicas meningites sinan faca expansoes respectivas formulas todos limites endemicos determinados assim tabulacao dados estara completa,Tutorial análises epi Meningites bacterianas — SVS/MS,"determinados. Assim a tabulação de dados estará completa, e o gráfico poderá ser 
feito. 

25",True,70,docs_ms,vigentes/Tutorial_analises_epi_Meningites_SINAN.pdf
docsms_tutorial_sinan_pdf__14_agora_vamos_organizar_os_dados_para_confeccao__1,Tutorial análises epidemiológicas Meningites (SINAN) — 14. Agora vamos organizar os dados para confecção do gráfico do histograma. A,sinan,tutorial sinan tabwin histograma analise tutorial analises epidemiologicas meningites sinan agora vamos organizar dados para confeccao grafico histograma organizacao dados importante pois interfere,Tutorial análises epi Meningites bacterianas — SVS/MS,"organização dos dados é importante pois interfere na leitura dos dados pelo 
programa, e na organização do gráfico. Assim, em primeiro lugar, vamos deletar 
os dados desnecessários ao gráfico (destacados em preto): dados 
Ignorados/Branco e os resultados totais; 

10",True,70,docs_ms,vigentes/Tutorial_analises_epi_Meningites_SINAN.pdf
docsms_tutorial_sinan_pdf__14_selecione_as_colunas_de_limite_superior_limit__1,"Tutorial análises epidemiológicas Meningites (SINAN) — 14. Selecione as colunas de “limite superior”, “limite médio”, “limite inferior” e “2017”.",sinan,tutorial sinan tabwin histograma analise tutorial analises epidemiologicas meningites sinan selecione colunas limite superior limite medio limite inferior 2017 clique para construir grafico,Tutorial análises epi Meningites bacterianas — SVS/MS,"Clique para construir um gráfico de linhas, conforme exemplo:3 
 
 
 

26",True,70,docs_ms,vigentes/Tutorial_analises_epi_Meningites_SINAN.pdf
docsms_tutorial_sinan_pdf__15_clique_sobre_a_letra_a_em_cima_dos_nomes_dos__1,Tutorial análises epidemiológicas Meningites (SINAN) — 15. Clique sobre a letra “A” em cima dos nomes dos meses para selecionar todo o,sinan,tutorial sinan tabwin histograma analise tutorial analises epidemiologicas meningites sinan clique sobre letra cima nomes meses para selecionar todo campo depois clique botao,Tutorial análises epi Meningites bacterianas — SVS/MS,"campo; depois clique no botão direito do mouse, e na janela que aparecer clíque 
em “inserir”. Uma nova coluna vazia será anexada.  

11",True,70,docs_ms,vigentes/Tutorial_analises_epi_Meningites_SINAN.pdf
docsms_tutorial_sinan_pdf__15_para_melhor_visualizar_os_dados_transforme_a__1,"Tutorial análises epidemiológicas Meningites (SINAN) — 15. Para melhor visualizar os dados, transforme a linha de “casos de 2017” em gráfico",sinan,tutorial sinan tabwin histograma analise tutorial analises epidemiologicas meningites sinan para melhor visualizar dados transforme linha casos 2017 grafico colunas clique botao esquerdo,Tutorial análises epi Meningites bacterianas — SVS/MS,"de colunas: clique com o botão esquerdo do mouse sobre a linha de dados do gráfico, 
depois volte na aba “inserir” acima e selecione gráfico de barras.  
 
 
 
 

27",True,70,docs_ms,vigentes/Tutorial_analises_epi_Meningites_SINAN.pdf
docsms_tutorial_sinan_pdf__16_assim_os_dados_principais_do_grafico_de_canal__1,Tutorial análises epidemiológicas Meningites (SINAN) — 16. Assim os dados principais do gráfico de canal endêmico ficaram prontos. Basta agora,sinan,tutorial sinan tabwin histograma analise tutorial analises epidemiologicas meningites sinan assim dados principais grafico canal endemico ficaram prontos basta agora finalizar grafico arrumando,Tutorial análises epi Meningites bacterianas — SVS/MS,"finalizar o gráfico arrumando-o de sua preferência, com títulos dos eixos e cores de 
dados preferenciais, conforme modelo abaixo. 
 
 
 
c. Medidas de frequência absoluta e relativa 
 
 Servem para d escrever a quantidade de determinado evento aferido segundo as  
suas subdivisões internas, ou em relação a uma segunda variável presente no banco. A 
frequência absoluta trata da simples contagem geral do evento , expresso em números 
absolutos (ex. o total de casos de meningite confirmados no Brasil no ano de 2017 foi de 
15.486 caos). Já a frequência relativa trata da porcentagem de participação de um evento 
específico dentro de um todo analítico ( ex: 45% do total de casos de meningite eram de 
etiologia viral). 
 
Como fazer:",True,70,docs_ms,vigentes/Tutorial_analises_epi_Meningites_SINAN.pdf
docsms_tutorial_sinan_pdf__16_na_nova_coluna_diante_do_nome_janeiro_escreva__1,"Tutorial análises epidemiológicas Meningites (SINAN) — 16. Na nova coluna, diante do nome “janeiro”, escreva o primeiro ano de análise",sinan,tutorial sinan tabwin histograma analise tutorial analises epidemiologicas meningites sinan nova coluna diante nome janeiro escreva primeiro analise 2012 copie cole meses embaixo,Tutorial análises epi Meningites bacterianas — SVS/MS,"(2012). Copie e cole o ano e os meses um embaixo do outro, em seguida, alterando 
as datas dos anos até o último ano (2016), conforme exemplo; 

12",True,70,docs_ms,vigentes/Tutorial_analises_epi_Meningites_SINAN.pdf
docsms_tutorial_sinan_pdf__17_transfira_os_dados_de_cada_ano_respectivo_par__1,Tutorial análises epidemiológicas Meningites (SINAN) — 17. Transfira os dados de cada ano respectivo para o mês que você organizou na nova,sinan,tutorial sinan tabwin histograma analise tutorial analises epidemiologicas meningites sinan transfira dados cada respectivo para voce organizou nova coluna apague dados excesso,Tutorial análises epi Meningites bacterianas — SVS/MS,"coluna, e apague os dados em excesso; 

13",True,70,docs_ms,vigentes/Tutorial_analises_epi_Meningites_SINAN.pdf
docsms_tutorial_sinan_pdf__18_selecione_somente_a_coluna_com_os_resultados__1,"Tutorial análises epidemiológicas Meningites (SINAN) — 18. Selecione somente a coluna com os resultados (números), e depois clique em",sinan,tutorial sinan tabwin histograma analise tutorial analises epidemiologicas meningites sinan selecione somente coluna resultados numeros depois clique inserir coluna esboco grafico aparecera logo,Tutorial análises epi Meningites bacterianas — SVS/MS,"“inserir”, “Coluna 2D”. Um esboço do gráfico aparecerá logo abaixo. 
 

14",True,70,docs_ms,vigentes/Tutorial_analises_epi_Meningites_SINAN.pdf
docsms_tutorial_sinan_pdf__19_agora_vamos_trabalhar_no_esboco_do_grafico_po__1,Tutorial análises epidemiológicas Meningites (SINAN) — 19. Agora vamos trabalhar no esboço do gráfico: podemos aumentar o seu t amanho,sinan,tutorial sinan tabwin histograma analise tutorial analises epidemiologicas meningites sinan agora vamos trabalhar esboco grafico podemos aumentar amanho arrastando aresta imagens tamanho adequado,Tutorial análises epi Meningites bacterianas — SVS/MS,"arrastando a aresta das imagens ao tamanho adequado que queremos; as linhas 
cinzas horizontais podem ser deletadas ao selecioná-las com o clique do mouse, e 
depois apertando o botão “delete” do teclado; o título pode ser alterado com 
seleção por dois cliques do mouse, seguido da nova inscrição do título. 
 

15",True,70,docs_ms,vigentes/Tutorial_analises_epi_Meningites_SINAN.pdf
docsms_tutorial_sinan_pdf__1_escolher_o_periodo_a_ser_analisado_ex_2007_a_2__1,Tutorial análises epidemiológicas Meningites (SINAN) — 1. Escolher o período a ser analisado  (Ex: 2007 a 2017; ja neiro a dezembro de,sinan,tutorial sinan tabwin histograma analise tutorial analises epidemiologicas meningites sinan escolher periodo analisado 2007 2017 neiro dezembro 2015,Tutorial análises epi Meningites bacterianas — SVS/MS,"2015, etc.);",True,70,docs_ms,vigentes/Tutorial_analises_epi_Meningites_SINAN.pdf
docsms_tutorial_sinan_pdf__1_pelo_titulo_da_questao_sabe_se_que_serao_anali__1,"Tutorial análises epidemiológicas Meningites (SINAN) — 1. Pelo título da questão, sabe-se que serão analisadas as variáveis “casos”, “óbitos” por",sinan,tutorial sinan tabwin histograma analise tutorial analises epidemiologicas meningites sinan pelo titulo questao sabe serao analisadas variaveis casos obitos doenca meningococica entre anos,Tutorial análises epi Meningites bacterianas — SVS/MS,"“doença meningocócica” entre os anos “2012 a 2016”. Então as frequências absolutas 
destas informações serão captadas no banco de dados com o apoio do Tabwin;",True,70,docs_ms,vigentes/Tutorial_analises_epi_Meningites_SINAN.pdf
docsms_tutorial_sinan_pdf__1_primeiro_a_questao_define_que_serao_necessaria__1,"Tutorial análises epidemiológicas Meningites (SINAN) — 1. Primeiro, a questão define que serão necessárias as variáves “casos confirmados de",sinan,tutorial sinan tabwin histograma analise tutorial analises epidemiologicas meningites sinan primeiro questao define serao necessarias variaves casos confirmados meningite viral para estados brasileiros,Tutorial análises epi Meningites bacterianas — SVS/MS,"meningite viral”, para os “estados brasileiros ”, com suas respectivas “populações 
estaduais” expressas no “ano de 2015”. Assim se tem uma ideia geral dos dados que 
serão utilizados.",True,70,docs_ms,vigentes/Tutorial_analises_epi_Meningites_SINAN.pdf
docsms_tutorial_sinan_pdf__1_programas_necessarios__1,Tutorial análises epidemiológicas Meningites (SINAN) — 1. PROGRAMAS NECESSÁRIOS,sinan,tutorial sinan tabwin histograma analise tutorial analises epidemiologicas meningites sinan programas necessarios tabwin programa utilizado para rodar arquivos banco dados gerados pelo sinan,Tutorial análises epi Meningites bacterianas — SVS/MS,"a. TABWIN – programa utilizado para rodar os arquivos de banco de dados 
gerados pelo Sinan (.dbf) para extração de dados pertinentes à vigilância 
das meningites bacterianas. 
i. Já instalado e disponível para download no link 
https://drive.google.com/open?id=1XHVHf4gvtZ_eOAgGSbIpP
gdGeqZ2ynYn basta baixar para o  cpu a pasta e rodar o arquivo 
.exe 
ii. Também pode ser feito o download  no link do Datasus : 
http://www2.datasus.gov.br/DATASUS/index.php?area=060805
&item=3;  
1. as instruções de instalação direta via Datasus estão no link 
http://www2.datasus.gov.br/DATASUS/index.php?area=0
60805&item=6 
b. Microsoft EXCEL ® - planilha utilizada para tabulação dos dados 
extraídos do TABWIN; principalmente utilizada para a elaboração de 
gráficos. 
i. O programa acompanha o pacote de instalação do suíte de 
aplicativos de escritório Microsoft Office ® (em geral já se 
encontra",True,70,docs_ms,vigentes/Tutorial_analises_epi_Meningites_SINAN.pdf
docsms_tutorial_sinan_pdf__1_programas_necessarios__2,Tutorial análises epidemiológicas Meningites (SINAN) — 1. PROGRAMAS NECESSÁRIOS,sinan,tutorial sinan tabwin histograma analise tutorial analises epidemiologicas meningites sinan programas necessarios acompanha pacote instalacao suite aplicativos escritorio microsoft office geral encontra instalado,Tutorial análises epi Meningites bacterianas — SVS/MS,"ama acompanha o pacote de instalação do suíte de 
aplicativos de escritório Microsoft Office ® (em geral já se 
encontra instalado no computador). 
c. SinanNET – aplicativo instalado nos c omputadores das vigilâncias 
municipais e estaduais nos quais os dados das fichas de notificação são 
digitados; serve como base dos bancos de dados (.dbf) que vamos analisar. 
i. A extração dos dados do SinanNET para o TABWIN estão 
descritos no documento “Roteiro para uso do SinanNet, análise da 
qualidade da base de dados e cálculo de indicadores 
epidemiológicos e operacionais”, a partir da página 20, presente 
no link 
https://drive.google.com/open?id=1XHVHf4gvtZ_eOAgGSbIpP
gdGeqZ2ynYn 
 
 

3",True,70,docs_ms,vigentes/Tutorial_analises_epi_Meningites_SINAN.pdf
docsms_tutorial_sinan_pdf__2017_limite_superior_limite_medio_limite_inferio__1,Tutorial análises epidemiológicas Meningites (SINAN) — 2017 Limite Superior Limite Médio Limite inferior,sinan,tutorial sinan tabwin histograma analise tutorial analises epidemiologicas meningites sinan 2017 limite superior limite medio limite inferior passo passo calcule total casos total,Tutorial análises epi Meningites bacterianas — SVS/MS,"28 
 
Passo a passo: Calcule o total de casos, total de óbitos e a letalidade por doença 
meningocócica no Brasil, entre os anos de 2012 a 2016.",True,70,docs_ms,vigentes/Tutorial_analises_epi_Meningites_SINAN.pdf
docsms_tutorial_sinan_pdf__20_vamos_melhorar_as_configuracoes_das_barras_ag__1,Tutorial análises epidemiológicas Meningites (SINAN) — 20. Vamos melhorar as configurações das barras agora: em uma das barras azuis clicar,sinan,tutorial sinan tabwin histograma analise tutorial analises epidemiologicas meningites sinan vamos melhorar configuracoes barras agora barras azuis clicar botao esque mouse seguida clicar,Tutorial análises epi Meningites bacterianas — SVS/MS,"uma vez com o botão esque rdo do mouse, e em seguida clicar uma vez com o 
botão direito do mouse; abrirá uma janela  sobre a figura, e nela se clicará em 
“Formatar série de dados...”; Aparecerá uma nova janela à direita da tela, onde os 
dados “Sobreposição de séries” e “Largura do espaçamento” devem de ser 
colocados a “0%” (zero porcento); 
 

16",True,70,docs_ms,vigentes/Tutorial_analises_epi_Meningites_SINAN.pdf
docsms_tutorial_sinan_pdf__21_em_seguida_para_destacar_uma_coluna_da_outra__1,"Tutorial análises epidemiológicas Meningites (SINAN) — 21. Em seguida, para destacar  uma coluna da outra, clica -se com o botão direito do",sinan,tutorial sinan tabwin histograma analise tutorial analises epidemiologicas meningites sinan seguida para destacar coluna outra clica botao direito mouse numa colunas clica botao,Tutorial análises epi Meningites bacterianas — SVS/MS,"mouse numa das colunas; clica com o botão esquerdo em “Estrutura de tópicos”, 
e seleciona a cor branca. 
 
 
 

17",True,70,docs_ms,vigentes/Tutorial_analises_epi_Meningites_SINAN.pdf
docsms_tutorial_sinan_pdf__22_agora_basta_colocar_os_meses_de_acordo_com_as__1,"Tutorial análises epidemiológicas Meningites (SINAN) — 22. Agora basta colocar os meses de acordo com as suas respectivas colunas,",sinan,tutorial sinan tabwin histograma analise tutorial analises epidemiologicas meningites sinan agora basta colocar meses acordo suas respectivas colunas conforme tabela feita assim clicar,Tutorial análises epi Meningites bacterianas — SVS/MS,"conforme a tabela feita: assim, clicar com o botão direito do mouse sobre a tabela, 
e na janela aberta clicar em “Selecionar Dados...”. Se abrirá uma nova janela. 
 
 
 
 
  
 

18",True,70,docs_ms,vigentes/Tutorial_analises_epi_Meningites_SINAN.pdf
docsms_tutorial_sinan_pdf__23_na_nova_janela_selecionar_fonte_de_dados_clic__1,"Tutorial análises epidemiológicas Meningites (SINAN) — 23. Na nova janela “Selecionar Fonte de dados”, clicar em “editar” no rótulo de eixo",sinan,tutorial sinan tabwin histograma analise tutorial analises epidemiologicas meningites sinan nova janela selecionar fonte dados clicar editar rotulo eixo horizontal abrira selecao ponteiro,Tutorial análises epi Meningites bacterianas — SVS/MS,"horizontal: se abrirá uma seleção e o ponteiro do mouse ficará em formato de cruz; 
selecionar os anos junto com os meses na tabela feita  (OBS: Não selecionar os 
números nesta etapa!);  
 
  
 
 
 

19",True,70,docs_ms,vigentes/Tutorial_analises_epi_Meningites_SINAN.pdf
docsms_tutorial_sinan_pdf__24_clicar_em_ok_em_todas_as_janelas_restantes_e__1,"Tutorial análises epidemiológicas Meningites (SINAN) — 24. Clicar em ok em todas as janelas restantes, e o seu histograma estará pronto. OBS:",sinan,tutorial sinan tabwin histograma analise tutorial analises epidemiologicas meningites sinan clicar todas janelas restantes histograma estara pronto mesmo passo serve tambem para descricoes,Tutorial análises epi Meningites bacterianas — SVS/MS,"o mesmo passo serve também para descrições em dias ou semanas 
epidemiológicas. 
 
 
 
 
 
b. Diagrama de controle 
 
 Serve para identificar epidemias, em comparação  às taxas basais endêmicas da 
doença. Em geral se definem  os percentis endêmicos da doença no período  escolhido 
anterior ao ano a ser analisado, e se rebatem num gráfico os dados que se querem analisar 
junto com as linhas endêmicas. 
 
Como fazer:",True,70,docs_ms,vigentes/Tutorial_analises_epi_Meningites_SINAN.pdf
docsms_tutorial_sinan_pdf__26_a_28_de_setembro_de_2017__1,Tutorial análises epidemiológicas Meningites (SINAN) — 26 A 28 de setembro de 2017,sinan,tutorial sinan tabwin histograma analise tutorial analises epidemiologicas meningites sinan setembro 2017 brasilia,Tutorial análises epi Meningites bacterianas — SVS/MS,Brasília/DF,True,70,docs_ms,vigentes/Tutorial_analises_epi_Meningites_SINAN.pdf
docsms_tutorial_sinan_pdf__2_analises__1,Tutorial análises epidemiológicas Meningites (SINAN) — 2. ANÁLISES,sinan,tutorial sinan tabwin histograma analise tutorial analises epidemiologicas meningites sinan analises histograma histograma determina periodo observacao evento estudado infere periodo maior incidencia infere,Tutorial análises epi Meningites bacterianas — SVS/MS,"a. Histograma 
O histograma determina o período de observação do evento estudado, infere o 
período de maior incidência e infere o período de maior necessidade de preparação para 
controle do evento. 
Como construir:",True,70,docs_ms,vigentes/Tutorial_analises_epi_Meningites_SINAN.pdf
docsms_tutorial_sinan_pdf__2_definir_o_periodo_posterior_a_ser_analisado__1,Tutorial análises epidemiológicas Meningites (SINAN) — 2. Definir o período posterior a ser analisado:,sinan,tutorial sinan tabwin histograma analise tutorial analises epidemiologicas meningites sinan definir periodo posterior analisado minimo anos maximo anos periodo considerado otimo anos,Tutorial análises epi Meningites bacterianas — SVS/MS,"a. Mínimo de 5 anos e máximo de 10 anos (período considerado ótimo: 
7 anos);",True,70,docs_ms,vigentes/Tutorial_analises_epi_Meningites_SINAN.pdf
docsms_tutorial_sinan_pdf__2_depois_vamos_ter_por_definicao_que_faremos_um__1,Tutorial análises epidemiológicas Meningites (SINAN) — 2. Depois vamos ter por definição que faremos um diagrama de controle a partir dos 5,sinan,tutorial sinan tabwin histograma analise tutorial analises epidemiologicas meningites sinan depois vamos definicao faremos diagrama controle partir anos posteriores analisado caso anos 2012,Tutorial análises epi Meningites bacterianas — SVS/MS,"anos posteriores ao ano analisado, no caso, os anos de 2012 a 2016;",True,70,docs_ms,vigentes/Tutorial_analises_epi_Meningites_SINAN.pdf
docsms_tutorial_sinan_pdf__2_descrever_os_casos_por_unidade_do_periodo_tota__1,"Tutorial análises epidemiológicas Meningites (SINAN) — 2. Descrever os casos por unidade do período (total de casos por ano, por mês, por",sinan,tutorial sinan tabwin histograma analise tutorial analises epidemiologicas meningites sinan descrever casos unidade periodo total casos semana epidemiologica,Tutorial análises epi Meningites bacterianas — SVS/MS,"semana epidemiológica, etc.);",True,70,docs_ms,vigentes/Tutorial_analises_epi_Meningites_SINAN.pdf
docsms_tutorial_sinan_pdf__2_em_seguida_deve_se_fazer_uma_tabela_pre_analit__1,"Tutorial análises epidemiológicas Meningites (SINAN) — 2. Em seguida, deve-se fazer uma tabela pré-analítica no Excel, que norteará a extração",sinan,tutorial sinan tabwin histograma analise tutorial analises epidemiologicas meningites sinan seguida deve fazer tabela analitica excel norteara extracao dados bancos informacao colocam estados,Tutorial análises epi Meningites bacterianas — SVS/MS,"de dados dos bancos de informação: colocam-se os estados na primeira coluna, e as 
variáveis “casos”, “população” e “incidência” são colocados nas colunas seguintes. 
 
OBS: Para melhor organizar a extração dos dados, faz -se necessário seguir a devida 
ordem de saída de dados do Tabwin para os estados. Assim, sugere-se que se faça uma 

34 
 
análise rápida no Tabwin, com “UF de residência”  na saída de linhas , e a ordem dos 
nomes dos estados seja repedida no excel, conforme exemplos; 
 
a) Abrir o Tabwin e o banco de dados, repetindo os passos de “1” a “6” da 
lição A – histograma (pág. 3 e 4), para selecionar o banco de dados a ser 
analisado; 
b) Deve-se colocar no tópico “linhas” o termo “UF de residência”. Já os 
outros tópicos podem ficar como estão, como também pode -se escolher 
qualquer uma das bases para a rodagem. Clicar em “executar”. 
 
 
 
c) Copiar a saída da tabela do",True,70,docs_ms,vigentes/Tutorial_analises_epi_Meningites_SINAN.pdf
docsms_tutorial_sinan_pdf__2_em_seguida_deve_se_fazer_uma_tabela_pre_analit__2,"Tutorial análises epidemiológicas Meningites (SINAN) — 2. Em seguida, deve-se fazer uma tabela pré-analítica no Excel, que norteará a extração",sinan,tutorial sinan tabwin histograma analise tutorial analises epidemiologicas meningites sinan seguida deve fazer tabela analitica excel norteara extracao pode escolher qualquer bases para,Tutorial análises epi Meningites bacterianas — SVS/MS,"ém pode -se escolher 
qualquer uma das bases para a rodagem. Clicar em “executar”. 
 
 
 
c) Copiar a saída da tabela do Tabwin no Excel para se organizar os dados. 
Assim, clica-se em “Editar”, depois “Copiar” no Tabwin. Depois “Colar” 
no Excel. Formatar a apresentação da tabela com as demais variáveis logo 
depois. 
 

35 
 
 
 
 
 

36",True,70,docs_ms,vigentes/Tutorial_analises_epi_Meningites_SINAN.pdf
docsms_tutorial_sinan_pdf__2_excluir_anos_epidemicos_tomando_cuidado_para_n__1,Tutorial análises epidemiológicas Meningites (SINAN) — 2. Excluir anos epidêmicos  (tomando cuidado para não ultrapassar o limite,sinan,tutorial sinan tabwin histograma analise tutorial analises epidemiologicas meningites sinan excluir anos epidemicos tomando cuidado para ultrapassar limite minimo anos periodos analisados,Tutorial análises epi Meningites bacterianas — SVS/MS,"mínimo de 5 anos de períodos analisados); 

20",True,70,docs_ms,vigentes/Tutorial_analises_epi_Meningites_SINAN.pdf
docsms_tutorial_sinan_pdf__2_ja_com_a_ideia_das_variaveis_a_serem_coletadas__1,"Tutorial análises epidemiológicas Meningites (SINAN) — 2. Já com a ideia das variáveis a serem coletadas, deve ir no Excel e montar previamente",sinan,tutorial sinan tabwin histograma analise tutorial analises epidemiologicas meningites sinan ideia variaveis serem coletadas deve excel montar previamente tabela analitica dados,Tutorial análises epi Meningites bacterianas — SVS/MS,a tabela analítica dos dados;,True,70,docs_ms,vigentes/Tutorial_analises_epi_Meningites_SINAN.pdf
docsms_tutorial_sinan_pdf__3_abrir_o_tabwin_e_o_banco_de_dados_repetindo_os__1,"Tutorial análises epidemiológicas Meningites (SINAN) — 3. Abrir o Tabwin e o banco de dados, repetindo os passos de “1” a “6” da lição A –",sinan,tutorial sinan tabwin histograma analise tutorial analises epidemiologicas meningites sinan abrir tabwin banco dados repetindo passos licao histograma para selecionar banco dados analisado,Tutorial análises epi Meningites bacterianas — SVS/MS,"histograma (pág. 3 e 4), para selecionar o banco de dados a ser analisado;",True,70,docs_ms,vigentes/Tutorial_analises_epi_Meningites_SINAN.pdf
docsms_tutorial_sinan_pdf__3_agora_se_retorna_ao_tabwin_para_se_extrair_o_t__1,Tutorial análises epidemiológicas Meningites (SINAN) — 3. Agora se retorna ao Tabwin para se extrair o total de casos confirmados de meningite,sinan,tutorial sinan tabwin histograma analise tutorial analises epidemiologicas meningites sinan agora retorna tabwin para extrair total casos confirmados meningite viral estado 2015 campo,Tutorial análises epi Meningites bacterianas — SVS/MS,"viral por estado no ano de 2015. No campo “arquivos”, selecione as bases pertinentes 
para a análise (no caso as bases MENINN14, MENINN15 e MENINN16). No campo 
“linhas”, selecionar “UF de residência”; no campo “colunas”, selecionar “Não ativa”; 
Transferir para o campo “seleções ativas” a variável “Ano de início dos sintomas” e 
ativar “2015”; transferir a variável “Classif icação final” e ativar “Confirmado”; 
Transferir a variável “Etiologia” e ativar “MV”; Clicar em executar e depois copiar 
os dados para a tabela de Excel. 

37 
 
 
 
 

38 
 
 
 
 

39",True,70,docs_ms,vigentes/Tutorial_analises_epi_Meningites_SINAN.pdf
docsms_tutorial_sinan_pdf__3_apos_isso_vamos_organizar_no_programa_excel_o__1,"Tutorial análises epidemiológicas Meningites (SINAN) — 3. Após isso vamos organizar no programa Excel®  o nosso plano de análise, ou seja,",sinan,tutorial sinan tabwin histograma analise tutorial analises epidemiologicas meningites sinan apos isso vamos organizar programa excel nosso plano analise seja vamos organizar tabela,Tutorial análises epi Meningites bacterianas — SVS/MS,"vamos organizar a tabela de análise dos dados antes destes serem retira dos do 
Tabwin. Assim, abra uma planilha no excel e coloque os seguintes dados na primeira 
linha em ordem conforme a figura: “SE” (semana Epidemiológica), “2012”, “2013”, 
“2014”, “2015”, “2016”, “2017”, “Limite Inferior”, “Limite Médio”, “Limite 
Superior”. Na primeira coluna, numere de “1” a “52” para definir as semanas 
epidemiológicas analisadas. 
 
 
 

21",True,70,docs_ms,vigentes/Tutorial_analises_epi_Meningites_SINAN.pdf
docsms_tutorial_sinan_pdf__3_rebater_os_dados_em_um_grafico__1,Tutorial análises epidemiológicas Meningites (SINAN) — 3. Rebater os dados em um gráfico,sinan,tutorial sinan tabwin histograma analise tutorial analises epidemiologicas meningites sinan rebater dados grafico passo passo vamos fazer histograma casos doenca meningococica brasil para,Tutorial análises epi Meningites bacterianas — SVS/MS,"Passo a passo: Vamos fazer o histograma de casos de doença meningocócica no Brasil 
por mês para os anos de 2012 a 2016.",True,70,docs_ms,vigentes/Tutorial_analises_epi_Meningites_SINAN.pdf
docsms_tutorial_sinan_pdf__4_extrair_os_dados_de_populacao_via_internet_pel__1,Tutorial análises epidemiológicas Meningites (SINAN) — 4. Extrair os dados de população via internet pelo portal do Tabnet  explicado,sinan,tutorial sinan tabwin histograma analise tutorial analises epidemiologicas meningites sinan extrair dados populacao internet pelo portal tabnet explicado mais frente,Tutorial análises epi Meningites bacterianas — SVS/MS,mais a frente);,True,70,docs_ms,vigentes/Tutorial_analises_epi_Meningites_SINAN.pdf
docsms_tutorial_sinan_pdf__4_na_janela_de_selecao_do_tabwin_deixar_selecion__1,"Tutorial análises epidemiológicas Meningites (SINAN) — 4. Na janela de seleção do Tabwin, deixar selecionado “ano de início dos sintomas”",sinan,tutorial sinan tabwin histograma analise tutorial analises epidemiologicas meningites sinan janela selecao tabwin deixar selecionado inicio sintomas linhas ativa colunas selecoes ativas deixar,Tutorial análises epi Meningites bacterianas — SVS/MS,"em linhas; “Não ativa”, em colunas; Em “seleções ativas” deixar selecionado “ano 
de início dos sintomas” com a seleção de “2012, 2013, 2014 ,2015 e 2016”; Em 
“seleções ativas” deixar selecionado “Classificação final” com a seleção de 
“confirmado”; Em “seleções ativas” deixar selecionado “etiologia” com as seleções 
de “MCC, MM, MM+MCC” (Vide exemplo); 
 

29",True,70,docs_ms,vigentes/Tutorial_analises_epi_Meningites_SINAN.pdf
docsms_tutorial_sinan_pdf__4_na_proxima_janela_clicar_na_pasta_marcada__1,"Tutorial análises epidemiológicas Meningites (SINAN) — 4. Na próxima janela, clicar na pasta marcada;",sinan,tutorial sinan tabwin histograma analise tutorial analises epidemiologicas meningites sinan proxima janela clicar pasta marcada,Tutorial análises epi Meningites bacterianas — SVS/MS,4,True,70,docs_ms,vigentes/Tutorial_analises_epi_Meningites_SINAN.pdf
docsms_tutorial_sinan_pdf__4_para_abrir_o_tabwin_e_o_banco_de_dados_repita__1,"Tutorial análises epidemiológicas Meningites (SINAN) — 4. Para abrir o tabwin e o banco de dados, repita os passos de “1” a “6” da lição A –",sinan,tutorial sinan tabwin histograma analise tutorial analises epidemiologicas meningites sinan para abrir tabwin banco dados repita passos licao histograma,Tutorial análises epi Meningites bacterianas — SVS/MS,histograma (pág. 3 e 4);,True,70,docs_ms,vigentes/Tutorial_analises_epi_Meningites_SINAN.pdf
docsms_tutorial_sinan_pdf__4_para_os_dados_de_populacao_estes_serao_extraid__1,"Tutorial análises epidemiológicas Meningites (SINAN) — 4. Para os dados de população, estes serão extraídos do site do Tabnet",sinan,tutorial sinan tabwin histograma analise tutorial analises epidemiologicas meningites sinan para dados populacao estes serao extraidos site tabnet http www2 datasus datasus index,Tutorial análises epi Meningites bacterianas — SVS/MS,"(http://www2.datasus.gov.br/DATASUS/index.php?area=0206&id=6943&VObj=h
ttp://tabnet.datasus.gov.br/cgi/deftohtm.exe?ibge/cnv/popt). Este site é especializado 
em estatísticas e dados populacionais próprios para análises de saúde, por isso é 
usado como referência de dados demográficos na saúde. Nele você pode clicar na 
estimativa de população que quiser trabalhar. No caso , usaremos as estatísticas 
estimadas do TCU para o ano de 2015.",True,70,docs_ms,vigentes/Tutorial_analises_epi_Meningites_SINAN.pdf
docsms_tutorial_sinan_pdf__4_r_ebater_num_grafico_o_periodo_que_se_quer_ana__1,Tutorial análises epidemiológicas Meningites (SINAN) — 4. R ebater num gráfico o período que se quer analisar junto com as linhas,sinan,tutorial sinan tabwin histograma analise tutorial analises epidemiologicas meningites sinan ebater grafico periodo quer analisar junto linhas endemicas produzidas passo passo calcule percentis,Tutorial análises epi Meningites bacterianas — SVS/MS,"endêmicas produzidas. 
 
Passo a passo: Calcule os percentis referentes e faça o diagrama de controle de casos de 
doença meningocócica no Brasil por semana epidemiológica para o ano  de 2017, tendo 
como base endêmica os casos de 2012, 2013, 2014, 2015 e 2016.",True,70,docs_ms,vigentes/Tutorial_analises_epi_Meningites_SINAN.pdf
docsms_tutorial_sinan_pdf__5_a_proxima_janela_do_site_tem_um_layout_de_sele__1,Tutorial análises epidemiológicas Meningites (SINAN) — 5. A próxima janela do site tem um layout de seleção de dados parecido com o do,sinan,tutorial sinan tabwin histograma analise tutorial analises epidemiologicas meningites sinan proxima janela site layout selecao dados parecido tabwin inclusive saida dados semelhante isso,Tutorial análises epi Meningites bacterianas — SVS/MS,"Tabwin, inclusive a saída de dados é semelhante, e por isso que orientamos 
inicialmente a se fazer uma tabela pré-analítica com base no Tabwin: assim se facilita 
a coleta de dados populacionais do site. Então no campo “linha” se seleciona 
“Unidade da Federação”; no campo “Coluna” deixa “não ativa”; no campo 
“conteúdo” deixa população estimada; em “períodos disponíveis” deixa-se ativado o 
ano de 2015. Logo após clica-se em “mostra” para a devida tabulação. 
 

40",True,70,docs_ms,vigentes/Tutorial_analises_epi_Meningites_SINAN.pdf
docsms_tutorial_sinan_pdf__5_calcular_se_necessario_as_frequencias_relativa__1,"Tutorial análises epidemiológicas Meningites (SINAN) — 5. Calcular, se necessário, as frequências relativas (com a ajuda do Excel).",sinan,tutorial sinan tabwin histograma analise tutorial analises epidemiologicas meningites sinan calcular necessario frequencias relativas ajuda excel casos semanas epidemiologicas,Tutorial análises epi Meningites bacterianas — SVS/MS,"0
10
20
30
40
50
60
70
1 2 3 4 5 6 7 8 9 10 11 12 13 14 15 16 17 18 19 20 21 22 23 24 25 26 27 28 29 30 31 32 33 34 35 36 37 38 39 40 41 42 43 44 45 46 47 48 49 50 51 52
Casos
Semanas epidemiológicas",True,70,docs_ms,vigentes/Tutorial_analises_epi_Meningites_SINAN.pdf
docsms_tutorial_sinan_pdf__5_executar_a_tabulacao_os_dados_apresentados_cor__1,Tutorial análises epidemiológicas Meningites (SINAN) — 5. Executar a tabulação. Os dados apresentados correspondem ao total de casos de,sinan,tutorial sinan tabwin histograma analise tutorial analises epidemiologicas meningites sinan executar tabulacao dados apresentados correspondem total casos doenca meningococica periodo apresentado deve entao,Tutorial análises epi Meningites bacterianas — SVS/MS,"doença meningocócica por período apresentado; Deve -se então clicar na barra de 
tarefas superior do Tabwin em “Editar” (1), “Copiar” (2) e transferir estes dados para 
o Excel (3). Depois, na planilha organizar a apresentação dos dados conforme tabela 
pré-elaborada (4). 
 
 
 

30",True,70,docs_ms,vigentes/Tutorial_analises_epi_Meningites_SINAN.pdf
docsms_tutorial_sinan_pdf__5_na_proxima_janela_selecionar_o_diretorio_pasta__1,"Tutorial análises epidemiológicas Meningites (SINAN) — 5. Na próxima janela, selecionar o diretório (pasta) aonde estão os arquivos .DBF",sinan,tutorial sinan tabwin histograma analise tutorial analises epidemiologicas meningites sinan proxima janela selecionar diretorio pasta aonde estao arquivos dados serem analisados depois clicar,Tutorial análises epi Meningites bacterianas — SVS/MS,"com os dados a serem analisados, e depois clicar em “OK”;",True,70,docs_ms,vigentes/Tutorial_analises_epi_Meningites_SINAN.pdf
docsms_tutorial_sinan_pdf__6_assim_o_site_tabula_a_saida_de_dados_populacio__1,Tutorial análises epidemiológicas Meningites (SINAN) — 6. Assim o site tabula a saída de dados populacionais por estado segundo o ano,sinan,tutorial sinan tabwin histograma analise tutorial analises epidemiologicas meningites sinan assim site tabula saida dados populacionais estado segundo informado basta agora copiar dados,Tutorial análises epi Meningites bacterianas — SVS/MS,"informado. Basta agora copiar os dados para a tabela analítica. Isto pode ser feito de 
vários modos, porém recomenda -se que, no final da janela de saída de dados, se 
clique em “CÓPIA COMO .CSV” . Assim se abrirá um arquivo que roda em Excel, 
o qual você poderá facilmente copiar os dados e transferir para sua tabela analítica 
inicial. 
 
 

41 
 
 
 
 

42",True,70,docs_ms,vigentes/Tutorial_analises_epi_Meningites_SINAN.pdf
docsms_tutorial_sinan_pdf__6_calcular_as_incidencias_com_as_formulas_especi__1,Tutorial análises epidemiológicas Meningites (SINAN) — 6. Calcular as incidências com as fórmulas específicas do Excel;,sinan,tutorial sinan tabwin histograma analise tutorial analises epidemiologicas meningites sinan calcular incidencias formulas especificas excel passo passo calcule taxa incidencia meningite viral unidade,Tutorial análises epi Meningites bacterianas — SVS/MS,"Passo a passo: Calcule a taxa de incidência de meningite viral por unidade federada 
(estado) brasileira, no ano de 2015.",True,70,docs_ms,vigentes/Tutorial_analises_epi_Meningites_SINAN.pdf
docsms_tutorial_sinan_pdf__6_em_selecoes_disponiveis_ative_ano_de_inicio_do__1,"Tutorial análises epidemiológicas Meningites (SINAN) — 6. Em “seleções disponíveis”, ative “ano de início dos sintomas” e selecione os anos de",sinan,tutorial sinan tabwin histograma analise tutorial analises epidemiologicas meningites sinan selecoes disponiveis ative inicio sintomas selecione anos 2012 2017 tambem ative classificacao final,Tutorial análises epi Meningites bacterianas — SVS/MS,"2012 a 2017; também ative “classificação final” e selecione “confirmado” ; também 
ative “Etiologia” e selecione “MM”, “MCC” e “MM+MCC”;",True,70,docs_ms,vigentes/Tutorial_analises_epi_Meningites_SINAN.pdf
docsms_tutorial_sinan_pdf__6_os_arquivos_dbf_da_base_aparecerao_na_janela_l__1,"Tutorial análises epidemiológicas Meningites (SINAN) — 6. Os arquivos .DBF da base aparecerão na janela lateral. Então, deixar selecionado",sinan,tutorial sinan tabwin histograma analise tutorial analises epidemiologicas meningites sinan arquivos base aparecerao janela lateral entao deixar selecionado azul bases correspondentes periodo sera,Tutorial análises epi Meningites bacterianas — SVS/MS,"em azul as bases correspondentes ao período que será analisado; 

5",True,70,docs_ms,vigentes/Tutorial_analises_epi_Meningites_SINAN.pdf
docsms_tutorial_sinan_pdf__6_para_os_dados_dos_obitos_repetir_os_passos_de__1,"Tutorial análises epidemiológicas Meningites (SINAN) — 6. Para os dados dos óbitos, repetir os passos de “3” a “5” supracitados, com a diferença",sinan,tutorial sinan tabwin histograma analise tutorial analises epidemiologicas meningites sinan para dados obitos repetir passos supracitados diferenca passo seleco ativas voce deve incluir,Tutorial análises epi Meningites bacterianas — SVS/MS,"que no passo “4”, em “seleçõ es ativas” , você deve incluir  também a opção 
“Evolução”, com a seleção de “ óbito por meningite ”. Execute a tabel a e copie os 
dados para o Excel. 
 
 

31",True,70,docs_ms,vigentes/Tutorial_analises_epi_Meningites_SINAN.pdf
docsms_tutorial_sinan_pdf__7_assim_temos_a_tabela_de_casos_e_obitos_com_sua__1,"Tutorial análises epidemiológicas Meningites (SINAN) — 7. Assim temos a tabela de casos e óbitos, com suas frequências absolutas. Vamos agora",sinan,tutorial sinan tabwin histograma analise tutorial analises epidemiologicas meningites sinan assim temos tabela casos obitos suas frequencias absolutas vamos agora fazer frequencia relativa,Tutorial análises epi Meningites bacterianas — SVS/MS,"fazer a frequência relativa dos óbitos,  que neste caso corresponde a taxa de 
letalidade (óbitos ÷ casos × 100) segundo os anos analisados: vamos trabalhar com 
a fórmula de porcentagem do próprio E xcel, relacionando as caselas  com os dados 
apresentados. Os “casos” ficarão no denominador, e os “óbitos” no numerador, sendo 
no fim multiplicados por 100. Segue abaixo modelo padrão da fórmula: 
 
=(“Casela numerador”/”Casela denominador”)*100 
 
Uma vez feita a fórmula, o resultado aparece na tabela. A Fórmula pode ser repetida para 
as caselas abaixo apenas dando “dois cliques com o botão esquerdo do mouse” no 
pequeno quadrado verde na borda inferior da casela com a fórmula. 
 
 

32",True,70,docs_ms,vigentes/Tutorial_analises_epi_Meningites_SINAN.pdf
docsms_tutorial_sinan_pdf__7_com_os_dados_em_maos_podemos_agora_calcular_as__1,"Tutorial análises epidemiológicas Meningites (SINAN) — 7. Com os dados em mãos, podemos agora calcular as incidências para cada estado.",sinan,tutorial sinan tabwin histograma analise tutorial analises epidemiologicas meningites sinan dados maos podemos agora calcular incidencias para cada estado basta fazer formula relaciona,Tutorial análises epi Meningites bacterianas — SVS/MS,"Basta fazer a fórmula que relaciona as variáveis e expandir para todas as linhas. 
Segue abaixo o modelo de fórmula: 
 
=(“Casela numerador - casos”/”Casela denominador - população”)*100000 
 
Uma vez feita a fórmula, o resultado aparece na tabela. A Fórmula pode ser repetida para 
as caselas abaixo apenas dando “dois cliques com o botão esquerdo do mouse” no 
pequeno quadrado verde na borda inferior da casela com a fórmula.",True,70,docs_ms,vigentes/Tutorial_analises_epi_Meningites_SINAN.pdf
docsms_tutorial_sinan_pdf__7_em_linhas_selecione_semana_epidemi_ologica_dos__1,"Tutorial análises epidemiológicas Meningites (SINAN) — 7. Em “linhas”, selecione “Semana epidemi ológica dos sintomas” e em “Colunas”,",sinan,tutorial sinan tabwin histograma analise tutorial analises epidemiologicas meningites sinan linhas selecione semana epidemi ologica sintomas colunas selecione inicio sintomas,Tutorial análises epi Meningites bacterianas — SVS/MS,selecione “ano de início dos sintomas”;,True,70,docs_ms,vigentes/Tutorial_analises_epi_Meningites_SINAN.pdf
docsms_tutorial_sinan_pdf__7_no_campo_de_selecao_linhas_selecionar_mes_do_i__1,"Tutorial análises epidemiológicas Meningites (SINAN) — 7. No campo de seleção “Linhas”, selecionar “Mês do início dos sintomas”; no",sinan,tutorial sinan tabwin histograma analise tutorial analises epidemiologicas meningites sinan campo selecao linhas selecionar inicio sintomas campo selecao colunas selecionar inicio sintomas estes,Tutorial análises epi Meningites bacterianas — SVS/MS,"campo de seleção “Colunas”, selecionar “Ano de início dos sintomas”. Estes 
campos correspondem aos dados que serão visualizados na tabela após a rodagem 
dos dados.",True,70,docs_ms,vigentes/Tutorial_analises_epi_Meningites_SINAN.pdf
docsms_tutorial_sinan_pdf__8_assim_a_tabela_esta_pronta_e_caso_queira_corri__1,"Tutorial análises epidemiológicas Meningites (SINAN) — 8. Assim a tabela está pronta e, caso queira corrigir as casas decimais na apresentação,",sinan,tutorial sinan tabwin histograma analise tutorial analises epidemiologicas meningites sinan assim tabela esta pronta caso queira corrigir casas decimais apresentacao basta selecionar casela,Tutorial análises epi Meningites bacterianas — SVS/MS,"basta selecionar a casela das porcentagens organizar segundo as funções . 
 
 
d. Cálculo de incidência 
 
 Incidência equivale a um valor ou estimativa numérica que expressa o risco de 
manifestação de uma doença aguda em uma determinada população exposta a uma 
doença. Sua principal contribuição está na possibilidade de permitir a comparação de 
taxas entre populações diferentes: por exemplo, o total de casos absolutos de meningite 
no estado de São Paulo é muito superior ao do estado de Goiás, porém, as taxas de 
incidência podem ser semelhantes quando levamos em consideração a distribuição dos 
casos no total das populações sob risco de infecção em cada local.  
Podemos comparar a expressão da doença no lugar observado em comparação 
com as taxas de outros lugares (Ex: São Paulo 2015 X Goiás 2015), ou podemos comparar 
as taxas de um mesmo lugar, só que em períodos diferentes (anos,",True,70,docs_ms,vigentes/Tutorial_analises_epi_Meningites_SINAN.pdf
docsms_tutorial_sinan_pdf__8_assim_a_tabela_esta_pronta_e_caso_queira_corri__2,"Tutorial análises epidemiológicas Meningites (SINAN) — 8. Assim a tabela está pronta e, caso queira corrigir as casas decimais na apresentação,",sinan,tutorial sinan tabwin histograma analise tutorial analises epidemiologicas meningites sinan assim tabela esta pronta caso queira corrigir casas decimais apresentacao paulo 2015 goias,Tutorial análises epi Meningites bacterianas — SVS/MS,"(Ex: São Paulo 2015 X Goiás 2015), ou podemos comparar 
as taxas de um mesmo lugar, só que em períodos diferentes (anos, meses, etc.), claro que 
também levando em consideração as alterações populacionais do território (Ex: São Paulo 
em 2015 X São Paulo em 2016). 
Em geral, o cálculo da taxa de incidência se expressa na seguinte forma: 
 

33 
 
 
 
No caso das meningites, opta-se por utilizar como fator de 10 (10n) o valor 100.000 (cem 
mil) também expresso como 105. 
 
Como fazer:",True,70,docs_ms,vigentes/Tutorial_analises_epi_Meningites_SINAN.pdf
docsms_tutorial_sinan_pdf__8_no_campo_de_selecao_selecoes_disponiveis_vamos__1,"Tutorial análises epidemiológicas Meningites (SINAN) — 8. No campo de seleção “seleções disponíveis”, vamos selecionar as especificidades",sinan,tutorial sinan tabwin histograma analise tutorial analises epidemiologicas meningites sinan campo selecao selecoes disponiveis vamos selecionar especificidades devem consideradas saidas dados necessariamente precisam,Tutorial análises epi Meningites bacterianas — SVS/MS,"que devem ser consideradas nas saídas dos dados, mas que necessariamente não 
precisam aparecer na tabela. Neste caso , queremos apenas os  dados de casos 
confirmados de doença meningocócica. Assim, no campo “seleções disponíveis”, 
selecionamos “classificação final” e clicamos em “incluir” caixa ao lado. Assim 
o campo migra de “seleções disponíveis” para “Seleções A tivas”; Na seleção 

6 
 
abaixo c hamada “Categorias selecionadas” , deixamos selecionado (em azul) o 
termo “confirmado”.",True,70,docs_ms,vigentes/Tutorial_analises_epi_Meningites_SINAN.pdf
docsms_tutorial_sinan_pdf__8_obs_nao_ativar_a_caixa_de_suprimir_as_linhas_z__1,"Tutorial análises epidemiológicas Meningites (SINAN) — 8. OBS: Não ativar a caixa de “Suprimir as linhas zeradas”, pois queremos que as",sinan,tutorial sinan tabwin histograma analise tutorial analises epidemiologicas meningites sinan ativar caixa suprimir linhas zeradas pois queremos semanas epidemiologicas zeradas aparecas analise,Tutorial análises epi Meningites bacterianas — SVS/MS,semanas epidemiológicas zeradas apareças na análise.,True,70,docs_ms,vigentes/Tutorial_analises_epi_Meningites_SINAN.pdf
docsms_tutorial_sinan_pdf__8_para_melhor_apresentacao_dos_dados_pode_se_org__1,"Tutorial análises epidemiológicas Meningites (SINAN) — 8. Para melhor apresentação dos dados, pode-se organizar os dados da tabela segundo",sinan,tutorial sinan tabwin histograma analise tutorial analises epidemiologicas meningites sinan para melhor apresentacao dados pode organizar dados tabela segundo valores incidencias apresentadas assim,Tutorial análises epi Meningites bacterianas — SVS/MS,"os valores das incidências apresentadas. Assim, deixe toda a tabela selecionada com 
o botão esquerdo do mouse, depois clique com o botão direito sobre o selecionado, 
depois posicione o ponteiro em “classificar”, arraste o ponteiro do mouse e clique em 
“Personalizar classificação” para abrir uma nova janela de funções. 
 

44",True,70,docs_ms,vigentes/Tutorial_analises_epi_Meningites_SINAN.pdf
docsms_tutorial_sinan_pdf__9_na_nova_janela_de_funcoes_no_campo_colunas_sel__1,"Tutorial análises epidemiológicas Meningites (SINAN) — 9. Na nova janela de funções, no campo “colunas”, selecione a coluna da variável pela",sinan,tutorial sinan tabwin histograma analise tutorial analises epidemiologicas meningites sinan nova janela funcoes campo colunas selecione coluna variavel pela qual voce deseja organizar,Tutorial análises epi Meningites bacterianas — SVS/MS,"qual você deseja organizar a classificação da tabela (neste exemplo,  a coluna dos 
dados de incidência). Depois no campo “ordem”, escolha “Do maior para o menor” 
para classificar os estados por ordem decrescente de incidência. Clique em “ok” e a 
tabela estará organizada de modo finalizado.  

45 
 
 
 

46",True,70,docs_ms,vigentes/Tutorial_analises_epi_Meningites_SINAN.pdf
docsms_tutorial_sinan_pdf__9_rode_a_tabulacao__1,Tutorial análises epidemiológicas Meningites (SINAN) — 9. Rode a tabulação.,sinan,tutorial sinan tabwin histograma analise tutorial analises epidemiologicas meningites sinan rode tabulacao,Tutorial análises epi Meningites bacterianas — SVS/MS,22,True,70,docs_ms,vigentes/Tutorial_analises_epi_Meningites_SINAN.pdf
docsms_tutorial_sinan_pdf__9_voltamos_ao_campo_de_selecao_selecoes_disponiv__1,"Tutorial análises epidemiológicas Meningites (SINAN) — 9. Voltamos ao campo de seleção “seleções disponíveis”, clicamos em “etiologia” e",sinan,tutorial sinan tabwin histograma analise tutorial analises epidemiologicas meningites sinan voltamos campo selecao selecoes disponiveis clicamos etiologia clicamos caixa incluir lado depois campo,Tutorial análises epi Meningites bacterianas — SVS/MS,"clicamos na caixa “incluir” ao lado; depois no campo de seleção “Seleções ativas”, 
selecionamos “etiologia”, e assim, abaixo, no campo de seleção “Categorias 
selecionadas” deixamos selecionados ao mesmo tempo (Ctrl + click da seta do 
mouse) os termos “MCC”, “MM” e “MM+MCC”; 

7",True,70,docs_ms,vigentes/Tutorial_analises_epi_Meningites_SINAN.pdf
docsms_tutorial_sinan_pdf__brasilia_df__1,Tutorial análises epidemiológicas Meningites (SINAN) — Brasília/Df,sinan,tutorial sinan tabwin histograma analise tutorial analises epidemiologicas meningites sinan brasilia 2018,Tutorial análises epi Meningites bacterianas — SVS/MS,"2018 

1",True,70,docs_ms,vigentes/Tutorial_analises_epi_Meningites_SINAN.pdf
docsms_tutorial_sinan_pdf__gt_meningites_svs_ms__1,Tutorial análises epidemiológicas Meningites (SINAN) — Gt-Meningites/Svs/Ms,sinan,tutorial sinan tabwin histograma analise tutorial analises epidemiologicas meningites sinan meningites camile moraes camila oliveira portela igor goncalves ribeiro rejane maria souza alves,Tutorial análises epi Meningites bacterianas — SVS/MS,"Camile de Moraes 
Camila de Oliveira Portela 
Igor Gonçalves Ribeiro 
Rejane Maria de Souza Alves 
 
 
 
 
 
 
 
 
 
 
 
 
 
 
 
 
 
 
 
 
 
 
 
 
 

2",True,70,docs_ms,vigentes/Tutorial_analises_epi_Meningites_SINAN.pdf
docsms_tutorial_sinan_pdf__intro__1,Tutorial análises epidemiológicas Meningites (SINAN),sinan,tutorial sinan tabwin histograma analise tutorial analises epidemiologicas meningites sinan,Tutorial análises epi Meningites bacterianas — SVS/MS,0,True,70,docs_ms,vigentes/Tutorial_analises_epi_Meningites_SINAN.pdf
docsms_tutorial_sinan_pdf__secretaria_de_vigilancia_em_saude__1,Tutorial análises epidemiológicas Meningites (SINAN) — Secretaria De Vigilância Em Saúde,sinan,tutorial sinan tabwin histograma analise tutorial analises epidemiologicas meningites sinan secretaria vigilancia saude departamento vigilancia doencas transmissiveis coordenacao geral doencas transmissiveis,Tutorial análises epi Meningites bacterianas — SVS/MS,"Departamento de Vigilância das Doenças Transmissíveis 
Coordenação Geral de Doenças Transmissíveis",True,70,docs_ms,vigentes/Tutorial_analises_epi_Meningites_SINAN.pdf
docsms_tutorial_sinan_pdf__tutorial_para_as_analises_epidemiologicas__1,Tutorial análises epidemiológicas Meningites (SINAN) — Tutorial Para As Análises Epidemiológicas,sinan,tutorial sinan tabwin histograma analise tutorial analises epidemiologicas meningites sinan tutorial para analises epidemiologicas edicao,Tutorial análises epi Meningites bacterianas — SVS/MS,1ª edição,True,70,docs_ms,vigentes/Tutorial_analises_epi_Meningites_SINAN.pdf
docsms_FONTES_OFICIAIS__fontes_oficiais_baixadas_ms_portal_sinan__1,FONTES OFICIAIS — Fontes oficiais baixadas (MS / Portal SINAN),docs_ms,fontes oficiais fontes oficiais baixadas portal sinan arquivo fonte vigentes nt154 2024 dpni svsa https saude centrais conteudo,docs_ms/FONTES_OFICIAIS.md,"| Arquivo | Fonte |
|---------|--------|
| `vigentes/NT154_2024_DPNI_SVSA_MS.pdf` | https://www.gov.br/saude/pt-br/centrais-de-conteudo/publicacoes/notas-tecnicas/2024/nota-tecnica-conjunta-no-154-2024-dpni-svsa-ms.pdf |
| `historicos/NT97_2024_DPNI_SVSA_MS_REVOGADA.pdf` | https://www.gov.br/saude/pt-br/centrais-de-conteudo/publicacoes/notas-tecnicas/2024/nota-tecnica-no-97-2024-dpni-svsa-ms.pdf |
| `vigentes/NT201_2025_Vigilancia_Sentinela_DIHi_DPI.pdf` | https://www.gov.br/saude/pt-br/centrais-de-conteudo/publicacoes/notas-tecnicas/2025/nota-tecnica-conjunta-no-201-2025-cgvdi-dpni-svsa-ms-cglab-svsa.pdf |
| `vigentes/NT77_2025_MenACWY_reforco.pdf` | https://www.gov.br/saude/pt-br/centrais-de-conteudo/publicacoes/notas-tecnicas/2025/nota-tecnica-no-77-2025-cgici-dpni-svsa-ms.pdf |
| `vigentes/Informe_Meningites_2024_CGVDI.pdf` |",True,50,docs_ms,FONTES_OFICIAIS.md
docsms_FONTES_OFICIAIS__fontes_oficiais_baixadas_ms_portal_sinan__2,FONTES OFICIAIS — Fontes oficiais baixadas (MS / Portal SINAN),docs_ms,fontes oficiais fontes oficiais baixadas portal sinan notas tecnicas 2025 nota tecnica 2025 cgici dpni svsa vigentes informe,docs_ms/FONTES_OFICIAIS.md,"es/notas-tecnicas/2025/nota-tecnica-no-77-2025-cgici-dpni-svsa-ms.pdf |
| `vigentes/Informe_Meningites_2024_CGVDI.pdf` | https://www.gov.br/saude/pt-br/assuntos/saude-de-a-a-z/m/meningite/situacao-epidemiologica/dados-epidemiologicos/informe-meningite.pdf |
| `vigentes/Caderno_analises_SINAN_Meningites.pdf` | http://portalsinan.saude.gov.br/images/documentos/Agravos/Meningite/Caderno_analises_Meningites.pdf |
| `vigentes/Tutorial_analises_epi_Meningites_SINAN.pdf` | http://portalsinan.saude.gov.br/images/documentos/Agravos/Meningite/Tutorial_analises_epi_Meningites.pdf |
| `vigentes/Guia_Vigilancia_capitulo_Meningites_extrato.pdf` | Extrato do capítulo Meningites (Guia 6ª ed.) |",True,50,docs_ms,FONTES_OFICIAIS.md
docsms_FONTES_OFICIAIS__fontes_oficiais_baixadas_ms_portal_sinan__3,FONTES OFICIAIS — Fontes oficiais baixadas (MS / Portal SINAN),docs_ms,fontes oficiais fontes oficiais baixadas portal sinan ites vigentes guia vigilancia capitulo meningites extrato extrato capitulo meningites guia,docs_ms/FONTES_OFICIAIS.md,"ites.pdf |
| `vigentes/Guia_Vigilancia_capitulo_Meningites_extrato.pdf` | Extrato do capítulo Meningites (Guia 6ª ed.) |

**Nota:** o volume completo do Guia (`guia_vigilancia_saude_6edrev_v1.pdf` no BVSMS) falhou no download (conexão resetada). Usamos o extrato do capítulo Meningites + resumos MD. Para NT 154, o PDF oficial prevalece sobre a 6ª edição do GVS.",True,50,docs_ms,FONTES_OFICIAIS.md
docsms_nt97_md__aviso_operacional_cievs__1,NT 97/2024 — aviso de revogação (MD) — Aviso operacional CIEVS,historico,historico revogado nao-vigente nt97 revogada historico 2024 aviso revogacao aviso operacional cievs para decisoes atuais definicao caso suspeito contato proximo surto comunitario institucional quimioprofilaxia,NT nº 97/2024-DPNI/SVSA/MS (revogada pela NT 154/2024),"Não use a NT 97 para decisões atuais de:

- definição de caso suspeito;
- contato próximo;
- surto comunitário/institucional de DM;
- quimioprofilaxia DM/Hib;
- vacinação pós-DIHib.

Para esses temas, consulte exclusivamente a **NT 154/2024** e os trechos vigentes do Guia/Informe/Caderno alinhados a ela.

A NT 97 pode permanecer no acervo apenas para rastreabilidade histórica de documentos e treinamentos antigos.",False,10,docs_ms,historicos/00_nt97_revogada_aviso.md
docsms_nt97_md__nt_no_97_2024_documento_historico_revogado__1,NT 97/2024 — aviso de revogação (MD) — NT nº 97/2024 — documento histórico (revogado),historico,historico revogado nao-vigente nt97 revogada historico 2024 aviso revogacao 2024 documento historico revogado fonte nota tecnica 2024 dpni svsa vigencia vigente retificada revogada pela,NT nº 97/2024-DPNI/SVSA/MS (revogada pela NT 154/2024),"**Fonte:** Nota Técnica nº 97/2024-DPNI/SVSA/MS  
**Vigência:** **NÃO VIGENTE** — retificada e revogada pela **NT Conjunta nº 154/2024-DPNI/SVSA/MS**.",False,10,docs_ms,historicos/00_nt97_revogada_aviso.md
docsms_nt97_pdf__0042114377__1,NT nº 97/2024 (PDF — revogada) — 0042114377,historico,historico revogado nao-vigente nt97 pdf revogada historico 2024 revogada 0042114377 codigo f28224fe referencia processo 25000 108654 2024 0042114377 departamento programa nacional imunizacoes dpni srtvn norte,NT nº 97/2024-DPNI/SVSA/MS (revogada pela NT 154/2024),"e o código CRC 
F28224FE
.
Referência:
 Processo nº 25000.108654/2024-97
SEI nº 0042114377
 
Departamento do Programa Nacional de Imunizações - DPNI
SRTVN 701, Via W5 Norte Edifício PO700, 6º andar - Bairro Asa Norte, Brasília/DF, CEP 70719-040
Site - saude.gov.br
  
Nota Técnica 97 (0042114377)         SEI 25000.108654/2024-97 / pg. 8",False,8,docs_ms,historicos/NT97_2024_DPNI_SVSA_MS_REVOGADA.pdf
docsms_nt97_pdf__ana_catarina_de_melo_araujo__1,NT nº 97/2024 (PDF — revogada) — Ana Catarina De Melo Araujo,historico,historico revogado nao-vigente nt97 pdf revogada historico 2024 revogada catarina melo araujo coordenadora geral coordenacao geral incorporacao cientifica imunizacao,NT nº 97/2024-DPNI/SVSA/MS (revogada pela NT 154/2024),"Coordenadora Geral
Coordenação-Geral de Incorporação Científica e Imunização",False,8,docs_ms,historicos/NT97_2024_DPNI_SVSA_MS_REVOGADA.pdf
docsms_nt97_pdf__consideracoes_finais__1,NT nº 97/2024 (PDF — revogada) — Considerações Finais,historico,historico revogado nao-vigente nt97 pdf revogada historico 2024 revogada consideracoes finais recomenda necessidade administracao nova dose vacina componente haemophilus influenzae criancas maiores seis meses vida,NT nº 97/2024-DPNI/SVSA/MS (revogada pela NT 154/2024),"7
.
1
.
O PNI recomenda a necessidade de administração de uma nova dose da vacina com o
componente 
Haemophilus inﬂuenzae b
 em crianças maiores de seis meses de vida e menores de dois anos
(6 meses a <2 anos) que tiveram doença invasiva por Hib, conforme as normas descritas no item 5.
7
.
2
.
As revisões conceituais dessa nota técnica sobre 
caso suspeito, contatos, surto de doença
meningocócica e sobre as orientações para quimioproﬁlaxia dos contatos próximos de casos suspeitos ou
conﬁmados de doença meningocócica e doença invasiva por 
Haemophilus 
influenzae 
b
 foram adequadas ao
cenário epidemiológico do Brasil, Calendário Nacional de Vacinação, com base na revisão de documentos e
discussões com especialistas da Câmara Técnica Assessora em Imunizações e vigilância das meningites,
com o Conselho Nacional de Secretários de Saúde e com o Conselho Nacional de Secretarias Municipais",False,8,docs_ms,historicos/NT97_2024_DPNI_SVSA_MS_REVOGADA.pdf
docsms_nt97_pdf__consideracoes_finais__2,NT nº 97/2024 (PDF — revogada) — Considerações Finais,historico,historico revogado nao-vigente nt97 pdf revogada historico 2024 revogada consideracoes finais ncia meningites conselho nacional secretarios saude conselho nacional secretarias municipais saude novos conc eitos,NT nº 97/2024-DPNI/SVSA/MS (revogada pela NT 154/2024),"ncia das meningites,
com o Conselho Nacional de Secretários de Saúde e com o Conselho Nacional de Secretarias Municipais de
Saúde.
7
.
3
.
Os novos conc
eitos de vigilância e quimioproﬁlaxia apresentados 
deverão ser adotados e
amplamente divulgados 
a partir da publicação dessa nota técnica. 
Os mesmo serão incorporados à
nova edição de atualização do Guia de Vigilância em Saúde (7ª edição). Dessa forma, ﬁcam 
revogadas
 as
definições que constam 
na versão da 
6ª edição
 do Guia de Vigilância em Saúde (2023).
7
.
4
.
Reforça-se a importância da realização de cultura (sangue e líquor) para o isolamento
bacteriano dos casos identiﬁcados, 
para melhor e completa caracterização do agente etiológico, nessa era
pós vacinação.
7
.
5
.
Informações adicionais acerca das vacinas indicadas no Calendário Nacional de
Vacinação, esquemas vacinais, contraindicações e particularidades para o uso,",False,8,docs_ms,historicos/NT97_2024_DPNI_SVSA_MS_REVOGADA.pdf
docsms_nt97_pdf__consideracoes_finais__3,NT nº 97/2024 (PDF — revogada) — Considerações Finais,historico,historico revogado nao-vigente nt97 pdf revogada historico 2024 revogada consideracoes finais cinas indicadas calendario nacional vacinacao esquemas vacinais contraindicacoes particularidades para podem obtidas endereco eletronico,NT nº 97/2024-DPNI/SVSA/MS (revogada pela NT 154/2024),"cinas indicadas no Calendário Nacional de
Vacinação, esquemas vacinais, contraindicações e particularidades para o uso,
 podem obtidas no
endereço eletrônico < 
https://www.gov.br/saude/pt-br/vacinacao/calendario-tecnico
>; também consolidadas
pela ""Instrução Normativa do Calendário Nacional de Vacinação - 2024"", disponível em:
<
https://www.gov.br/saude/pt-br/vacinacao/publicacoes/instrucao-normativa-calendario-nacional-de-
vacinacao-2024.pdf
 >. 
7
.
6
.
Para os indivíduos que apresentam condições clínicas especiais, as recomendações
preconizadas pelo PNI estão dispostas no “Manual dos Centros de Referência para Imunobiológicos
Especiais - CRIE, 6ª edição, 2023”, disponível em < 
https://www.gov.br/saude/pt-
br/vacinacao/arquivos/manual-dos-centros-de-referencia-para-imunobiologicos-especiais_6a-
edicao_2023.pdf
 >.
7
.
7
.
Ressalta-se que as vacinas disponibilizadas pelo Programa",False,8,docs_ms,historicos/NT97_2024_DPNI_SVSA_MS_REVOGADA.pdf
docsms_nt97_pdf__consideracoes_finais__4,NT nº 97/2024 (PDF — revogada) — Considerações Finais,historico,historico revogado nao-vigente nt97 pdf revogada historico 2024 revogada consideracoes finais para imunobiologicos especiais edicao 2023 ressalta vacinas disponibilizadas pelo programa nacional imunizacoes seguras toleraveis,NT nº 97/2024-DPNI/SVSA/MS (revogada pela NT 154/2024),"para-imunobiologicos-especiais_6a-
edicao_2023.pdf
 >.
7
.
7
.
Ressalta-se que as vacinas disponibilizadas pelo Programa Nacional de Imunizações (PNI)
 
são
seguras e bem toleráveis. Contudo, como qualquer outro medicamento, reações adversas podem ocorrer
após a vacinação. Mais informações sobre a segurança da vacinação e condutas frente aos esavi (graves e
não graves) podem ser encontradas no Manual de Vigilância (versão eletrônica), disponível em
<
http://bvsms.saude.gov.br/bvs/publicacoes/manual_vigilancia_epidemiologica_eventos_vacinacao_4ed.pdf
.>.
7
.
8
.
Os registros das doses aplicadas deverá seguir o preconizado no item 6, REGISTRO DAS DOSES
ADMINISTRADAS DA VACINA HAEMOPHILUS INFLUENZAE B (CONJUGADA), desta 
Nota Técnica.
7
.
9
.
Ante o exposto, para esclarecimentos adicionais, contatar a Coordenação-Geral de Vigilância
das Doenças Imunopreveníveis (CGVDI) ou a",False,8,docs_ms,historicos/NT97_2024_DPNI_SVSA_MS_REVOGADA.pdf
docsms_nt97_pdf__consideracoes_finais__5,NT nº 97/2024 (PDF — revogada) — Considerações Finais,historico,historico revogado nao-vigente nt97 pdf revogada historico 2024 revogada consideracoes finais para esclarecimentos adicionais contatar coordenacao geral vigilancia doencas imunopreveniveis cgvdi coordenacao geral incorporacao cientifica,NT nº 97/2024-DPNI/SVSA/MS (revogada pela NT 154/2024),"o, para esclarecimentos adicionais, contatar a Coordenação-Geral de Vigilância
das Doenças Imunopreveníveis (CGVDI) ou a Coordenação-Geral de Incorporação Cientiﬁca e Imunização
(CGICI) pelos telefones 
(61) 3315-3494 
ou 
(61) 3315-3460
, ou pelos endereços eletrônicos
Nota Técnica 97 (0042114377)         SEI 25000.108654/2024-97 / pg. 6

cvgdi@saude.gov.br 
ou 
cgici@saude.gov.b
r, respectivamente.",False,8,docs_ms,historicos/NT97_2024_DPNI_SVSA_MS_REVOGADA.pdf
docsms_nt97_pdf__definicao_de_surto_de_doenca_meningococica__1,NT nº 97/2024 (PDF — revogada) — Definição De Surto De Doença Meningocócica,historico,historico revogado nao-vigente nt97 pdf revogada historico 2024 revogada definicao surto doenca meningococica urto comunitario ocorrencia pelo menos tres casos primarios vinculo entre mesmo sorogrupo,NT nº 97/2024-DPNI/SVSA/MS (revogada pela NT 154/2024),"S
urto Comunitário de DM
: Ocorrência de pelo menos três casos primários (sem vínculo entre
si), do mesmo sorogrupo, conﬁrmados por exame laboratorial especíﬁco (cultura ou PCR), no
período inferior ou igual a três meses em uma mesma localidade geográﬁca (distrito, bairro,
cidade). Para caracterização do surto, a incidência atual deve estar superior à incidência
média esperada, levando em consideração a ocorrência dos casos e a população sob risco,
nos últimos cinco anos, em conformidade com a avaliação do diagrama de controle
1,2 e 3
.
Se a incidência na comunidade tem sido historicamente muito baixa, para melhor
avaliação, as comparações poderão ser com a incidência anual da região ou com os
dados de nível estadual. Também poderá ser avaliado se o número de casos de uma
semana para a outra duplica.
Surto Institucional de DM
: Ocorrência de pelo menos dois casos primários (sem vínculo",False,8,docs_ms,historicos/NT97_2024_DPNI_SVSA_MS_REVOGADA.pdf
docsms_nt97_pdf__definicao_de_surto_de_doenca_meningococica__2,NT nº 97/2024 (PDF — revogada) — Definição De Surto De Doença Meningocócica,historico,historico revogado nao-vigente nt97 pdf revogada historico 2024 revogada definicao surto doenca meningococica semana para outra duplica surto institucional ocorrencia pelo menos dois casos primarios,NT nº 97/2024-DPNI/SVSA/MS (revogada pela NT 154/2024),"uma
semana para a outra duplica.
Surto Institucional de DM
: Ocorrência de pelo menos dois casos primários (sem vínculo entre
si), do mesmo sorogrupo, conﬁrmados por exame laboratorial especíﬁco (cultura ou PCR), no
período inferior ou igual a três meses, entre indivíduos que frequentam a mesma instituição.
(Exemplos: universidades, escolas, creches, indústrias, instituições de longa permanência ou
instalações correcionais).
O encerramento do cenário de surto da doença meningocócica deverá ser realizado em
discussão conjunta nos três níveis de gestão envolvidos (vigilâncias epidemiológica e
laboratorial da meningite municipais, estadual e do Ministério da Saúde), quando houver um
regresso sustentado, de pelo menos três meses, para o canal endêmico da doença no
território avaliado.
1
 Desconsiderando os anos em situações atípicas (ex. ano epidêmico) da análise.
2
 Em caso de",False,8,docs_ms,historicos/NT97_2024_DPNI_SVSA_MS_REVOGADA.pdf
docsms_nt97_pdf__definicao_de_surto_de_doenca_meningococica__3,NT nº 97/2024 (PDF — revogada) — Definição De Surto De Doença Meningocócica,historico,historico revogado nao-vigente nt97 pdf revogada historico 2024 revogada definicao surto doenca meningococica territorio avaliado desconsiderando anos situacoes atipicas epidemico analise caso identificacao novo sorogrupo,NT nº 97/2024-DPNI/SVSA/MS (revogada pela NT 154/2024),"a no
território avaliado.
1
 Desconsiderando os anos em situações atípicas (ex. ano epidêmico) da análise.
2
 Em caso de identificação de um novo sorogrupo circulante, a definição de surto pode não atender ao critério de incidência citado.
3
 Se a ocorrência da doença está concentrada em uma determinada faixa etária, a avaliação deverá levar em conta essa população
 
4
.",False,8,docs_ms,historicos/NT97_2024_DPNI_SVSA_MS_REVOGADA.pdf
docsms_nt97_pdf__eder_gatti_fernandes__1,NT nº 97/2024 (PDF — revogada) — Eder Gatti Fernandes,historico,historico revogado nao-vigente nt97 pdf revogada historico 2024 revogada eder gatti fernandes diretor departamento programa nacional imunizacoes,NT nº 97/2024-DPNI/SVSA/MS (revogada pela NT 154/2024),"Diretor
Departamento do Programa Nacional de Imunizações",False,8,docs_ms,historicos/NT97_2024_DPNI_SVSA_MS_REVOGADA.pdf
docsms_nt97_pdf__ethel_maciel__1,NT nº 97/2024 (PDF — revogada) — Ethel Maciel,historico,historico revogado nao-vigente nt97 pdf revogada historico 2024 revogada ethel maciel secretaria secretaria vigilancia saude ambiente nota tecnica 0042114377 25000 108654 2024 documento assinado eletronicamente,NT nº 97/2024-DPNI/SVSA/MS (revogada pela NT 154/2024),"Secretária
Secretaria de Vigilância em Saúde e Ambiente
Nota Técnica 97 (0042114377)         SEI 25000.108654/2024-97 / pg. 7

Documento assinado eletronicamente por 
Eder Gatti Fernandes
, 
Diretor(a) do Departamento do
Programa Nacional de Imunizações
, em 13/08/2024, às 19:17, conforme horário oficial de Brasília, com
fundamento no § 3º, do art. 4º, do 
Decreto nº 10.543, de 13 de novembro de 2020
; e art. 8º, da 
Portaria nº
900 de 31 de Março de 2017
.
Documento assinado eletronicamente por 
Ana Catarina de Melo Araujo
, 
Coordenador(a)-Geral de
Incorporação Científica e Imunização
, em 13/08/2024, às 22:06, conforme horário oficial de Brasília, com
fundamento no § 3º, do art. 4º, do 
Decreto nº 10.543, de 13 de novembro de 2020
; e art. 8º, da 
Portaria nº
900 de 31 de Março de 2017
.
Documento assinado eletronicamente por 
Greice Madeleine Ikeda do Carmo
,",False,8,docs_ms,historicos/NT97_2024_DPNI_SVSA_MS_REVOGADA.pdf
docsms_nt97_pdf__ethel_maciel__2,NT nº 97/2024 (PDF — revogada) — Ethel Maciel,historico,historico revogado nao-vigente nt97 pdf revogada historico 2024 revogada ethel maciel portaria marco 2017 documento assinado eletronicamente greice madeleine ikeda carmo coordenador geral vigilancia doencas,NT nº 97/2024-DPNI/SVSA/MS (revogada pela NT 154/2024),", da 
Portaria nº
900 de 31 de Março de 2017
.
Documento assinado eletronicamente por 
Greice Madeleine Ikeda do Carmo
, 
Coordenador(a)-Geral
de Vigilância das Doenças Imunopreveníveis
, em 13/08/2024, às 23:38, conforme horário oficial de
Brasília, com fundamento no § 3º, do art. 4º, do 
Decreto nº 10.543, de 13 de novembro de 2020
; e art. 8º, da
Portaria nº 900 de 31 de Março de 2017
.
Documento assinado eletronicamente por 
Ethel Leonor Noia Maciel
, 
Secretário(a) de Vigilância em
Saúde e Ambiente
, em 14/08/2024, às 19:00, conforme horário oficial de Brasília, com fundamento no § 3º,
do art. 4º, do 
Decreto nº 10.543, de 13 de novembro de 2020
; e art. 8º, da 
Portaria nº 900 de 31 de Março
de 2017
.
A autenticidade deste documento pode ser conferida no site
http://sei.saude.gov.br/sei/controlador_externo.php?acao=documento_conferir&id_orgao_acesso_externo=0
,
informando o código",False,8,docs_ms,historicos/NT97_2024_DPNI_SVSA_MS_REVOGADA.pdf
docsms_nt97_pdf__ethel_maciel__3,NT nº 97/2024 (PDF — revogada) — Ethel Maciel,historico,historico revogado nao-vigente nt97 pdf revogada historico 2024 revogada ethel maciel saude controlador externo acao documento conferir orgao acesso externo informando codigo verificador,NT nº 97/2024-DPNI/SVSA/MS (revogada pela NT 154/2024),"p://sei.saude.gov.br/sei/controlador_externo.php?acao=documento_conferir&id_orgao_acesso_externo=0
,
informando o código verificador",False,8,docs_ms,historicos/NT97_2024_DPNI_SVSA_MS_REVOGADA.pdf
docsms_nt97_pdf__greice_madeleine_ikeda_do_carmo__1,NT nº 97/2024 (PDF — revogada) — Greice Madeleine Ikeda Do Carmo,historico,historico revogado nao-vigente nt97 pdf revogada historico 2024 revogada greice madeleine ikeda carmo coordenadora geral coordenacao geral vigilancia doencas imunopreveniveis,NT nº 97/2024-DPNI/SVSA/MS (revogada pela NT 154/2024),"Coordenadora Geral
Coordenação-Geral de Vigilância das Doenças Imunopreveníveis",False,8,docs_ms,historicos/NT97_2024_DPNI_SVSA_MS_REVOGADA.pdf
docsms_nt97_pdf__haemophilus_influenzae__1,NT nº 97/2024 (PDF — revogada) — Haemophilus Influenzae,historico,historico revogado nao-vigente nt97 pdf revogada historico 2024 revogada haemophilus influenzae tipo,NT nº 97/2024-DPNI/SVSA/MS (revogada pela NT 154/2024),"TIPO B,",False,8,docs_ms,historicos/NT97_2024_DPNI_SVSA_MS_REVOGADA.pdf
docsms_nt97_pdf__haemophilus_influenzae__2,NT nº 97/2024 (PDF — revogada) — Haemophilus Influenzae,historico,historico revogado nao-vigente nt97 pdf revogada historico 2024 revogada haemophilus influenzae idade cidadao beneficiario servico prestado nota tecnica 0042114377 25000 108654 2024 devera realizado sistemas,NT nº 97/2024-DPNI/SVSA/MS (revogada pela NT 154/2024),"idade do cidadão beneficiário do serviço prestado.
Nota Técnica 97 (0042114377)         SEI 25000.108654/2024-97 / pg. 5

6
.
3
.
Deverá ser realizado nos Sistemas de Informação para registros de dados de vacinas e outros
imunobiológicos já disponíveis. Ainda, de acordo com a Portaria MS nº 2.499, de 23 de setembro de 2019, os
registros das doses de vacinas aplicadas nas Unidades de Atenção Primária à Saúde, deverão ser realizados
exclusivamente na estratégia e-SUS APS, por meio do Prontuário Eletrônico do Cidadão (PEC), ou do Sistema
de Coleta de Dados Simpliﬁcada (CDS), ou através integração de sistemas informatizados próprios integrados
com a Rede Nacional de Dados em Saúde (RNDS). De acordo com o Ofício Conjunto Circular nº
2/2019/SVS/MS, de 27 de setembro de 2019, os dados referentes às doses das vacinas aplicadas pelas
unidades de saúde NÃO integrantes da atenção primária, como",False,8,docs_ms,historicos/NT97_2024_DPNI_SVSA_MS_REVOGADA.pdf
docsms_nt97_pdf__haemophilus_influenzae__3,NT nº 97/2024 (PDF — revogada) — Haemophilus Influenzae,historico,historico revogado nao-vigente nt97 pdf revogada historico 2024 revogada haemophilus influenzae dados referentes doses vacinas aplicadas pelas unidades saude integrantes atencao primaria como maternidades clinicas,NT nº 97/2024-DPNI/SVSA/MS (revogada pela NT 154/2024),"19, os dados referentes às doses das vacinas aplicadas pelas
unidades de saúde NÃO integrantes da atenção primária, como maternidades, clínicas especializadas, clínicas
privadas entre outras, deverão ser digitados no Sistema de Informação do Programa Nacional de Imunizações
(SIPNI).
6
.
4
.
Ante o exposto, 
as doses de vacinas administradas no país, em atendimento às
recomendações do Programa Nacional de Imunizações (PNI), 
deverão ser registradas
 em
conformidade as regras de registros já estabelecidas pelo Ministério da Saúde.
6
.
5
.
Para as doses da vacina 
Haemophilus inﬂuenzae
 B (Conjugada), administradas nas
condições descritas acima no tópico 5.1 desta Nota Técnica, 
o registro deverá ser realizado conforme
as especificações a seguir:
- Estratégia “Especial”;
- Tipo de Dose “Dose D” – 
para menores de dois anos de idade;
- Categoria / Grupo de atendimento: “Faixa etária”; 
e
-",False,8,docs_ms,historicos/NT97_2024_DPNI_SVSA_MS_REVOGADA.pdf
docsms_nt97_pdf__haemophilus_influenzae__4,NT nº 97/2024 (PDF — revogada) — Haemophilus Influenzae,historico,historico revogado nao-vigente nt97 pdf revogada historico 2024 revogada haemophilus influenzae tipo dose dose para menores dois anos idade categoria grupo atendimento faixa etaria motivo,NT nº 97/2024-DPNI/SVSA/MS (revogada pela NT 154/2024),"- Tipo de Dose “Dose D” – 
para menores de dois anos de idade;
- Categoria / Grupo de atendimento: “Faixa etária”; 
e
- Motivo de indicação 
- Código Internacional (CID-10)
 A492 - Infecção por 
Haemophilus
influenzae
 de localização não especificada.
 
7
.",False,8,docs_ms,historicos/NT97_2024_DPNI_SVSA_MS_REVOGADA.pdf
docsms_nt97_pdf__intro__1,NT nº 97/2024 (PDF — revogada),historico,historico revogado nao-vigente nt97 pdf revogada historico 2024 revogada ministerio saude secretaria vigilancia saude ambiente departamento programa nacional imunizacoes nota tecnica 2024 dpni svsa novas,NT nº 97/2024-DPNI/SVSA/MS (revogada pela NT 154/2024),"Ministério da Saúde
Secretaria de Vigilância em Saúde e Ambiente
Departamento do Programa Nacional de Imunizações
  
NOTA TÉCNICA Nº 97/2024-DPNI/SVSA/MS
  
Novas orientações
para o Sistema
Nacional de
Vigilância
Epidemiológica das
Meningites
1
.
ASSUNTO
1
.
1
.
Trata da revisão da deﬁnição de caso suspeito, de contatos, de surto de doença meningocócica
e das orientações para quimioproﬁlaxia dos contatos próximos de casos suspeitos ou conﬁmados de doença
meningocócica e doença invasiva por 
Haemophilus 
inﬂuenzae 
b, que constam no Guia de Vigilância em
Saúde (GVS), do Ministério da Saúde do Brasil, bem como da revogação dessas deﬁnições que constam na
versão da 6ª edição do Guia de Vigilância em Saúde (2023). .
1
.
2
.
Inclusão das orientações sobre vacinação para os casos de doença invasiva por 
Haemophilus
influenzae 
b.
2
.
ANÁLISE
2
.
1
.
A doença meningocócica (DM) é causada pela",False,8,docs_ms,historicos/NT97_2024_DPNI_SVSA_MS_REVOGADA.pdf
docsms_nt97_pdf__intro__2,NT nº 97/2024 (PDF — revogada),historico,historico revogado nao-vigente nt97 pdf revogada historico 2024 revogada casos doenca invasiva haemophilus influenzae analise doenca meningococica causada pela bacteria gram negativa neisseria meningitidis meningococo,NT nº 97/2024-DPNI/SVSA/MS (revogada pela NT 154/2024),"casos de doença invasiva por 
Haemophilus
influenzae 
b.
2
.
ANÁLISE
2
.
1
.
A doença meningocócica (DM) é causada pela bactéria gram-negativa 
Neisseria meningitidis
(meningococo). 
A doença tem distribuição mundial e é considerada como problema de saúde pública pela
sua magnitude, alta letalidade e altas taxas de sequelas em especial na faixa etária infantil, assim como
pelos potenciais de transmissão e epidêmico, patogenicidade e relevância social. O meningococo p
ossui 12
sorogrupos, com destaque para os sorogrupos A, B, C, W, Y e X, mais associados às formas invasivas da
doença, assim como a surtos e epidemias. No Brasil, os sorogrupos de maior relevância são o 
B
, o 
C
, o 
W
 e,
em menor escala, o sorogrupo 
Y
. 
O período médio de incubação do meningococo para manifestação dos
sintomas é de 4 dias e pode variar entre 2 e 10 dias. A transmissibilidade persiste até a eliminação",False,8,docs_ms,historicos/NT97_2024_DPNI_SVSA_MS_REVOGADA.pdf
docsms_nt97_pdf__intro__3,NT nº 97/2024 (PDF — revogada),historico,historico revogado nao-vigente nt97 pdf revogada historico 2024 revogada manifestacao sintomas dias pode variar entre dias transmissibilidade persiste eliminacao meningococo nasofaringe normalmente ocorre horas antibioticoterapia,NT nº 97/2024-DPNI/SVSA/MS (revogada pela NT 154/2024),"ra manifestação dos
sintomas é de 4 dias e pode variar entre 2 e 10 dias. A transmissibilidade persiste até a eliminação do
meningococo da nasofaringe que, normalmente, ocorre em até 24 horas de antibioticoterapia adequada.
2
.
2
.
A doença invasiva por 
Haemophilus inﬂuenzae 
(DIHi) pode ser desencadeada pela infecção pelo
Haemophilus inﬂuenzae (
Hi) de cepas encapsuladas (sorotipos 
a, b, c, d, e 
ou
 f
) e não capsuladas. O
sorotipo 
b
 (Hib) possui uma cápsula com importante fator de virulência e que proporciona maior tropismo
para penetração no sangue e no líquor. Porém, tem sido observado um aumento na prevalência de casos de
meningite e bacteremia por sorotipos 
não b
, com destaque para sorotipo 
a
, e por 
Hi não tipáveis
. No
Brasil, de 2009 a 2021, a maioria dos casos identiﬁcados de DIHi foram por cepas não tipáveis, seguido dos
sorotipos 
a
 e 
b
.
2
.
3
.
A transmissão do",False,8,docs_ms,historicos/NT97_2024_DPNI_SVSA_MS_REVOGADA.pdf
docsms_nt97_pdf__intro__4,NT nº 97/2024 (PDF — revogada),historico,historico revogado nao-vigente nt97 pdf revogada historico 2024 revogada casos identificados dihi foram cepas tipaveis seguido sorotipos transmissao meningococo ocorre pessoa pessoa meio goticulas secrecoes,NT nº 97/2024-DPNI/SVSA/MS (revogada pela NT 154/2024),"a dos casos identiﬁcados de DIHi foram por cepas não tipáveis, seguido dos
sorotipos 
a
 e 
b
.
2
.
3
.
A transmissão do meningococo e do Hi ocorre de pessoa a pessoa, por meio de gotículas de
secreções respiratórias, do doente ou do portador assintomático, em que geralmente se necessita um
contato próximo e prolongado para que ocorra a transmissão.
2
.
4
.
Em 2010 houve a introdução da vacina meningocócica C conjugada (MenC) no calendário
infantil de vacinação, pelo Programa Nacional de Imunizações (PNI), que reduziu consideravelmente a
incidência da doença meningocócica no país. Na última década manteve uma média de menos de um caso
para cada 100.000 habitantes na população geral do país (Figura 1). Mas, segue tendo maior relevância
entre as crianças menores de cinco anos, com média de 1,7 casos para cada 100.000 habitantes nessa
população (Figura 2).
Figura 1.
 
Coeﬁciente de",False,8,docs_ms,historicos/NT97_2024_DPNI_SVSA_MS_REVOGADA.pdf
docsms_nt97_pdf__intro__5,NT nº 97/2024 (PDF — revogada),historico,historico revogado nao-vigente nt97 pdf revogada historico 2024 revogada cinco anos media casos para cada habitantes nessa populacao figura figura coeficiente incidencia doenca meningococica inicio,NT nº 97/2024-DPNI/SVSA/MS (revogada pela NT 154/2024),"de cinco anos, com média de 1,7 casos para cada 100.000 habitantes nessa
população (Figura 2).
Figura 1.
 
Coeﬁciente de incidência da doença meningocócica (x 100.000 hab.), por ano de início dos
sintomas. Brasil, 2010 a 2024.
Nota Técnica 97 (0042114377)         SEI 25000.108654/2024-97 / pg. 1

Fonte: SINAN. Dados atualizados até 27/07/2024. Sujeitos a alterações.
Figura 2.
 Coeﬁciente de incidência da doença meningocócica (x 100.000 hab.), por ano de início dos
sintomas em menores de cinco anos. Brasil, 2010 a 2024.
Fonte: SINAN. Dados atualizados até 27/07/2024. Sujeitos a alterações.
2
.
5
.
Diante da sustentada redução da incidência da DM no país e ações de sensibilização das redes
de atenção à saúde, para manejo e medidas de controle e prevenção da doença oportunas, tornou-se
necessário revisar os conceitos adotados para o Sistema Nacional de Vigilância Epidemiológica",False,8,docs_ms,historicos/NT97_2024_DPNI_SVSA_MS_REVOGADA.pdf
docsms_nt97_pdf__intro__6,NT nº 97/2024 (PDF — revogada),historico,historico revogado nao-vigente nt97 pdf revogada historico 2024 revogada oenca oportunas tornou necessario revisar conceitos adotados para sistema nacional vigilancia epidemiologica menimgites pais adequacao atual,NT nº 97/2024-DPNI/SVSA/MS (revogada pela NT 154/2024),"oença oportunas, tornou-se
necessário revisar os conceitos adotados para o Sistema Nacional de Vigilância Epidemiológica das
Menimgites no país, em adequação ao atual cenário epidemiológico.
2
.
6
.
As novas deﬁnições foram ajustadas de acordo com a revisão de documentos oﬁciais da
vigilância das meningites e doenças invasivas de outros países, dos dados disponíveis na literatura, com
avaliação do cenário epidemiológico das meningites no Brasil e em discussão no Comitê Técnico Assessor,
promovida pela Coordenação-Geral de Vigilância das Doenças Imunopreveníveis, do Departamento do
Programa Nacional de Imunizações, da Secretaria de Vigilância em Saúde e Ambiente do Ministério da
Saúde (CGVDI/DPNI/SVSA/MS).
3
.",False,8,docs_ms,historicos/NT97_2024_DPNI_SVSA_MS_REVOGADA.pdf
docsms_nt97_pdf__medicamentos_para_quimioprofilaxia__1,NT nº 97/2024 (PDF — revogada) — Medicamentos Para Quimioprofilaxia,historico,historico revogado nao-vigente nt97 pdf revogada historico 2024 revogada medicamentos para quimioprofilaxia antibiotico primeira escolha para quimioprofilaxia rifampicina deve administrada dose adequada simultaneamente todos contatos,NT nº 97/2024-DPNI/SVSA/MS (revogada pela NT 154/2024),"4
.
5
.
1
.
O antibiótico de 
primeira escolha
 para a quimioproﬁlaxia é a 
rifampicina
, que deve ser
administrada 
em dose adequada e simultaneamente a todos os contatos próximos
, conforme
recomendações constantes no Guia de Vigilância em Saúde (GVS). 
Alternativamente
, outros antibióticos
como a 
ceftriaxona, o ciproﬂoxacino e a azitromicina
 podem ser utilizados para a quimioproﬁlaxia. A
recomendação para uso preferencial e restrito da rifampicina visa evitar a seleção de isolados bacterianos
resistentes.
4
.
5
.
2
.
Em relação às
 gestantes
, apesar de não haver estudos controlados sobre efeitos teratogênicos
em humanos com o uso da rifampicina, estudos de reprodução animal demonstraram efeitos adversos no
feto. Assim, orienta-se o 
uso da ceftriaxona como medicamento de primeira escolha para
quimioproﬁlaxia nesse público
, podendo ser utilizado alternativamente o ciproﬂoxacino",False,8,docs_ms,historicos/NT97_2024_DPNI_SVSA_MS_REVOGADA.pdf
docsms_nt97_pdf__medicamentos_para_quimioprofilaxia__2,NT nº 97/2024 (PDF — revogada) — Medicamentos Para Quimioprofilaxia,historico,historico revogado nao-vigente nt97 pdf revogada historico 2024 revogada medicamentos para quimioprofilaxia icamento primeira escolha para quimioprofilaxia nesse publico podendo utilizado alternativamente ciprofloxacino azitromicina relacao,NT nº 97/2024-DPNI/SVSA/MS (revogada pela NT 154/2024),"icamento de primeira escolha para
quimioproﬁlaxia nesse público
, podendo ser utilizado alternativamente o ciproﬂoxacino ou a
azitromicina. A relação risco/benefício do uso de antibióticos pela gestante deverá ser avaliada pelo médico
assistente.
4
.
5
.
3
.
Para lactantes
, a OMS e a Academia Americana de Pediatria classiﬁcam a rifampicina como
droga compatível com a amamentação, de maneira que 
não há contraindicação do uso por lactantes
,
bem como a amamentação não deve ser descontinuada durante o uso.
4
.
5
.
4
.
Havendo ocorrência de novos casos que abranja o mesmo grupo de contatos próximos, em até
30 dias após realização de quimioproﬁlaxia, um antibiótico alternativo deverá ser considerado para
profilaxia de repetição.
4
.
5
.
5
.
Destaca-se a importância dos proﬁssionais de vigilância epidemiológica e de atenção à saúde
veriﬁcarem a realização completa e adequada do esquema",False,8,docs_ms,historicos/NT97_2024_DPNI_SVSA_MS_REVOGADA.pdf
docsms_nt97_pdf__medicamentos_para_quimioprofilaxia__3,NT nº 97/2024 (PDF — revogada) — Medicamentos Para Quimioprofilaxia,historico,historico revogado nao-vigente nt97 pdf revogada historico 2024 revogada medicamentos para quimioprofilaxia profissionais vigilancia epidemiologica atencao saude verificarem realizacao completa adequada esquema profilatico contatos como,NT nº 97/2024-DPNI/SVSA/MS (revogada pela NT 154/2024),"os proﬁssionais de vigilância epidemiológica e de atenção à saúde
veriﬁcarem a realização completa e adequada do esquema proﬁlático dos contatos, bem como monitorar o
aparecimentos de sinais e sintomas suspeitos, contados da data da exposição com o caso até 10 dias
posteriores (período máximo de incubação).
 
4
.
6
.
QUIMIOPROFILAXIA PARA DOENÇA MENINGOCÓCICA (DM)
4
.
6
.
1
.
 
Deverão receber quimioprofilaxia:
a
)
O paciente
: somente se o tratamento da doença não estiver sendo realizado com
cefalosporina de terceira geração (ceftriaxona ou cefotaxima).
b
)
Contato próximo
 (vide definição) do caso suspeito ou confirmado de DM
c
)
Proﬁssionais de saúde
: SOMENTE aqueles que realizaram procedimentos invasivos,
potencialmente geradores de aerossóis (ex. intubação 
orotraqueal
, passagem de cateter
nasogástrico
, aspiração de vias aéreas, respiração boca a boca), 
sem utilização",False,8,docs_ms,historicos/NT97_2024_DPNI_SVSA_MS_REVOGADA.pdf
docsms_nt97_pdf__medicamentos_para_quimioprofilaxia__4,NT nº 97/2024 (PDF — revogada) — Medicamentos Para Quimioprofilaxia,historico,historico revogado nao-vigente nt97 pdf revogada historico 2024 revogada medicamentos para quimioprofilaxia orotraqueal passagem cateter nasogastrico aspiracao vias aereas respiracao boca boca utilizacao equipamento protecao,NT nº 97/2024-DPNI/SVSA/MS (revogada pela NT 154/2024),"ção 
orotraqueal
, passagem de cateter
nasogástrico
, aspiração de vias aéreas, respiração boca a boca), 
sem utilização de
equipamento de proteção individual
 (EPI) adequado, antes de completar 24h de
tratamento do paciente (com cefalosporina de terceira geração).
 
4
.
7
.",False,8,docs_ms,historicos/NT97_2024_DPNI_SVSA_MS_REVOGADA.pdf
docsms_nt97_pdf__novas_definicoes__1,NT nº 97/2024 (PDF — revogada) — Novas Definições,historico,historico revogado nao-vigente nt97 pdf revogada historico 2024 revogada novas definicoes definicao caso suspeito meningite individuo febre acompanhada mais seguintes sintomas rigidez nuca confusao alteracao,NT nº 97/2024-DPNI/SVSA/MS (revogada pela NT 154/2024),"3
.
1
.
DEFINIÇÃO DE CASO SUSPEITO DE MENINGITE:
Indivíduo com febre acompanhada de um ou mais dos seguintes sintomas: rigidez de nuca,
confusão ou alteração mental, cefaleia intensa, vômitos, outros sinais de irritação meníngea
(
Kernig
 e 
Brudzinski
), convulsão, sufusões hemorrágicas/petéquias e torpor
.
Bebês podem não apresentar sinais clássicos, devendo ser observado também irritabilidade,
choro persistente, sonolência e abaulamento de fontanela.
 
3
.
2
.",False,8,docs_ms,historicos/NT97_2024_DPNI_SVSA_MS_REVOGADA.pdf
docsms_nt97_pdf__novas_orientacoes_acerca_da_vacinacao_para_crian__1,NT nº 97/2024 (PDF — revogada) — Novas Orientações Acerca Da Vacinação Para Crianças Maiores De 6 Meses,historico,historico revogado nao-vigente nt97 pdf revogada historico 2024 revogada novas orientacoes acerca vacinacao para criancas maiores meses menores dois anos doenca invasiva,NT nº 97/2024-DPNI/SVSA/MS (revogada pela NT 154/2024),"E MENORES DE DOIS ANOS, COM DOENÇA INVASIVA POR",False,8,docs_ms,historicos/NT97_2024_DPNI_SVSA_MS_REVOGADA.pdf
docsms_nt97_pdf__novas_orientacoes_para_quimioprofilaxia__1,NT nº 97/2024 (PDF — revogada) — Novas Orientações Para Quimioprofilaxia,historico,historico revogado nao-vigente nt97 pdf revogada historico 2024 revogada novas orientacoes para quimioprofilaxia principal objetivo quimioprofilaxia interromper cadeia transmissao meningococo haemophilus influenzae meio antibiotico para,NT nº 97/2024-DPNI/SVSA/MS (revogada pela NT 154/2024),"4
.
1
.
O principal objetivo da quimioproﬁlaxia é interromper a cadeia de transmissão do meningococo
e do 
Haemophilus inﬂuenzae 
b (Hib), por meio do uso de antibiótico para descolonização de nasofaringe de
um contactante do caso supeito ou conﬁrmado, pois existe uma possibilidade de que ele seja o portador da
bactéria. Consequentemente, prevenir a ocorrência de outros casos a partir do mesmo portador. Por outro
lado, a quimioproﬁlaxia também é preconizada para prevenção de casos secundários entre os indivíduos
expostos ao caso-índice.
4
.
2
.
A quimioproﬁlaxia deverá ser realizada o mais rápido possível, nos contatos próximos do caso
suspeito ou conﬁrmado de doença meningocócica ou doença invasiva por Hib, idealmente nas primeiras
24h após início dos sintomas. ​​​​
4
.
3
.
A quimioproﬁlaxia, se administrada mais de 10 dias após a exposição ao caso índice é de valor
Nota Técnica 97",False,8,docs_ms,historicos/NT97_2024_DPNI_SVSA_MS_REVOGADA.pdf
docsms_nt97_pdf__novas_orientacoes_para_quimioprofilaxia__2,NT nº 97/2024 (PDF — revogada) — Novas Orientações Para Quimioprofilaxia,historico,historico revogado nao-vigente nt97 pdf revogada historico 2024 revogada novas orientacoes para quimioprofilaxia quimioprofilaxia administrada mais dias apos exposicao caso indice valor nota tecnica 0042114377,NT nº 97/2024-DPNI/SVSA/MS (revogada pela NT 154/2024),"​​
4
.
3
.
A quimioproﬁlaxia, se administrada mais de 10 dias após a exposição ao caso índice é de valor
Nota Técnica 97 (0042114377)         SEI 25000.108654/2024-97 / pg. 3

bastante limitado ou nulo.
 No entanto, para aqueles casos em que não for possível a execução nesse prazo,
excepcionalmente
, poderá ser realizada em até 30 dias, especialmente quando se tratar de populações
mais vulneráveis. Cabe esclarecer que a maioria dos casos secundários ocorre na  primeira semana após
contato com o caso-índice.
4
.
4
.
Em situações de surto, recomenda-se a realização da quimioprofilaxia ampliada, que consiste na
ampliação da seleção de indivíduos contactantes do caso-índice para receber a quimioproﬁlaxia, ou seja,
todos os indivíduos que tiveram contato direto com o caso suspeito ou conﬁrmado nos 10 dias anteriores ao
início dos sintomas e durante a manifestação dos sintomas.
 
4
.
5
.",False,8,docs_ms,historicos/NT97_2024_DPNI_SVSA_MS_REVOGADA.pdf
docsms_nt97_pdf__para_vacina_penta_ou_hexa_acelular__1,NT nº 97/2024 (PDF — revogada) — Para Vacina Penta Ou Hexa Acelular,historico,historico revogado nao-vigente nt97 pdf revogada historico 2024 revogada para vacina penta hexa acelular criancas tiveram doenca invasiva antes completar dois anos idade podem ainda,NT nº 97/2024-DPNI/SVSA/MS (revogada pela NT 154/2024),"5
.
1
.
Crianças que tiveram doença invasiva por Hib antes de completar os dois anos de idade, podem
ainda apresentar risco de um segundo episódio da doença. A infecção natural nessa idade não resulta em
níveis de anticorpos protetores de forma robusta. Assim, para essas crianças, recomenda-se as seguintes
ações complementares de vacinação:
Crianças menores de dois anos de idade
 (< 2 anos), que NÃO 
estiverem vacinadas OU
estiverem com o esquema vacinal INCOMPLETO para 
Haemophilus inﬂuenzae tipo
b
, deverão iniciar ou completar o esquema vacinal conforme orientação do PNI, com a
administração da 
vacina penta 
(rotina) ou 
hexa acelular
 (Centros de Referência para
Imunobiológicos Especiais – CRIE).
Crianças de seis meses de vida à menores de dois anos 
(6 meses a <2 anos),
 
com
esquema vacinal COMPLETO contra 
Haemophilus inﬂuenzae tipo b
, recomenda-se a
administração de uma NOVA",False,8,docs_ms,historicos/NT97_2024_DPNI_SVSA_MS_REVOGADA.pdf
docsms_nt97_pdf__para_vacina_penta_ou_hexa_acelular__2,NT nº 97/2024 (PDF — revogada) — Para Vacina Penta Ou Hexa Acelular,historico,historico revogado nao-vigente nt97 pdf revogada historico 2024 revogada para vacina penta hexa acelular anos esquema vacinal completo contra haemophilus influenzae tipo recomenda administracao nova,NT nº 97/2024-DPNI/SVSA/MS (revogada pela NT 154/2024),"<2 anos),
 
com
esquema vacinal COMPLETO contra 
Haemophilus inﬂuenzae tipo b
, recomenda-se a
administração de uma NOVA DOSE DA VACINA com o componente 
Haemophilus
inﬂuenzae b
, 
respeitando o intervalo mínimo de 60 dias após a última dose administrada
de vacinas contendo o componente 
Haemophilus inﬂuenzae
 b (
vacina penta 
-
 
rotina; 
hexa
acelular
 - CRIE; 
Haemophilus influenzae
 B (Conjugada)
 - CRIE).
5
.
2
.
A vacinação deve ser iniciada 30 dias após o início da doença invasiva ou o mais
breve possível passado este período.
5
.
3
.
Crianças que tiveram doença invasiva por Hib 
após os dois anos de idade (≥ 2 anos)
, e
possuem o esquema vacinal completo contra a doença, geralmente desenvolvem uma resposta imune
protetora e 
não requerem
, portanto, administração de doses adicionais da vacina 
Haemophilus inﬂuenzae
B (Conjugada).
 
6
.",False,8,docs_ms,historicos/NT97_2024_DPNI_SVSA_MS_REVOGADA.pdf
docsms_nt97_pdf__quimioprofilaxia_para_doenca_invasiva_por__1,NT nº 97/2024 (PDF — revogada) — Quimioprofilaxia Para Doença Invasiva Por,historico,historico revogado nao-vigente nt97 pdf revogada historico 2024 revogada quimioprofilaxia para doenca invasiva haemophilus influenzae tipo casos secundarios meningite influenzae raros porem podem ocorrer dentro,NT nº 97/2024-DPNI/SVSA/MS (revogada pela NT 154/2024),"Haemophilus influenzae 
tipo b
4
.
7
.
1
.
Casos secundários de meningite por 
H. inﬂuenzae b
 são raros, porém podem ocorrer dentro de
60 dias após contato com o doente. A taxa de ataque secundária é maior entre os contatos domiciliares
menores de 4 anos de idade, não vacinados. Alguns estudos apontaram que as maiores taxas de
colonização se encontram entre contatos domiciliares (26 a 32%), especialmente se forem crianças (33 a
66%). Em contactantes de creches essa taxa é menor (10 a 23%), mas ainda assim há riscos (BRIERE et al.,
2014; LADHANI et al., 2009).
4
.
7
.
2
.
Assim, a quimioproﬁlaxia do contato próximo de um caso de meningite por 
H. inﬂuenzae b 
está
indicada nas situações abaixo:
a
)
Para o paciente
, se o tratamento da doença não estiver sendo realizado com
cefalosporina de terceira geração (ceftriaxona ou cefotaxima).
b
)
Em todos os
 
contatos domiciliares do caso
, se",False,8,docs_ms,historicos/NT97_2024_DPNI_SVSA_MS_REVOGADA.pdf
docsms_nt97_pdf__quimioprofilaxia_para_doenca_invasiva_por__2,NT nº 97/2024 (PDF — revogada) — Quimioprofilaxia Para Doença Invasiva Por,historico,historico revogado nao-vigente nt97 pdf revogada historico 2024 revogada quimioprofilaxia para doenca invasiva cefalosporina terceira geracao ceftriaxona cefotaxima todos contatos domiciliares caso domicilio incluir individuo,NT nº 97/2024-DPNI/SVSA/MS (revogada pela NT 154/2024),"com
cefalosporina de terceira geração (ceftriaxona ou cefotaxima).
b
)
Em todos os
 
contatos domiciliares do caso
, se o domicílio incluir:
Indivíduo imunocomprometido ou bebê menor de dois anos de idade, independentemente
da situação vacinal
Criança menor de quatro anos não vacinada ou sem esquema completo de vacinação
Nota Técnica 97 (0042114377)         SEI 25000.108654/2024-97 / pg. 4

c
)
Nos
 
demais contatos próximo do caso
 (vide deﬁnição) que tenham entre seus contatos
domiciliares:
Indivíduo imunocomprometido ou bebê menor de dois anos de idade, independentemente
da situação vacinal
Criança menor de quatro anos não vacinada ou sem esquema completo de vacinação
Observação
: nessa situação (item c), não é necessária a quimioproﬁlaxia da criança
ou do indivíduo imunocomprometido, por não ser contato direto do caso-índice.
d
)
Em crianças menores de 4 anos que frequentam creche",False,8,docs_ms,historicos/NT97_2024_DPNI_SVSA_MS_REVOGADA.pdf
docsms_nt97_pdf__quimioprofilaxia_para_doenca_invasiva_por__3,NT nº 97/2024 (PDF — revogada) — Quimioprofilaxia Para Doença Invasiva Por,historico,historico revogado nao-vigente nt97 pdf revogada historico 2024 revogada quimioprofilaxia para doenca invasiva imunocomprometido contato direto caso indice criancas menores anos frequentam creche ensino infantil,NT nº 97/2024-DPNI/SVSA/MS (revogada pela NT 154/2024),"uo imunocomprometido, por não ser contato direto do caso-índice.
d
)
Em crianças menores de 4 anos que frequentam creche ou ensino infantil
:
Para os 
cuidadores e comunicantes da sala
,
 
quando o contato com caso-índice se deu
por pelo menos 5 dos 10 dias que antecederam o início dos sintomas (caracterização de
contato próximo com o caso) OU durante a manifestação dos sintomas, 
se houver:
I
 -
menor de dois anos não vacinado ou sem esquema completo de vacinação
II
 -
Imunocomprometido, independentemente da situação vacinal
Para os cuidadores e comunicantes da sala
, 
independentemente da idade ou da
situação vacinal
, quando dois ou mais casos de doença invasiva ocorrerem em um
intervalo de até 60 dias
4
.
7
.
2
.
1
.
Não há evidências q
ue indicam realização de quimioproﬁlaxia em casos de doença invasiva por
Haemophilus inﬂuenzae 
não b. No entanto, tendo em vista que o resultado da",False,8,docs_ms,historicos/NT97_2024_DPNI_SVSA_MS_REVOGADA.pdf
docsms_nt97_pdf__quimioprofilaxia_para_doenca_invasiva_por__4,NT nº 97/2024 (PDF — revogada) — Quimioprofilaxia Para Doença Invasiva Por,historico,historico revogado nao-vigente nt97 pdf revogada historico 2024 revogada quimioprofilaxia para doenca invasiva mioprofilaxia casos doenca invasiva haemophilus influenzae entanto tendo vista resultado tipagem pode,NT nº 97/2024-DPNI/SVSA/MS (revogada pela NT 154/2024),"mioproﬁlaxia em casos de doença invasiva por
Haemophilus inﬂuenzae 
não b. No entanto, tendo em vista que o resultado da tipagem do Hi pode
demorar, recomenda-se a realização da quimioproﬁlaxia de contatos, nas condições supracitadas,
mediante a confirmação inicial da doença invasiva por Hi.
 
5
.",False,8,docs_ms,historicos/NT97_2024_DPNI_SVSA_MS_REVOGADA.pdf
docsms_nt97_pdf__referencias__1,NT nº 97/2024 (PDF — revogada) — Referências,historico,historico revogado nao-vigente nt97 pdf revogada historico 2024 revogada referencias american academy pediatrics meningococcal infections kimberlin book 2018 2021 report committee infectious diseases itasca american,NT nº 97/2024-DPNI/SVSA/MS (revogada pela NT 154/2024),"____AMERICAN ACADEMY OF PEDIATRICS. 
Meningococcal infections
. In: KIMBERLIN, D. W. 
et al.
 (ed.). 
Red
Book: 2018-2021
 Report of the Committee on Infectious Diseases. 31. ed. Itasca, IL: American Academy of
Pediatrics, 2018. p. 550-560.
____ADDERSON, E. E. 
et al.
 
Invasive Serotype a Haemophilus influenzae Infections With a Virulence
Genotype Resembling Haemophilus influenzae Type b: Emerging Pathogen in the Vaccine Era?
.
PEDIATRICS, 108(1), e18–e18. doi:10.1542/peds.108.1.e18. 2001.
____BRASIL. Ministério da Saúde. Secretaria de Vigilância em Saúde e Ambiente. Departamento de
Imunizações e Doenças Imunopreveníveis. Manual dos Centros de Referência para Imunobiológicos
Especiais. 6ª edição. 178 p. Brasília/DF. 2023. Disponível em: < 
http://www.gov.br/saude/pt-
br/vacinacao/arquivos/manual-dos-centros-de-referencia-para-imunobiologicos-especiais_6a-
edicao_2023.pdf
 >. Acesso em",False,8,docs_ms,historicos/NT97_2024_DPNI_SVSA_MS_REVOGADA.pdf
docsms_nt97_pdf__referencias__2,NT nº 97/2024 (PDF — revogada) — Referências,historico,historico revogado nao-vigente nt97 pdf revogada historico 2024 revogada referencias vacinacao arquivos manual centros referencia para imunobiologicos especiais edicao 2023 acesso julho 2024 brasil ministerio,NT nº 97/2024-DPNI/SVSA/MS (revogada pela NT 154/2024),"br/vacinacao/arquivos/manual-dos-centros-de-referencia-para-imunobiologicos-especiais_6a-
edicao_2023.pdf
 >. Acesso em 22 de julho de 2024.
____BRASIL. Ministério da Saúde. Secretaria de Vigilância em Saúde. Departamento de Imunizações e
Doenças Transmissíveis. Manual de Vigilância Epidemiológica de Eventos Adversos Pós-Vacinação –
4ª.ed.atualizada. 340 p. : il. Brasília/DF, 2021. Disponível em: <
https://www.gov.br/saude/pt-br/centrais-de-
conteudo/publicacoes/svsa/vacinacao-imunizacao-pni/manual_eventos-
_adversos_pos_vacinacao_4ed_atualizada.pdf
>. Acesso em 22 de julho de 2024.
____BRIERE, E. C. 
et al.
 
Prevention and Control of Haemophilus influenzae Type b Disease:
Recommendations of the Advisory Committee on Immunization Practices
 (ACIP). Division of
Bacterial Diseases, National Center for Immunization and Respiratory Diseases, CDC. MMWR Recomm Rep.,
v. 63, n. RR-01, p.",False,8,docs_ms,historicos/NT97_2024_DPNI_SVSA_MS_REVOGADA.pdf
docsms_nt97_pdf__referencias__3,NT nº 97/2024 (PDF — revogada) — Referências,historico,historico revogado nao-vigente nt97 pdf revogada historico 2024 revogada referencias acterial diseases national center immunization respiratory diseases mmwr recomm 2014 bruce epidemiology haemophilus infl uenzae,NT nº 97/2024-DPNI/SVSA/MS (revogada pela NT 154/2024),"acterial Diseases, National Center for Immunization and Respiratory Diseases, CDC. MMWR Recomm Rep.,
v. 63, n. RR-01, p. 1-14, Feb. 2014.
____BRUCE, M. G., 
et al.
 
Epidemiology of Haemophilus infl uenzae Serotype a, North American
Arctic, 2000–2005
. Emerging Infectious Diseases • www.cdc.gov/eid • Vol. 14, No. 1, January 2008.
____CDC. Center for Disease Control and Prevention. 
Meningococcal Disease
. National Center for
Immunization and Respiratory Diseases. Last Reviewed: February 7, 2022.
____D.M. Jone., 
Chemoprophylaxis of meningitis.
 Transactions of The Royal Society of Tropical Medicine
and Hygiene, Volume 85, Issue Supplement_1, December 1991, Pages 44–45, 
https://doi.org/10.1016/0035-
9203(91)90340-5
____ECDC. European Centre for Disease Prevention and Control. Factsheet about Invasive Haemophilus
influenzae disease. 28 Nov 2023. Disponível em",False,8,docs_ms,historicos/NT97_2024_DPNI_SVSA_MS_REVOGADA.pdf
docsms_nt97_pdf__referencias__4,NT nº 97/2024 (PDF — revogada) — Referências,historico,historico revogado nao-vigente nt97 pdf revogada historico 2024 revogada referencias disease prevention control factsheet about invasive haemophilus influenzae disease 2023 disponivel https ecdc europa invasive,NT nº 97/2024-DPNI/SVSA/MS (revogada pela NT 154/2024),"for Disease Prevention and Control. Factsheet about Invasive Haemophilus
influenzae disease. 28 Nov 2023. Disponível em 
https://www.ecdc.europa.eu/en/invasive-haemophilus-
influenzae-disease/facts
 com acesso em 22 de julho de 2024.
____LADHANI, S., 
et.al
. 
Recommendations for the prevention of secondary Haemophilus influenzae
type b (Hib) disease
. 58(1), 3–14. 
doi:10.1016/j.jinf.2008.10.007. 2009.
____New York State Department of Health Bureau of Immunization. 
Haemophilus influenzae 
Type B
Outbreak Control Guidelines.
 March 2022. Disponível em: <
https://health.ny.gov
>.
____ZANELLA R.C., 
et. al. 
Changes in serotype distribution of Haemophilus infuenzae meningitis
isolates identifed through laboratory-based surveillance following routine childhood vaccination
against H. infuenzae type b in Brazil
. Vaccine 29:8937–8942, 2011",False,8,docs_ms,historicos/NT97_2024_DPNI_SVSA_MS_REVOGADA.pdf
docsms_nt97_pdf__referencias__5,NT nº 97/2024 (PDF — revogada) — Referências,historico,historico revogado nao-vigente nt97 pdf revogada historico 2024 revogada referencias surveillance following routine childhood vaccination against infuenzae type brazil vaccine 8937 8942 2011 https 1016,NT nº 97/2024-DPNI/SVSA/MS (revogada pela NT 154/2024),"surveillance following routine childhood vaccination
against H. infuenzae type b in Brazil
. Vaccine 29:8937–8942, 2011 
https://doi.
Org/10.1016/j.vaccine.2011.09.53.
____ZANELLA, R.C., 
et al
. 
Trends in serotype distribution and antimicrobial susceptibility pattern of
invasive Haemophilus influenzae isolates from Brazil, 2009–2021
. Int Microbiol (2024).
https://doi.org/10.1007/s10123-024-00535-5.",False,8,docs_ms,historicos/NT97_2024_DPNI_SVSA_MS_REVOGADA.pdf
docsms_nt97_pdf__registro_das_doses_administradas_da__1,NT nº 97/2024 (PDF — revogada) — Registro Das Doses Administradas Da,historico,historico revogado nao-vigente nt97 pdf revogada historico 2024 revogada registro doses administradas vacina,NT nº 97/2024-DPNI/SVSA/MS (revogada pela NT 154/2024),VACINA,False,8,docs_ms,historicos/NT97_2024_DPNI_SVSA_MS_REVOGADA.pdf
docsms_nt97_pdf__to_proximo__1,NT nº 97/2024 (PDF — revogada) — To Próximo,historico,historico revogado nao-vigente nt97 pdf revogada historico 2024 revogada proximo individuo teve contato direto prolongado caso suspeito confirmado doenca invasiva exposicao direta goticulas secrecoes respiratorias,NT nº 97/2024-DPNI/SVSA/MS (revogada pela NT 154/2024),"3
.
2
.
1
.
Indivíduo que teve contato direto e prolongado com o caso suspeito ou conﬁrmado de DM e
doença invasiva por Hib, com 
exposição direta às gotículas de secreções respiratórias,
considerando dois momentos:
Retrospectivo: 
do início dos sinais e sintomas do caso 
até 10 dias anteriores
Nota Técnica 97 (0042114377)         SEI 25000.108654/2024-97 / pg. 2

Prospectivo: 
do início dos sinais e sintomas do caso 
até 24 horas após início do tratamento
com cefalosporina de terceira geração (ceftriaxona ou cefotaxima) ou uso de rifampicina
3
.
2
.
2
.
Essa divisão temporal visa auxiliar as equipes de vigilância epidemiológica e de atenção à saúde
para identiﬁcar e tratar o possível portador, prevenindo novos casos e interrompendo cadeias de
transmissão (no momento retrospectivo), e prevenir casos secundários (momento prospectivo)
, uma vez
que todos os contatos próximos do caso",False,8,docs_ms,historicos/NT97_2024_DPNI_SVSA_MS_REVOGADA.pdf
docsms_nt97_pdf__to_proximo__2,NT nº 97/2024 (PDF — revogada) — To Próximo,historico,historico revogado nao-vigente nt97 pdf revogada historico 2024 revogada proximo ento retrospectivo prevenir casos secundarios momento prospectivo todos contatos proximos caso suspeito confirmado devem realizar,NT nº 97/2024-DPNI/SVSA/MS (revogada pela NT 154/2024),"ento retrospectivo), e prevenir casos secundários (momento prospectivo)
, uma vez
que todos os contatos próximos do caso suspeito ou confirmado devem realizar quimioprofilaxia.
3
.
2
.
3
.
Principais situações em que pode ocorrer 
exposição
 
direta às gotículas de secreções
respiratórias entre o caso suspeito ou confirmado e o contato:
a
)
Compartilhamento de ambiente doméstico (mesmo domicílio ou dormitório)
b
)
Exposição direta às secreções nasofaríngeas. Exemplo: beijo com troca salivar
c
)
Exposição próxima e contínua de pelo menos 4 horas 
E
 até 1 metro de distância, em
ambiente fechado. Exemplo: passageiro sentado ao lado em viagem de longo percurso;
encontros, reuniões e atividades em ambientes fechados
d
)
Exposição próxima por 
pelo menos cinco dias
. Exemplo: creche e intituição de ensino
infantil (menores de cinco anos) e demais instituições, em dias contínuos ou",False,8,docs_ms,historicos/NT97_2024_DPNI_SVSA_MS_REVOGADA.pdf
docsms_nt97_pdf__to_proximo__3,NT nº 97/2024 (PDF — revogada) — To Próximo,historico,historico revogado nao-vigente nt97 pdf revogada historico 2024 revogada proximo exemplo creche intituicao ensino infantil menores cinco anos demais instituicoes dias continuos exposicao direta goticulas,NT nº 97/2024-DPNI/SVSA/MS (revogada pela NT 154/2024),"as
. Exemplo: creche e intituição de ensino
infantil (menores de cinco anos) e demais instituições, em dias contínuos ou não
e
)
Exposição direta às gotículas de secreções
 
respiratórias de maneira prolongada (mais de 15
minutos e até 1 metro de distância) 
durante a manifestação dos sinais e sintomas
 do caso
suspeito ou conﬁrmado. Exemplo: tosse, espirros, conversa contínua, procedimentos
geradores de gotícula e aerossóis sem uso de EPI
3
.
2
.
4
.
É po
uco provável que o contato transitório (fora dos períodos especiﬁcados acima) com o caso-
índice
, antes dos sinais e sintomas, seja um fator de risco signiﬁcativo para a transmissão, de modo que
 o
indivíduo com mera proximidade com esse caso não deve ser considerado como contato próximo
e prolongado.
 
 
3
.
3
.",False,8,docs_ms,historicos/NT97_2024_DPNI_SVSA_MS_REVOGADA.pdf
