codigo_municipio,municipio,regional,indicador,indicador_rotulo,valor_pct,numerador,denominador,numerador_status,denominador_status,referencia_ano,referencia_periodo,referencia_fonte,referencia_vigencia_desde,fonte_artefato,referencia_artefato
510010,ACORIZAL,CUIABA,pct_confirmacao_laboratorial_pcr_cultura,Confirmação laboratorial PCR/cultura,0.0,0,2,ok,ok,2024,SE 1–36/2024,Informe Meningites CGVDI/DPNI/SVSA/MS,2024-10-01,indicadores_ms_operacionais_municipio_v23.csv,indicadores_ms_operacionais_base_v23.csv
510010,ACORIZAL,CUIABA,pct_investigados_48h,Investigados em até 48h,100.0,4,4,ok,ok,2024,SE 1–36/2024,Informe Meningites CGVDI/DPNI/SVSA/MS,2024-10-01,indicadores_ms_operacionais_municipio_v23.csv,indicadores_ms_operacionais_base_v23.csv
510010,ACORIZAL,CUIABA,pct_encerrados_60d,Encerrados em até 60 dias,75.0,3,4,ok,ok,2024,SE 1–36/2024,Informe Meningites CGVDI/DPNI/SVSA/MS,2024-10-01,indicadores_ms_operacionais_municipio_v23.csv,indicadores_ms_operacionais_base_v23.csv
510010,ACORIZAL,CUIABA,pct_quimioprofilaxia_dm_48h,DM com quimioprofilaxia em até 48h,,0,0,ok,ok,2024,SE 1–36/2024,Informe Meningites CGVDI/DPNI/SVSA/MS,2024-10-01,indicadores_ms_operacionais_municipio_v23.csv,indicadores_ms_operacionais_base_v23.csv
510020,AGUA BOA,AGUA BOA,pct_confirmacao_laboratorial_pcr_cultura,Confirmação laboratorial PCR/cultura,33.33333333333333,1,3,ok,ok,2024,SE 1–36/2024,Informe Meningites CGVDI/DPNI/SVSA/MS,2024-10-01,indicadores_ms_operacionais_municipio_v23.csv,indicadores_ms_operacionais_base_v23.csv
510020,AGUA BOA,AGUA BOA,pct_investigados_48h,Investigados em até 48h,93.33333333333331,28,30,ok,ok,2024,SE 1–36/2024,Informe Meningites CGVDI/DPNI/SVSA/MS,2024-10-01,indicadores_ms_operacionais_municipio_v23.csv,indicadores_ms_operacionais_base_v23.csv
510020,AGUA BOA,AGUA BOA,pct_encerrados_60d,Encerrados em até 60 dias,93.33333333333331,28,30,ok,ok,2024,SE 1–36/2024,Informe Meningites CGVDI/DPNI/SVSA/MS,2024-10-01,indicadores_ms_operacionais_municipio_v23.csv,indicadores_ms_operacionais_base_v23.csv
510020,AGUA BOA,AGUA BOA,pct_quimioprofilaxia_dm_48h,DM com quimioprofilaxia em até 48h,0.0,0,1,ok,ok,2024,SE 1–36/2024,Informe Meningites CGVDI/DPNI/SVSA/MS,2024-10-01,indicadores_ms_operacionais_municipio_v23.csv,indicadores_ms_operacionais_base_v23.csv
510025,ALTA FLORESTA,ALTA FLORESTA,pct_confirmacao_laboratorial_pcr_cultura,Confirmação laboratorial PCR/cultura,41.66666666666667,5,12,ok,ok,2024,SE 1–36/2024,Informe Meningites CGVDI/DPNI/SVSA/MS,2024-10-01,indicadores_ms_operacionais_municipio_v23.csv,indicadores_ms_operacionais_base_v23.csv
510025,ALTA FLORESTA,ALTA FLORESTA,pct_investigados_48h,Investigados em até 48h,91.2280701754386,52,57,ok,ok,2024,SE 1–36/2024,Informe Meningites CGVDI/DPNI/SVSA/MS,2024-10-01,indicadores_ms_operacionais_municipio_v23.csv,indicadores_ms_operacionais_base_v23.csv
510025,ALTA FLORESTA,ALTA FLORESTA,pct_encerrados_60d,Encerrados em até 60 dias,82.45614035087719,47,57,ok,ok,2024,SE 1–36/2024,Informe Meningites CGVDI/DPNI/SVSA/MS,2024-10-01,indicadores_ms_operacionais_municipio_v23.csv,indicadores_ms_operacionais_base_v23.csv
510025,ALTA FLORESTA,ALTA FLORESTA,pct_quimioprofilaxia_dm_48h,DM com quimioprofilaxia em até 48h,60.0,3,5,ok,ok,2024,SE 1–36/2024,Informe Meningites CGVDI/DPNI/SVSA/MS,2024-10-01,indicadores_ms_operacionais_municipio_v23.csv,indicadores_ms_operacionais_base_v23.csv
510030,ALTO ARAGUAIA,RONDONOPOLIS,pct_confirmacao_laboratorial_pcr_cultura,Confirmação laboratorial PCR/cultura,25.0,1,4,ok,ok,2024,SE 1–36/2024,Informe Meningites CGVDI/DPNI/SVSA/MS,2024-10-01,indicadores_ms_operacionais_municipio_v23.csv,indicadores_ms_operacionais_base_v23.csv
510030,ALTO ARAGUAIA,RONDONOPOLIS,pct_investigados_48h,Investigados em até 48h,81.25,13,16,ok,ok,2024,SE 1–36/2024,Informe Meningites CGVDI/DPNI/SVSA/MS,2024-10-01,indicadores_ms_operacionais_municipio_v23.csv,indicadores_ms_operacionais_base_v23.csv
510030,ALTO ARAGUAIA,RONDONOPOLIS,pct_encerrados_60d,Encerrados em até 60 dias,87.5,14,16,ok,ok,2024,SE 1–36/2024,Informe Meningites CGVDI/DPNI/SVSA/MS,2024-10-01,indicadores_ms_operacionais_municipio_v23.csv,indicadores_ms_operacionais_base_v23.csv
510030,ALTO ARAGUAIA,RONDONOPOLIS,pct_quimioprofilaxia_dm_48h,DM com quimioprofilaxia em até 48h,0.0,0,3,ok,ok,2024,SE 1–36/2024,Informe Meningites CGVDI/DPNI/SVSA/MS,2024-10-01,indicadores_ms_operacionais_municipio_v23.csv,indicadores_ms_operacionais_base_v23.csv
510035,ALTO BOA VISTA,SAO FELIX DO ARAGUAIA,pct_confirmacao_laboratorial_pcr_cultura,Confirmação laboratorial PCR/cultura,,0,0,ok,ok,2024,SE 1–36/2024,Informe Meningites CGVDI/DPNI/SVSA/MS,2024-10-01,indicadores_ms_operacionais_municipio_v23.csv,indicadores_ms_operacionais_base_v23.csv
510035,ALTO BOA VISTA,SAO FELIX DO ARAGUAIA,pct_investigados_48h,Investigados em até 48h,100.0,2,2,ok,ok,2024,SE 1–36/2024,Informe Meningites CGVDI/DPNI/SVSA/MS,2024-10-01,indicadores_ms_operacionais_municipio_v23.csv,indicadores_ms_operacionais_base_v23.csv
510035,ALTO BOA VISTA,SAO FELIX DO ARAGUAIA,pct_encerrados_60d,Encerrados em até 60 dias,100.0,2,2,ok,ok,2024,SE 1–36/2024,Informe Meningites CGVDI/DPNI/SVSA/MS,2024-10-01,indicadores_ms_operacionais_municipio_v23.csv,indicadores_ms_operacionais_base_v23.csv
510035,ALTO BOA VISTA,SAO FELIX DO ARAGUAIA,pct_quimioprofilaxia_dm_48h,DM com quimioprofilaxia em até 48h,,0,0,ok,ok,2024,SE 1–36/2024,Informe Meningites CGVDI/DPNI/SVSA/MS,2024-10-01,indicadores_ms_operacionais_municipio_v23.csv,indicadores_ms_operacionais_base_v23.csv
510040,ALTO GARCAS,RONDONOPOLIS,pct_confirmacao_laboratorial_pcr_cultura,Confirmação laboratorial PCR/cultura,100.0,1,1,ok,ok,2024,SE 1–36/2024,Informe Meningites CGVDI/DPNI/SVSA/MS,2024-10-01,indicadores_ms_operacionais_municipio_v23.csv,indicadores_ms_operacionais_base_v23.csv
510040,ALTO GARCAS,RONDONOPOLIS,pct_investigados_48h,Investigados em até 48h,60.0,3,5,ok,ok,2024,SE 1–36/2024,Informe Meningites CGVDI/DPNI/SVSA/MS,2024-10-01,indicadores_ms_operacionais_municipio_v23.csv,indicadores_ms_operacionais_base_v23.csv
510040,ALTO GARCAS,RONDONOPOLIS,pct_encerrados_60d,Encerrados em até 60 dias,40.0,2,5,ok,ok,2024,SE 1–36/2024,Informe Meningites CGVDI/DPNI/SVSA/MS,2024-10-01,indicadores_ms_operacionais_municipio_v23.csv,indicadores_ms_operacionais_base_v23.csv
510040,ALTO GARCAS,RONDONOPOLIS,pct_quimioprofilaxia_dm_48h,DM com quimioprofilaxia em até 48h,,0,0,ok,ok,2024,SE 1–36/2024,Informe Meningites CGVDI/DPNI/SVSA/MS,2024-10-01,indicadores_ms_operacionais_municipio_v23.csv,indicadores_ms_operacionais_base_v23.csv
510050,ALTO PARAGUAI,DIAMANTINO,pct_confirmacao_laboratorial_pcr_cultura,Confirmação laboratorial PCR/cultura,0.0,0,1,ok,ok,2024,SE 1–36/2024,Informe Meningites CGVDI/DPNI/SVSA/MS,2024-10-01,indicadores_ms_operacionais_municipio_v23.csv,indicadores_ms_operacionais_base_v23.csv
510050,ALTO PARAGUAI,DIAMANTINO,pct_investigados_48h,Investigados em até 48h,78.57142857142857,11,14,ok,ok,2024,SE 1–36/2024,Informe Meningites CGVDI/DPNI/SVSA/MS,2024-10-01,indicadores_ms_operacionais_municipio_v23.csv,indicadores_ms_operacionais_base_v23.csv
510050,ALTO PARAGUAI,DIAMANTINO,pct_encerrados_60d,Encerrados em até 60 dias,64.28571428571429,9,14,ok,ok,2024,SE 1–36/2024,Informe Meningites CGVDI/DPNI/SVSA/MS,2024-10-01,indicadores_ms_operacionais_municipio_v23.csv,indicadores_ms_operacionais_base_v23.csv
510050,ALTO PARAGUAI,DIAMANTINO,pct_quimioprofilaxia_dm_48h,DM com quimioprofilaxia em até 48h,,0,0,ok,ok,2024,SE 1–36/2024,Informe Meningites CGVDI/DPNI/SVSA/MS,2024-10-01,indicadores_ms_operacionais_municipio_v23.csv,indicadores_ms_operacionais_base_v23.csv
510060,ALTO TAQUARI,RONDONOPOLIS,pct_confirmacao_laboratorial_pcr_cultura,Confirmação laboratorial PCR/cultura,,0,0,ok,ok,2024,SE 1–36/2024,Informe Meningites CGVDI/DPNI/SVSA/MS,2024-10-01,indicadores_ms_operacionais_municipio_v23.csv,indicadores_ms_operacionais_base_v23.csv
510060,ALTO TAQUARI,RONDONOPOLIS,pct_investigados_48h,Investigados em até 48h,100.0,6,6,ok,ok,2024,SE 1–36/2024,Informe Meningites CGVDI/DPNI/SVSA/MS,2024-10-01,indicadores_ms_operacionais_municipio_v23.csv,indicadores_ms_operacionais_base_v23.csv
510060,ALTO TAQUARI,RONDONOPOLIS,pct_encerrados_60d,Encerrados em até 60 dias,66.66666666666666,4,6,ok,ok,2024,SE 1–36/2024,Informe Meningites CGVDI/DPNI/SVSA/MS,2024-10-01,indicadores_ms_operacionais_municipio_v23.csv,indicadores_ms_operacionais_base_v23.csv
510060,ALTO TAQUARI,RONDONOPOLIS,pct_quimioprofilaxia_dm_48h,DM com quimioprofilaxia em até 48h,,0,0,ok,ok,2024,SE 1–36/2024,Informe Meningites CGVDI/DPNI/SVSA/MS,2024-10-01,indicadores_ms_operacionais_municipio_v23.csv,indicadores_ms_operacionais_base_v23.csv
510080,APIACAS,ALTA FLORESTA,pct_confirmacao_laboratorial_pcr_cultura,Confirmação laboratorial PCR/cultura,33.33333333333333,1,3,ok,ok,2024,SE 1–36/2024,Informe Meningites CGVDI/DPNI/SVSA/MS,2024-10-01,indicadores_ms_operacionais_municipio_v23.csv,indicadores_ms_operacionais_base_v23.csv
510080,APIACAS,ALTA FLORESTA,pct_investigados_48h,Investigados em até 48h,75.0,6,8,ok,ok,2024,SE 1–36/2024,Informe Meningites CGVDI/DPNI/SVSA/MS,2024-10-01,indicadores_ms_operacionais_municipio_v23.csv,indicadores_ms_operacionais_base_v23.csv
510080,APIACAS,ALTA FLORESTA,pct_encerrados_60d,Encerrados em até 60 dias,87.5,7,8,ok,ok,2024,SE 1–36/2024,Informe Meningites CGVDI/DPNI/SVSA/MS,2024-10-01,indicadores_ms_operacionais_municipio_v23.csv,indicadores_ms_operacionais_base_v23.csv
510080,APIACAS,ALTA FLORESTA,pct_quimioprofilaxia_dm_48h,DM com quimioprofilaxia em até 48h,50.0,1,2,ok,ok,2024,SE 1–36/2024,Informe Meningites CGVDI/DPNI/SVSA/MS,2024-10-01,indicadores_ms_operacionais_municipio_v23.csv,indicadores_ms_operacionais_base_v23.csv
510100,ARAGUAIANA,BARRA DO GARCAS,pct_confirmacao_laboratorial_pcr_cultura,Confirmação laboratorial PCR/cultura,0.0,0,1,ok,ok,2024,SE 1–36/2024,Informe Meningites CGVDI/DPNI/SVSA/MS,2024-10-01,indicadores_ms_operacionais_municipio_v23.csv,indicadores_ms_operacionais_base_v23.csv
510100,ARAGUAIANA,BARRA DO GARCAS,pct_investigados_48h,Investigados em até 48h,100.0,8,8,ok,ok,2024,SE 1–36/2024,Informe Meningites CGVDI/DPNI/SVSA/MS,2024-10-01,indicadores_ms_operacionais_municipio_v23.csv,indicadores_ms_operacionais_base_v23.csv
510100,ARAGUAIANA,BARRA DO GARCAS,pct_encerrados_60d,Encerrados em até 60 dias,62.5,5,8,ok,ok,2024,SE 1–36/2024,Informe Meningites CGVDI/DPNI/SVSA/MS,2024-10-01,indicadores_ms_operacionais_municipio_v23.csv,indicadores_ms_operacionais_base_v23.csv
510100,ARAGUAIANA,BARRA DO GARCAS,pct_quimioprofilaxia_dm_48h,DM com quimioprofilaxia em até 48h,,0,0,ok,ok,2024,SE 1–36/2024,Informe Meningites CGVDI/DPNI/SVSA/MS,2024-10-01,indicadores_ms_operacionais_municipio_v23.csv,indicadores_ms_operacionais_base_v23.csv
510120,ARAGUAINHA,RONDONOPOLIS,pct_confirmacao_laboratorial_pcr_cultura,Confirmação laboratorial PCR/cultura,0.0,0,1,ok,ok,2024,SE 1–36/2024,Informe Meningites CGVDI/DPNI/SVSA/MS,2024-10-01,indicadores_ms_operacionais_municipio_v23.csv,indicadores_ms_operacionais_base_v23.csv
510120,ARAGUAINHA,RONDONOPOLIS,pct_investigados_48h,Investigados em até 48h,100.0,2,2,ok,ok,2024,SE 1–36/2024,Informe Meningites CGVDI/DPNI/SVSA/MS,2024-10-01,indicadores_ms_operacionais_municipio_v23.csv,indicadores_ms_operacionais_base_v23.csv
510120,ARAGUAINHA,RONDONOPOLIS,pct_encerrados_60d,Encerrados em até 60 dias,100.0,2,2,ok,ok,2024,SE 1–36/2024,Informe Meningites CGVDI/DPNI/SVSA/MS,2024-10-01,indicadores_ms_operacionais_municipio_v23.csv,indicadores_ms_operacionais_base_v23.csv
510120,ARAGUAINHA,RONDONOPOLIS,pct_quimioprofilaxia_dm_48h,DM com quimioprofilaxia em até 48h,,0,0,ok,ok,2024,SE 1–36/2024,Informe Meningites CGVDI/DPNI/SVSA/MS,2024-10-01,indicadores_ms_operacionais_municipio_v23.csv,indicadores_ms_operacionais_base_v23.csv
510125,ARAPUTANGA,CACERES,pct_confirmacao_laboratorial_pcr_cultura,Confirmação laboratorial PCR/cultura,0.0,0,3,ok,ok,2024,SE 1–36/2024,Informe Meningites CGVDI/DPNI/SVSA/MS,2024-10-01,indicadores_ms_operacionais_municipio_v23.csv,indicadores_ms_operacionais_base_v23.csv
510125,ARAPUTANGA,CACERES,pct_investigados_48h,Investigados em até 48h,91.66666666666666,11,12,ok,ok,2024,SE 1–36/2024,Informe Meningites CGVDI/DPNI/SVSA/MS,2024-10-01,indicadores_ms_operacionais_municipio_v23.csv,indicadores_ms_operacionais_base_v23.csv
510125,ARAPUTANGA,CACERES,pct_encerrados_60d,Encerrados em até 60 dias,91.66666666666666,11,12,ok,ok,2024,SE 1–36/2024,Informe Meningites CGVDI/DPNI/SVSA/MS,2024-10-01,indicadores_ms_operacionais_municipio_v23.csv,indicadores_ms_operacionais_base_v23.csv
510125,ARAPUTANGA,CACERES,pct_quimioprofilaxia_dm_48h,DM com quimioprofilaxia em até 48h,,0,0,ok,ok,2024,SE 1–36/2024,Informe Meningites CGVDI/DPNI/SVSA/MS,2024-10-01,indicadores_ms_operacionais_municipio_v23.csv,indicadores_ms_operacionais_base_v23.csv
510130,ARENAPOLIS,TANGARA DA SERRA,pct_confirmacao_laboratorial_pcr_cultura,Confirmação laboratorial PCR/cultura,100.0,1,1,ok,ok,2024,SE 1–36/2024,Informe Meningites CGVDI/DPNI/SVSA/MS,2024-10-01,indicadores_ms_operacionais_municipio_v23.csv,indicadores_ms_operacionais_base_v23.csv
510130,ARENAPOLIS,TANGARA DA SERRA,pct_investigados_48h,Investigados em até 48h,100.0,10,10,ok,ok,2024,SE 1–36/2024,Informe Meningites CGVDI/DPNI/SVSA/MS,2024-10-01,indicadores_ms_operacionais_municipio_v23.csv,indicadores_ms_operacionais_base_v23.csv
510130,ARENAPOLIS,TANGARA DA SERRA,pct_encerrados_60d,Encerrados em até 60 dias,90.0,9,10,ok,ok,2024,SE 1–36/2024,Informe Meningites CGVDI/DPNI/SVSA/MS,2024-10-01,indicadores_ms_operacionais_municipio_v23.csv,indicadores_ms_operacionais_base_v23.csv
510130,ARENAPOLIS,TANGARA DA SERRA,pct_quimioprofilaxia_dm_48h,DM com quimioprofilaxia em até 48h,,0,0,ok,ok,2024,SE 1–36/2024,Informe Meningites CGVDI/DPNI/SVSA/MS,2024-10-01,indicadores_ms_operacionais_municipio_v23.csv,indicadores_ms_operacionais_base_v23.csv
510140,ARIPUANA,JUINA,pct_confirmacao_laboratorial_pcr_cultura,Confirmação laboratorial PCR/cultura,50.0,1,2,ok,ok,2024,SE 1–36/2024,Informe Meningites CGVDI/DPNI/SVSA/MS,2024-10-01,indicadores_ms_operacionais_municipio_v23.csv,indicadores_ms_operacionais_base_v23.csv
510140,ARIPUANA,JUINA,pct_investigados_48h,Investigados em até 48h,93.33333333333331,14,15,ok,ok,2024,SE 1–36/2024,Informe Meningites CGVDI/DPNI/SVSA/MS,2024-10-01,indicadores_ms_operacionais_municipio_v23.csv,indicadores_ms_operacionais_base_v23.csv
510140,ARIPUANA,JUINA,pct_encerrados_60d,Encerrados em até 60 dias,80.0,12,15,ok,ok,2024,SE 1–36/2024,Informe Meningites CGVDI/DPNI/SVSA/MS,2024-10-01,indicadores_ms_operacionais_municipio_v23.csv,indicadores_ms_operacionais_base_v23.csv
510140,ARIPUANA,JUINA,pct_quimioprofilaxia_dm_48h,DM com quimioprofilaxia em até 48h,100.0,1,1,ok,ok,2024,SE 1–36/2024,Informe Meningites CGVDI/DPNI/SVSA/MS,2024-10-01,indicadores_ms_operacionais_municipio_v23.csv,indicadores_ms_operacionais_base_v23.csv
510160,BARAO DE MELGACO,CUIABA,pct_confirmacao_laboratorial_pcr_cultura,Confirmação laboratorial PCR/cultura,,0,0,ok,ok,2024,SE 1–36/2024,Informe Meningites CGVDI/DPNI/SVSA/MS,2024-10-01,indicadores_ms_operacionais_municipio_v23.csv,indicadores_ms_operacionais_base_v23.csv
510160,BARAO DE MELGACO,CUIABA,pct_investigados_48h,Investigados em até 48h,100.0,5,5,ok,ok,2024,SE 1–36/2024,Informe Meningites CGVDI/DPNI/SVSA/MS,2024-10-01,indicadores_ms_operacionais_municipio_v23.csv,indicadores_ms_operacionais_base_v23.csv
510160,BARAO DE MELGACO,CUIABA,pct_encerrados_60d,Encerrados em até 60 dias,80.0,4,5,ok,ok,2024,SE 1–36/2024,Informe Meningites CGVDI/DPNI/SVSA/MS,2024-10-01,indicadores_ms_operacionais_municipio_v23.csv,indicadores_ms_operacionais_base_v23.csv
510160,BARAO DE MELGACO,CUIABA,pct_quimioprofilaxia_dm_48h,DM com quimioprofilaxia em até 48h,,0,0,ok,ok,2024,SE 1–36/2024,Informe Meningites CGVDI/DPNI/SVSA/MS,2024-10-01,indicadores_ms_operacionais_municipio_v23.csv,indicadores_ms_operacionais_base_v23.csv
510170,BARRA DO BUGRES,TANGARA DA SERRA,pct_confirmacao_laboratorial_pcr_cultura,Confirmação laboratorial PCR/cultura,100.0,5,5,ok,ok,2024,SE 1–36/2024,Informe Meningites CGVDI/DPNI/SVSA/MS,2024-10-01,indicadores_ms_operacionais_municipio_v23.csv,indicadores_ms_operacionais_base_v23.csv
510170,BARRA DO BUGRES,TANGARA DA SERRA,pct_investigados_48h,Investigados em até 48h,100.0,38,38,ok,ok,2024,SE 1–36/2024,Informe Meningites CGVDI/DPNI/SVSA/MS,2024-10-01,indicadores_ms_operacionais_municipio_v23.csv,indicadores_ms_operacionais_base_v23.csv
510170,BARRA DO BUGRES,TANGARA DA SERRA,pct_encerrados_60d,Encerrados em até 60 dias,81.57894736842105,31,38,ok,ok,2024,SE 1–36/2024,Informe Meningites CGVDI/DPNI/SVSA/MS,2024-10-01,indicadores_ms_operacionais_municipio_v23.csv,indicadores_ms_operacionais_base_v23.csv
510170,BARRA DO BUGRES,TANGARA DA SERRA,pct_quimioprofilaxia_dm_48h,DM com quimioprofilaxia em até 48h,,0,0,ok,ok,2024,SE 1–36/2024,Informe Meningites CGVDI/DPNI/SVSA/MS,2024-10-01,indicadores_ms_operacionais_municipio_v23.csv,indicadores_ms_operacionais_base_v23.csv
510180,BARRA DO GARCAS,BARRA DO GARCAS,pct_confirmacao_laboratorial_pcr_cultura,Confirmação laboratorial PCR/cultura,17.647058823529413,3,17,ok,ok,2024,SE 1–36/2024,Informe Meningites CGVDI/DPNI/SVSA/MS,2024-10-01,indicadores_ms_operacionais_municipio_v23.csv,indicadores_ms_operacionais_base_v23.csv
510180,BARRA DO GARCAS,BARRA DO GARCAS,pct_investigados_48h,Investigados em até 48h,90.10989010989012,164,182,ok,ok,2024,SE 1–36/2024,Informe Meningites CGVDI/DPNI/SVSA/MS,2024-10-01,indicadores_ms_operacionais_municipio_v23.csv,indicadores_ms_operacionais_base_v23.csv
510180,BARRA DO GARCAS,BARRA DO GARCAS,pct_encerrados_60d,Encerrados em até 60 dias,72.52747252747253,132,182,ok,ok,2024,SE 1–36/2024,Informe Meningites CGVDI/DPNI/SVSA/MS,2024-10-01,indicadores_ms_operacionais_municipio_v23.csv,indicadores_ms_operacionais_base_v23.csv
510180,BARRA DO GARCAS,BARRA DO GARCAS,pct_quimioprofilaxia_dm_48h,DM com quimioprofilaxia em até 48h,27.27272727272727,3,11,ok,ok,2024,SE 1–36/2024,Informe Meningites CGVDI/DPNI/SVSA/MS,2024-10-01,indicadores_ms_operacionais_municipio_v23.csv,indicadores_ms_operacionais_base_v23.csv
510185,BOM JESUS DO ARAGUAIA,AGUA BOA,pct_confirmacao_laboratorial_pcr_cultura,Confirmação laboratorial PCR/cultura,0.0,0,1,ok,ok,2024,SE 1–36/2024,Informe Meningites CGVDI/DPNI/SVSA/MS,2024-10-01,indicadores_ms_operacionais_municipio_v23.csv,indicadores_ms_operacionais_base_v23.csv
510185,BOM JESUS DO ARAGUAIA,AGUA BOA,pct_investigados_48h,Investigados em até 48h,85.71428571428571,6,7,ok,ok,2024,SE 1–36/2024,Informe Meningites CGVDI/DPNI/SVSA/MS,2024-10-01,indicadores_ms_operacionais_municipio_v23.csv,indicadores_ms_operacionais_base_v23.csv
510185,BOM JESUS DO ARAGUAIA,AGUA BOA,pct_encerrados_60d,Encerrados em até 60 dias,71.42857142857143,5,7,ok,ok,2024,SE 1–36/2024,Informe Meningites CGVDI/DPNI/SVSA/MS,2024-10-01,indicadores_ms_operacionais_municipio_v23.csv,indicadores_ms_operacionais_base_v23.csv
510185,BOM JESUS DO ARAGUAIA,AGUA BOA,pct_quimioprofilaxia_dm_48h,DM com quimioprofilaxia em até 48h,,0,0,ok,ok,2024,SE 1–36/2024,Informe Meningites CGVDI/DPNI/SVSA/MS,2024-10-01,indicadores_ms_operacionais_municipio_v23.csv,indicadores_ms_operacionais_base_v23.csv
510190,BRASNORTE,JUINA,pct_confirmacao_laboratorial_pcr_cultura,Confirmação laboratorial PCR/cultura,50.0,1,2,ok,ok,2024,SE 1–36/2024,Informe Meningites CGVDI/DPNI/SVSA/MS,2024-10-01,indicadores_ms_operacionais_municipio_v23.csv,indicadores_ms_operacionais_base_v23.csv
510190,BRASNORTE,JUINA,pct_investigados_48h,Investigados em até 48h,100.0,6,6,ok,ok,2024,SE 1–36/2024,Informe Meningites CGVDI/DPNI/SVSA/MS,2024-10-01,indicadores_ms_operacionais_municipio_v23.csv,indicadores_ms_operacionais_base_v23.csv
510190,BRASNORTE,JUINA,pct_encerrados_60d,Encerrados em até 60 dias,83.33333333333334,5,6,ok,ok,2024,SE 1–36/2024,Informe Meningites CGVDI/DPNI/SVSA/MS,2024-10-01,indicadores_ms_operacionais_municipio_v23.csv,indicadores_ms_operacionais_base_v23.csv
510190,BRASNORTE,JUINA,pct_quimioprofilaxia_dm_48h,DM com quimioprofilaxia em até 48h,0.0,0,1,ok,ok,2024,SE 1–36/2024,Informe Meningites CGVDI/DPNI/SVSA/MS,2024-10-01,indicadores_ms_operacionais_municipio_v23.csv,indicadores_ms_operacionais_base_v23.csv
510250,CACERES,CACERES,pct_confirmacao_laboratorial_pcr_cultura,Confirmação laboratorial PCR/cultura,29.6875,19,64,ok,ok,2024,SE 1–36/2024,Informe Meningites CGVDI/DPNI/SVSA/MS,2024-10-01,indicadores_ms_operacionais_municipio_v23.csv,indicadores_ms_operacionais_base_v23.csv
510250,CACERES,CACERES,pct_investigados_48h,Investigados em até 48h,95.6,239,250,ok,ok,2024,SE 1–36/2024,Informe Meningites CGVDI/DPNI/SVSA/MS,2024-10-01,indicadores_ms_operacionais_municipio_v23.csv,indicadores_ms_operacionais_base_v23.csv
510250,CACERES,CACERES,pct_encerrados_60d,Encerrados em até 60 dias,93.6,234,250,ok,ok,2024,SE 1–36/2024,Informe Meningites CGVDI/DPNI/SVSA/MS,2024-10-01,indicadores_ms_operacionais_municipio_v23.csv,indicadores_ms_operacionais_base_v23.csv
510250,CACERES,CACERES,pct_quimioprofilaxia_dm_48h,DM com quimioprofilaxia em até 48h,50.0,6,12,ok,ok,2024,SE 1–36/2024,Informe Meningites CGVDI/DPNI/SVSA/MS,2024-10-01,indicadores_ms_operacionais_municipio_v23.csv,indicadores_ms_operacionais_base_v23.csv
510260,CAMPINAPOLIS,BARRA DO GARCAS,pct_confirmacao_laboratorial_pcr_cultura,Confirmação laboratorial PCR/cultura,33.33333333333333,2,6,ok,ok,2024,SE 1–36/2024,Informe Meningites CGVDI/DPNI/SVSA/MS,2024-10-01,indicadores_ms_operacionais_municipio_v23.csv,indicadores_ms_operacionais_base_v23.csv
510260,CAMPINAPOLIS,BARRA DO GARCAS,pct_investigados_48h,Investigados em até 48h,91.30434782608695,21,23,ok,ok,2024,SE 1–36/2024,Informe Meningites CGVDI/DPNI/SVSA/MS,2024-10-01,indicadores_ms_operacionais_municipio_v23.csv,indicadores_ms_operacionais_base_v23.csv
510260,CAMPINAPOLIS,BARRA DO GARCAS,pct_encerrados_60d,Encerrados em até 60 dias,65.21739130434783,15,23,ok,ok,2024,SE 1–36/2024,Informe Meningites CGVDI/DPNI/SVSA/MS,2024-10-01,indicadores_ms_operacionais_municipio_v23.csv,indicadores_ms_operacionais_base_v23.csv
510260,CAMPINAPOLIS,BARRA DO GARCAS,pct_quimioprofilaxia_dm_48h,DM com quimioprofilaxia em até 48h,0.0,0,3,ok,ok,2024,SE 1–36/2024,Informe Meningites CGVDI/DPNI/SVSA/MS,2024-10-01,indicadores_ms_operacionais_municipio_v23.csv,indicadores_ms_operacionais_base_v23.csv
510263,CAMPO NOVO DO PARECIS,TANGARA DA SERRA,pct_confirmacao_laboratorial_pcr_cultura,Confirmação laboratorial PCR/cultura,100.0,4,4,ok,ok,2024,SE 1–36/2024,Informe Meningites CGVDI/DPNI/SVSA/MS,2024-10-01,indicadores_ms_operacionais_municipio_v23.csv,indicadores_ms_operacionais_base_v23.csv
510263,CAMPO NOVO DO PARECIS,TANGARA DA SERRA,pct_investigados_48h,Investigados em até 48h,100.0,38,38,ok,ok,2024,SE 1–36/2024,Informe Meningites CGVDI/DPNI/SVSA/MS,2024-10-01,indicadores_ms_operacionais_municipio_v23.csv,indicadores_ms_operacionais_base_v23.csv
510263,CAMPO NOVO DO PARECIS,TANGARA DA SERRA,pct_encerrados_60d,Encerrados em até 60 dias,81.57894736842105,31,38,ok,ok,2024,SE 1–36/2024,Informe Meningites CGVDI/DPNI/SVSA/MS,2024-10-01,indicadores_ms_operacionais_municipio_v23.csv,indicadores_ms_operacionais_base_v23.csv
510263,CAMPO NOVO DO PARECIS,TANGARA DA SERRA,pct_quimioprofilaxia_dm_48h,DM com quimioprofilaxia em até 48h,100.0,1,1,ok,ok,2024,SE 1–36/2024,Informe Meningites CGVDI/DPNI/SVSA/MS,2024-10-01,indicadores_ms_operacionais_municipio_v23.csv,indicadores_ms_operacionais_base_v23.csv
510267,CAMPO VERDE,RONDONOPOLIS,pct_confirmacao_laboratorial_pcr_cultura,Confirmação laboratorial PCR/cultura,62.5,10,16,ok,ok,2024,SE 1–36/2024,Informe Meningites CGVDI/DPNI/SVSA/MS,2024-10-01,indicadores_ms_operacionais_municipio_v23.csv,indicadores_ms_operacionais_base_v23.csv
510267,CAMPO VERDE,RONDONOPOLIS,pct_investigados_48h,Investigados em até 48h,83.33333333333334,55,66,ok,ok,2024,SE 1–36/2024,Informe Meningites CGVDI/DPNI/SVSA/MS,2024-10-01,indicadores_ms_operacionais_municipio_v23.csv,indicadores_ms_operacionais_base_v23.csv
510267,CAMPO VERDE,RONDONOPOLIS,pct_encerrados_60d,Encerrados em até 60 dias,80.3030303030303,53,66,ok,ok,2024,SE 1–36/2024,Informe Meningites CGVDI/DPNI/SVSA/MS,2024-10-01,indicadores_ms_operacionais_municipio_v23.csv,indicadores_ms_operacionais_base_v23.csv
510267,CAMPO VERDE,RONDONOPOLIS,pct_quimioprofilaxia_dm_48h,DM com quimioprofilaxia em até 48h,66.66666666666666,2,3,ok,ok,2024,SE 1–36/2024,Informe Meningites CGVDI/DPNI/SVSA/MS,2024-10-01,indicadores_ms_operacionais_municipio_v23.csv,indicadores_ms_operacionais_base_v23.csv
510268,CAMPOS DE JULIO,PONTES E LACERDA,pct_confirmacao_laboratorial_pcr_cultura,Confirmação laboratorial PCR/cultura,0.0,0,1,ok,ok,2024,SE 1–36/2024,Informe Meningites CGVDI/DPNI/SVSA/MS,2024-10-01,indicadores_ms_operacionais_municipio_v23.csv,indicadores_ms_operacionais_base_v23.csv
510268,CAMPOS DE JULIO,PONTES E LACERDA,pct_investigados_48h,Investigados em até 48h,100.0,11,11,ok,ok,2024,SE 1–36/2024,Informe Meningites CGVDI/DPNI/SVSA/MS,2024-10-01,indicadores_ms_operacionais_municipio_v23.csv,indicadores_ms_operacionais_base_v23.csv
510268,CAMPOS DE JULIO,PONTES E LACERDA,pct_encerrados_60d,Encerrados em até 60 dias,100.0,11,11,ok,ok,2024,SE 1–36/2024,Informe Meningites CGVDI/DPNI/SVSA/MS,2024-10-01,indicadores_ms_operacionais_municipio_v23.csv,indicadores_ms_operacionais_base_v23.csv
510268,CAMPOS DE JULIO,PONTES E LACERDA,pct_quimioprofilaxia_dm_48h,DM com quimioprofilaxia em até 48h,,0,0,ok,ok,2024,SE 1–36/2024,Informe Meningites CGVDI/DPNI/SVSA/MS,2024-10-01,indicadores_ms_operacionais_municipio_v23.csv,indicadores_ms_operacionais_base_v23.csv
510269,CANABRAVA DO NORTE,PORTO ALEGRE DO NORTE,pct_confirmacao_laboratorial_pcr_cultura,Confirmação laboratorial PCR/cultura,,0,0,ok,ok,2024,SE 1–36/2024,Informe Meningites CGVDI/DPNI/SVSA/MS,2024-10-01,indicadores_ms_operacionais_municipio_v23.csv,indicadores_ms_operacionais_base_v23.csv
510269,CANABRAVA DO NORTE,PORTO ALEGRE DO NORTE,pct_investigados_48h,Investigados em até 48h,75.0,3,4,ok,ok,2024,SE 1–36/2024,Informe Meningites CGVDI/DPNI/SVSA/MS,2024-10-01,indicadores_ms_operacionais_municipio_v23.csv,indicadores_ms_operacionais_base_v23.csv
510269,CANABRAVA DO NORTE,PORTO ALEGRE DO NORTE,pct_encerrados_60d,Encerrados em até 60 dias,25.0,1,4,ok,ok,2024,SE 1–36/2024,Informe Meningites CGVDI/DPNI/SVSA/MS,2024-10-01,indicadores_ms_operacionais_municipio_v23.csv,indicadores_ms_operacionais_base_v23.csv
510269,CANABRAVA DO NORTE,PORTO ALEGRE DO NORTE,pct_quimioprofilaxia_dm_48h,DM com quimioprofilaxia em até 48h,,0,0,ok,ok,2024,SE 1–36/2024,Informe Meningites CGVDI/DPNI/SVSA/MS,2024-10-01,indicadores_ms_operacionais_municipio_v23.csv,indicadores_ms_operacionais_base_v23.csv
510270,CANARANA,AGUA BOA,pct_confirmacao_laboratorial_pcr_cultura,Confirmação laboratorial PCR/cultura,40.0,4,10,ok,ok,2024,SE 1–36/2024,Informe Meningites CGVDI/DPNI/SVSA/MS,2024-10-01,indicadores_ms_operacionais_municipio_v23.csv,indicadores_ms_operacionais_base_v23.csv
510270,CANARANA,AGUA BOA,pct_investigados_48h,Investigados em até 48h,92.5,37,40,ok,ok,2024,SE 1–36/2024,Informe Meningites CGVDI/DPNI/SVSA/MS,2024-10-01,indicadores_ms_operacionais_municipio_v23.csv,indicadores_ms_operacionais_base_v23.csv
510270,CANARANA,AGUA BOA,pct_encerrados_60d,Encerrados em até 60 dias,87.5,35,40,ok,ok,2024,SE 1–36/2024,Informe Meningites CGVDI/DPNI/SVSA/MS,2024-10-01,indicadores_ms_operacionais_municipio_v23.csv,indicadores_ms_operacionais_base_v23.csv
510270,CANARANA,AGUA BOA,pct_quimioprofilaxia_dm_48h,DM com quimioprofilaxia em até 48h,33.33333333333333,1,3,ok,ok,2024,SE 1–36/2024,Informe Meningites CGVDI/DPNI/SVSA/MS,2024-10-01,indicadores_ms_operacionais_municipio_v23.csv,indicadores_ms_operacionais_base_v23.csv
510279,CARLINDA,ALTA FLORESTA,pct_confirmacao_laboratorial_pcr_cultura,Confirmação laboratorial PCR/cultura,100.0,2,2,ok,ok,2024,SE 1–36/2024,Informe Meningites CGVDI/DPNI/SVSA/MS,2024-10-01,indicadores_ms_operacionais_municipio_v23.csv,indicadores_ms_operacionais_base_v23.csv
510279,CARLINDA,ALTA FLORESTA,pct_investigados_48h,Investigados em até 48h,71.42857142857143,5,7,ok,ok,2024,SE 1–36/2024,Informe Meningites CGVDI/DPNI/SVSA/MS,2024-10-01,indicadores_ms_operacionais_municipio_v23.csv,indicadores_ms_operacionais_base_v23.csv
510279,CARLINDA,ALTA FLORESTA,pct_encerrados_60d,Encerrados em até 60 dias,71.42857142857143,5,7,ok,ok,2024,SE 1–36/2024,Informe Meningites CGVDI/DPNI/SVSA/MS,2024-10-01,indicadores_ms_operacionais_municipio_v23.csv,indicadores_ms_operacionais_base_v23.csv
510279,CARLINDA,ALTA FLORESTA,pct_quimioprofilaxia_dm_48h,DM com quimioprofilaxia em até 48h,,0,0,ok,ok,2024,SE 1–36/2024,Informe Meningites CGVDI/DPNI/SVSA/MS,2024-10-01,indicadores_ms_operacionais_municipio_v23.csv,indicadores_ms_operacionais_base_v23.csv
510285,CASTANHEIRA,JUINA,pct_confirmacao_laboratorial_pcr_cultura,Confirmação laboratorial PCR/cultura,,0,0,ok,ok,2024,SE 1–36/2024,Informe Meningites CGVDI/DPNI/SVSA/MS,2024-10-01,indicadores_ms_operacionais_municipio_v23.csv,indicadores_ms_operacionais_base_v23.csv
510285,CASTANHEIRA,JUINA,pct_investigados_48h,Investigados em até 48h,100.0,6,6,ok,ok,2024,SE 1–36/2024,Informe Meningites CGVDI/DPNI/SVSA/MS,2024-10-01,indicadores_ms_operacionais_municipio_v23.csv,indicadores_ms_operacionais_base_v23.csv
510285,CASTANHEIRA,JUINA,pct_encerrados_60d,Encerrados em até 60 dias,66.66666666666666,4,6,ok,ok,2024,SE 1–36/2024,Informe Meningites CGVDI/DPNI/SVSA/MS,2024-10-01,indicadores_ms_operacionais_municipio_v23.csv,indicadores_ms_operacionais_base_v23.csv
510285,CASTANHEIRA,JUINA,pct_quimioprofilaxia_dm_48h,DM com quimioprofilaxia em até 48h,,0,0,ok,ok,2024,SE 1–36/2024,Informe Meningites CGVDI/DPNI/SVSA/MS,2024-10-01,indicadores_ms_operacionais_municipio_v23.csv,indicadores_ms_operacionais_base_v23.csv
510300,CHAPADA DOS GUIMARAES,CUIABA,pct_confirmacao_laboratorial_pcr_cultura,Confirmação laboratorial PCR/cultura,16.666666666666664,1,6,ok,ok,2024,SE 1–36/2024,Informe Meningites CGVDI/DPNI/SVSA/MS,2024-10-01,indicadores_ms_operacionais_municipio_v23.csv,indicadores_ms_operacionais_base_v23.csv
510300,CHAPADA DOS GUIMARAES,CUIABA,pct_investigados_48h,Investigados em até 48h,93.75,30,32,ok,ok,2024,SE 1–36/2024,Informe Meningites CGVDI/DPNI/SVSA/MS,2024-10-01,indicadores_ms_operacionais_municipio_v23.csv,indicadores_ms_operacionais_base_v23.csv
510300,CHAPADA DOS GUIMARAES,CUIABA,pct_encerrados_60d,Encerrados em até 60 dias,84.375,27,32,ok,ok,2024,SE 1–36/2024,Informe Meningites CGVDI/DPNI/SVSA/MS,2024-10-01,indicadores_ms_operacionais_municipio_v23.csv,indicadores_ms_operacionais_base_v23.csv
510300,CHAPADA DOS GUIMARAES,CUIABA,pct_quimioprofilaxia_dm_48h,DM com quimioprofilaxia em até 48h,100.0,4,4,ok,ok,2024,SE 1–36/2024,Informe Meningites CGVDI/DPNI/SVSA/MS,2024-10-01,indicadores_ms_operacionais_municipio_v23.csv,indicadores_ms_operacionais_base_v23.csv
510305,CLAUDIA,SINOP,pct_confirmacao_laboratorial_pcr_cultura,Confirmação laboratorial PCR/cultura,50.0,2,4,ok,ok,2024,SE 1–36/2024,Informe Meningites CGVDI/DPNI/SVSA/MS,2024-10-01,indicadores_ms_operacionais_municipio_v23.csv,indicadores_ms_operacionais_base_v23.csv
510305,CLAUDIA,SINOP,pct_investigados_48h,Investigados em até 48h,100.0,15,15,ok,ok,2024,SE 1–36/2024,Informe Meningites CGVDI/DPNI/SVSA/MS,2024-10-01,indicadores_ms_operacionais_municipio_v23.csv,indicadores_ms_operacionais_base_v23.csv
510305,CLAUDIA,SINOP,pct_encerrados_60d,Encerrados em até 60 dias,73.33333333333333,11,15,ok,ok,2024,SE 1–36/2024,Informe Meningites CGVDI/DPNI/SVSA/MS,2024-10-01,indicadores_ms_operacionais_municipio_v23.csv,indicadores_ms_operacionais_base_v23.csv
510305,CLAUDIA,SINOP,pct_quimioprofilaxia_dm_48h,DM com quimioprofilaxia em até 48h,100.0,1,1,ok,ok,2024,SE 1–36/2024,Informe Meningites CGVDI/DPNI/SVSA/MS,2024-10-01,indicadores_ms_operacionais_municipio_v23.csv,indicadores_ms_operacionais_base_v23.csv
510310,COCALINHO,AGUA BOA,pct_confirmacao_laboratorial_pcr_cultura,Confirmação laboratorial PCR/cultura,0.0,0,2,ok,ok,2024,SE 1–36/2024,Informe Meningites CGVDI/DPNI/SVSA/MS,2024-10-01,indicadores_ms_operacionais_municipio_v23.csv,indicadores_ms_operacionais_base_v23.csv
510310,COCALINHO,AGUA BOA,pct_investigados_48h,Investigados em até 48h,100.0,7,7,ok,ok,2024,SE 1–36/2024,Informe Meningites CGVDI/DPNI/SVSA/MS,2024-10-01,indicadores_ms_operacionais_municipio_v23.csv,indicadores_ms_operacionais_base_v23.csv
510310,COCALINHO,AGUA BOA,pct_encerrados_60d,Encerrados em até 60 dias,85.71428571428571,6,7,ok,ok,2024,SE 1–36/2024,Informe Meningites CGVDI/DPNI/SVSA/MS,2024-10-01,indicadores_ms_operacionais_municipio_v23.csv,indicadores_ms_operacionais_base_v23.csv
510310,COCALINHO,AGUA BOA,pct_quimioprofilaxia_dm_48h,DM com quimioprofilaxia em até 48h,0.0,0,1,ok,ok,2024,SE 1–36/2024,Informe Meningites CGVDI/DPNI/SVSA/MS,2024-10-01,indicadores_ms_operacionais_municipio_v23.csv,indicadores_ms_operacionais_base_v23.csv
510320,COLIDER,COLIDER,pct_confirmacao_laboratorial_pcr_cultura,Confirmação laboratorial PCR/cultura,66.66666666666666,2,3,ok,ok,2024,SE 1–36/2024,Informe Meningites CGVDI/DPNI/SVSA/MS,2024-10-01,indicadores_ms_operacionais_municipio_v23.csv,indicadores_ms_operacionais_base_v23.csv
510320,COLIDER,COLIDER,pct_investigados_48h,Investigados em até 48h,100.0,41,41,ok,ok,2024,SE 1–36/2024,Informe Meningites CGVDI/DPNI/SVSA/MS,2024-10-01,indicadores_ms_operacionais_municipio_v23.csv,indicadores_ms_operacionais_base_v23.csv
510320,COLIDER,COLIDER,pct_encerrados_60d,Encerrados em até 60 dias,82.92682926829268,34,41,ok,ok,2024,SE 1–36/2024,Informe Meningites CGVDI/DPNI/SVSA/MS,2024-10-01,indicadores_ms_operacionais_municipio_v23.csv,indicadores_ms_operacionais_base_v23.csv
510320,COLIDER,COLIDER,pct_quimioprofilaxia_dm_48h,DM com quimioprofilaxia em até 48h,,0,0,ok,ok,2024,SE 1–36/2024,Informe Meningites CGVDI/DPNI/SVSA/MS,2024-10-01,indicadores_ms_operacionais_municipio_v23.csv,indicadores_ms_operacionais_base_v23.csv
510325,COLNIZA,JUINA,pct_confirmacao_laboratorial_pcr_cultura,Confirmação laboratorial PCR/cultura,50.0,1,2,ok,ok,2024,SE 1–36/2024,Informe Meningites CGVDI/DPNI/SVSA/MS,2024-10-01,indicadores_ms_operacionais_municipio_v23.csv,indicadores_ms_operacionais_base_v23.csv
510325,COLNIZA,JUINA,pct_investigados_48h,Investigados em até 48h,100.0,17,17,ok,ok,2024,SE 1–36/2024,Informe Meningites CGVDI/DPNI/SVSA/MS,2024-10-01,indicadores_ms_operacionais_municipio_v23.csv,indicadores_ms_operacionais_base_v23.csv
510325,COLNIZA,JUINA,pct_encerrados_60d,Encerrados em até 60 dias,82.35294117647058,14,17,ok,ok,2024,SE 1–36/2024,Informe Meningites CGVDI/DPNI/SVSA/MS,2024-10-01,indicadores_ms_operacionais_municipio_v23.csv,indicadores_ms_operacionais_base_v23.csv
510325,COLNIZA,JUINA,pct_quimioprofilaxia_dm_48h,DM com quimioprofilaxia em até 48h,,0,0,ok,ok,2024,SE 1–36/2024,Informe Meningites CGVDI/DPNI/SVSA/MS,2024-10-01,indicadores_ms_operacionais_municipio_v23.csv,indicadores_ms_operacionais_base_v23.csv
510330,COMODORO,PONTES E LACERDA,pct_confirmacao_laboratorial_pcr_cultura,Confirmação laboratorial PCR/cultura,0.0,0,2,ok,ok,2024,SE 1–36/2024,Informe Meningites CGVDI/DPNI/SVSA/MS,2024-10-01,indicadores_ms_operacionais_municipio_v23.csv,indicadores_ms_operacionais_base_v23.csv
510330,COMODORO,PONTES E LACERDA,pct_investigados_48h,Investigados em até 48h,90.0,9,10,ok,ok,2024,SE 1–36/2024,Informe Meningites CGVDI/DPNI/SVSA/MS,2024-10-01,indicadores_ms_operacionais_municipio_v23.csv,indicadores_ms_operacionais_base_v23.csv
510330,COMODORO,PONTES E LACERDA,pct_encerrados_60d,Encerrados em até 60 dias,80.0,8,10,ok,ok,2024,SE 1–36/2024,Informe Meningites CGVDI/DPNI/SVSA/MS,2024-10-01,indicadores_ms_operacionais_municipio_v23.csv,indicadores_ms_operacionais_base_v23.csv
510330,COMODORO,PONTES E LACERDA,pct_quimioprofilaxia_dm_48h,DM com quimioprofilaxia em até 48h,0.0,0,1,ok,ok,2024,SE 1–36/2024,Informe Meningites CGVDI/DPNI/SVSA/MS,2024-10-01,indicadores_ms_operacionais_municipio_v23.csv,indicadores_ms_operacionais_base_v23.csv
510335,CONFRESA,PORTO ALEGRE DO NORTE,pct_confirmacao_laboratorial_pcr_cultura,Confirmação laboratorial PCR/cultura,50.0,1,2,ok,ok,2024,SE 1–36/2024,Informe Meningites CGVDI/DPNI/SVSA/MS,2024-10-01,indicadores_ms_operacionais_municipio_v23.csv,indicadores_ms_operacionais_base_v23.csv
510335,CONFRESA,PORTO ALEGRE DO NORTE,pct_investigados_48h,Investigados em até 48h,84.61538461538461,22,26,ok,ok,2024,SE 1–36/2024,Informe Meningites CGVDI/DPNI/SVSA/MS,2024-10-01,indicadores_ms_operacionais_municipio_v23.csv,indicadores_ms_operacionais_base_v23.csv
510335,CONFRESA,PORTO ALEGRE DO NORTE,pct_encerrados_60d,Encerrados em até 60 dias,57.692307692307686,15,26,ok,ok,2024,SE 1–36/2024,Informe Meningites CGVDI/DPNI/SVSA/MS,2024-10-01,indicadores_ms_operacionais_municipio_v23.csv,indicadores_ms_operacionais_base_v23.csv
510335,CONFRESA,PORTO ALEGRE DO NORTE,pct_quimioprofilaxia_dm_48h,DM com quimioprofilaxia em até 48h,,0,0,ok,ok,2024,SE 1–36/2024,Informe Meningites CGVDI/DPNI/SVSA/MS,2024-10-01,indicadores_ms_operacionais_municipio_v23.csv,indicadores_ms_operacionais_base_v23.csv
510336,CONQUISTA D OESTE,PONTES E LACERDA,pct_confirmacao_laboratorial_pcr_cultura,Confirmação laboratorial PCR/cultura,50.0,1,2,ok,ok,2024,SE 1–36/2024,Informe Meningites CGVDI/DPNI/SVSA/MS,2024-10-01,indicadores_ms_operacionais_municipio_v23.csv,indicadores_ms_operacionais_base_v23.csv
510336,CONQUISTA D OESTE,PONTES E LACERDA,pct_investigados_48h,Investigados em até 48h,100.0,6,6,ok,ok,2024,SE 1–36/2024,Informe Meningites CGVDI/DPNI/SVSA/MS,2024-10-01,indicadores_ms_operacionais_municipio_v23.csv,indicadores_ms_operacionais_base_v23.csv
510336,CONQUISTA D OESTE,PONTES E LACERDA,pct_encerrados_60d,Encerrados em até 60 dias,33.33333333333333,2,6,ok,ok,2024,SE 1–36/2024,Informe Meningites CGVDI/DPNI/SVSA/MS,2024-10-01,indicadores_ms_operacionais_municipio_v23.csv,indicadores_ms_operacionais_base_v23.csv
510336,CONQUISTA D OESTE,PONTES E LACERDA,pct_quimioprofilaxia_dm_48h,DM com quimioprofilaxia em até 48h,,0,0,ok,ok,2024,SE 1–36/2024,Informe Meningites CGVDI/DPNI/SVSA/MS,2024-10-01,indicadores_ms_operacionais_municipio_v23.csv,indicadores_ms_operacionais_base_v23.csv
510337,COTRIGUACU,JUINA,pct_confirmacao_laboratorial_pcr_cultura,Confirmação laboratorial PCR/cultura,0.0,0,1,ok,ok,2024,SE 1–36/2024,Informe Meningites CGVDI/DPNI/SVSA/MS,2024-10-01,indicadores_ms_operacionais_municipio_v23.csv,indicadores_ms_operacionais_base_v23.csv
510337,COTRIGUACU,JUINA,pct_investigados_48h,Investigados em até 48h,100.0,4,4,ok,ok,2024,SE 1–36/2024,Informe Meningites CGVDI/DPNI/SVSA/MS,2024-10-01,indicadores_ms_operacionais_municipio_v23.csv,indicadores_ms_operacionais_base_v23.csv
510337,COTRIGUACU,JUINA,pct_encerrados_60d,Encerrados em até 60 dias,50.0,2,4,ok,ok,2024,SE 1–36/2024,Informe Meningites CGVDI/DPNI/SVSA/MS,2024-10-01,indicadores_ms_operacionais_municipio_v23.csv,indicadores_ms_operacionais_base_v23.csv
510337,COTRIGUACU,JUINA,pct_quimioprofilaxia_dm_48h,DM com quimioprofilaxia em até 48h,,0,0,ok,ok,2024,SE 1–36/2024,Informe Meningites CGVDI/DPNI/SVSA/MS,2024-10-01,indicadores_ms_operacionais_municipio_v23.csv,indicadores_ms_operacionais_base_v23.csv
510340,CUIABA,CUIABA,pct_confirmacao_laboratorial_pcr_cultura,Confirmação laboratorial PCR/cultura,45.91439688715953,118,257,ok,ok,2024,SE 1–36/2024,Informe Meningites CGVDI/DPNI/SVSA/MS,2024-10-01,indicadores_ms_operacionais_municipio_v23.csv,indicadores_ms_operacionais_base_v23.csv
510340,CUIABA,CUIABA,pct_investigados_48h,Investigados em até 48h,94.68232044198896,1371,1448,ok,ok,2024,SE 1–36/2024,Informe Meningites CGVDI/DPNI/SVSA/MS,2024-10-01,indicadores_ms_operacionais_municipio_v23.csv,indicadores_ms_operacionais_base_v23.csv
510340,CUIABA,CUIABA,pct_encerrados_60d,Encerrados em até 60 dias,88.74309392265194,1285,1448,ok,ok,2024,SE 1–36/2024,Informe Meningites CGVDI/DPNI/SVSA/MS,2024-10-01,indicadores_ms_operacionais_municipio_v23.csv,indicadores_ms_operacionais_base_v23.csv
510340,CUIABA,CUIABA,pct_quimioprofilaxia_dm_48h,DM com quimioprofilaxia em até 48h,71.69811320754717,38,53,ok,ok,2024,SE 1–36/2024,Informe Meningites CGVDI/DPNI/SVSA/MS,2024-10-01,indicadores_ms_operacionais_municipio_v23.csv,indicadores_ms_operacionais_base_v23.csv
510343,CURVELANDIA,CACERES,pct_confirmacao_laboratorial_pcr_cultura,Confirmação laboratorial PCR/cultura,,0,0,ok,ok,2024,SE 1–36/2024,Informe Meningites CGVDI/DPNI/SVSA/MS,2024-10-01,indicadores_ms_operacionais_municipio_v23.csv,indicadores_ms_operacionais_base_v23.csv
510343,CURVELANDIA,CACERES,pct_investigados_48h,Investigados em até 48h,85.71428571428571,6,7,ok,ok,2024,SE 1–36/2024,Informe Meningites CGVDI/DPNI/SVSA/MS,2024-10-01,indicadores_ms_operacionais_municipio_v23.csv,indicadores_ms_operacionais_base_v23.csv
510343,CURVELANDIA,CACERES,pct_encerrados_60d,Encerrados em até 60 dias,85.71428571428571,6,7,ok,ok,2024,SE 1–36/2024,Informe Meningites CGVDI/DPNI/SVSA/MS,2024-10-01,indicadores_ms_operacionais_municipio_v23.csv,indicadores_ms_operacionais_base_v23.csv
510343,CURVELANDIA,CACERES,pct_quimioprofilaxia_dm_48h,DM com quimioprofilaxia em até 48h,,0,0,ok,ok,2024,SE 1–36/2024,Informe Meningites CGVDI/DPNI/SVSA/MS,2024-10-01,indicadores_ms_operacionais_municipio_v23.csv,indicadores_ms_operacionais_base_v23.csv
510345,DENISE,TANGARA DA SERRA,pct_confirmacao_laboratorial_pcr_cultura,Confirmação laboratorial PCR/cultura,100.0,1,1,ok,ok,2024,SE 1–36/2024,Informe Meningites CGVDI/DPNI/SVSA/MS,2024-10-01,indicadores_ms_operacionais_municipio_v23.csv,indicadores_ms_operacionais_base_v23.csv
510345,DENISE,TANGARA DA SERRA,pct_investigados_48h,Investigados em até 48h,80.0,4,5,ok,ok,2024,SE 1–36/2024,Informe Meningites CGVDI/DPNI/SVSA/MS,2024-10-01,indicadores_ms_operacionais_municipio_v23.csv,indicadores_ms_operacionais_base_v23.csv
510345,DENISE,TANGARA DA SERRA,pct_encerrados_60d,Encerrados em até 60 dias,60.0,3,5,ok,ok,2024,SE 1–36/2024,Informe Meningites CGVDI/DPNI/SVSA/MS,2024-10-01,indicadores_ms_operacionais_municipio_v23.csv,indicadores_ms_operacionais_base_v23.csv
510345,DENISE,TANGARA DA SERRA,pct_quimioprofilaxia_dm_48h,DM com quimioprofilaxia em até 48h,,0,0,ok,ok,2024,SE 1–36/2024,Informe Meningites CGVDI/DPNI/SVSA/MS,2024-10-01,indicadores_ms_operacionais_municipio_v23.csv,indicadores_ms_operacionais_base_v23.csv
510350,DIAMANTINO,DIAMANTINO,pct_confirmacao_laboratorial_pcr_cultura,Confirmação laboratorial PCR/cultura,60.0,3,5,ok,ok,2024,SE 1–36/2024,Informe Meningites CGVDI/DPNI/SVSA/MS,2024-10-01,indicadores_ms_operacionais_municipio_v23.csv,indicadores_ms_operacionais_base_v23.csv
510350,DIAMANTINO,DIAMANTINO,pct_investigados_48h,Investigados em até 48h,92.3076923076923,24,26,ok,ok,2024,SE 1–36/2024,Informe Meningites CGVDI/DPNI/SVSA/MS,2024-10-01,indicadores_ms_operacionais_municipio_v23.csv,indicadores_ms_operacionais_base_v23.csv
510350,DIAMANTINO,DIAMANTINO,pct_encerrados_60d,Encerrados em até 60 dias,92.3076923076923,24,26,ok,ok,2024,SE 1–36/2024,Informe Meningites CGVDI/DPNI/SVSA/MS,2024-10-01,indicadores_ms_operacionais_municipio_v23.csv,indicadores_ms_operacionais_base_v23.csv
510350,DIAMANTINO,DIAMANTINO,pct_quimioprofilaxia_dm_48h,DM com quimioprofilaxia em até 48h,50.0,1,2,ok,ok,2024,SE 1–36/2024,Informe Meningites CGVDI/DPNI/SVSA/MS,2024-10-01,indicadores_ms_operacionais_municipio_v23.csv,indicadores_ms_operacionais_base_v23.csv
510360,DOM AQUINO,RONDONOPOLIS,pct_confirmacao_laboratorial_pcr_cultura,Confirmação laboratorial PCR/cultura,80.0,4,5,ok,ok,2024,SE 1–36/2024,Informe Meningites CGVDI/DPNI/SVSA/MS,2024-10-01,indicadores_ms_operacionais_municipio_v23.csv,indicadores_ms_operacionais_base_v23.csv
510360,DOM AQUINO,RONDONOPOLIS,pct_investigados_48h,Investigados em até 48h,85.71428571428571,6,7,ok,ok,2024,SE 1–36/2024,Informe Meningites CGVDI/DPNI/SVSA/MS,2024-10-01,indicadores_ms_operacionais_municipio_v23.csv,indicadores_ms_operacionais_base_v23.csv
510360,DOM AQUINO,RONDONOPOLIS,pct_encerrados_60d,Encerrados em até 60 dias,71.42857142857143,5,7,ok,ok,2024,SE 1–36/2024,Informe Meningites CGVDI/DPNI/SVSA/MS,2024-10-01,indicadores_ms_operacionais_municipio_v23.csv,indicadores_ms_operacionais_base_v23.csv
510360,DOM AQUINO,RONDONOPOLIS,pct_quimioprofilaxia_dm_48h,DM com quimioprofilaxia em até 48h,100.0,1,1,ok,ok,2024,SE 1–36/2024,Informe Meningites CGVDI/DPNI/SVSA/MS,2024-10-01,indicadores_ms_operacionais_municipio_v23.csv,indicadores_ms_operacionais_base_v23.csv
510370,FELIZ NATAL,SINOP,pct_confirmacao_laboratorial_pcr_cultura,Confirmação laboratorial PCR/cultura,0.0,0,3,ok,ok,2024,SE 1–36/2024,Informe Meningites CGVDI/DPNI/SVSA/MS,2024-10-01,indicadores_ms_operacionais_municipio_v23.csv,indicadores_ms_operacionais_base_v23.csv
510370,FELIZ NATAL,SINOP,pct_investigados_48h,Investigados em até 48h,90.0,18,20,ok,ok,2024,SE 1–36/2024,Informe Meningites CGVDI/DPNI/SVSA/MS,2024-10-01,indicadores_ms_operacionais_municipio_v23.csv,indicadores_ms_operacionais_base_v23.csv
510370,FELIZ NATAL,SINOP,pct_encerrados_60d,Encerrados em até 60 dias,90.0,18,20,ok,ok,2024,SE 1–36/2024,Informe Meningites CGVDI/DPNI/SVSA/MS,2024-10-01,indicadores_ms_operacionais_municipio_v23.csv,indicadores_ms_operacionais_base_v23.csv
510370,FELIZ NATAL,SINOP,pct_quimioprofilaxia_dm_48h,DM com quimioprofilaxia em até 48h,33.33333333333333,1,3,ok,ok,2024,SE 1–36/2024,Informe Meningites CGVDI/DPNI/SVSA/MS,2024-10-01,indicadores_ms_operacionais_municipio_v23.csv,indicadores_ms_operacionais_base_v23.csv
510380,FIGUEIROPOLIS D OESTE,PONTES E LACERDA,pct_confirmacao_laboratorial_pcr_cultura,Confirmação laboratorial PCR/cultura,,0,0,ok,ok,2024,SE 1–36/2024,Informe Meningites CGVDI/DPNI/SVSA/MS,2024-10-01,indicadores_ms_operacionais_municipio_v23.csv,indicadores_ms_operacionais_base_v23.csv
510380,FIGUEIROPOLIS D OESTE,PONTES E LACERDA,pct_investigados_48h,Investigados em até 48h,75.0,3,4,ok,ok,2024,SE 1–36/2024,Informe Meningites CGVDI/DPNI/SVSA/MS,2024-10-01,indicadores_ms_operacionais_municipio_v23.csv,indicadores_ms_operacionais_base_v23.csv
510380,FIGUEIROPOLIS D OESTE,PONTES E LACERDA,pct_encerrados_60d,Encerrados em até 60 dias,75.0,3,4,ok,ok,2024,SE 1–36/2024,Informe Meningites CGVDI/DPNI/SVSA/MS,2024-10-01,indicadores_ms_operacionais_municipio_v23.csv,indicadores_ms_operacionais_base_v23.csv
510380,FIGUEIROPOLIS D OESTE,PONTES E LACERDA,pct_quimioprofilaxia_dm_48h,DM com quimioprofilaxia em até 48h,,0,0,ok,ok,2024,SE 1–36/2024,Informe Meningites CGVDI/DPNI/SVSA/MS,2024-10-01,indicadores_ms_operacionais_municipio_v23.csv,indicadores_ms_operacionais_base_v23.csv
510385,GAUCHA DO NORTE,AGUA BOA,pct_confirmacao_laboratorial_pcr_cultura,Confirmação laboratorial PCR/cultura,50.0,1,2,ok,ok,2024,SE 1–36/2024,Informe Meningites CGVDI/DPNI/SVSA/MS,2024-10-01,indicadores_ms_operacionais_municipio_v23.csv,indicadores_ms_operacionais_base_v23.csv
510385,GAUCHA DO NORTE,AGUA BOA,pct_investigados_48h,Investigados em até 48h,85.71428571428571,6,7,ok,ok,2024,SE 1–36/2024,Informe Meningites CGVDI/DPNI/SVSA/MS,2024-10-01,indicadores_ms_operacionais_municipio_v23.csv,indicadores_ms_operacionais_base_v23.csv
510385,GAUCHA DO NORTE,AGUA BOA,pct_encerrados_60d,Encerrados em até 60 dias,71.42857142857143,5,7,ok,ok,2024,SE 1–36/2024,Informe Meningites CGVDI/DPNI/SVSA/MS,2024-10-01,indicadores_ms_operacionais_municipio_v23.csv,indicadores_ms_operacionais_base_v23.csv
510385,GAUCHA DO NORTE,AGUA BOA,pct_quimioprofilaxia_dm_48h,DM com quimioprofilaxia em até 48h,100.0,1,1,ok,ok,2024,SE 1–36/2024,Informe Meningites CGVDI/DPNI/SVSA/MS,2024-10-01,indicadores_ms_operacionais_municipio_v23.csv,indicadores_ms_operacionais_base_v23.csv
510390,GENERAL CARNEIRO,BARRA DO GARCAS,pct_confirmacao_laboratorial_pcr_cultura,Confirmação laboratorial PCR/cultura,,0,0,ok,ok,2024,SE 1–36/2024,Informe Meningites CGVDI/DPNI/SVSA/MS,2024-10-01,indicadores_ms_operacionais_municipio_v23.csv,indicadores_ms_operacionais_base_v23.csv
510390,GENERAL CARNEIRO,BARRA DO GARCAS,pct_investigados_48h,Investigados em até 48h,100.0,4,4,ok,ok,2024,SE 1–36/2024,Informe Meningites CGVDI/DPNI/SVSA/MS,2024-10-01,indicadores_ms_operacionais_municipio_v23.csv,indicadores_ms_operacionais_base_v23.csv
510390,GENERAL CARNEIRO,BARRA DO GARCAS,pct_encerrados_60d,Encerrados em até 60 dias,50.0,2,4,ok,ok,2024,SE 1–36/2024,Informe Meningites CGVDI/DPNI/SVSA/MS,2024-10-01,indicadores_ms_operacionais_municipio_v23.csv,indicadores_ms_operacionais_base_v23.csv
510390,GENERAL CARNEIRO,BARRA DO GARCAS,pct_quimioprofilaxia_dm_48h,DM com quimioprofilaxia em até 48h,,0,0,ok,ok,2024,SE 1–36/2024,Informe Meningites CGVDI/DPNI/SVSA/MS,2024-10-01,indicadores_ms_operacionais_municipio_v23.csv,indicadores_ms_operacionais_base_v23.csv
510395,GLORIA D OESTE,CACERES,pct_confirmacao_laboratorial_pcr_cultura,Confirmação laboratorial PCR/cultura,,0,0,ok,ok,2024,SE 1–36/2024,Informe Meningites CGVDI/DPNI/SVSA/MS,2024-10-01,indicadores_ms_operacionais_municipio_v23.csv,indicadores_ms_operacionais_base_v23.csv
510395,GLORIA D OESTE,CACERES,pct_investigados_48h,Investigados em até 48h,100.0,2,2,ok,ok,2024,SE 1–36/2024,Informe Meningites CGVDI/DPNI/SVSA/MS,2024-10-01,indicadores_ms_operacionais_municipio_v23.csv,indicadores_ms_operacionais_base_v23.csv
510395,GLORIA D OESTE,CACERES,pct_encerrados_60d,Encerrados em até 60 dias,100.0,2,2,ok,ok,2024,SE 1–36/2024,Informe Meningites CGVDI/DPNI/SVSA/MS,2024-10-01,indicadores_ms_operacionais_municipio_v23.csv,indicadores_ms_operacionais_base_v23.csv
510395,GLORIA D OESTE,CACERES,pct_quimioprofilaxia_dm_48h,DM com quimioprofilaxia em até 48h,,0,0,ok,ok,2024,SE 1–36/2024,Informe Meningites CGVDI/DPNI/SVSA/MS,2024-10-01,indicadores_ms_operacionais_municipio_v23.csv,indicadores_ms_operacionais_base_v23.csv
510410,GUARANTA DO NORTE,PEIXOTO DE AZEVEDO,pct_confirmacao_laboratorial_pcr_cultura,Confirmação laboratorial PCR/cultura,45.45454545454545,5,11,ok,ok,2024,SE 1–36/2024,Informe Meningites CGVDI/DPNI/SVSA/MS,2024-10-01,indicadores_ms_operacionais_municipio_v23.csv,indicadores_ms_operacionais_base_v23.csv
510410,GUARANTA DO NORTE,PEIXOTO DE AZEVEDO,pct_investigados_48h,Investigados em até 48h,95.55555555555556,86,90,ok,ok,2024,SE 1–36/2024,Informe Meningites CGVDI/DPNI/SVSA/MS,2024-10-01,indicadores_ms_operacionais_municipio_v23.csv,indicadores_ms_operacionais_base_v23.csv
510410,GUARANTA DO NORTE,PEIXOTO DE AZEVEDO,pct_encerrados_60d,Encerrados em até 60 dias,90.0,81,90,ok,ok,2024,SE 1–36/2024,Informe Meningites CGVDI/DPNI/SVSA/MS,2024-10-01,indicadores_ms_operacionais_municipio_v23.csv,indicadores_ms_operacionais_base_v23.csv
510410,GUARANTA DO NORTE,PEIXOTO DE AZEVEDO,pct_quimioprofilaxia_dm_48h,DM com quimioprofilaxia em até 48h,0.0,0,3,ok,ok,2024,SE 1–36/2024,Informe Meningites CGVDI/DPNI/SVSA/MS,2024-10-01,indicadores_ms_operacionais_municipio_v23.csv,indicadores_ms_operacionais_base_v23.csv
510420,GUIRATINGA,RONDONOPOLIS,pct_confirmacao_laboratorial_pcr_cultura,Confirmação laboratorial PCR/cultura,100.0,2,2,ok,ok,2024,SE 1–36/2024,Informe Meningites CGVDI/DPNI/SVSA/MS,2024-10-01,indicadores_ms_operacionais_municipio_v23.csv,indicadores_ms_operacionais_base_v23.csv
510420,GUIRATINGA,RONDONOPOLIS,pct_investigados_48h,Investigados em até 48h,87.5,14,16,ok,ok,2024,SE 1–36/2024,Informe Meningites CGVDI/DPNI/SVSA/MS,2024-10-01,indicadores_ms_operacionais_municipio_v23.csv,indicadores_ms_operacionais_base_v23.csv
510420,GUIRATINGA,RONDONOPOLIS,pct_encerrados_60d,Encerrados em até 60 dias,81.25,13,16,ok,ok,2024,SE 1–36/2024,Informe Meningites CGVDI/DPNI/SVSA/MS,2024-10-01,indicadores_ms_operacionais_municipio_v23.csv,indicadores_ms_operacionais_base_v23.csv
510420,GUIRATINGA,RONDONOPOLIS,pct_quimioprofilaxia_dm_48h,DM com quimioprofilaxia em até 48h,,0,0,ok,ok,2024,SE 1–36/2024,Informe Meningites CGVDI/DPNI/SVSA/MS,2024-10-01,indicadores_ms_operacionais_municipio_v23.csv,indicadores_ms_operacionais_base_v23.csv
510450,INDIAVAI,CACERES,pct_confirmacao_laboratorial_pcr_cultura,Confirmação laboratorial PCR/cultura,,0,0,ok,ok,2024,SE 1–36/2024,Informe Meningites CGVDI/DPNI/SVSA/MS,2024-10-01,indicadores_ms_operacionais_municipio_v23.csv,indicadores_ms_operacionais_base_v23.csv
510450,INDIAVAI,CACERES,pct_investigados_48h,Investigados em até 48h,100.0,3,3,ok,ok,2024,SE 1–36/2024,Informe Meningites CGVDI/DPNI/SVSA/MS,2024-10-01,indicadores_ms_operacionais_municipio_v23.csv,indicadores_ms_operacionais_base_v23.csv
510450,INDIAVAI,CACERES,pct_encerrados_60d,Encerrados em até 60 dias,100.0,3,3,ok,ok,2024,SE 1–36/2024,Informe Meningites CGVDI/DPNI/SVSA/MS,2024-10-01,indicadores_ms_operacionais_municipio_v23.csv,indicadores_ms_operacionais_base_v23.csv
510450,INDIAVAI,CACERES,pct_quimioprofilaxia_dm_48h,DM com quimioprofilaxia em até 48h,,0,0,ok,ok,2024,SE 1–36/2024,Informe Meningites CGVDI/DPNI/SVSA/MS,2024-10-01,indicadores_ms_operacionais_municipio_v23.csv,indicadores_ms_operacionais_base_v23.csv
510452,IPIRANGA DO NORTE,SINOP,pct_confirmacao_laboratorial_pcr_cultura,Confirmação laboratorial PCR/cultura,100.0,2,2,ok,ok,2024,SE 1–36/2024,Informe Meningites CGVDI/DPNI/SVSA/MS,2024-10-01,indicadores_ms_operacionais_municipio_v23.csv,indicadores_ms_operacionais_base_v23.csv
510452,IPIRANGA DO NORTE,SINOP,pct_investigados_48h,Investigados em até 48h,85.71428571428571,6,7,ok,ok,2024,SE 1–36/2024,Informe Meningites CGVDI/DPNI/SVSA/MS,2024-10-01,indicadores_ms_operacionais_municipio_v23.csv,indicadores_ms_operacionais_base_v23.csv
510452,IPIRANGA DO NORTE,SINOP,pct_encerrados_60d,Encerrados em até 60 dias,71.42857142857143,5,7,ok,ok,2024,SE 1–36/2024,Informe Meningites CGVDI/DPNI/SVSA/MS,2024-10-01,indicadores_ms_operacionais_municipio_v23.csv,indicadores_ms_operacionais_base_v23.csv
510452,IPIRANGA DO NORTE,SINOP,pct_quimioprofilaxia_dm_48h,DM com quimioprofilaxia em até 48h,,0,0,ok,ok,2024,SE 1–36/2024,Informe Meningites CGVDI/DPNI/SVSA/MS,2024-10-01,indicadores_ms_operacionais_municipio_v23.csv,indicadores_ms_operacionais_base_v23.csv
510454,ITANHANGA,SINOP,pct_confirmacao_laboratorial_pcr_cultura,Confirmação laboratorial PCR/cultura,33.33333333333333,1,3,ok,ok,2024,SE 1–36/2024,Informe Meningites CGVDI/DPNI/SVSA/MS,2024-10-01,indicadores_ms_operacionais_municipio_v23.csv,indicadores_ms_operacionais_base_v23.csv
510454,ITANHANGA,SINOP,pct_investigados_48h,Investigados em até 48h,100.0,10,10,ok,ok,2024,SE 1–36/2024,Informe Meningites CGVDI/DPNI/SVSA/MS,2024-10-01,indicadores_ms_operacionais_municipio_v23.csv,indicadores_ms_operacionais_base_v23.csv
510454,ITANHANGA,SINOP,pct_encerrados_60d,Encerrados em até 60 dias,70.0,7,10,ok,ok,2024,SE 1–36/2024,Informe Meningites CGVDI/DPNI/SVSA/MS,2024-10-01,indicadores_ms_operacionais_municipio_v23.csv,indicadores_ms_operacionais_base_v23.csv
510454,ITANHANGA,SINOP,pct_quimioprofilaxia_dm_48h,DM com quimioprofilaxia em até 48h,100.0,2,2,ok,ok,2024,SE 1–36/2024,Informe Meningites CGVDI/DPNI/SVSA/MS,2024-10-01,indicadores_ms_operacionais_municipio_v23.csv,indicadores_ms_operacionais_base_v23.csv
510455,ITAUBA,COLIDER,pct_confirmacao_laboratorial_pcr_cultura,Confirmação laboratorial PCR/cultura,25.0,1,4,ok,ok,2024,SE 1–36/2024,Informe Meningites CGVDI/DPNI/SVSA/MS,2024-10-01,indicadores_ms_operacionais_municipio_v23.csv,indicadores_ms_operacionais_base_v23.csv
510455,ITAUBA,COLIDER,pct_investigados_48h,Investigados em até 48h,100.0,7,7,ok,ok,2024,SE 1–36/2024,Informe Meningites CGVDI/DPNI/SVSA/MS,2024-10-01,indicadores_ms_operacionais_municipio_v23.csv,indicadores_ms_operacionais_base_v23.csv
510455,ITAUBA,COLIDER,pct_encerrados_60d,Encerrados em até 60 dias,100.0,7,7,ok,ok,2024,SE 1–36/2024,Informe Meningites CGVDI/DPNI/SVSA/MS,2024-10-01,indicadores_ms_operacionais_municipio_v23.csv,indicadores_ms_operacionais_base_v23.csv
510455,ITAUBA,COLIDER,pct_quimioprofilaxia_dm_48h,DM com quimioprofilaxia em até 48h,0.0,0,1,ok,ok,2024,SE 1–36/2024,Informe Meningites CGVDI/DPNI/SVSA/MS,2024-10-01,indicadores_ms_operacionais_municipio_v23.csv,indicadores_ms_operacionais_base_v23.csv
510460,ITIQUIRA,RONDONOPOLIS,pct_confirmacao_laboratorial_pcr_cultura,Confirmação laboratorial PCR/cultura,28.57142857142857,2,7,ok,ok,2024,SE 1–36/2024,Informe Meningites CGVDI/DPNI/SVSA/MS,2024-10-01,indicadores_ms_operacionais_municipio_v23.csv,indicadores_ms_operacionais_base_v23.csv
510460,ITIQUIRA,RONDONOPOLIS,pct_investigados_48h,Investigados em até 48h,92.85714285714286,13,14,ok,ok,2024,SE 1–36/2024,Informe Meningites CGVDI/DPNI/SVSA/MS,2024-10-01,indicadores_ms_operacionais_municipio_v23.csv,indicadores_ms_operacionais_base_v23.csv
510460,ITIQUIRA,RONDONOPOLIS,pct_encerrados_60d,Encerrados em até 60 dias,78.57142857142857,11,14,ok,ok,2024,SE 1–36/2024,Informe Meningites CGVDI/DPNI/SVSA/MS,2024-10-01,indicadores_ms_operacionais_municipio_v23.csv,indicadores_ms_operacionais_base_v23.csv
510460,ITIQUIRA,RONDONOPOLIS,pct_quimioprofilaxia_dm_48h,DM com quimioprofilaxia em até 48h,50.0,1,2,ok,ok,2024,SE 1–36/2024,Informe Meningites CGVDI/DPNI/SVSA/MS,2024-10-01,indicadores_ms_operacionais_municipio_v23.csv,indicadores_ms_operacionais_base_v23.csv
510480,JACIARA,RONDONOPOLIS,pct_confirmacao_laboratorial_pcr_cultura,Confirmação laboratorial PCR/cultura,38.46153846153847,5,13,ok,ok,2024,SE 1–36/2024,Informe Meningites CGVDI/DPNI/SVSA/MS,2024-10-01,indicadores_ms_operacionais_municipio_v23.csv,indicadores_ms_operacionais_base_v23.csv
510480,JACIARA,RONDONOPOLIS,pct_investigados_48h,Investigados em até 48h,92.45283018867924,49,53,ok,ok,2024,SE 1–36/2024,Informe Meningites CGVDI/DPNI/SVSA/MS,2024-10-01,indicadores_ms_operacionais_municipio_v23.csv,indicadores_ms_operacionais_base_v23.csv
510480,JACIARA,RONDONOPOLIS,pct_encerrados_60d,Encerrados em até 60 dias,79.24528301886792,42,53,ok,ok,2024,SE 1–36/2024,Informe Meningites CGVDI/DPNI/SVSA/MS,2024-10-01,indicadores_ms_operacionais_municipio_v23.csv,indicadores_ms_operacionais_base_v23.csv
510480,JACIARA,RONDONOPOLIS,pct_quimioprofilaxia_dm_48h,DM com quimioprofilaxia em até 48h,75.0,6,8,ok,ok,2024,SE 1–36/2024,Informe Meningites CGVDI/DPNI/SVSA/MS,2024-10-01,indicadores_ms_operacionais_municipio_v23.csv,indicadores_ms_operacionais_base_v23.csv
510490,JANGADA,CUIABA,pct_confirmacao_laboratorial_pcr_cultura,Confirmação laboratorial PCR/cultura,,0,0,ok,ok,2024,SE 1–36/2024,Informe Meningites CGVDI/DPNI/SVSA/MS,2024-10-01,indicadores_ms_operacionais_municipio_v23.csv,indicadores_ms_operacionais_base_v23.csv
510490,JANGADA,CUIABA,pct_investigados_48h,Investigados em até 48h,100.0,8,8,ok,ok,2024,SE 1–36/2024,Informe Meningites CGVDI/DPNI/SVSA/MS,2024-10-01,indicadores_ms_operacionais_municipio_v23.csv,indicadores_ms_operacionais_base_v23.csv
510490,JANGADA,CUIABA,pct_encerrados_60d,Encerrados em até 60 dias,87.5,7,8,ok,ok,2024,SE 1–36/2024,Informe Meningites CGVDI/DPNI/SVSA/MS,2024-10-01,indicadores_ms_operacionais_municipio_v23.csv,indicadores_ms_operacionais_base_v23.csv
510490,JANGADA,CUIABA,pct_quimioprofilaxia_dm_48h,DM com quimioprofilaxia em até 48h,,0,0,ok,ok,2024,SE 1–36/2024,Informe Meningites CGVDI/DPNI/SVSA/MS,2024-10-01,indicadores_ms_operacionais_municipio_v23.csv,indicadores_ms_operacionais_base_v23.csv
510500,JAURU,PONTES E LACERDA,pct_confirmacao_laboratorial_pcr_cultura,Confirmação laboratorial PCR/cultura,0.0,0,2,ok,ok,2024,SE 1–36/2024,Informe Meningites CGVDI/DPNI/SVSA/MS,2024-10-01,indicadores_ms_operacionais_municipio_v23.csv,indicadores_ms_operacionais_base_v23.csv
510500,JAURU,PONTES E LACERDA,pct_investigados_48h,Investigados em até 48h,100.0,9,9,ok,ok,2024,SE 1–36/2024,Informe Meningites CGVDI/DPNI/SVSA/MS,2024-10-01,indicadores_ms_operacionais_municipio_v23.csv,indicadores_ms_operacionais_base_v23.csv
510500,JAURU,PONTES E LACERDA,pct_encerrados_60d,Encerrados em até 60 dias,100.0,9,9,ok,ok,2024,SE 1–36/2024,Informe Meningites CGVDI/DPNI/SVSA/MS,2024-10-01,indicadores_ms_operacionais_municipio_v23.csv,indicadores_ms_operacionais_base_v23.csv
510500,JAURU,PONTES E LACERDA,pct_quimioprofilaxia_dm_48h,DM com quimioprofilaxia em até 48h,,0,0,ok,ok,2024,SE 1–36/2024,Informe Meningites CGVDI/DPNI/SVSA/MS,2024-10-01,indicadores_ms_operacionais_municipio_v23.csv,indicadores_ms_operacionais_base_v23.csv
510510,JUARA,JUARA,pct_confirmacao_laboratorial_pcr_cultura,Confirmação laboratorial PCR/cultura,45.45454545454545,5,11,ok,ok,2024,SE 1–36/2024,Informe Meningites CGVDI/DPNI/SVSA/MS,2024-10-01,indicadores_ms_operacionais_municipio_v23.csv,indicadores_ms_operacionais_base_v23.csv
510510,JUARA,JUARA,pct_investigados_48h,Investigados em até 48h,92.98245614035088,53,57,ok,ok,2024,SE 1–36/2024,Informe Meningites CGVDI/DPNI/SVSA/MS,2024-10-01,indicadores_ms_operacionais_municipio_v23.csv,indicadores_ms_operacionais_base_v23.csv
510510,JUARA,JUARA,pct_encerrados_60d,Encerrados em até 60 dias,75.43859649122807,43,57,ok,ok,2024,SE 1–36/2024,Informe Meningites CGVDI/DPNI/SVSA/MS,2024-10-01,indicadores_ms_operacionais_municipio_v23.csv,indicadores_ms_operacionais_base_v23.csv
510510,JUARA,JUARA,pct_quimioprofilaxia_dm_48h,DM com quimioprofilaxia em até 48h,33.33333333333333,1,3,ok,ok,2024,SE 1–36/2024,Informe Meningites CGVDI/DPNI/SVSA/MS,2024-10-01,indicadores_ms_operacionais_municipio_v23.csv,indicadores_ms_operacionais_base_v23.csv
510515,JUINA,JUINA,pct_confirmacao_laboratorial_pcr_cultura,Confirmação laboratorial PCR/cultura,77.77777777777779,7,9,ok,ok,2024,SE 1–36/2024,Informe Meningites CGVDI/DPNI/SVSA/MS,2024-10-01,indicadores_ms_operacionais_municipio_v23.csv,indicadores_ms_operacionais_base_v23.csv
510515,JUINA,JUINA,pct_investigados_48h,Investigados em até 48h,94.73684210526316,36,38,ok,ok,2024,SE 1–36/2024,Informe Meningites CGVDI/DPNI/SVSA/MS,2024-10-01,indicadores_ms_operacionais_municipio_v23.csv,indicadores_ms_operacionais_base_v23.csv
510515,JUINA,JUINA,pct_encerrados_60d,Encerrados em até 60 dias,86.8421052631579,33,38,ok,ok,2024,SE 1–36/2024,Informe Meningites CGVDI/DPNI/SVSA/MS,2024-10-01,indicadores_ms_operacionais_municipio_v23.csv,indicadores_ms_operacionais_base_v23.csv
510515,JUINA,JUINA,pct_quimioprofilaxia_dm_48h,DM com quimioprofilaxia em até 48h,33.33333333333333,1,3,ok,ok,2024,SE 1–36/2024,Informe Meningites CGVDI/DPNI/SVSA/MS,2024-10-01,indicadores_ms_operacionais_municipio_v23.csv,indicadores_ms_operacionais_base_v23.csv
510517,JURUENA,JUINA,pct_confirmacao_laboratorial_pcr_cultura,Confirmação laboratorial PCR/cultura,33.33333333333333,1,3,ok,ok,2024,SE 1–36/2024,Informe Meningites CGVDI/DPNI/SVSA/MS,2024-10-01,indicadores_ms_operacionais_municipio_v23.csv,indicadores_ms_operacionais_base_v23.csv
510517,JURUENA,JUINA,pct_investigados_48h,Investigados em até 48h,75.0,9,12,ok,ok,2024,SE 1–36/2024,Informe Meningites CGVDI/DPNI/SVSA/MS,2024-10-01,indicadores_ms_operacionais_municipio_v23.csv,indicadores_ms_operacionais_base_v23.csv
510517,JURUENA,JUINA,pct_encerrados_60d,Encerrados em até 60 dias,75.0,9,12,ok,ok,2024,SE 1–36/2024,Informe Meningites CGVDI/DPNI/SVSA/MS,2024-10-01,indicadores_ms_operacionais_municipio_v23.csv,indicadores_ms_operacionais_base_v23.csv
510517,JURUENA,JUINA,pct_quimioprofilaxia_dm_48h,DM com quimioprofilaxia em até 48h,0.0,0,1,ok,ok,2024,SE 1–36/2024,Informe Meningites CGVDI/DPNI/SVSA/MS,2024-10-01,indicadores_ms_operacionais_municipio_v23.csv,indicadores_ms_operacionais_base_v23.csv
510520,JUSCIMEIRA,RONDONOPOLIS,pct_confirmacao_laboratorial_pcr_cultura,Confirmação laboratorial PCR/cultura,100.0,1,1,ok,ok,2024,SE 1–36/2024,Informe Meningites CGVDI/DPNI/SVSA/MS,2024-10-01,indicadores_ms_operacionais_municipio_v23.csv,indicadores_ms_operacionais_base_v23.csv
510520,JUSCIMEIRA,RONDONOPOLIS,pct_investigados_48h,Investigados em até 48h,94.11764705882352,16,17,ok,ok,2024,SE 1–36/2024,Informe Meningites CGVDI/DPNI/SVSA/MS,2024-10-01,indicadores_ms_operacionais_municipio_v23.csv,indicadores_ms_operacionais_base_v23.csv
510520,JUSCIMEIRA,RONDONOPOLIS,pct_encerrados_60d,Encerrados em até 60 dias,88.23529411764706,15,17,ok,ok,2024,SE 1–36/2024,Informe Meningites CGVDI/DPNI/SVSA/MS,2024-10-01,indicadores_ms_operacionais_municipio_v23.csv,indicadores_ms_operacionais_base_v23.csv
510520,JUSCIMEIRA,RONDONOPOLIS,pct_quimioprofilaxia_dm_48h,DM com quimioprofilaxia em até 48h,0.0,0,1,ok,ok,2024,SE 1–36/2024,Informe Meningites CGVDI/DPNI/SVSA/MS,2024-10-01,indicadores_ms_operacionais_municipio_v23.csv,indicadores_ms_operacionais_base_v23.csv
510523,LAMBARI D OESTE,CACERES,pct_confirmacao_laboratorial_pcr_cultura,Confirmação laboratorial PCR/cultura,0.0,0,1,ok,ok,2024,SE 1–36/2024,Informe Meningites CGVDI/DPNI/SVSA/MS,2024-10-01,indicadores_ms_operacionais_municipio_v23.csv,indicadores_ms_operacionais_base_v23.csv
510523,LAMBARI D OESTE,CACERES,pct_investigados_48h,Investigados em até 48h,100.0,8,8,ok,ok,2024,SE 1–36/2024,Informe Meningites CGVDI/DPNI/SVSA/MS,2024-10-01,indicadores_ms_operacionais_municipio_v23.csv,indicadores_ms_operacionais_base_v23.csv
510523,LAMBARI D OESTE,CACERES,pct_encerrados_60d,Encerrados em até 60 dias,87.5,7,8,ok,ok,2024,SE 1–36/2024,Informe Meningites CGVDI/DPNI/SVSA/MS,2024-10-01,indicadores_ms_operacionais_municipio_v23.csv,indicadores_ms_operacionais_base_v23.csv
510523,LAMBARI D OESTE,CACERES,pct_quimioprofilaxia_dm_48h,DM com quimioprofilaxia em até 48h,,0,0,ok,ok,2024,SE 1–36/2024,Informe Meningites CGVDI/DPNI/SVSA/MS,2024-10-01,indicadores_ms_operacionais_municipio_v23.csv,indicadores_ms_operacionais_base_v23.csv
510525,LUCAS DO RIO VERDE,SINOP,pct_confirmacao_laboratorial_pcr_cultura,Confirmação laboratorial PCR/cultura,44.44444444444444,4,9,ok,ok,2024,SE 1–36/2024,Informe Meningites CGVDI/DPNI/SVSA/MS,2024-10-01,indicadores_ms_operacionais_municipio_v23.csv,indicadores_ms_operacionais_base_v23.csv
510525,LUCAS DO RIO VERDE,SINOP,pct_investigados_48h,Investigados em até 48h,97.10144927536231,67,69,ok,ok,2024,SE 1–36/2024,Informe Meningites CGVDI/DPNI/SVSA/MS,2024-10-01,indicadores_ms_operacionais_municipio_v23.csv,indicadores_ms_operacionais_base_v23.csv
510525,LUCAS DO RIO VERDE,SINOP,pct_encerrados_60d,Encerrados em até 60 dias,60.86956521739131,42,69,ok,ok,2024,SE 1–36/2024,Informe Meningites CGVDI/DPNI/SVSA/MS,2024-10-01,indicadores_ms_operacionais_municipio_v23.csv,indicadores_ms_operacionais_base_v23.csv
510525,LUCAS DO RIO VERDE,SINOP,pct_quimioprofilaxia_dm_48h,DM com quimioprofilaxia em até 48h,75.0,3,4,ok,ok,2024,SE 1–36/2024,Informe Meningites CGVDI/DPNI/SVSA/MS,2024-10-01,indicadores_ms_operacionais_municipio_v23.csv,indicadores_ms_operacionais_base_v23.csv
510530,LUCIARA,SAO FELIX DO ARAGUAIA,pct_confirmacao_laboratorial_pcr_cultura,Confirmação laboratorial PCR/cultura,,0,0,ok,ok,2024,SE 1–36/2024,Informe Meningites CGVDI/DPNI/SVSA/MS,2024-10-01,indicadores_ms_operacionais_municipio_v23.csv,indicadores_ms_operacionais_base_v23.csv
510530,LUCIARA,SAO FELIX DO ARAGUAIA,pct_investigados_48h,Investigados em até 48h,100.0,1,1,ok,ok,2024,SE 1–36/2024,Informe Meningites CGVDI/DPNI/SVSA/MS,2024-10-01,indicadores_ms_operacionais_municipio_v23.csv,indicadores_ms_operacionais_base_v23.csv
510530,LUCIARA,SAO FELIX DO ARAGUAIA,pct_encerrados_60d,Encerrados em até 60 dias,0.0,0,1,ok,ok,2024,SE 1–36/2024,Informe Meningites CGVDI/DPNI/SVSA/MS,2024-10-01,indicadores_ms_operacionais_municipio_v23.csv,indicadores_ms_operacionais_base_v23.csv
510530,LUCIARA,SAO FELIX DO ARAGUAIA,pct_quimioprofilaxia_dm_48h,DM com quimioprofilaxia em até 48h,,0,0,ok,ok,2024,SE 1–36/2024,Informe Meningites CGVDI/DPNI/SVSA/MS,2024-10-01,indicadores_ms_operacionais_municipio_v23.csv,indicadores_ms_operacionais_base_v23.csv
510550,VILA BELA DA S TRINDADE,PONTES E LACERDA,pct_confirmacao_laboratorial_pcr_cultura,Confirmação laboratorial PCR/cultura,0.0,0,3,ok,ok,2024,SE 1–36/2024,Informe Meningites CGVDI/DPNI/SVSA/MS,2024-10-01,indicadores_ms_operacionais_municipio_v23.csv,indicadores_ms_operacionais_base_v23.csv
510550,VILA BELA DA S TRINDADE,PONTES E LACERDA,pct_investigados_48h,Investigados em até 48h,93.75,15,16,ok,ok,2024,SE 1–36/2024,Informe Meningites CGVDI/DPNI/SVSA/MS,2024-10-01,indicadores_ms_operacionais_municipio_v23.csv,indicadores_ms_operacionais_base_v23.csv
510550,VILA BELA DA S TRINDADE,PONTES E LACERDA,pct_encerrados_60d,Encerrados em até 60 dias,75.0,12,16,ok,ok,2024,SE 1–36/2024,Informe Meningites CGVDI/DPNI/SVSA/MS,2024-10-01,indicadores_ms_operacionais_municipio_v23.csv,indicadores_ms_operacionais_base_v23.csv
510550,VILA BELA DA S TRINDADE,PONTES E LACERDA,pct_quimioprofilaxia_dm_48h,DM com quimioprofilaxia em até 48h,,0,0,ok,ok,2024,SE 1–36/2024,Informe Meningites CGVDI/DPNI/SVSA/MS,2024-10-01,indicadores_ms_operacionais_municipio_v23.csv,indicadores_ms_operacionais_base_v23.csv
510558,MARCELANDIA,COLIDER,pct_confirmacao_laboratorial_pcr_cultura,Confirmação laboratorial PCR/cultura,50.0,1,2,ok,ok,2024,SE 1–36/2024,Informe Meningites CGVDI/DPNI/SVSA/MS,2024-10-01,indicadores_ms_operacionais_municipio_v23.csv,indicadores_ms_operacionais_base_v23.csv
510558,MARCELANDIA,COLIDER,pct_investigados_48h,Investigados em até 48h,100.0,26,26,ok,ok,2024,SE 1–36/2024,Informe Meningites CGVDI/DPNI/SVSA/MS,2024-10-01,indicadores_ms_operacionais_municipio_v23.csv,indicadores_ms_operacionais_base_v23.csv
510558,MARCELANDIA,COLIDER,pct_encerrados_60d,Encerrados em até 60 dias,69.23076923076923,18,26,ok,ok,2024,SE 1–36/2024,Informe Meningites CGVDI/DPNI/SVSA/MS,2024-10-01,indicadores_ms_operacionais_municipio_v23.csv,indicadores_ms_operacionais_base_v23.csv
510558,MARCELANDIA,COLIDER,pct_quimioprofilaxia_dm_48h,DM com quimioprofilaxia em até 48h,0.0,0,1,ok,ok,2024,SE 1–36/2024,Informe Meningites CGVDI/DPNI/SVSA/MS,2024-10-01,indicadores_ms_operacionais_municipio_v23.csv,indicadores_ms_operacionais_base_v23.csv
510560,MATUPA,PEIXOTO DE AZEVEDO,pct_confirmacao_laboratorial_pcr_cultura,Confirmação laboratorial PCR/cultura,100.0,1,1,ok,ok,2024,SE 1–36/2024,Informe Meningites CGVDI/DPNI/SVSA/MS,2024-10-01,indicadores_ms_operacionais_municipio_v23.csv,indicadores_ms_operacionais_base_v23.csv
510560,MATUPA,PEIXOTO DE AZEVEDO,pct_investigados_48h,Investigados em até 48h,100.0,9,9,ok,ok,2024,SE 1–36/2024,Informe Meningites CGVDI/DPNI/SVSA/MS,2024-10-01,indicadores_ms_operacionais_municipio_v23.csv,indicadores_ms_operacionais_base_v23.csv
510560,MATUPA,PEIXOTO DE AZEVEDO,pct_encerrados_60d,Encerrados em até 60 dias,66.66666666666666,6,9,ok,ok,2024,SE 1–36/2024,Informe Meningites CGVDI/DPNI/SVSA/MS,2024-10-01,indicadores_ms_operacionais_municipio_v23.csv,indicadores_ms_operacionais_base_v23.csv
510560,MATUPA,PEIXOTO DE AZEVEDO,pct_quimioprofilaxia_dm_48h,DM com quimioprofilaxia em até 48h,,0,0,ok,ok,2024,SE 1–36/2024,Informe Meningites CGVDI/DPNI/SVSA/MS,2024-10-01,indicadores_ms_operacionais_municipio_v23.csv,indicadores_ms_operacionais_base_v23.csv
510562,MIRASSOL D OESTE,CACERES,pct_confirmacao_laboratorial_pcr_cultura,Confirmação laboratorial PCR/cultura,14.285714285714285,1,7,ok,ok,2024,SE 1–36/2024,Informe Meningites CGVDI/DPNI/SVSA/MS,2024-10-01,indicadores_ms_operacionais_municipio_v23.csv,indicadores_ms_operacionais_base_v23.csv
510562,MIRASSOL D OESTE,CACERES,pct_investigados_48h,Investigados em até 48h,88.88888888888889,32,36,ok,ok,2024,SE 1–36/2024,Informe Meningites CGVDI/DPNI/SVSA/MS,2024-10-01,indicadores_ms_operacionais_municipio_v23.csv,indicadores_ms_operacionais_base_v23.csv
510562,MIRASSOL D OESTE,CACERES,pct_encerrados_60d,Encerrados em até 60 dias,86.11111111111111,31,36,ok,ok,2024,SE 1–36/2024,Informe Meningites CGVDI/DPNI/SVSA/MS,2024-10-01,indicadores_ms_operacionais_municipio_v23.csv,indicadores_ms_operacionais_base_v23.csv
510562,MIRASSOL D OESTE,CACERES,pct_quimioprofilaxia_dm_48h,DM com quimioprofilaxia em até 48h,,0,0,ok,ok,2024,SE 1–36/2024,Informe Meningites CGVDI/DPNI/SVSA/MS,2024-10-01,indicadores_ms_operacionais_municipio_v23.csv,indicadores_ms_operacionais_base_v23.csv
510590,NOBRES,DIAMANTINO,pct_confirmacao_laboratorial_pcr_cultura,Confirmação laboratorial PCR/cultura,33.33333333333333,1,3,ok,ok,2024,SE 1–36/2024,Informe Meningites CGVDI/DPNI/SVSA/MS,2024-10-01,indicadores_ms_operacionais_municipio_v23.csv,indicadores_ms_operacionais_base_v23.csv
510590,NOBRES,DIAMANTINO,pct_investigados_48h,Investigados em até 48h,94.44444444444444,17,18,ok,ok,2024,SE 1–36/2024,Informe Meningites CGVDI/DPNI/SVSA/MS,2024-10-01,indicadores_ms_operacionais_municipio_v23.csv,indicadores_ms_operacionais_base_v23.csv
510590,NOBRES,DIAMANTINO,pct_encerrados_60d,Encerrados em até 60 dias,83.33333333333334,15,18,ok,ok,2024,SE 1–36/2024,Informe Meningites CGVDI/DPNI/SVSA/MS,2024-10-01,indicadores_ms_operacionais_municipio_v23.csv,indicadores_ms_operacionais_base_v23.csv
510590,NOBRES,DIAMANTINO,pct_quimioprofilaxia_dm_48h,DM com quimioprofilaxia em até 48h,,0,0,ok,ok,2024,SE 1–36/2024,Informe Meningites CGVDI/DPNI/SVSA/MS,2024-10-01,indicadores_ms_operacionais_municipio_v23.csv,indicadores_ms_operacionais_base_v23.csv
510600,NORTELANDIA,DIAMANTINO,pct_confirmacao_laboratorial_pcr_cultura,Confirmação laboratorial PCR/cultura,,0,0,ok,ok,2024,SE 1–36/2024,Informe Meningites CGVDI/DPNI/SVSA/MS,2024-10-01,indicadores_ms_operacionais_municipio_v23.csv,indicadores_ms_operacionais_base_v23.csv
510600,NORTELANDIA,DIAMANTINO,pct_investigados_48h,Investigados em até 48h,100.0,6,6,ok,ok,2024,SE 1–36/2024,Informe Meningites CGVDI/DPNI/SVSA/MS,2024-10-01,indicadores_ms_operacionais_municipio_v23.csv,indicadores_ms_operacionais_base_v23.csv
510600,NORTELANDIA,DIAMANTINO,pct_encerrados_60d,Encerrados em até 60 dias,100.0,6,6,ok,ok,2024,SE 1–36/2024,Informe Meningites CGVDI/DPNI/SVSA/MS,2024-10-01,indicadores_ms_operacionais_municipio_v23.csv,indicadores_ms_operacionais_base_v23.csv
510600,NORTELANDIA,DIAMANTINO,pct_quimioprofilaxia_dm_48h,DM com quimioprofilaxia em até 48h,,0,0,ok,ok,2024,SE 1–36/2024,Informe Meningites CGVDI/DPNI/SVSA/MS,2024-10-01,indicadores_ms_operacionais_municipio_v23.csv,indicadores_ms_operacionais_base_v23.csv
510610,NOSSA SENHORA DO LIVRAMENTO,CUIABA,pct_confirmacao_laboratorial_pcr_cultura,Confirmação laboratorial PCR/cultura,100.0,1,1,ok,ok,2024,SE 1–36/2024,Informe Meningites CGVDI/DPNI/SVSA/MS,2024-10-01,indicadores_ms_operacionais_municipio_v23.csv,indicadores_ms_operacionais_base_v23.csv
510610,NOSSA SENHORA DO LIVRAMENTO,CUIABA,pct_investigados_48h,Investigados em até 48h,60.0,6,10,ok,ok,2024,SE 1–36/2024,Informe Meningites CGVDI/DPNI/SVSA/MS,2024-10-01,indicadores_ms_operacionais_municipio_v23.csv,indicadores_ms_operacionais_base_v23.csv
510610,NOSSA SENHORA DO LIVRAMENTO,CUIABA,pct_encerrados_60d,Encerrados em até 60 dias,60.0,6,10,ok,ok,2024,SE 1–36/2024,Informe Meningites CGVDI/DPNI/SVSA/MS,2024-10-01,indicadores_ms_operacionais_municipio_v23.csv,indicadores_ms_operacionais_base_v23.csv
510610,NOSSA SENHORA DO LIVRAMENTO,CUIABA,pct_quimioprofilaxia_dm_48h,DM com quimioprofilaxia em até 48h,,0,0,ok,ok,2024,SE 1–36/2024,Informe Meningites CGVDI/DPNI/SVSA/MS,2024-10-01,indicadores_ms_operacionais_municipio_v23.csv,indicadores_ms_operacionais_base_v23.csv
510615,NOVA BANDEIRANTES,ALTA FLORESTA,pct_confirmacao_laboratorial_pcr_cultura,Confirmação laboratorial PCR/cultura,20.0,1,5,ok,ok,2024,SE 1–36/2024,Informe Meningites CGVDI/DPNI/SVSA/MS,2024-10-01,indicadores_ms_operacionais_municipio_v23.csv,indicadores_ms_operacionais_base_v23.csv
510615,NOVA BANDEIRANTES,ALTA FLORESTA,pct_investigados_48h,Investigados em até 48h,91.66666666666666,11,12,ok,ok,2024,SE 1–36/2024,Informe Meningites CGVDI/DPNI/SVSA/MS,2024-10-01,indicadores_ms_operacionais_municipio_v23.csv,indicadores_ms_operacionais_base_v23.csv
510615,NOVA BANDEIRANTES,ALTA FLORESTA,pct_encerrados_60d,Encerrados em até 60 dias,75.0,9,12,ok,ok,2024,SE 1–36/2024,Informe Meningites CGVDI/DPNI/SVSA/MS,2024-10-01,indicadores_ms_operacionais_municipio_v23.csv,indicadores_ms_operacionais_base_v23.csv
510615,NOVA BANDEIRANTES,ALTA FLORESTA,pct_quimioprofilaxia_dm_48h,DM com quimioprofilaxia em até 48h,66.66666666666666,2,3,ok,ok,2024,SE 1–36/2024,Informe Meningites CGVDI/DPNI/SVSA/MS,2024-10-01,indicadores_ms_operacionais_municipio_v23.csv,indicadores_ms_operacionais_base_v23.csv
510617,NOVA NAZARE,AGUA BOA,pct_confirmacao_laboratorial_pcr_cultura,Confirmação laboratorial PCR/cultura,0.0,0,1,ok,ok,2024,SE 1–36/2024,Informe Meningites CGVDI/DPNI/SVSA/MS,2024-10-01,indicadores_ms_operacionais_municipio_v23.csv,indicadores_ms_operacionais_base_v23.csv
510617,NOVA NAZARE,AGUA BOA,pct_investigados_48h,Investigados em até 48h,25.0,1,4,ok,ok,2024,SE 1–36/2024,Informe Meningites CGVDI/DPNI/SVSA/MS,2024-10-01,indicadores_ms_operacionais_municipio_v23.csv,indicadores_ms_operacionais_base_v23.csv
510617,NOVA NAZARE,AGUA BOA,pct_encerrados_60d,Encerrados em até 60 dias,25.0,1,4,ok,ok,2024,SE 1–36/2024,Informe Meningites CGVDI/DPNI/SVSA/MS,2024-10-01,indicadores_ms_operacionais_municipio_v23.csv,indicadores_ms_operacionais_base_v23.csv
510617,NOVA NAZARE,AGUA BOA,pct_quimioprofilaxia_dm_48h,DM com quimioprofilaxia em até 48h,0.0,0,1,ok,ok,2024,SE 1–36/2024,Informe Meningites CGVDI/DPNI/SVSA/MS,2024-10-01,indicadores_ms_operacionais_municipio_v23.csv,indicadores_ms_operacionais_base_v23.csv
510618,NOVA LACERDA,PONTES E LACERDA,pct_confirmacao_laboratorial_pcr_cultura,Confirmação laboratorial PCR/cultura,50.0,2,4,ok,ok,2024,SE 1–36/2024,Informe Meningites CGVDI/DPNI/SVSA/MS,2024-10-01,indicadores_ms_operacionais_municipio_v23.csv,indicadores_ms_operacionais_base_v23.csv
510618,NOVA LACERDA,PONTES E LACERDA,pct_investigados_48h,Investigados em até 48h,91.66666666666666,11,12,ok,ok,2024,SE 1–36/2024,Informe Meningites CGVDI/DPNI/SVSA/MS,2024-10-01,indicadores_ms_operacionais_municipio_v23.csv,indicadores_ms_operacionais_base_v23.csv
510618,NOVA LACERDA,PONTES E LACERDA,pct_encerrados_60d,Encerrados em até 60 dias,91.66666666666666,11,12,ok,ok,2024,SE 1–36/2024,Informe Meningites CGVDI/DPNI/SVSA/MS,2024-10-01,indicadores_ms_operacionais_municipio_v23.csv,indicadores_ms_operacionais_base_v23.csv
510618,NOVA LACERDA,PONTES E LACERDA,pct_quimioprofilaxia_dm_48h,DM com quimioprofilaxia em até 48h,,0,0,ok,ok,2024,SE 1–36/2024,Informe Meningites CGVDI/DPNI/SVSA/MS,2024-10-01,indicadores_ms_operacionais_municipio_v23.csv,indicadores_ms_operacionais_base_v23.csv
510619,NOVA SANTA HELENA,COLIDER,pct_confirmacao_laboratorial_pcr_cultura,Confirmação laboratorial PCR/cultura,,0,0,ok,ok,2024,SE 1–36/2024,Informe Meningites CGVDI/DPNI/SVSA/MS,2024-10-01,indicadores_ms_operacionais_municipio_v23.csv,indicadores_ms_operacionais_base_v23.csv
510619,NOVA SANTA HELENA,COLIDER,pct_investigados_48h,Investigados em até 48h,100.0,6,6,ok,ok,2024,SE 1–36/2024,Informe Meningites CGVDI/DPNI/SVSA/MS,2024-10-01,indicadores_ms_operacionais_municipio_v23.csv,indicadores_ms_operacionais_base_v23.csv
510619,NOVA SANTA HELENA,COLIDER,pct_encerrados_60d,Encerrados em até 60 dias,100.0,6,6,ok,ok,2024,SE 1–36/2024,Informe Meningites CGVDI/DPNI/SVSA/MS,2024-10-01,indicadores_ms_operacionais_municipio_v23.csv,indicadores_ms_operacionais_base_v23.csv
510619,NOVA SANTA HELENA,COLIDER,pct_quimioprofilaxia_dm_48h,DM com quimioprofilaxia em até 48h,,0,0,ok,ok,2024,SE 1–36/2024,Informe Meningites CGVDI/DPNI/SVSA/MS,2024-10-01,indicadores_ms_operacionais_municipio_v23.csv,indicadores_ms_operacionais_base_v23.csv
510620,NOVA BRASILANDIA,CUIABA,pct_confirmacao_laboratorial_pcr_cultura,Confirmação laboratorial PCR/cultura,100.0,1,1,ok,ok,2024,SE 1–36/2024,Informe Meningites CGVDI/DPNI/SVSA/MS,2024-10-01,indicadores_ms_operacionais_municipio_v23.csv,indicadores_ms_operacionais_base_v23.csv
510620,NOVA BRASILANDIA,CUIABA,pct_investigados_48h,Investigados em até 48h,100.0,5,5,ok,ok,2024,SE 1–36/2024,Informe Meningites CGVDI/DPNI/SVSA/MS,2024-10-01,indicadores_ms_operacionais_municipio_v23.csv,indicadores_ms_operacionais_base_v23.csv
510620,NOVA BRASILANDIA,CUIABA,pct_encerrados_60d,Encerrados em até 60 dias,80.0,4,5,ok,ok,2024,SE 1–36/2024,Informe Meningites CGVDI/DPNI/SVSA/MS,2024-10-01,indicadores_ms_operacionais_municipio_v23.csv,indicadores_ms_operacionais_base_v23.csv
510620,NOVA BRASILANDIA,CUIABA,pct_quimioprofilaxia_dm_48h,DM com quimioprofilaxia em até 48h,,0,0,ok,ok,2024,SE 1–36/2024,Informe Meningites CGVDI/DPNI/SVSA/MS,2024-10-01,indicadores_ms_operacionais_municipio_v23.csv,indicadores_ms_operacionais_base_v23.csv
510621,NOVA CANAA DO NORTE,COLIDER,pct_confirmacao_laboratorial_pcr_cultura,Confirmação laboratorial PCR/cultura,,0,0,ok,ok,2024,SE 1–36/2024,Informe Meningites CGVDI/DPNI/SVSA/MS,2024-10-01,indicadores_ms_operacionais_municipio_v23.csv,indicadores_ms_operacionais_base_v23.csv
510621,NOVA CANAA DO NORTE,COLIDER,pct_investigados_48h,Investigados em até 48h,85.71428571428571,6,7,ok,ok,2024,SE 1–36/2024,Informe Meningites CGVDI/DPNI/SVSA/MS,2024-10-01,indicadores_ms_operacionais_municipio_v23.csv,indicadores_ms_operacionais_base_v23.csv
510621,NOVA CANAA DO NORTE,COLIDER,pct_encerrados_60d,Encerrados em até 60 dias,71.42857142857143,5,7,ok,ok,2024,SE 1–36/2024,Informe Meningites CGVDI/DPNI/SVSA/MS,2024-10-01,indicadores_ms_operacionais_municipio_v23.csv,indicadores_ms_operacionais_base_v23.csv
510621,NOVA CANAA DO NORTE,COLIDER,pct_quimioprofilaxia_dm_48h,DM com quimioprofilaxia em até 48h,,0,0,ok,ok,2024,SE 1–36/2024,Informe Meningites CGVDI/DPNI/SVSA/MS,2024-10-01,indicadores_ms_operacionais_municipio_v23.csv,indicadores_ms_operacionais_base_v23.csv
510622,NOVA MUTUM,SINOP,pct_confirmacao_laboratorial_pcr_cultura,Confirmação laboratorial PCR/cultura,36.36363636363637,4,11,ok,ok,2024,SE 1–36/2024,Informe Meningites CGVDI/DPNI/SVSA/MS,2024-10-01,indicadores_ms_operacionais_municipio_v23.csv,indicadores_ms_operacionais_base_v23.csv
510622,NOVA MUTUM,SINOP,pct_investigados_48h,Investigados em até 48h,92.85714285714286,39,42,ok,ok,2024,SE 1–36/2024,Informe Meningites CGVDI/DPNI/SVSA/MS,2024-10-01,indicadores_ms_operacionais_municipio_v23.csv,indicadores_ms_operacionais_base_v23.csv
510622,NOVA MUTUM,SINOP,pct_encerrados_60d,Encerrados em até 60 dias,90.47619047619048,38,42,ok,ok,2024,SE 1–36/2024,Informe Meningites CGVDI/DPNI/SVSA/MS,2024-10-01,indicadores_ms_operacionais_municipio_v23.csv,indicadores_ms_operacionais_base_v23.csv
510622,NOVA MUTUM,SINOP,pct_quimioprofilaxia_dm_48h,DM com quimioprofilaxia em até 48h,50.0,2,4,ok,ok,2024,SE 1–36/2024,Informe Meningites CGVDI/DPNI/SVSA/MS,2024-10-01,indicadores_ms_operacionais_municipio_v23.csv,indicadores_ms_operacionais_base_v23.csv
510623,NOVA OLIMPIA,TANGARA DA SERRA,pct_confirmacao_laboratorial_pcr_cultura,Confirmação laboratorial PCR/cultura,,0,0,ok,ok,2024,SE 1–36/2024,Informe Meningites CGVDI/DPNI/SVSA/MS,2024-10-01,indicadores_ms_operacionais_municipio_v23.csv,indicadores_ms_operacionais_base_v23.csv
510623,NOVA OLIMPIA,TANGARA DA SERRA,pct_investigados_48h,Investigados em até 48h,100.0,15,15,ok,ok,2024,SE 1–36/2024,Informe Meningites CGVDI/DPNI/SVSA/MS,2024-10-01,indicadores_ms_operacionais_municipio_v23.csv,indicadores_ms_operacionais_base_v23.csv
510623,NOVA OLIMPIA,TANGARA DA SERRA,pct_encerrados_60d,Encerrados em até 60 dias,80.0,12,15,ok,ok,2024,SE 1–36/2024,Informe Meningites CGVDI/DPNI/SVSA/MS,2024-10-01,indicadores_ms_operacionais_municipio_v23.csv,indicadores_ms_operacionais_base_v23.csv
510623,NOVA OLIMPIA,TANGARA DA SERRA,pct_quimioprofilaxia_dm_48h,DM com quimioprofilaxia em até 48h,,0,0,ok,ok,2024,SE 1–36/2024,Informe Meningites CGVDI/DPNI/SVSA/MS,2024-10-01,indicadores_ms_operacionais_municipio_v23.csv,indicadores_ms_operacionais_base_v23.csv
510624,NOVA UBIRATA,SINOP,pct_confirmacao_laboratorial_pcr_cultura,Confirmação laboratorial PCR/cultura,0.0,0,1,ok,ok,2024,SE 1–36/2024,Informe Meningites CGVDI/DPNI/SVSA/MS,2024-10-01,indicadores_ms_operacionais_municipio_v23.csv,indicadores_ms_operacionais_base_v23.csv
510624,NOVA UBIRATA,SINOP,pct_investigados_48h,Investigados em até 48h,90.0,9,10,ok,ok,2024,SE 1–36/2024,Informe Meningites CGVDI/DPNI/SVSA/MS,2024-10-01,indicadores_ms_operacionais_municipio_v23.csv,indicadores_ms_operacionais_base_v23.csv
510624,NOVA UBIRATA,SINOP,pct_encerrados_60d,Encerrados em até 60 dias,90.0,9,10,ok,ok,2024,SE 1–36/2024,Informe Meningites CGVDI/DPNI/SVSA/MS,2024-10-01,indicadores_ms_operacionais_municipio_v23.csv,indicadores_ms_operacionais_base_v23.csv
510624,NOVA UBIRATA,SINOP,pct_quimioprofilaxia_dm_48h,DM com quimioprofilaxia em até 48h,,0,0,ok,ok,2024,SE 1–36/2024,Informe Meningites CGVDI/DPNI/SVSA/MS,2024-10-01,indicadores_ms_operacionais_municipio_v23.csv,indicadores_ms_operacionais_base_v23.csv
510625,NOVA XAVANTINA,BARRA DO GARCAS,pct_confirmacao_laboratorial_pcr_cultura,Confirmação laboratorial PCR/cultura,40.0,2,5,ok,ok,2024,SE 1–36/2024,Informe Meningites CGVDI/DPNI/SVSA/MS,2024-10-01,indicadores_ms_operacionais_municipio_v23.csv,indicadores_ms_operacionais_base_v23.csv
510625,NOVA XAVANTINA,BARRA DO GARCAS,pct_investigados_48h,Investigados em até 48h,95.23809523809524,20,21,ok,ok,2024,SE 1–36/2024,Informe Meningites CGVDI/DPNI/SVSA/MS,2024-10-01,indicadores_ms_operacionais_municipio_v23.csv,indicadores_ms_operacionais_base_v23.csv
510625,NOVA XAVANTINA,BARRA DO GARCAS,pct_encerrados_60d,Encerrados em até 60 dias,76.19047619047619,16,21,ok,ok,2024,SE 1–36/2024,Informe Meningites CGVDI/DPNI/SVSA/MS,2024-10-01,indicadores_ms_operacionais_municipio_v23.csv,indicadores_ms_operacionais_base_v23.csv
510625,NOVA XAVANTINA,BARRA DO GARCAS,pct_quimioprofilaxia_dm_48h,DM com quimioprofilaxia em até 48h,33.33333333333333,1,3,ok,ok,2024,SE 1–36/2024,Informe Meningites CGVDI/DPNI/SVSA/MS,2024-10-01,indicadores_ms_operacionais_municipio_v23.csv,indicadores_ms_operacionais_base_v23.csv
510626,NOVO MUNDO,PEIXOTO DE AZEVEDO,pct_confirmacao_laboratorial_pcr_cultura,Confirmação laboratorial PCR/cultura,0.0,0,1,ok,ok,2024,SE 1–36/2024,Informe Meningites CGVDI/DPNI/SVSA/MS,2024-10-01,indicadores_ms_operacionais_municipio_v23.csv,indicadores_ms_operacionais_base_v23.csv
510626,NOVO MUNDO,PEIXOTO DE AZEVEDO,pct_investigados_48h,Investigados em até 48h,85.71428571428571,6,7,ok,ok,2024,SE 1–36/2024,Informe Meningites CGVDI/DPNI/SVSA/MS,2024-10-01,indicadores_ms_operacionais_municipio_v23.csv,indicadores_ms_operacionais_base_v23.csv
510626,NOVO MUNDO,PEIXOTO DE AZEVEDO,pct_encerrados_60d,Encerrados em até 60 dias,71.42857142857143,5,7,ok,ok,2024,SE 1–36/2024,Informe Meningites CGVDI/DPNI/SVSA/MS,2024-10-01,indicadores_ms_operacionais_municipio_v23.csv,indicadores_ms_operacionais_base_v23.csv
510626,NOVO MUNDO,PEIXOTO DE AZEVEDO,pct_quimioprofilaxia_dm_48h,DM com quimioprofilaxia em até 48h,,0,0,ok,ok,2024,SE 1–36/2024,Informe Meningites CGVDI/DPNI/SVSA/MS,2024-10-01,indicadores_ms_operacionais_municipio_v23.csv,indicadores_ms_operacionais_base_v23.csv
510627,NOVO HORIZONTE DO NORTE,JUARA,pct_confirmacao_laboratorial_pcr_cultura,Confirmação laboratorial PCR/cultura,,0,0,ok,ok,2024,SE 1–36/2024,Informe Meningites CGVDI/DPNI/SVSA/MS,2024-10-01,indicadores_ms_operacionais_municipio_v23.csv,indicadores_ms_operacionais_base_v23.csv
510627,NOVO HORIZONTE DO NORTE,JUARA,pct_investigados_48h,Investigados em até 48h,100.0,4,4,ok,ok,2024,SE 1–36/2024,Informe Meningites CGVDI/DPNI/SVSA/MS,2024-10-01,indicadores_ms_operacionais_municipio_v23.csv,indicadores_ms_operacionais_base_v23.csv
510627,NOVO HORIZONTE DO NORTE,JUARA,pct_encerrados_60d,Encerrados em até 60 dias,100.0,4,4,ok,ok,2024,SE 1–36/2024,Informe Meningites CGVDI/DPNI/SVSA/MS,2024-10-01,indicadores_ms_operacionais_municipio_v23.csv,indicadores_ms_operacionais_base_v23.csv
510627,NOVO HORIZONTE DO NORTE,JUARA,pct_quimioprofilaxia_dm_48h,DM com quimioprofilaxia em até 48h,,0,0,ok,ok,2024,SE 1–36/2024,Informe Meningites CGVDI/DPNI/SVSA/MS,2024-10-01,indicadores_ms_operacionais_municipio_v23.csv,indicadores_ms_operacionais_base_v23.csv
510628,NOVO SAO JOAQUIM,BARRA DO GARCAS,pct_confirmacao_laboratorial_pcr_cultura,Confirmação laboratorial PCR/cultura,,0,0,ok,ok,2024,SE 1–36/2024,Informe Meningites CGVDI/DPNI/SVSA/MS,2024-10-01,indicadores_ms_operacionais_municipio_v23.csv,indicadores_ms_operacionais_base_v23.csv
510628,NOVO SAO JOAQUIM,BARRA DO GARCAS,pct_investigados_48h,Investigados em até 48h,75.0,3,4,ok,ok,2024,SE 1–36/2024,Informe Meningites CGVDI/DPNI/SVSA/MS,2024-10-01,indicadores_ms_operacionais_municipio_v23.csv,indicadores_ms_operacionais_base_v23.csv
510628,NOVO SAO JOAQUIM,BARRA DO GARCAS,pct_encerrados_60d,Encerrados em até 60 dias,75.0,3,4,ok,ok,2024,SE 1–36/2024,Informe Meningites CGVDI/DPNI/SVSA/MS,2024-10-01,indicadores_ms_operacionais_municipio_v23.csv,indicadores_ms_operacionais_base_v23.csv
510628,NOVO SAO JOAQUIM,BARRA DO GARCAS,pct_quimioprofilaxia_dm_48h,DM com quimioprofilaxia em até 48h,,0,0,ok,ok,2024,SE 1–36/2024,Informe Meningites CGVDI/DPNI/SVSA/MS,2024-10-01,indicadores_ms_operacionais_municipio_v23.csv,indicadores_ms_operacionais_base_v23.csv
510629,PARANAITA,ALTA FLORESTA,pct_confirmacao_laboratorial_pcr_cultura,Confirmação laboratorial PCR/cultura,50.0,1,2,ok,ok,2024,SE 1–36/2024,Informe Meningites CGVDI/DPNI/SVSA/MS,2024-10-01,indicadores_ms_operacionais_municipio_v23.csv,indicadores_ms_operacionais_base_v23.csv
510629,PARANAITA,ALTA FLORESTA,pct_investigados_48h,Investigados em até 48h,88.0,22,25,ok,ok,2024,SE 1–36/2024,Informe Meningites CGVDI/DPNI/SVSA/MS,2024-10-01,indicadores_ms_operacionais_municipio_v23.csv,indicadores_ms_operacionais_base_v23.csv
510629,PARANAITA,ALTA FLORESTA,pct_encerrados_60d,Encerrados em até 60 dias,60.0,15,25,ok,ok,2024,SE 1–36/2024,Informe Meningites CGVDI/DPNI/SVSA/MS,2024-10-01,indicadores_ms_operacionais_municipio_v23.csv,indicadores_ms_operacionais_base_v23.csv
510629,PARANAITA,ALTA FLORESTA,pct_quimioprofilaxia_dm_48h,DM com quimioprofilaxia em até 48h,100.0,1,1,ok,ok,2024,SE 1–36/2024,Informe Meningites CGVDI/DPNI/SVSA/MS,2024-10-01,indicadores_ms_operacionais_municipio_v23.csv,indicadores_ms_operacionais_base_v23.csv
510630,PARANATINGA,RONDONOPOLIS,pct_confirmacao_laboratorial_pcr_cultura,Confirmação laboratorial PCR/cultura,80.0,8,10,ok,ok,2024,SE 1–36/2024,Informe Meningites CGVDI/DPNI/SVSA/MS,2024-10-01,indicadores_ms_operacionais_municipio_v23.csv,indicadores_ms_operacionais_base_v23.csv
510630,PARANATINGA,RONDONOPOLIS,pct_investigados_48h,Investigados em até 48h,93.75,30,32,ok,ok,2024,SE 1–36/2024,Informe Meningites CGVDI/DPNI/SVSA/MS,2024-10-01,indicadores_ms_operacionais_municipio_v23.csv,indicadores_ms_operacionais_base_v23.csv
510630,PARANATINGA,RONDONOPOLIS,pct_encerrados_60d,Encerrados em até 60 dias,81.25,26,32,ok,ok,2024,SE 1–36/2024,Informe Meningites CGVDI/DPNI/SVSA/MS,2024-10-01,indicadores_ms_operacionais_municipio_v23.csv,indicadores_ms_operacionais_base_v23.csv
510630,PARANATINGA,RONDONOPOLIS,pct_quimioprofilaxia_dm_48h,DM com quimioprofilaxia em até 48h,50.0,1,2,ok,ok,2024,SE 1–36/2024,Informe Meningites CGVDI/DPNI/SVSA/MS,2024-10-01,indicadores_ms_operacionais_municipio_v23.csv,indicadores_ms_operacionais_base_v23.csv
510631,NOVO SANTO ANTONIO,SAO FELIX DO ARAGUAIA,pct_confirmacao_laboratorial_pcr_cultura,Confirmação laboratorial PCR/cultura,,0,0,ok,ok,2024,SE 1–36/2024,Informe Meningites CGVDI/DPNI/SVSA/MS,2024-10-01,indicadores_ms_operacionais_municipio_v23.csv,indicadores_ms_operacionais_base_v23.csv
510631,NOVO SANTO ANTONIO,SAO FELIX DO ARAGUAIA,pct_investigados_48h,Investigados em até 48h,66.66666666666666,2,3,ok,ok,2024,SE 1–36/2024,Informe Meningites CGVDI/DPNI/SVSA/MS,2024-10-01,indicadores_ms_operacionais_municipio_v23.csv,indicadores_ms_operacionais_base_v23.csv
510631,NOVO SANTO ANTONIO,SAO FELIX DO ARAGUAIA,pct_encerrados_60d,Encerrados em até 60 dias,33.33333333333333,1,3,ok,ok,2024,SE 1–36/2024,Informe Meningites CGVDI/DPNI/SVSA/MS,2024-10-01,indicadores_ms_operacionais_municipio_v23.csv,indicadores_ms_operacionais_base_v23.csv
510631,NOVO SANTO ANTONIO,SAO FELIX DO ARAGUAIA,pct_quimioprofilaxia_dm_48h,DM com quimioprofilaxia em até 48h,,0,0,ok,ok,2024,SE 1–36/2024,Informe Meningites CGVDI/DPNI/SVSA/MS,2024-10-01,indicadores_ms_operacionais_municipio_v23.csv,indicadores_ms_operacionais_base_v23.csv
510637,PEDRA PRETA,RONDONOPOLIS,pct_confirmacao_laboratorial_pcr_cultura,Confirmação laboratorial PCR/cultura,33.33333333333333,3,9,ok,ok,2024,SE 1–36/2024,Informe Meningites CGVDI/DPNI/SVSA/MS,2024-10-01,indicadores_ms_operacionais_municipio_v23.csv,indicadores_ms_operacionais_base_v23.csv
510637,PEDRA PRETA,RONDONOPOLIS,pct_investigados_48h,Investigados em até 48h,82.75862068965517,24,29,ok,ok,2024,SE 1–36/2024,Informe Meningites CGVDI/DPNI/SVSA/MS,2024-10-01,indicadores_ms_operacionais_municipio_v23.csv,indicadores_ms_operacionais_base_v23.csv
510637,PEDRA PRETA,RONDONOPOLIS,pct_encerrados_60d,Encerrados em até 60 dias,65.51724137931035,19,29,ok,ok,2024,SE 1–36/2024,Informe Meningites CGVDI/DPNI/SVSA/MS,2024-10-01,indicadores_ms_operacionais_municipio_v23.csv,indicadores_ms_operacionais_base_v23.csv
510637,PEDRA PRETA,RONDONOPOLIS,pct_quimioprofilaxia_dm_48h,DM com quimioprofilaxia em até 48h,33.33333333333333,1,3,ok,ok,2024,SE 1–36/2024,Informe Meningites CGVDI/DPNI/SVSA/MS,2024-10-01,indicadores_ms_operacionais_municipio_v23.csv,indicadores_ms_operacionais_base_v23.csv
510642,PEIXOTO DE AZEVEDO,PEIXOTO DE AZEVEDO,pct_confirmacao_laboratorial_pcr_cultura,Confirmação laboratorial PCR/cultura,0.0,0,3,ok,ok,2024,SE 1–36/2024,Informe Meningites CGVDI/DPNI/SVSA/MS,2024-10-01,indicadores_ms_operacionais_municipio_v23.csv,indicadores_ms_operacionais_base_v23.csv
510642,PEIXOTO DE AZEVEDO,PEIXOTO DE AZEVEDO,pct_investigados_48h,Investigados em até 48h,89.28571428571429,25,28,ok,ok,2024,SE 1–36/2024,Informe Meningites CGVDI/DPNI/SVSA/MS,2024-10-01,indicadores_ms_operacionais_municipio_v23.csv,indicadores_ms_operacionais_base_v23.csv
510642,PEIXOTO DE AZEVEDO,PEIXOTO DE AZEVEDO,pct_encerrados_60d,Encerrados em até 60 dias,67.85714285714286,19,28,ok,ok,2024,SE 1–36/2024,Informe Meningites CGVDI/DPNI/SVSA/MS,2024-10-01,indicadores_ms_operacionais_municipio_v23.csv,indicadores_ms_operacionais_base_v23.csv
510642,PEIXOTO DE AZEVEDO,PEIXOTO DE AZEVEDO,pct_quimioprofilaxia_dm_48h,DM com quimioprofilaxia em até 48h,,0,0,ok,ok,2024,SE 1–36/2024,Informe Meningites CGVDI/DPNI/SVSA/MS,2024-10-01,indicadores_ms_operacionais_municipio_v23.csv,indicadores_ms_operacionais_base_v23.csv
510645,PLANALTO DA SERRA,CUIABA,pct_confirmacao_laboratorial_pcr_cultura,Confirmação laboratorial PCR/cultura,0.0,0,1,ok,ok,2024,SE 1–36/2024,Informe Meningites CGVDI/DPNI/SVSA/MS,2024-10-01,indicadores_ms_operacionais_municipio_v23.csv,indicadores_ms_operacionais_base_v23.csv
510645,PLANALTO DA SERRA,CUIABA,pct_investigados_48h,Investigados em até 48h,100.0,3,3,ok,ok,2024,SE 1–36/2024,Informe Meningites CGVDI/DPNI/SVSA/MS,2024-10-01,indicadores_ms_operacionais_municipio_v23.csv,indicadores_ms_operacionais_base_v23.csv
510645,PLANALTO DA SERRA,CUIABA,pct_encerrados_60d,Encerrados em até 60 dias,66.66666666666666,2,3,ok,ok,2024,SE 1–36/2024,Informe Meningites CGVDI/DPNI/SVSA/MS,2024-10-01,indicadores_ms_operacionais_municipio_v23.csv,indicadores_ms_operacionais_base_v23.csv
510645,PLANALTO DA SERRA,CUIABA,pct_quimioprofilaxia_dm_48h,DM com quimioprofilaxia em até 48h,,0,0,ok,ok,2024,SE 1–36/2024,Informe Meningites CGVDI/DPNI/SVSA/MS,2024-10-01,indicadores_ms_operacionais_municipio_v23.csv,indicadores_ms_operacionais_base_v23.csv
510650,POCONE,CUIABA,pct_confirmacao_laboratorial_pcr_cultura,Confirmação laboratorial PCR/cultura,37.5,3,8,ok,ok,2024,SE 1–36/2024,Informe Meningites CGVDI/DPNI/SVSA/MS,2024-10-01,indicadores_ms_operacionais_municipio_v23.csv,indicadores_ms_operacionais_base_v23.csv
510650,POCONE,CUIABA,pct_investigados_48h,Investigados em até 48h,83.33333333333334,50,60,ok,ok,2024,SE 1–36/2024,Informe Meningites CGVDI/DPNI/SVSA/MS,2024-10-01,indicadores_ms_operacionais_municipio_v23.csv,indicadores_ms_operacionais_base_v23.csv
510650,POCONE,CUIABA,pct_encerrados_60d,Encerrados em até 60 dias,78.33333333333333,47,60,ok,ok,2024,SE 1–36/2024,Informe Meningites CGVDI/DPNI/SVSA/MS,2024-10-01,indicadores_ms_operacionais_municipio_v23.csv,indicadores_ms_operacionais_base_v23.csv
510650,POCONE,CUIABA,pct_quimioprofilaxia_dm_48h,DM com quimioprofilaxia em até 48h,,0,0,ok,ok,2024,SE 1–36/2024,Informe Meningites CGVDI/DPNI/SVSA/MS,2024-10-01,indicadores_ms_operacionais_municipio_v23.csv,indicadores_ms_operacionais_base_v23.csv
510665,PONTAL DO ARAGUAIA,BARRA DO GARCAS,pct_confirmacao_laboratorial_pcr_cultura,Confirmação laboratorial PCR/cultura,0.0,0,1,ok,ok,2024,SE 1–36/2024,Informe Meningites CGVDI/DPNI/SVSA/MS,2024-10-01,indicadores_ms_operacionais_municipio_v23.csv,indicadores_ms_operacionais_base_v23.csv
510665,PONTAL DO ARAGUAIA,BARRA DO GARCAS,pct_investigados_48h,Investigados em até 48h,85.71428571428571,6,7,ok,ok,2024,SE 1–36/2024,Informe Meningites CGVDI/DPNI/SVSA/MS,2024-10-01,indicadores_ms_operacionais_municipio_v23.csv,indicadores_ms_operacionais_base_v23.csv
510665,PONTAL DO ARAGUAIA,BARRA DO GARCAS,pct_encerrados_60d,Encerrados em até 60 dias,100.0,7,7,ok,ok,2024,SE 1–36/2024,Informe Meningites CGVDI/DPNI/SVSA/MS,2024-10-01,indicadores_ms_operacionais_municipio_v23.csv,indicadores_ms_operacionais_base_v23.csv
510665,PONTAL DO ARAGUAIA,BARRA DO GARCAS,pct_quimioprofilaxia_dm_48h,DM com quimioprofilaxia em até 48h,0.0,0,1,ok,ok,2024,SE 1–36/2024,Informe Meningites CGVDI/DPNI/SVSA/MS,2024-10-01,indicadores_ms_operacionais_municipio_v23.csv,indicadores_ms_operacionais_base_v23.csv
510670,PONTE BRANCA,BARRA DO GARCAS,pct_confirmacao_laboratorial_pcr_cultura,Confirmação laboratorial PCR/cultura,100.0,1,1,ok,ok,2024,SE 1–36/2024,Informe Meningites CGVDI/DPNI/SVSA/MS,2024-10-01,indicadores_ms_operacionais_municipio_v23.csv,indicadores_ms_operacionais_base_v23.csv
510670,PONTE BRANCA,BARRA DO GARCAS,pct_investigados_48h,Investigados em até 48h,100.0,1,1,ok,ok,2024,SE 1–36/2024,Informe Meningites CGVDI/DPNI/SVSA/MS,2024-10-01,indicadores_ms_operacionais_municipio_v23.csv,indicadores_ms_operacionais_base_v23.csv
510670,PONTE BRANCA,BARRA DO GARCAS,pct_encerrados_60d,Encerrados em até 60 dias,100.0,1,1,ok,ok,2024,SE 1–36/2024,Informe Meningites CGVDI/DPNI/SVSA/MS,2024-10-01,indicadores_ms_operacionais_municipio_v23.csv,indicadores_ms_operacionais_base_v23.csv
510670,PONTE BRANCA,BARRA DO GARCAS,pct_quimioprofilaxia_dm_48h,DM com quimioprofilaxia em até 48h,,0,0,ok,ok,2024,SE 1–36/2024,Informe Meningites CGVDI/DPNI/SVSA/MS,2024-10-01,indicadores_ms_operacionais_municipio_v23.csv,indicadores_ms_operacionais_base_v23.csv
510675,PONTES E LACERDA,PONTES E LACERDA,pct_confirmacao_laboratorial_pcr_cultura,Confirmação laboratorial PCR/cultura,33.33333333333333,6,18,ok,ok,2024,SE 1–36/2024,Informe Meningites CGVDI/DPNI/SVSA/MS,2024-10-01,indicadores_ms_operacionais_municipio_v23.csv,indicadores_ms_operacionais_base_v23.csv
510675,PONTES E LACERDA,PONTES E LACERDA,pct_investigados_48h,Investigados em até 48h,94.73684210526316,90,95,ok,ok,2024,SE 1–36/2024,Informe Meningites CGVDI/DPNI/SVSA/MS,2024-10-01,indicadores_ms_operacionais_municipio_v23.csv,indicadores_ms_operacionais_base_v23.csv
510675,PONTES E LACERDA,PONTES E LACERDA,pct_encerrados_60d,Encerrados em até 60 dias,85.26315789473684,81,95,ok,ok,2024,SE 1–36/2024,Informe Meningites CGVDI/DPNI/SVSA/MS,2024-10-01,indicadores_ms_operacionais_municipio_v23.csv,indicadores_ms_operacionais_base_v23.csv
510675,PONTES E LACERDA,PONTES E LACERDA,pct_quimioprofilaxia_dm_48h,DM com quimioprofilaxia em até 48h,100.0,2,2,ok,ok,2024,SE 1–36/2024,Informe Meningites CGVDI/DPNI/SVSA/MS,2024-10-01,indicadores_ms_operacionais_municipio_v23.csv,indicadores_ms_operacionais_base_v23.csv
510677,PORTO ALEGRE DO NORTE,PORTO ALEGRE DO NORTE,pct_confirmacao_laboratorial_pcr_cultura,Confirmação laboratorial PCR/cultura,33.33333333333333,1,3,ok,ok,2024,SE 1–36/2024,Informe Meningites CGVDI/DPNI/SVSA/MS,2024-10-01,indicadores_ms_operacionais_municipio_v23.csv,indicadores_ms_operacionais_base_v23.csv
510677,PORTO ALEGRE DO NORTE,PORTO ALEGRE DO NORTE,pct_investigados_48h,Investigados em até 48h,100.0,5,5,ok,ok,2024,SE 1–36/2024,Informe Meningites CGVDI/DPNI/SVSA/MS,2024-10-01,indicadores_ms_operacionais_municipio_v23.csv,indicadores_ms_operacionais_base_v23.csv
510677,PORTO ALEGRE DO NORTE,PORTO ALEGRE DO NORTE,pct_encerrados_60d,Encerrados em até 60 dias,100.0,5,5,ok,ok,2024,SE 1–36/2024,Informe Meningites CGVDI/DPNI/SVSA/MS,2024-10-01,indicadores_ms_operacionais_municipio_v23.csv,indicadores_ms_operacionais_base_v23.csv
510677,PORTO ALEGRE DO NORTE,PORTO ALEGRE DO NORTE,pct_quimioprofilaxia_dm_48h,DM com quimioprofilaxia em até 48h,100.0,1,1,ok,ok,2024,SE 1–36/2024,Informe Meningites CGVDI/DPNI/SVSA/MS,2024-10-01,indicadores_ms_operacionais_municipio_v23.csv,indicadores_ms_operacionais_base_v23.csv
510680,PORTO DOS GAUCHOS,JUARA,pct_confirmacao_laboratorial_pcr_cultura,Confirmação laboratorial PCR/cultura,100.0,1,1,ok,ok,2024,SE 1–36/2024,Informe Meningites CGVDI/DPNI/SVSA/MS,2024-10-01,indicadores_ms_operacionais_municipio_v23.csv,indicadores_ms_operacionais_base_v23.csv
510680,PORTO DOS GAUCHOS,JUARA,pct_investigados_48h,Investigados em até 48h,40.0,2,5,ok,ok,2024,SE 1–36/2024,Informe Meningites CGVDI/DPNI/SVSA/MS,2024-10-01,indicadores_ms_operacionais_municipio_v23.csv,indicadores_ms_operacionais_base_v23.csv
510680,PORTO DOS GAUCHOS,JUARA,pct_encerrados_60d,Encerrados em até 60 dias,40.0,2,5,ok,ok,2024,SE 1–36/2024,Informe Meningites CGVDI/DPNI/SVSA/MS,2024-10-01,indicadores_ms_operacionais_municipio_v23.csv,indicadores_ms_operacionais_base_v23.csv
510680,PORTO DOS GAUCHOS,JUARA,pct_quimioprofilaxia_dm_48h,DM com quimioprofilaxia em até 48h,,0,0,ok,ok,2024,SE 1–36/2024,Informe Meningites CGVDI/DPNI/SVSA/MS,2024-10-01,indicadores_ms_operacionais_municipio_v23.csv,indicadores_ms_operacionais_base_v23.csv
510682,PORTO ESPERIDIAO,CACERES,pct_confirmacao_laboratorial_pcr_cultura,Confirmação laboratorial PCR/cultura,80.0,4,5,ok,ok,2024,SE 1–36/2024,Informe Meningites CGVDI/DPNI/SVSA/MS,2024-10-01,indicadores_ms_operacionais_municipio_v23.csv,indicadores_ms_operacionais_base_v23.csv
510682,PORTO ESPERIDIAO,CACERES,pct_investigados_48h,Investigados em até 48h,93.75,15,16,ok,ok,2024,SE 1–36/2024,Informe Meningites CGVDI/DPNI/SVSA/MS,2024-10-01,indicadores_ms_operacionais_municipio_v23.csv,indicadores_ms_operacionais_base_v23.csv
510682,PORTO ESPERIDIAO,CACERES,pct_encerrados_60d,Encerrados em até 60 dias,87.5,14,16,ok,ok,2024,SE 1–36/2024,Informe Meningites CGVDI/DPNI/SVSA/MS,2024-10-01,indicadores_ms_operacionais_municipio_v23.csv,indicadores_ms_operacionais_base_v23.csv
510682,PORTO ESPERIDIAO,CACERES,pct_quimioprofilaxia_dm_48h,DM com quimioprofilaxia em até 48h,50.0,1,2,ok,ok,2024,SE 1–36/2024,Informe Meningites CGVDI/DPNI/SVSA/MS,2024-10-01,indicadores_ms_operacionais_municipio_v23.csv,indicadores_ms_operacionais_base_v23.csv
510685,PORTO ESTRELA,TANGARA DA SERRA,pct_confirmacao_laboratorial_pcr_cultura,Confirmação laboratorial PCR/cultura,,0,0,ok,ok,2024,SE 1–36/2024,Informe Meningites CGVDI/DPNI/SVSA/MS,2024-10-01,indicadores_ms_operacionais_municipio_v23.csv,indicadores_ms_operacionais_base_v23.csv
510685,PORTO ESTRELA,TANGARA DA SERRA,pct_investigados_48h,Investigados em até 48h,100.0,6,6,ok,ok,2024,SE 1–36/2024,Informe Meningites CGVDI/DPNI/SVSA/MS,2024-10-01,indicadores_ms_operacionais_municipio_v23.csv,indicadores_ms_operacionais_base_v23.csv
510685,PORTO ESTRELA,TANGARA DA SERRA,pct_encerrados_60d,Encerrados em até 60 dias,50.0,3,6,ok,ok,2024,SE 1–36/2024,Informe Meningites CGVDI/DPNI/SVSA/MS,2024-10-01,indicadores_ms_operacionais_municipio_v23.csv,indicadores_ms_operacionais_base_v23.csv
510685,PORTO ESTRELA,TANGARA DA SERRA,pct_quimioprofilaxia_dm_48h,DM com quimioprofilaxia em até 48h,,0,0,ok,ok,2024,SE 1–36/2024,Informe Meningites CGVDI/DPNI/SVSA/MS,2024-10-01,indicadores_ms_operacionais_municipio_v23.csv,indicadores_ms_operacionais_base_v23.csv
510700,POXOREO,RONDONOPOLIS,pct_confirmacao_laboratorial_pcr_cultura,Confirmação laboratorial PCR/cultura,88.88888888888889,8,9,ok,ok,2024,SE 1–36/2024,Informe Meningites CGVDI/DPNI/SVSA/MS,2024-10-01,indicadores_ms_operacionais_municipio_v23.csv,indicadores_ms_operacionais_base_v23.csv
510700,POXOREO,RONDONOPOLIS,pct_investigados_48h,Investigados em até 48h,92.0,23,25,ok,ok,2024,SE 1–36/2024,Informe Meningites CGVDI/DPNI/SVSA/MS,2024-10-01,indicadores_ms_operacionais_municipio_v23.csv,indicadores_ms_operacionais_base_v23.csv
510700,POXOREO,RONDONOPOLIS,pct_encerrados_60d,Encerrados em até 60 dias,80.0,20,25,ok,ok,2024,SE 1–36/2024,Informe Meningites CGVDI/DPNI/SVSA/MS,2024-10-01,indicadores_ms_operacionais_municipio_v23.csv,indicadores_ms_operacionais_base_v23.csv
510700,POXOREO,RONDONOPOLIS,pct_quimioprofilaxia_dm_48h,DM com quimioprofilaxia em até 48h,50.0,1,2,ok,ok,2024,SE 1–36/2024,Informe Meningites CGVDI/DPNI/SVSA/MS,2024-10-01,indicadores_ms_operacionais_municipio_v23.csv,indicadores_ms_operacionais_base_v23.csv
510704,PRIMAVERA DO LESTE,RONDONOPOLIS,pct_confirmacao_laboratorial_pcr_cultura,Confirmação laboratorial PCR/cultura,83.33333333333334,20,24,ok,ok,2024,SE 1–36/2024,Informe Meningites CGVDI/DPNI/SVSA/MS,2024-10-01,indicadores_ms_operacionais_municipio_v23.csv,indicadores_ms_operacionais_base_v23.csv
510704,PRIMAVERA DO LESTE,RONDONOPOLIS,pct_investigados_48h,Investigados em até 48h,93.93939393939394,93,99,ok,ok,2024,SE 1–36/2024,Informe Meningites CGVDI/DPNI/SVSA/MS,2024-10-01,indicadores_ms_operacionais_municipio_v23.csv,indicadores_ms_operacionais_base_v23.csv
510704,PRIMAVERA DO LESTE,RONDONOPOLIS,pct_encerrados_60d,Encerrados em até 60 dias,93.93939393939394,93,99,ok,ok,2024,SE 1–36/2024,Informe Meningites CGVDI/DPNI/SVSA/MS,2024-10-01,indicadores_ms_operacionais_municipio_v23.csv,indicadores_ms_operacionais_base_v23.csv
510704,PRIMAVERA DO LESTE,RONDONOPOLIS,pct_quimioprofilaxia_dm_48h,DM com quimioprofilaxia em até 48h,60.0,3,5,ok,ok,2024,SE 1–36/2024,Informe Meningites CGVDI/DPNI/SVSA/MS,2024-10-01,indicadores_ms_operacionais_municipio_v23.csv,indicadores_ms_operacionais_base_v23.csv
510706,QUERENCIA,AGUA BOA,pct_confirmacao_laboratorial_pcr_cultura,Confirmação laboratorial PCR/cultura,0.0,0,1,ok,ok,2024,SE 1–36/2024,Informe Meningites CGVDI/DPNI/SVSA/MS,2024-10-01,indicadores_ms_operacionais_municipio_v23.csv,indicadores_ms_operacionais_base_v23.csv
510706,QUERENCIA,AGUA BOA,pct_investigados_48h,Investigados em até 48h,83.33333333333334,10,12,ok,ok,2024,SE 1–36/2024,Informe Meningites CGVDI/DPNI/SVSA/MS,2024-10-01,indicadores_ms_operacionais_municipio_v23.csv,indicadores_ms_operacionais_base_v23.csv
510706,QUERENCIA,AGUA BOA,pct_encerrados_60d,Encerrados em até 60 dias,50.0,6,12,ok,ok,2024,SE 1–36/2024,Informe Meningites CGVDI/DPNI/SVSA/MS,2024-10-01,indicadores_ms_operacionais_municipio_v23.csv,indicadores_ms_operacionais_base_v23.csv
510706,QUERENCIA,AGUA BOA,pct_quimioprofilaxia_dm_48h,DM com quimioprofilaxia em até 48h,0.0,0,1,ok,ok,2024,SE 1–36/2024,Informe Meningites CGVDI/DPNI/SVSA/MS,2024-10-01,indicadores_ms_operacionais_municipio_v23.csv,indicadores_ms_operacionais_base_v23.csv
510710,SAO JOSE DOS QUATRO MARCOS,CACERES,pct_confirmacao_laboratorial_pcr_cultura,Confirmação laboratorial PCR/cultura,0.0,0,4,ok,ok,2024,SE 1–36/2024,Informe Meningites CGVDI/DPNI/SVSA/MS,2024-10-01,indicadores_ms_operacionais_municipio_v23.csv,indicadores_ms_operacionais_base_v23.csv
510710,SAO JOSE DOS QUATRO MARCOS,CACERES,pct_investigados_48h,Investigados em até 48h,100.0,19,19,ok,ok,2024,SE 1–36/2024,Informe Meningites CGVDI/DPNI/SVSA/MS,2024-10-01,indicadores_ms_operacionais_municipio_v23.csv,indicadores_ms_operacionais_base_v23.csv
510710,SAO JOSE DOS QUATRO MARCOS,CACERES,pct_encerrados_60d,Encerrados em até 60 dias,84.21052631578947,16,19,ok,ok,2024,SE 1–36/2024,Informe Meningites CGVDI/DPNI/SVSA/MS,2024-10-01,indicadores_ms_operacionais_municipio_v23.csv,indicadores_ms_operacionais_base_v23.csv
510710,SAO JOSE DOS QUATRO MARCOS,CACERES,pct_quimioprofilaxia_dm_48h,DM com quimioprofilaxia em até 48h,,0,0,ok,ok,2024,SE 1–36/2024,Informe Meningites CGVDI/DPNI/SVSA/MS,2024-10-01,indicadores_ms_operacionais_municipio_v23.csv,indicadores_ms_operacionais_base_v23.csv
510715,RESERVA DO CABACAL,CACERES,pct_confirmacao_laboratorial_pcr_cultura,Confirmação laboratorial PCR/cultura,50.0,1,2,ok,ok,2024,SE 1–36/2024,Informe Meningites CGVDI/DPNI/SVSA/MS,2024-10-01,indicadores_ms_operacionais_municipio_v23.csv,indicadores_ms_operacionais_base_v23.csv
510715,RESERVA DO CABACAL,CACERES,pct_investigados_48h,Investigados em até 48h,100.0,3,3,ok,ok,2024,SE 1–36/2024,Informe Meningites CGVDI/DPNI/SVSA/MS,2024-10-01,indicadores_ms_operacionais_municipio_v23.csv,indicadores_ms_operacionais_base_v23.csv
510715,RESERVA DO CABACAL,CACERES,pct_encerrados_60d,Encerrados em até 60 dias,66.66666666666666,2,3,ok,ok,2024,SE 1–36/2024,Informe Meningites CGVDI/DPNI/SVSA/MS,2024-10-01,indicadores_ms_operacionais_municipio_v23.csv,indicadores_ms_operacionais_base_v23.csv
510715,RESERVA DO CABACAL,CACERES,pct_quimioprofilaxia_dm_48h,DM com quimioprofilaxia em até 48h,,0,0,ok,ok,2024,SE 1–36/2024,Informe Meningites CGVDI/DPNI/SVSA/MS,2024-10-01,indicadores_ms_operacionais_municipio_v23.csv,indicadores_ms_operacionais_base_v23.csv
510718,RIBEIRAO CASCALHEIRA,AGUA BOA,pct_confirmacao_laboratorial_pcr_cultura,Confirmação laboratorial PCR/cultura,,0,0,ok,ok,2024,SE 1–36/2024,Informe Meningites CGVDI/DPNI/SVSA/MS,2024-10-01,indicadores_ms_operacionais_municipio_v23.csv,indicadores_ms_operacionais_base_v23.csv
510718,RIBEIRAO CASCALHEIRA,AGUA BOA,pct_investigados_48h,Investigados em até 48h,87.5,7,8,ok,ok,2024,SE 1–36/2024,Informe Meningites CGVDI/DPNI/SVSA/MS,2024-10-01,indicadores_ms_operacionais_municipio_v23.csv,indicadores_ms_operacionais_base_v23.csv
510718,RIBEIRAO CASCALHEIRA,AGUA BOA,pct_encerrados_60d,Encerrados em até 60 dias,87.5,7,8,ok,ok,2024,SE 1–36/2024,Informe Meningites CGVDI/DPNI/SVSA/MS,2024-10-01,indicadores_ms_operacionais_municipio_v23.csv,indicadores_ms_operacionais_base_v23.csv
510718,RIBEIRAO CASCALHEIRA,AGUA BOA,pct_quimioprofilaxia_dm_48h,DM com quimioprofilaxia em até 48h,,0,0,ok,ok,2024,SE 1–36/2024,Informe Meningites CGVDI/DPNI/SVSA/MS,2024-10-01,indicadores_ms_operacionais_municipio_v23.csv,indicadores_ms_operacionais_base_v23.csv
510719,RIBEIRAOZINHO,BARRA DO GARCAS,pct_confirmacao_laboratorial_pcr_cultura,Confirmação laboratorial PCR/cultura,,0,0,ok,ok,2024,SE 1–36/2024,Informe Meningites CGVDI/DPNI/SVSA/MS,2024-10-01,indicadores_ms_operacionais_municipio_v23.csv,indicadores_ms_operacionais_base_v23.csv
510719,RIBEIRAOZINHO,BARRA DO GARCAS,pct_investigados_48h,Investigados em até 48h,100.0,1,1,ok,ok,2024,SE 1–36/2024,Informe Meningites CGVDI/DPNI/SVSA/MS,2024-10-01,indicadores_ms_operacionais_municipio_v23.csv,indicadores_ms_operacionais_base_v23.csv
510719,RIBEIRAOZINHO,BARRA DO GARCAS,pct_encerrados_60d,Encerrados em até 60 dias,100.0,1,1,ok,ok,2024,SE 1–36/2024,Informe Meningites CGVDI/DPNI/SVSA/MS,2024-10-01,indicadores_ms_operacionais_municipio_v23.csv,indicadores_ms_operacionais_base_v23.csv
510719,RIBEIRAOZINHO,BARRA DO GARCAS,pct_quimioprofilaxia_dm_48h,DM com quimioprofilaxia em até 48h,,0,0,ok,ok,2024,SE 1–36/2024,Informe Meningites CGVDI/DPNI/SVSA/MS,2024-10-01,indicadores_ms_operacionais_municipio_v23.csv,indicadores_ms_operacionais_base_v23.csv
510720,RIO BRANCO,CACERES,pct_confirmacao_laboratorial_pcr_cultura,Confirmação laboratorial PCR/cultura,,0,0,ok,ok,2024,SE 1–36/2024,Informe Meningites CGVDI/DPNI/SVSA/MS,2024-10-01,indicadores_ms_operacionais_municipio_v23.csv,indicadores_ms_operacionais_base_v23.csv
510720,RIO BRANCO,CACERES,pct_investigados_48h,Investigados em até 48h,100.0,6,6,ok,ok,2024,SE 1–36/2024,Informe Meningites CGVDI/DPNI/SVSA/MS,2024-10-01,indicadores_ms_operacionais_municipio_v23.csv,indicadores_ms_operacionais_base_v23.csv
510720,RIO BRANCO,CACERES,pct_encerrados_60d,Encerrados em até 60 dias,83.33333333333334,5,6,ok,ok,2024,SE 1–36/2024,Informe Meningites CGVDI/DPNI/SVSA/MS,2024-10-01,indicadores_ms_operacionais_municipio_v23.csv,indicadores_ms_operacionais_base_v23.csv
510720,RIO BRANCO,CACERES,pct_quimioprofilaxia_dm_48h,DM com quimioprofilaxia em até 48h,,0,0,ok,ok,2024,SE 1–36/2024,Informe Meningites CGVDI/DPNI/SVSA/MS,2024-10-01,indicadores_ms_operacionais_municipio_v23.csv,indicadores_ms_operacionais_base_v23.csv
510724,SANTA CARMEM,SINOP,pct_confirmacao_laboratorial_pcr_cultura,Confirmação laboratorial PCR/cultura,33.33333333333333,1,3,ok,ok,2024,SE 1–36/2024,Informe Meningites CGVDI/DPNI/SVSA/MS,2024-10-01,indicadores_ms_operacionais_municipio_v23.csv,indicadores_ms_operacionais_base_v23.csv
510724,SANTA CARMEM,SINOP,pct_investigados_48h,Investigados em até 48h,92.85714285714286,13,14,ok,ok,2024,SE 1–36/2024,Informe Meningites CGVDI/DPNI/SVSA/MS,2024-10-01,indicadores_ms_operacionais_municipio_v23.csv,indicadores_ms_operacionais_base_v23.csv
510724,SANTA CARMEM,SINOP,pct_encerrados_60d,Encerrados em até 60 dias,78.57142857142857,11,14,ok,ok,2024,SE 1–36/2024,Informe Meningites CGVDI/DPNI/SVSA/MS,2024-10-01,indicadores_ms_operacionais_municipio_v23.csv,indicadores_ms_operacionais_base_v23.csv
510724,SANTA CARMEM,SINOP,pct_quimioprofilaxia_dm_48h,DM com quimioprofilaxia em até 48h,0.0,0,1,ok,ok,2024,SE 1–36/2024,Informe Meningites CGVDI/DPNI/SVSA/MS,2024-10-01,indicadores_ms_operacionais_municipio_v23.csv,indicadores_ms_operacionais_base_v23.csv
510726,SANTO AFONSO,TANGARA DA SERRA,pct_confirmacao_laboratorial_pcr_cultura,Confirmação laboratorial PCR/cultura,0.0,0,1,ok,ok,2024,SE 1–36/2024,Informe Meningites CGVDI/DPNI/SVSA/MS,2024-10-01,indicadores_ms_operacionais_municipio_v23.csv,indicadores_ms_operacionais_base_v23.csv
510726,SANTO AFONSO,TANGARA DA SERRA,pct_investigados_48h,Investigados em até 48h,100.0,4,4,ok,ok,2024,SE 1–36/2024,Informe Meningites CGVDI/DPNI/SVSA/MS,2024-10-01,indicadores_ms_operacionais_municipio_v23.csv,indicadores_ms_operacionais_base_v23.csv
510726,SANTO AFONSO,TANGARA DA SERRA,pct_encerrados_60d,Encerrados em até 60 dias,50.0,2,4,ok,ok,2024,SE 1–36/2024,Informe Meningites CGVDI/DPNI/SVSA/MS,2024-10-01,indicadores_ms_operacionais_municipio_v23.csv,indicadores_ms_operacionais_base_v23.csv
510726,SANTO AFONSO,TANGARA DA SERRA,pct_quimioprofilaxia_dm_48h,DM com quimioprofilaxia em até 48h,0.0,0,1,ok,ok,2024,SE 1–36/2024,Informe Meningites CGVDI/DPNI/SVSA/MS,2024-10-01,indicadores_ms_operacionais_municipio_v23.csv,indicadores_ms_operacionais_base_v23.csv
510729,SAO JOSE DO POVO,RONDONOPOLIS,pct_confirmacao_laboratorial_pcr_cultura,Confirmação laboratorial PCR/cultura,75.0,3,4,ok,ok,2024,SE 1–36/2024,Informe Meningites CGVDI/DPNI/SVSA/MS,2024-10-01,indicadores_ms_operacionais_municipio_v23.csv,indicadores_ms_operacionais_base_v23.csv
510729,SAO JOSE DO POVO,RONDONOPOLIS,pct_investigados_48h,Investigados em até 48h,100.0,5,5,ok,ok,2024,SE 1–36/2024,Informe Meningites CGVDI/DPNI/SVSA/MS,2024-10-01,indicadores_ms_operacionais_municipio_v23.csv,indicadores_ms_operacionais_base_v23.csv
510729,SAO JOSE DO POVO,RONDONOPOLIS,pct_encerrados_60d,Encerrados em até 60 dias,80.0,4,5,ok,ok,2024,SE 1–36/2024,Informe Meningites CGVDI/DPNI/SVSA/MS,2024-10-01,indicadores_ms_operacionais_municipio_v23.csv,indicadores_ms_operacionais_base_v23.csv
510729,SAO JOSE DO POVO,RONDONOPOLIS,pct_quimioprofilaxia_dm_48h,DM com quimioprofilaxia em até 48h,100.0,1,1,ok,ok,2024,SE 1–36/2024,Informe Meningites CGVDI/DPNI/SVSA/MS,2024-10-01,indicadores_ms_operacionais_municipio_v23.csv,indicadores_ms_operacionais_base_v23.csv
510730,SAO JOSE DO RIO CLARO,DIAMANTINO,pct_confirmacao_laboratorial_pcr_cultura,Confirmação laboratorial PCR/cultura,20.0,1,5,ok,ok,2024,SE 1–36/2024,Informe Meningites CGVDI/DPNI/SVSA/MS,2024-10-01,indicadores_ms_operacionais_municipio_v23.csv,indicadores_ms_operacionais_base_v23.csv
510730,SAO JOSE DO RIO CLARO,DIAMANTINO,pct_investigados_48h,Investigados em até 48h,100.0,21,21,ok,ok,2024,SE 1–36/2024,Informe Meningites CGVDI/DPNI/SVSA/MS,2024-10-01,indicadores_ms_operacionais_municipio_v23.csv,indicadores_ms_operacionais_base_v23.csv
510730,SAO JOSE DO RIO CLARO,DIAMANTINO,pct_encerrados_60d,Encerrados em até 60 dias,85.71428571428571,18,21,ok,ok,2024,SE 1–36/2024,Informe Meningites CGVDI/DPNI/SVSA/MS,2024-10-01,indicadores_ms_operacionais_municipio_v23.csv,indicadores_ms_operacionais_base_v23.csv
510730,SAO JOSE DO RIO CLARO,DIAMANTINO,pct_quimioprofilaxia_dm_48h,DM com quimioprofilaxia em até 48h,0.0,0,1,ok,ok,2024,SE 1–36/2024,Informe Meningites CGVDI/DPNI/SVSA/MS,2024-10-01,indicadores_ms_operacionais_municipio_v23.csv,indicadores_ms_operacionais_base_v23.csv
510735,SAO JOSE DO XINGU,PORTO ALEGRE DO NORTE,pct_confirmacao_laboratorial_pcr_cultura,Confirmação laboratorial PCR/cultura,,0,0,ok,ok,2024,SE 1–36/2024,Informe Meningites CGVDI/DPNI/SVSA/MS,2024-10-01,indicadores_ms_operacionais_municipio_v23.csv,indicadores_ms_operacionais_base_v23.csv
510735,SAO JOSE DO XINGU,PORTO ALEGRE DO NORTE,pct_investigados_48h,Investigados em até 48h,85.71428571428571,6,7,ok,ok,2024,SE 1–36/2024,Informe Meningites CGVDI/DPNI/SVSA/MS,2024-10-01,indicadores_ms_operacionais_municipio_v23.csv,indicadores_ms_operacionais_base_v23.csv
510735,SAO JOSE DO XINGU,PORTO ALEGRE DO NORTE,pct_encerrados_60d,Encerrados em até 60 dias,42.85714285714285,3,7,ok,ok,2024,SE 1–36/2024,Informe Meningites CGVDI/DPNI/SVSA/MS,2024-10-01,indicadores_ms_operacionais_municipio_v23.csv,indicadores_ms_operacionais_base_v23.csv
510735,SAO JOSE DO XINGU,PORTO ALEGRE DO NORTE,pct_quimioprofilaxia_dm_48h,DM com quimioprofilaxia em até 48h,,0,0,ok,ok,2024,SE 1–36/2024,Informe Meningites CGVDI/DPNI/SVSA/MS,2024-10-01,indicadores_ms_operacionais_municipio_v23.csv,indicadores_ms_operacionais_base_v23.csv
510740,SAO PEDRO DA CIPA,RONDONOPOLIS,pct_confirmacao_laboratorial_pcr_cultura,Confirmação laboratorial PCR/cultura,33.33333333333333,1,3,ok,ok,2024,SE 1–36/2024,Informe Meningites CGVDI/DPNI/SVSA/MS,2024-10-01,indicadores_ms_operacionais_municipio_v23.csv,indicadores_ms_operacionais_base_v23.csv
510740,SAO PEDRO DA CIPA,RONDONOPOLIS,pct_investigados_48h,Investigados em até 48h,81.81818181818183,9,11,ok,ok,2024,SE 1–36/2024,Informe Meningites CGVDI/DPNI/SVSA/MS,2024-10-01,indicadores_ms_operacionais_municipio_v23.csv,indicadores_ms_operacionais_base_v23.csv
510740,SAO PEDRO DA CIPA,RONDONOPOLIS,pct_encerrados_60d,Encerrados em até 60 dias,63.63636363636363,7,11,ok,ok,2024,SE 1–36/2024,Informe Meningites CGVDI/DPNI/SVSA/MS,2024-10-01,indicadores_ms_operacionais_municipio_v23.csv,indicadores_ms_operacionais_base_v23.csv
510740,SAO PEDRO DA CIPA,RONDONOPOLIS,pct_quimioprofilaxia_dm_48h,DM com quimioprofilaxia em até 48h,100.0,1,1,ok,ok,2024,SE 1–36/2024,Informe Meningites CGVDI/DPNI/SVSA/MS,2024-10-01,indicadores_ms_operacionais_municipio_v23.csv,indicadores_ms_operacionais_base_v23.csv
510760,RONDONOPOLIS,RONDONOPOLIS,pct_confirmacao_laboratorial_pcr_cultura,Confirmação laboratorial PCR/cultura,59.63302752293578,65,109,ok,ok,2024,SE 1–36/2024,Informe Meningites CGVDI/DPNI/SVSA/MS,2024-10-01,indicadores_ms_operacionais_municipio_v23.csv,indicadores_ms_operacionais_base_v23.csv
510760,RONDONOPOLIS,RONDONOPOLIS,pct_investigados_48h,Investigados em até 48h,96.7280163599182,473,489,ok,ok,2024,SE 1–36/2024,Informe Meningites CGVDI/DPNI/SVSA/MS,2024-10-01,indicadores_ms_operacionais_municipio_v23.csv,indicadores_ms_operacionais_base_v23.csv
510760,RONDONOPOLIS,RONDONOPOLIS,pct_encerrados_60d,Encerrados em até 60 dias,91.00204498977506,445,489,ok,ok,2024,SE 1–36/2024,Informe Meningites CGVDI/DPNI/SVSA/MS,2024-10-01,indicadores_ms_operacionais_municipio_v23.csv,indicadores_ms_operacionais_base_v23.csv
510760,RONDONOPOLIS,RONDONOPOLIS,pct_quimioprofilaxia_dm_48h,DM com quimioprofilaxia em até 48h,50.0,8,16,ok,ok,2024,SE 1–36/2024,Informe Meningites CGVDI/DPNI/SVSA/MS,2024-10-01,indicadores_ms_operacionais_municipio_v23.csv,indicadores_ms_operacionais_base_v23.csv
510770,ROSARIO OESTE,DIAMANTINO,pct_confirmacao_laboratorial_pcr_cultura,Confirmação laboratorial PCR/cultura,0.0,0,3,ok,ok,2024,SE 1–36/2024,Informe Meningites CGVDI/DPNI/SVSA/MS,2024-10-01,indicadores_ms_operacionais_municipio_v23.csv,indicadores_ms_operacionais_base_v23.csv
510770,ROSARIO OESTE,DIAMANTINO,pct_investigados_48h,Investigados em até 48h,87.5,14,16,ok,ok,2024,SE 1–36/2024,Informe Meningites CGVDI/DPNI/SVSA/MS,2024-10-01,indicadores_ms_operacionais_municipio_v23.csv,indicadores_ms_operacionais_base_v23.csv
510770,ROSARIO OESTE,DIAMANTINO,pct_encerrados_60d,Encerrados em até 60 dias,87.5,14,16,ok,ok,2024,SE 1–36/2024,Informe Meningites CGVDI/DPNI/SVSA/MS,2024-10-01,indicadores_ms_operacionais_municipio_v23.csv,indicadores_ms_operacionais_base_v23.csv
510770,ROSARIO OESTE,DIAMANTINO,pct_quimioprofilaxia_dm_48h,DM com quimioprofilaxia em até 48h,,0,0,ok,ok,2024,SE 1–36/2024,Informe Meningites CGVDI/DPNI/SVSA/MS,2024-10-01,indicadores_ms_operacionais_municipio_v23.csv,indicadores_ms_operacionais_base_v23.csv
510774,SANTA CRUZ DO XINGU,PORTO ALEGRE DO NORTE,pct_confirmacao_laboratorial_pcr_cultura,Confirmação laboratorial PCR/cultura,,0,0,ok,ok,2024,SE 1–36/2024,Informe Meningites CGVDI/DPNI/SVSA/MS,2024-10-01,indicadores_ms_operacionais_municipio_v23.csv,indicadores_ms_operacionais_base_v23.csv
510774,SANTA CRUZ DO XINGU,PORTO ALEGRE DO NORTE,pct_investigados_48h,Investigados em até 48h,50.0,1,2,ok,ok,2024,SE 1–36/2024,Informe Meningites CGVDI/DPNI/SVSA/MS,2024-10-01,indicadores_ms_operacionais_municipio_v23.csv,indicadores_ms_operacionais_base_v23.csv
510774,SANTA CRUZ DO XINGU,PORTO ALEGRE DO NORTE,pct_encerrados_60d,Encerrados em até 60 dias,50.0,1,2,ok,ok,2024,SE 1–36/2024,Informe Meningites CGVDI/DPNI/SVSA/MS,2024-10-01,indicadores_ms_operacionais_municipio_v23.csv,indicadores_ms_operacionais_base_v23.csv
510774,SANTA CRUZ DO XINGU,PORTO ALEGRE DO NORTE,pct_quimioprofilaxia_dm_48h,DM com quimioprofilaxia em até 48h,,0,0,ok,ok,2024,SE 1–36/2024,Informe Meningites CGVDI/DPNI/SVSA/MS,2024-10-01,indicadores_ms_operacionais_municipio_v23.csv,indicadores_ms_operacionais_base_v23.csv
510775,SALTO DO CEU,CACERES,pct_confirmacao_laboratorial_pcr_cultura,Confirmação laboratorial PCR/cultura,100.0,1,1,ok,ok,2024,SE 1–36/2024,Informe Meningites CGVDI/DPNI/SVSA/MS,2024-10-01,indicadores_ms_operacionais_municipio_v23.csv,indicadores_ms_operacionais_base_v23.csv
510775,SALTO DO CEU,CACERES,pct_investigados_48h,Investigados em até 48h,100.0,1,1,ok,ok,2024,SE 1–36/2024,Informe Meningites CGVDI/DPNI/SVSA/MS,2024-10-01,indicadores_ms_operacionais_municipio_v23.csv,indicadores_ms_operacionais_base_v23.csv
510775,SALTO DO CEU,CACERES,pct_encerrados_60d,Encerrados em até 60 dias,100.0,1,1,ok,ok,2024,SE 1–36/2024,Informe Meningites CGVDI/DPNI/SVSA/MS,2024-10-01,indicadores_ms_operacionais_municipio_v23.csv,indicadores_ms_operacionais_base_v23.csv
510775,SALTO DO CEU,CACERES,pct_quimioprofilaxia_dm_48h,DM com quimioprofilaxia em até 48h,,0,0,ok,ok,2024,SE 1–36/2024,Informe Meningites CGVDI/DPNI/SVSA/MS,2024-10-01,indicadores_ms_operacionais_municipio_v23.csv,indicadores_ms_operacionais_base_v23.csv
510776,SANTA RITA DO TRIVELATO,SINOP,pct_confirmacao_laboratorial_pcr_cultura,Confirmação laboratorial PCR/cultura,,0,0,ok,ok,2024,SE 1–36/2024,Informe Meningites CGVDI/DPNI/SVSA/MS,2024-10-01,indicadores_ms_operacionais_municipio_v23.csv,indicadores_ms_operacionais_base_v23.csv
510776,SANTA RITA DO TRIVELATO,SINOP,pct_investigados_48h,Investigados em até 48h,100.0,1,1,ok,ok,2024,SE 1–36/2024,Informe Meningites CGVDI/DPNI/SVSA/MS,2024-10-01,indicadores_ms_operacionais_municipio_v23.csv,indicadores_ms_operacionais_base_v23.csv
510776,SANTA RITA DO TRIVELATO,SINOP,pct_encerrados_60d,Encerrados em até 60 dias,100.0,1,1,ok,ok,2024,SE 1–36/2024,Informe Meningites CGVDI/DPNI/SVSA/MS,2024-10-01,indicadores_ms_operacionais_municipio_v23.csv,indicadores_ms_operacionais_base_v23.csv
510776,SANTA RITA DO TRIVELATO,SINOP,pct_quimioprofilaxia_dm_48h,DM com quimioprofilaxia em até 48h,,0,0,ok,ok,2024,SE 1–36/2024,Informe Meningites CGVDI/DPNI/SVSA/MS,2024-10-01,indicadores_ms_operacionais_municipio_v23.csv,indicadores_ms_operacionais_base_v23.csv
510777,SANTA TEREZINHA,PORTO ALEGRE DO NORTE,pct_confirmacao_laboratorial_pcr_cultura,Confirmação laboratorial PCR/cultura,,0,0,ok,ok,2024,SE 1–36/2024,Informe Meningites CGVDI/DPNI/SVSA/MS,2024-10-01,indicadores_ms_operacionais_municipio_v23.csv,indicadores_ms_operacionais_base_v23.csv
510777,SANTA TEREZINHA,PORTO ALEGRE DO NORTE,pct_investigados_48h,Investigados em até 48h,66.66666666666666,2,3,ok,ok,2024,SE 1–36/2024,Informe Meningites CGVDI/DPNI/SVSA/MS,2024-10-01,indicadores_ms_operacionais_municipio_v23.csv,indicadores_ms_operacionais_base_v23.csv
510777,SANTA TEREZINHA,PORTO ALEGRE DO NORTE,pct_encerrados_60d,Encerrados em até 60 dias,66.66666666666666,2,3,ok,ok,2024,SE 1–36/2024,Informe Meningites CGVDI/DPNI/SVSA/MS,2024-10-01,indicadores_ms_operacionais_municipio_v23.csv,indicadores_ms_operacionais_base_v23.csv
510777,SANTA TEREZINHA,PORTO ALEGRE DO NORTE,pct_quimioprofilaxia_dm_48h,DM com quimioprofilaxia em até 48h,,0,0,ok,ok,2024,SE 1–36/2024,Informe Meningites CGVDI/DPNI/SVSA/MS,2024-10-01,indicadores_ms_operacionais_municipio_v23.csv,indicadores_ms_operacionais_base_v23.csv
510779,SANTO ANTONIO DO LESTE,RONDONOPOLIS,pct_confirmacao_laboratorial_pcr_cultura,Confirmação laboratorial PCR/cultura,,0,0,ok,ok,2024,SE 1–36/2024,Informe Meningites CGVDI/DPNI/SVSA/MS,2024-10-01,indicadores_ms_operacionais_municipio_v23.csv,indicadores_ms_operacionais_base_v23.csv
510779,SANTO ANTONIO DO LESTE,RONDONOPOLIS,pct_investigados_48h,Investigados em até 48h,100.0,2,2,ok,ok,2024,SE 1–36/2024,Informe Meningites CGVDI/DPNI/SVSA/MS,2024-10-01,indicadores_ms_operacionais_municipio_v23.csv,indicadores_ms_operacionais_base_v23.csv
510779,SANTO ANTONIO DO LESTE,RONDONOPOLIS,pct_encerrados_60d,Encerrados em até 60 dias,100.0,2,2,ok,ok,2024,SE 1–36/2024,Informe Meningites CGVDI/DPNI/SVSA/MS,2024-10-01,indicadores_ms_operacionais_municipio_v23.csv,indicadores_ms_operacionais_base_v23.csv
510779,SANTO ANTONIO DO LESTE,RONDONOPOLIS,pct_quimioprofilaxia_dm_48h,DM com quimioprofilaxia em até 48h,,0,0,ok,ok,2024,SE 1–36/2024,Informe Meningites CGVDI/DPNI/SVSA/MS,2024-10-01,indicadores_ms_operacionais_municipio_v23.csv,indicadores_ms_operacionais_base_v23.csv
510780,SANTO ANTONIO DO LEVERGER,CUIABA,pct_confirmacao_laboratorial_pcr_cultura,Confirmação laboratorial PCR/cultura,40.0,2,5,ok,ok,2024,SE 1–36/2024,Informe Meningites CGVDI/DPNI/SVSA/MS,2024-10-01,indicadores_ms_operacionais_municipio_v23.csv,indicadores_ms_operacionais_base_v23.csv
510780,SANTO ANTONIO DO LEVERGER,CUIABA,pct_investigados_48h,Investigados em até 48h,88.37209302325581,38,43,ok,ok,2024,SE 1–36/2024,Informe Meningites CGVDI/DPNI/SVSA/MS,2024-10-01,indicadores_ms_operacionais_municipio_v23.csv,indicadores_ms_operacionais_base_v23.csv
510780,SANTO ANTONIO DO LEVERGER,CUIABA,pct_encerrados_60d,Encerrados em até 60 dias,74.4186046511628,32,43,ok,ok,2024,SE 1–36/2024,Informe Meningites CGVDI/DPNI/SVSA/MS,2024-10-01,indicadores_ms_operacionais_municipio_v23.csv,indicadores_ms_operacionais_base_v23.csv
510780,SANTO ANTONIO DO LEVERGER,CUIABA,pct_quimioprofilaxia_dm_48h,DM com quimioprofilaxia em até 48h,0.0,0,1,ok,ok,2024,SE 1–36/2024,Informe Meningites CGVDI/DPNI/SVSA/MS,2024-10-01,indicadores_ms_operacionais_municipio_v23.csv,indicadores_ms_operacionais_base_v23.csv
510785,SAO FELIX DO ARAGUAIA,SAO FELIX DO ARAGUAIA,pct_confirmacao_laboratorial_pcr_cultura,Confirmação laboratorial PCR/cultura,,0,0,ok,ok,2024,SE 1–36/2024,Informe Meningites CGVDI/DPNI/SVSA/MS,2024-10-01,indicadores_ms_operacionais_municipio_v23.csv,indicadores_ms_operacionais_base_v23.csv
510785,SAO FELIX DO ARAGUAIA,SAO FELIX DO ARAGUAIA,pct_investigados_48h,Investigados em até 48h,75.0,3,4,ok,ok,2024,SE 1–36/2024,Informe Meningites CGVDI/DPNI/SVSA/MS,2024-10-01,indicadores_ms_operacionais_municipio_v23.csv,indicadores_ms_operacionais_base_v23.csv
510785,SAO FELIX DO ARAGUAIA,SAO FELIX DO ARAGUAIA,pct_encerrados_60d,Encerrados em até 60 dias,0.0,0,4,ok,ok,2024,SE 1–36/2024,Informe Meningites CGVDI/DPNI/SVSA/MS,2024-10-01,indicadores_ms_operacionais_municipio_v23.csv,indicadores_ms_operacionais_base_v23.csv
510785,SAO FELIX DO ARAGUAIA,SAO FELIX DO ARAGUAIA,pct_quimioprofilaxia_dm_48h,DM com quimioprofilaxia em até 48h,,0,0,ok,ok,2024,SE 1–36/2024,Informe Meningites CGVDI/DPNI/SVSA/MS,2024-10-01,indicadores_ms_operacionais_municipio_v23.csv,indicadores_ms_operacionais_base_v23.csv
510787,SAPEZAL,TANGARA DA SERRA,pct_confirmacao_laboratorial_pcr_cultura,Confirmação laboratorial PCR/cultura,18.181818181818183,2,11,ok,ok,2024,SE 1–36/2024,Informe Meningites CGVDI/DPNI/SVSA/MS,2024-10-01,indicadores_ms_operacionais_municipio_v23.csv,indicadores_ms_operacionais_base_v23.csv
510787,SAPEZAL,TANGARA DA SERRA,pct_investigados_48h,Investigados em até 48h,90.3846153846154,47,52,ok,ok,2024,SE 1–36/2024,Informe Meningites CGVDI/DPNI/SVSA/MS,2024-10-01,indicadores_ms_operacionais_municipio_v23.csv,indicadores_ms_operacionais_base_v23.csv
510787,SAPEZAL,TANGARA DA SERRA,pct_encerrados_60d,Encerrados em até 60 dias,57.692307692307686,30,52,ok,ok,2024,SE 1–36/2024,Informe Meningites CGVDI/DPNI/SVSA/MS,2024-10-01,indicadores_ms_operacionais_municipio_v23.csv,indicadores_ms_operacionais_base_v23.csv
510787,SAPEZAL,TANGARA DA SERRA,pct_quimioprofilaxia_dm_48h,DM com quimioprofilaxia em até 48h,50.0,1,2,ok,ok,2024,SE 1–36/2024,Informe Meningites CGVDI/DPNI/SVSA/MS,2024-10-01,indicadores_ms_operacionais_municipio_v23.csv,indicadores_ms_operacionais_base_v23.csv
510788,SERRA NOVA DOURADA,SAO FELIX DO ARAGUAIA,pct_confirmacao_laboratorial_pcr_cultura,Confirmação laboratorial PCR/cultura,,0,0,ok,ok,2024,SE 1–36/2024,Informe Meningites CGVDI/DPNI/SVSA/MS,2024-10-01,indicadores_ms_operacionais_municipio_v23.csv,indicadores_ms_operacionais_base_v23.csv
510788,SERRA NOVA DOURADA,SAO FELIX DO ARAGUAIA,pct_investigados_48h,Investigados em até 48h,100.0,1,1,ok,ok,2024,SE 1–36/2024,Informe Meningites CGVDI/DPNI/SVSA/MS,2024-10-01,indicadores_ms_operacionais_municipio_v23.csv,indicadores_ms_operacionais_base_v23.csv
510788,SERRA NOVA DOURADA,SAO FELIX DO ARAGUAIA,pct_encerrados_60d,Encerrados em até 60 dias,100.0,1,1,ok,ok,2024,SE 1–36/2024,Informe Meningites CGVDI/DPNI/SVSA/MS,2024-10-01,indicadores_ms_operacionais_municipio_v23.csv,indicadores_ms_operacionais_base_v23.csv
510788,SERRA NOVA DOURADA,SAO FELIX DO ARAGUAIA,pct_quimioprofilaxia_dm_48h,DM com quimioprofilaxia em até 48h,,0,0,ok,ok,2024,SE 1–36/2024,Informe Meningites CGVDI/DPNI/SVSA/MS,2024-10-01,indicadores_ms_operacionais_municipio_v23.csv,indicadores_ms_operacionais_base_v23.csv
510790,SINOP,SINOP,pct_confirmacao_laboratorial_pcr_cultura,Confirmação laboratorial PCR/cultura,47.368421052631575,36,76,ok,ok,2024,SE 1–36/2024,Informe Meningites CGVDI/DPNI/SVSA/MS,2024-10-01,indicadores_ms_operacionais_municipio_v23.csv,indicadores_ms_operacionais_base_v23.csv
510790,SINOP,SINOP,pct_investigados_48h,Investigados em até 48h,97.7366255144033,475,486,ok,ok,2024,SE 1–36/2024,Informe Meningites CGVDI/DPNI/SVSA/MS,2024-10-01,indicadores_ms_operacionais_municipio_v23.csv,indicadores_ms_operacionais_base_v23.csv
510790,SINOP,SINOP,pct_encerrados_60d,Encerrados em até 60 dias,86.83127572016461,422,486,ok,ok,2024,SE 1–36/2024,Informe Meningites CGVDI/DPNI/SVSA/MS,2024-10-01,indicadores_ms_operacionais_municipio_v23.csv,indicadores_ms_operacionais_base_v23.csv
510790,SINOP,SINOP,pct_quimioprofilaxia_dm_48h,DM com quimioprofilaxia em até 48h,58.333333333333336,14,24,ok,ok,2024,SE 1–36/2024,Informe Meningites CGVDI/DPNI/SVSA/MS,2024-10-01,indicadores_ms_operacionais_municipio_v23.csv,indicadores_ms_operacionais_base_v23.csv
510792,SORRISO,SINOP,pct_confirmacao_laboratorial_pcr_cultura,Confirmação laboratorial PCR/cultura,34.88372093023256,15,43,ok,ok,2024,SE 1–36/2024,Informe Meningites CGVDI/DPNI/SVSA/MS,2024-10-01,indicadores_ms_operacionais_municipio_v23.csv,indicadores_ms_operacionais_base_v23.csv
510792,SORRISO,SINOP,pct_investigados_48h,Investigados em até 48h,99.27007299270072,136,137,ok,ok,2024,SE 1–36/2024,Informe Meningites CGVDI/DPNI/SVSA/MS,2024-10-01,indicadores_ms_operacionais_municipio_v23.csv,indicadores_ms_operacionais_base_v23.csv
510792,SORRISO,SINOP,pct_encerrados_60d,Encerrados em até 60 dias,93.43065693430655,128,137,ok,ok,2024,SE 1–36/2024,Informe Meningites CGVDI/DPNI/SVSA/MS,2024-10-01,indicadores_ms_operacionais_municipio_v23.csv,indicadores_ms_operacionais_base_v23.csv
510792,SORRISO,SINOP,pct_quimioprofilaxia_dm_48h,DM com quimioprofilaxia em até 48h,55.00000000000001,11,20,ok,ok,2024,SE 1–36/2024,Informe Meningites CGVDI/DPNI/SVSA/MS,2024-10-01,indicadores_ms_operacionais_municipio_v23.csv,indicadores_ms_operacionais_base_v23.csv
510794,TABAPORA,JUARA,pct_confirmacao_laboratorial_pcr_cultura,Confirmação laboratorial PCR/cultura,0.0,0,1,ok,ok,2024,SE 1–36/2024,Informe Meningites CGVDI/DPNI/SVSA/MS,2024-10-01,indicadores_ms_operacionais_municipio_v23.csv,indicadores_ms_operacionais_base_v23.csv
510794,TABAPORA,JUARA,pct_investigados_48h,Investigados em até 48h,100.0,6,6,ok,ok,2024,SE 1–36/2024,Informe Meningites CGVDI/DPNI/SVSA/MS,2024-10-01,indicadores_ms_operacionais_municipio_v23.csv,indicadores_ms_operacionais_base_v23.csv
510794,TABAPORA,JUARA,pct_encerrados_60d,Encerrados em até 60 dias,50.0,3,6,ok,ok,2024,SE 1–36/2024,Informe Meningites CGVDI/DPNI/SVSA/MS,2024-10-01,indicadores_ms_operacionais_municipio_v23.csv,indicadores_ms_operacionais_base_v23.csv
510794,TABAPORA,JUARA,pct_quimioprofilaxia_dm_48h,DM com quimioprofilaxia em até 48h,,0,0,ok,ok,2024,SE 1–36/2024,Informe Meningites CGVDI/DPNI/SVSA/MS,2024-10-01,indicadores_ms_operacionais_municipio_v23.csv,indicadores_ms_operacionais_base_v23.csv
510795,TANGARA DA SERRA,TANGARA DA SERRA,pct_confirmacao_laboratorial_pcr_cultura,Confirmação laboratorial PCR/cultura,41.66666666666667,5,12,ok,ok,2024,SE 1–36/2024,Informe Meningites CGVDI/DPNI/SVSA/MS,2024-10-01,indicadores_ms_operacionais_municipio_v23.csv,indicadores_ms_operacionais_base_v23.csv
510795,TANGARA DA SERRA,TANGARA DA SERRA,pct_investigados_48h,Investigados em até 48h,97.05882352941175,165,170,ok,ok,2024,SE 1–36/2024,Informe Meningites CGVDI/DPNI/SVSA/MS,2024-10-01,indicadores_ms_operacionais_municipio_v23.csv,indicadores_ms_operacionais_base_v23.csv
510795,TANGARA DA SERRA,TANGARA DA SERRA,pct_encerrados_60d,Encerrados em até 60 dias,47.05882352941176,80,170,ok,ok,2024,SE 1–36/2024,Informe Meningites CGVDI/DPNI/SVSA/MS,2024-10-01,indicadores_ms_operacionais_municipio_v23.csv,indicadores_ms_operacionais_base_v23.csv
510795,TANGARA DA SERRA,TANGARA DA SERRA,pct_quimioprofilaxia_dm_48h,DM com quimioprofilaxia em até 48h,100.0,3,3,ok,ok,2024,SE 1–36/2024,Informe Meningites CGVDI/DPNI/SVSA/MS,2024-10-01,indicadores_ms_operacionais_municipio_v23.csv,indicadores_ms_operacionais_base_v23.csv
510800,TAPURAH,SINOP,pct_confirmacao_laboratorial_pcr_cultura,Confirmação laboratorial PCR/cultura,66.66666666666666,4,6,ok,ok,2024,SE 1–36/2024,Informe Meningites CGVDI/DPNI/SVSA/MS,2024-10-01,indicadores_ms_operacionais_municipio_v23.csv,indicadores_ms_operacionais_base_v23.csv
510800,TAPURAH,SINOP,pct_investigados_48h,Investigados em até 48h,100.0,18,18,ok,ok,2024,SE 1–36/2024,Informe Meningites CGVDI/DPNI/SVSA/MS,2024-10-01,indicadores_ms_operacionais_municipio_v23.csv,indicadores_ms_operacionais_base_v23.csv
510800,TAPURAH,SINOP,pct_encerrados_60d,Encerrados em até 60 dias,94.44444444444444,17,18,ok,ok,2024,SE 1–36/2024,Informe Meningites CGVDI/DPNI/SVSA/MS,2024-10-01,indicadores_ms_operacionais_municipio_v23.csv,indicadores_ms_operacionais_base_v23.csv
510800,TAPURAH,SINOP,pct_quimioprofilaxia_dm_48h,DM com quimioprofilaxia em até 48h,66.66666666666666,2,3,ok,ok,2024,SE 1–36/2024,Informe Meningites CGVDI/DPNI/SVSA/MS,2024-10-01,indicadores_ms_operacionais_municipio_v23.csv,indicadores_ms_operacionais_base_v23.csv
510805,TERRA NOVA DO NORTE,PEIXOTO DE AZEVEDO,pct_confirmacao_laboratorial_pcr_cultura,Confirmação laboratorial PCR/cultura,0.0,0,3,ok,ok,2024,SE 1–36/2024,Informe Meningites CGVDI/DPNI/SVSA/MS,2024-10-01,indicadores_ms_operacionais_municipio_v23.csv,indicadores_ms_operacionais_base_v23.csv
510805,TERRA NOVA DO NORTE,PEIXOTO DE AZEVEDO,pct_investigados_48h,Investigados em até 48h,90.0,9,10,ok,ok,2024,SE 1–36/2024,Informe Meningites CGVDI/DPNI/SVSA/MS,2024-10-01,indicadores_ms_operacionais_municipio_v23.csv,indicadores_ms_operacionais_base_v23.csv
510805,TERRA NOVA DO NORTE,PEIXOTO DE AZEVEDO,pct_encerrados_60d,Encerrados em até 60 dias,60.0,6,10,ok,ok,2024,SE 1–36/2024,Informe Meningites CGVDI/DPNI/SVSA/MS,2024-10-01,indicadores_ms_operacionais_municipio_v23.csv,indicadores_ms_operacionais_base_v23.csv
510805,TERRA NOVA DO NORTE,PEIXOTO DE AZEVEDO,pct_quimioprofilaxia_dm_48h,DM com quimioprofilaxia em até 48h,0.0,0,1,ok,ok,2024,SE 1–36/2024,Informe Meningites CGVDI/DPNI/SVSA/MS,2024-10-01,indicadores_ms_operacionais_municipio_v23.csv,indicadores_ms_operacionais_base_v23.csv
510810,TESOURO,RONDONOPOLIS,pct_confirmacao_laboratorial_pcr_cultura,Confirmação laboratorial PCR/cultura,,0,0,ok,ok,2024,SE 1–36/2024,Informe Meningites CGVDI/DPNI/SVSA/MS,2024-10-01,indicadores_ms_operacionais_municipio_v23.csv,indicadores_ms_operacionais_base_v23.csv
510810,TESOURO,RONDONOPOLIS,pct_investigados_48h,Investigados em até 48h,100.0,4,4,ok,ok,2024,SE 1–36/2024,Informe Meningites CGVDI/DPNI/SVSA/MS,2024-10-01,indicadores_ms_operacionais_municipio_v23.csv,indicadores_ms_operacionais_base_v23.csv
510810,TESOURO,RONDONOPOLIS,pct_encerrados_60d,Encerrados em até 60 dias,75.0,3,4,ok,ok,2024,SE 1–36/2024,Informe Meningites CGVDI/DPNI/SVSA/MS,2024-10-01,indicadores_ms_operacionais_municipio_v23.csv,indicadores_ms_operacionais_base_v23.csv
510810,TESOURO,RONDONOPOLIS,pct_quimioprofilaxia_dm_48h,DM com quimioprofilaxia em até 48h,,0,0,ok,ok,2024,SE 1–36/2024,Informe Meningites CGVDI/DPNI/SVSA/MS,2024-10-01,indicadores_ms_operacionais_municipio_v23.csv,indicadores_ms_operacionais_base_v23.csv
510820,TORIXOREU,BARRA DO GARCAS,pct_confirmacao_laboratorial_pcr_cultura,Confirmação laboratorial PCR/cultura,,0,0,ok,ok,2024,SE 1–36/2024,Informe Meningites CGVDI/DPNI/SVSA/MS,2024-10-01,indicadores_ms_operacionais_municipio_v23.csv,indicadores_ms_operacionais_base_v23.csv
510820,TORIXOREU,BARRA DO GARCAS,pct_investigados_48h,Investigados em até 48h,100.0,3,3,ok,ok,2024,SE 1–36/2024,Informe Meningites CGVDI/DPNI/SVSA/MS,2024-10-01,indicadores_ms_operacionais_municipio_v23.csv,indicadores_ms_operacionais_base_v23.csv
510820,TORIXOREU,BARRA DO GARCAS,pct_encerrados_60d,Encerrados em até 60 dias,100.0,3,3,ok,ok,2024,SE 1–36/2024,Informe Meningites CGVDI/DPNI/SVSA/MS,2024-10-01,indicadores_ms_operacionais_municipio_v23.csv,indicadores_ms_operacionais_base_v23.csv
510820,TORIXOREU,BARRA DO GARCAS,pct_quimioprofilaxia_dm_48h,DM com quimioprofilaxia em até 48h,,0,0,ok,ok,2024,SE 1–36/2024,Informe Meningites CGVDI/DPNI/SVSA/MS,2024-10-01,indicadores_ms_operacionais_municipio_v23.csv,indicadores_ms_operacionais_base_v23.csv
510830,UNIAO DO SUL,SINOP,pct_confirmacao_laboratorial_pcr_cultura,Confirmação laboratorial PCR/cultura,0.0,0,1,ok,ok,2024,SE 1–36/2024,Informe Meningites CGVDI/DPNI/SVSA/MS,2024-10-01,indicadores_ms_operacionais_municipio_v23.csv,indicadores_ms_operacionais_base_v23.csv
510830,UNIAO DO SUL,SINOP,pct_investigados_48h,Investigados em até 48h,100.0,3,3,ok,ok,2024,SE 1–36/2024,Informe Meningites CGVDI/DPNI/SVSA/MS,2024-10-01,indicadores_ms_operacionais_municipio_v23.csv,indicadores_ms_operacionais_base_v23.csv
510830,UNIAO DO SUL,SINOP,pct_encerrados_60d,Encerrados em até 60 dias,66.66666666666666,2,3,ok,ok,2024,SE 1–36/2024,Informe Meningites CGVDI/DPNI/SVSA/MS,2024-10-01,indicadores_ms_operacionais_municipio_v23.csv,indicadores_ms_operacionais_base_v23.csv
510830,UNIAO DO SUL,SINOP,pct_quimioprofilaxia_dm_48h,DM com quimioprofilaxia em até 48h,100.0,1,1,ok,ok,2024,SE 1–36/2024,Informe Meningites CGVDI/DPNI/SVSA/MS,2024-10-01,indicadores_ms_operacionais_municipio_v23.csv,indicadores_ms_operacionais_base_v23.csv
510835,VALE DE SAO DOMINGOS,PONTES E LACERDA,pct_confirmacao_laboratorial_pcr_cultura,Confirmação laboratorial PCR/cultura,,0,0,ok,ok,2024,SE 1–36/2024,Informe Meningites CGVDI/DPNI/SVSA/MS,2024-10-01,indicadores_ms_operacionais_municipio_v23.csv,indicadores_ms_operacionais_base_v23.csv
510835,VALE DE SAO DOMINGOS,PONTES E LACERDA,pct_investigados_48h,Investigados em até 48h,100.0,3,3,ok,ok,2024,SE 1–36/2024,Informe Meningites CGVDI/DPNI/SVSA/MS,2024-10-01,indicadores_ms_operacionais_municipio_v23.csv,indicadores_ms_operacionais_base_v23.csv
510835,VALE DE SAO DOMINGOS,PONTES E LACERDA,pct_encerrados_60d,Encerrados em até 60 dias,66.66666666666666,2,3,ok,ok,2024,SE 1–36/2024,Informe Meningites CGVDI/DPNI/SVSA/MS,2024-10-01,indicadores_ms_operacionais_municipio_v23.csv,indicadores_ms_operacionais_base_v23.csv
510835,VALE DE SAO DOMINGOS,PONTES E LACERDA,pct_quimioprofilaxia_dm_48h,DM com quimioprofilaxia em até 48h,,0,0,ok,ok,2024,SE 1–36/2024,Informe Meningites CGVDI/DPNI/SVSA/MS,2024-10-01,indicadores_ms_operacionais_municipio_v23.csv,indicadores_ms_operacionais_base_v23.csv
510840,VARZEA GRANDE,CUIABA,pct_confirmacao_laboratorial_pcr_cultura,Confirmação laboratorial PCR/cultura,38.70967741935484,36,93,ok,ok,2024,SE 1–36/2024,Informe Meningites CGVDI/DPNI/SVSA/MS,2024-10-01,indicadores_ms_operacionais_municipio_v23.csv,indicadores_ms_operacionais_base_v23.csv
510840,VARZEA GRANDE,CUIABA,pct_investigados_48h,Investigados em até 48h,90.01447178002894,622,691,ok,ok,2024,SE 1–36/2024,Informe Meningites CGVDI/DPNI/SVSA/MS,2024-10-01,indicadores_ms_operacionais_municipio_v23.csv,indicadores_ms_operacionais_base_v23.csv
510840,VARZEA GRANDE,CUIABA,pct_encerrados_60d,Encerrados em até 60 dias,86.10709117221418,595,691,ok,ok,2024,SE 1–36/2024,Informe Meningites CGVDI/DPNI/SVSA/MS,2024-10-01,indicadores_ms_operacionais_municipio_v23.csv,indicadores_ms_operacionais_base_v23.csv
510840,VARZEA GRANDE,CUIABA,pct_quimioprofilaxia_dm_48h,DM com quimioprofilaxia em até 48h,48.0,12,25,ok,ok,2024,SE 1–36/2024,Informe Meningites CGVDI/DPNI/SVSA/MS,2024-10-01,indicadores_ms_operacionais_municipio_v23.csv,indicadores_ms_operacionais_base_v23.csv
510850,VERA,SINOP,pct_confirmacao_laboratorial_pcr_cultura,Confirmação laboratorial PCR/cultura,20.0,1,5,ok,ok,2024,SE 1–36/2024,Informe Meningites CGVDI/DPNI/SVSA/MS,2024-10-01,indicadores_ms_operacionais_municipio_v23.csv,indicadores_ms_operacionais_base_v23.csv
510850,VERA,SINOP,pct_investigados_48h,Investigados em até 48h,100.0,18,18,ok,ok,2024,SE 1–36/2024,Informe Meningites CGVDI/DPNI/SVSA/MS,2024-10-01,indicadores_ms_operacionais_municipio_v23.csv,indicadores_ms_operacionais_base_v23.csv
510850,VERA,SINOP,pct_encerrados_60d,Encerrados em até 60 dias,83.33333333333334,15,18,ok,ok,2024,SE 1–36/2024,Informe Meningites CGVDI/DPNI/SVSA/MS,2024-10-01,indicadores_ms_operacionais_municipio_v23.csv,indicadores_ms_operacionais_base_v23.csv
510850,VERA,SINOP,pct_quimioprofilaxia_dm_48h,DM com quimioprofilaxia em até 48h,33.33333333333333,1,3,ok,ok,2024,SE 1–36/2024,Informe Meningites CGVDI/DPNI/SVSA/MS,2024-10-01,indicadores_ms_operacionais_municipio_v23.csv,indicadores_ms_operacionais_base_v23.csv
510860,VILA RICA,PORTO ALEGRE DO NORTE,pct_confirmacao_laboratorial_pcr_cultura,Confirmação laboratorial PCR/cultura,50.0,1,2,ok,ok,2024,SE 1–36/2024,Informe Meningites CGVDI/DPNI/SVSA/MS,2024-10-01,indicadores_ms_operacionais_municipio_v23.csv,indicadores_ms_operacionais_base_v23.csv
510860,VILA RICA,PORTO ALEGRE DO NORTE,pct_investigados_48h,Investigados em até 48h,82.35294117647058,14,17,ok,ok,2024,SE 1–36/2024,Informe Meningites CGVDI/DPNI/SVSA/MS,2024-10-01,indicadores_ms_operacionais_municipio_v23.csv,indicadores_ms_operacionais_base_v23.csv
510860,VILA RICA,PORTO ALEGRE DO NORTE,pct_encerrados_60d,Encerrados em até 60 dias,70.58823529411765,12,17,ok,ok,2024,SE 1–36/2024,Informe Meningites CGVDI/DPNI/SVSA/MS,2024-10-01,indicadores_ms_operacionais_municipio_v23.csv,indicadores_ms_operacionais_base_v23.csv
510860,VILA RICA,PORTO ALEGRE DO NORTE,pct_quimioprofilaxia_dm_48h,DM com quimioprofilaxia em até 48h,100.0,1,1,ok,ok,2024,SE 1–36/2024,Informe Meningites CGVDI/DPNI/SVSA/MS,2024-10-01,indicadores_ms_operacionais_municipio_v23.csv,indicadores_ms_operacionais_base_v23.csv
510880,NOVA GUARITA,COLIDER,pct_confirmacao_laboratorial_pcr_cultura,Confirmação laboratorial PCR/cultura,,0,0,ok,ok,2024,SE 1–36/2024,Informe Meningites CGVDI/DPNI/SVSA/MS,2024-10-01,indicadores_ms_operacionais_municipio_v23.csv,indicadores_ms_operacionais_base_v23.csv
510880,NOVA GUARITA,COLIDER,pct_investigados_48h,Investigados em até 48h,66.66666666666666,2,3,ok,ok,2024,SE 1–36/2024,Informe Meningites CGVDI/DPNI/SVSA/MS,2024-10-01,indicadores_ms_operacionais_municipio_v23.csv,indicadores_ms_operacionais_base_v23.csv
510880,NOVA GUARITA,COLIDER,pct_encerrados_60d,Encerrados em até 60 dias,66.66666666666666,2,3,ok,ok,2024,SE 1–36/2024,Informe Meningites CGVDI/DPNI/SVSA/MS,2024-10-01,indicadores_ms_operacionais_municipio_v23.csv,indicadores_ms_operacionais_base_v23.csv
510880,NOVA GUARITA,COLIDER,pct_quimioprofilaxia_dm_48h,DM com quimioprofilaxia em até 48h,,0,0,ok,ok,2024,SE 1–36/2024,Informe Meningites CGVDI/DPNI/SVSA/MS,2024-10-01,indicadores_ms_operacionais_municipio_v23.csv,indicadores_ms_operacionais_base_v23.csv
510885,NOVA MARILANDIA,TANGARA DA SERRA,pct_confirmacao_laboratorial_pcr_cultura,Confirmação laboratorial PCR/cultura,100.0,1,1,ok,ok,2024,SE 1–36/2024,Informe Meningites CGVDI/DPNI/SVSA/MS,2024-10-01,indicadores_ms_operacionais_municipio_v23.csv,indicadores_ms_operacionais_base_v23.csv
510885,NOVA MARILANDIA,TANGARA DA SERRA,pct_investigados_48h,Investigados em até 48h,80.0,4,5,ok,ok,2024,SE 1–36/2024,Informe Meningites CGVDI/DPNI/SVSA/MS,2024-10-01,indicadores_ms_operacionais_municipio_v23.csv,indicadores_ms_operacionais_base_v23.csv
510885,NOVA MARILANDIA,TANGARA DA SERRA,pct_encerrados_60d,Encerrados em até 60 dias,80.0,4,5,ok,ok,2024,SE 1–36/2024,Informe Meningites CGVDI/DPNI/SVSA/MS,2024-10-01,indicadores_ms_operacionais_municipio_v23.csv,indicadores_ms_operacionais_base_v23.csv
510885,NOVA MARILANDIA,TANGARA DA SERRA,pct_quimioprofilaxia_dm_48h,DM com quimioprofilaxia em até 48h,,0,0,ok,ok,2024,SE 1–36/2024,Informe Meningites CGVDI/DPNI/SVSA/MS,2024-10-01,indicadores_ms_operacionais_municipio_v23.csv,indicadores_ms_operacionais_base_v23.csv
510890,NOVA MARINGA,DIAMANTINO,pct_confirmacao_laboratorial_pcr_cultura,Confirmação laboratorial PCR/cultura,0.0,0,1,ok,ok,2024,SE 1–36/2024,Informe Meningites CGVDI/DPNI/SVSA/MS,2024-10-01,indicadores_ms_operacionais_municipio_v23.csv,indicadores_ms_operacionais_base_v23.csv
510890,NOVA MARINGA,DIAMANTINO,pct_investigados_48h,Investigados em até 48h,50.0,3,6,ok,ok,2024,SE 1–36/2024,Informe Meningites CGVDI/DPNI/SVSA/MS,2024-10-01,indicadores_ms_operacionais_municipio_v23.csv,indicadores_ms_operacionais_base_v23.csv
510890,NOVA MARINGA,DIAMANTINO,pct_encerrados_60d,Encerrados em até 60 dias,50.0,3,6,ok,ok,2024,SE 1–36/2024,Informe Meningites CGVDI/DPNI/SVSA/MS,2024-10-01,indicadores_ms_operacionais_municipio_v23.csv,indicadores_ms_operacionais_base_v23.csv
510890,NOVA MARINGA,DIAMANTINO,pct_quimioprofilaxia_dm_48h,DM com quimioprofilaxia em até 48h,100.0,1,1,ok,ok,2024,SE 1–36/2024,Informe Meningites CGVDI/DPNI/SVSA/MS,2024-10-01,indicadores_ms_operacionais_municipio_v23.csv,indicadores_ms_operacionais_base_v23.csv
510895,NOVA MONTE VERDE,ALTA FLORESTA,pct_confirmacao_laboratorial_pcr_cultura,Confirmação laboratorial PCR/cultura,,0,0,ok,ok,2024,SE 1–36/2024,Informe Meningites CGVDI/DPNI/SVSA/MS,2024-10-01,indicadores_ms_operacionais_municipio_v23.csv,indicadores_ms_operacionais_base_v23.csv
510895,NOVA MONTE VERDE,ALTA FLORESTA,pct_investigados_48h,Investigados em até 48h,90.9090909090909,10,11,ok,ok,2024,SE 1–36/2024,Informe Meningites CGVDI/DPNI/SVSA/MS,2024-10-01,indicadores_ms_operacionais_municipio_v23.csv,indicadores_ms_operacionais_base_v23.csv
510895,NOVA MONTE VERDE,ALTA FLORESTA,pct_encerrados_60d,Encerrados em até 60 dias,81.81818181818183,9,11,ok,ok,2024,SE 1–36/2024,Informe Meningites CGVDI/DPNI/SVSA/MS,2024-10-01,indicadores_ms_operacionais_municipio_v23.csv,indicadores_ms_operacionais_base_v23.csv
510895,NOVA MONTE VERDE,ALTA FLORESTA,pct_quimioprofilaxia_dm_48h,DM com quimioprofilaxia em até 48h,,0,0,ok,ok,2024,SE 1–36/2024,Informe Meningites CGVDI/DPNI/SVSA/MS,2024-10-01,indicadores_ms_operacionais_municipio_v23.csv,indicadores_ms_operacionais_base_v23.csv
