ano_evento_v17,codigo_municipio_v17,municipio_v17,regional_v17,classificacao_agrupada_v17,casos,confirmados,hospitalizacoes,obitos_meningite,populacao,incidencia_100mil,mortalidade_100mil,letalidade_confirmados
1966,510520,JUSCIMEIRA,RONDONOPOLIS,Meningite fúngica,1,1,1,1,,,,100.0
1975,510785,SAO FELIX DO ARAGUAIA,SAO FELIX DO ARAGUAIA,Outras etiologias,1,0,1,0,,,,
1976,510840,VARZEA GRANDE,CUIABA,Meningite não especificada,1,1,1,0,,,,0.0
1980,510340,CUIABA,CUIABA,Meningite fúngica,1,1,1,0,,,,0.0
2000,510510,JUARA,JUARA,Outras etiologias,1,0,1,0,,,,
2002,510340,CUIABA,CUIABA,Outras etiologias,1,0,1,0,,,,
2004,510622,NOVA MUTUM,SINOP,Outras etiologias,1,0,1,0,,,,
2006,510030,ALTO ARAGUAIA,RONDONOPOLIS,Outras etiologias,1,0,1,0,,,,
2006,510340,CUIABA,CUIABA,Meningite pneumocócica,1,1,1,0,,,,0.0
2006,510517,JURUENA,JUINA,Meningite viral/asséptica,1,1,1,0,,,,0.0
2006,510650,POCONE,CUIABA,Meningite não especificada,1,1,1,0,,,,0.0
2006,510680,PORTO DOS GAUCHOS,JUARA,Meningite não especificada,1,1,1,0,,,,0.0
2006,510724,SANTA CARMEM,SINOP,Outras etiologias,1,0,0,0,,,,
2006,510760,RONDONOPOLIS,RONDONOPOLIS,Meningite não especificada,1,1,1,0,,,,0.0
2006,510790,SINOP,SINOP,Meningite viral/asséptica,1,1,1,0,,,,0.0
2007,510020,AGUA BOA,AGUA BOA,Meningite tuberculosa,1,1,1,0,,,,0.0
2007,510025,ALTA FLORESTA,ALTA FLORESTA,Doença meningocócica,1,1,1,1,,,,100.0
2007,510025,ALTA FLORESTA,ALTA FLORESTA,Meningite bacteriana/outras bactérias,1,1,1,1,,,,100.0
2007,510025,ALTA FLORESTA,ALTA FLORESTA,Meningite não especificada,2,2,2,1,,,,50.0
2007,510025,ALTA FLORESTA,ALTA FLORESTA,Meningite viral/asséptica,2,2,2,0,,,,0.0
2007,510025,ALTA FLORESTA,ALTA FLORESTA,Outras etiologias,3,0,2,0,,,,
2007,510030,ALTO ARAGUAIA,RONDONOPOLIS,Meningite viral/asséptica,1,1,1,0,,,,0.0
2007,510050,ALTO PARAGUAI,DIAMANTINO,Outras etiologias,2,0,2,0,,,,
2007,510060,ALTO TAQUARI,RONDONOPOLIS,Outras etiologias,1,0,1,0,,,,
2007,510080,APIACAS,ALTA FLORESTA,Meningite fúngica,1,1,1,0,,,,0.0
2007,510125,ARAPUTANGA,CACERES,Meningite não especificada,2,2,2,0,,,,0.0
2007,510170,BARRA DO BUGRES,TANGARA DA SERRA,Meningite não especificada,1,1,1,0,,,,0.0
2007,510170,BARRA DO BUGRES,TANGARA DA SERRA,Outras etiologias,1,0,0,0,,,,
2007,510180,BARRA DO GARCAS,BARRA DO GARCAS,Meningite fúngica,1,1,1,0,,,,0.0
2007,510180,BARRA DO GARCAS,BARRA DO GARCAS,Meningite não especificada,1,1,1,0,,,,0.0
2007,510180,BARRA DO GARCAS,BARRA DO GARCAS,Outras etiologias,5,0,4,0,,,,
2007,510190,BRASNORTE,JUINA,Outras etiologias,1,0,1,0,,,,
2007,510250,CACERES,CACERES,Meningite bacteriana/outras bactérias,3,3,3,0,,,,0.0
2007,510250,CACERES,CACERES,Meningite não especificada,2,2,2,1,,,,50.0
2007,510250,CACERES,CACERES,Meningite viral/asséptica,7,7,7,0,,,,0.0
2007,510250,CACERES,CACERES,Outras etiologias,1,0,1,0,,,,
2007,510260,CAMPINAPOLIS,BARRA DO GARCAS,Meningite bacteriana/outras bactérias,1,1,1,1,,,,100.0
2007,510263,CAMPO NOVO DO PARECIS,TANGARA DA SERRA,Meningite viral/asséptica,1,1,1,0,,,,0.0
2007,510263,CAMPO NOVO DO PARECIS,TANGARA DA SERRA,Outras etiologias,1,0,0,0,,,,
2007,510267,CAMPO VERDE,RONDONOPOLIS,Meningite bacteriana/outras bactérias,2,2,2,0,,,,0.0
2007,510267,CAMPO VERDE,RONDONOPOLIS,Meningite não especificada,1,1,0,0,,,,0.0
2007,510267,CAMPO VERDE,RONDONOPOLIS,Meningite viral/asséptica,1,1,1,0,,,,0.0
2007,510270,CANARANA,AGUA BOA,Doença meningocócica,1,1,1,0,,,,0.0
2007,510320,COLIDER,COLIDER,Outras etiologias,5,0,5,0,,,,
2007,510325,COLNIZA,JUINA,Outras etiologias,2,0,2,0,,,,
2007,510340,CUIABA,CUIABA,Doença meningocócica,1,1,1,0,,,,0.0
2007,510340,CUIABA,CUIABA,Meningite bacteriana/outras bactérias,11,11,11,1,,,,9.090909090909092
2007,510340,CUIABA,CUIABA,Meningite fúngica,1,1,1,0,,,,0.0
2007,510340,CUIABA,CUIABA,Meningite não especificada,57,57,57,2,,,,3.508771929824561
2007,510340,CUIABA,CUIABA,Meningite pneumocócica,5,5,5,1,,,,20.0
2007,510340,CUIABA,CUIABA,Meningite viral/asséptica,50,50,49,0,,,,0.0
2007,510340,CUIABA,CUIABA,Outras etiologias,34,2,31,1,,,,50.0
2007,510345,DENISE,TANGARA DA SERRA,Meningite por Hib/Hemófilo,1,1,1,0,,,,0.0
2007,510345,DENISE,TANGARA DA SERRA,Meningite viral/asséptica,1,1,1,0,,,,0.0
2007,510345,DENISE,TANGARA DA SERRA,Outras etiologias,1,0,0,0,,,,
2007,510350,DIAMANTINO,DIAMANTINO,Meningite não especificada,1,1,1,0,,,,0.0
2007,510350,DIAMANTINO,DIAMANTINO,Meningite viral/asséptica,1,1,1,0,,,,0.0
2007,510370,FELIZ NATAL,SINOP,Meningite viral/asséptica,1,1,1,0,,,,0.0
2007,510380,FIGUEIROPOLIS D OESTE,PONTES E LACERDA,Meningite viral/asséptica,1,1,1,0,,,,0.0
2007,510385,GAUCHA DO NORTE,AGUA BOA,Meningite não especificada,1,1,1,0,,,,0.0
2007,510410,GUARANTA DO NORTE,PEIXOTO DE AZEVEDO,Doença meningocócica,1,1,1,0,,,,0.0
2007,510410,GUARANTA DO NORTE,PEIXOTO DE AZEVEDO,Meningite não especificada,1,1,1,0,,,,0.0
2007,510410,GUARANTA DO NORTE,PEIXOTO DE AZEVEDO,Meningite pneumocócica,1,1,1,0,,,,0.0
2007,510410,GUARANTA DO NORTE,PEIXOTO DE AZEVEDO,Meningite viral/asséptica,1,1,1,0,,,,0.0
2007,510410,GUARANTA DO NORTE,PEIXOTO DE AZEVEDO,Outras etiologias,9,0,8,0,,,,
2007,510420,GUIRATINGA,RONDONOPOLIS,Meningite não especificada,3,3,3,0,,,,0.0
2007,510420,GUIRATINGA,RONDONOPOLIS,Meningite viral/asséptica,1,1,1,0,,,,0.0
2007,510420,GUIRATINGA,RONDONOPOLIS,Outras etiologias,1,0,1,0,,,,
2007,510460,ITIQUIRA,RONDONOPOLIS,Meningite bacteriana/outras bactérias,2,1,2,1,,,,100.0
2007,510460,ITIQUIRA,RONDONOPOLIS,Meningite não especificada,1,1,1,1,,,,100.0
2007,510480,JACIARA,RONDONOPOLIS,Meningite não especificada,2,2,2,0,,,,0.0
2007,510480,JACIARA,RONDONOPOLIS,Outras etiologias,1,0,1,0,,,,
2007,510490,JANGADA,CUIABA,Meningite viral/asséptica,1,1,1,0,,,,0.0
2007,510490,JANGADA,CUIABA,Outras etiologias,1,0,1,0,,,,
2007,510510,JUARA,JUARA,Meningite não especificada,1,1,1,0,,,,0.0
2007,510510,JUARA,JUARA,Outras etiologias,4,0,4,0,,,,
2007,510515,JUINA,JUINA,Meningite não especificada,1,1,1,0,,,,0.0
2007,510515,JUINA,JUINA,Meningite viral/asséptica,1,1,1,0,,,,0.0
2007,510515,JUINA,JUINA,Outras etiologias,4,0,4,0,,,,
2007,510520,JUSCIMEIRA,RONDONOPOLIS,Meningite viral/asséptica,1,1,1,0,,,,0.0
2007,510523,LAMBARI D OESTE,CACERES,Outras etiologias,1,0,0,0,,,,
2007,510525,LUCAS DO RIO VERDE,SINOP,Meningite não especificada,2,2,2,0,,,,0.0
2007,510530,LUCIARA,SAO FELIX DO ARAGUAIA,Outras etiologias,1,0,0,0,,,,
2007,510550,VILA BELA DA S TRINDADE,PONTES E LACERDA,Meningite não especificada,1,1,1,0,,,,0.0
2007,510558,MARCELANDIA,COLIDER,Outras etiologias,2,0,1,0,,,,
2007,510562,MIRASSOL D OESTE,CACERES,Meningite bacteriana/outras bactérias,1,1,1,0,,,,0.0
2007,510562,MIRASSOL D OESTE,CACERES,Meningite não especificada,1,1,1,0,,,,0.0
2007,510562,MIRASSOL D OESTE,CACERES,Meningite viral/asséptica,3,3,3,0,,,,0.0
2007,510562,MIRASSOL D OESTE,CACERES,Outras etiologias,1,0,0,0,,,,
2007,510610,NOSSA SENHORA DO LIVRAMENTO,CUIABA,Meningite não especificada,1,1,1,0,,,,0.0
2007,510610,NOSSA SENHORA DO LIVRAMENTO,CUIABA,Outras etiologias,3,0,1,0,,,,
2007,510615,NOVA BANDEIRANTES,ALTA FLORESTA,Doença meningocócica,2,2,2,2,,,,100.0
2007,510618,NOVA LACERDA,PONTES E LACERDA,Meningite bacteriana/outras bactérias,1,1,1,0,,,,0.0
2007,510621,NOVA CANAA DO NORTE,COLIDER,Outras etiologias,3,0,2,0,,,,
2007,510622,NOVA MUTUM,SINOP,Meningite não especificada,3,3,3,0,,,,0.0
2007,510622,NOVA MUTUM,SINOP,Meningite viral/asséptica,1,1,1,0,,,,0.0
2007,510625,NOVA XAVANTINA,BARRA DO GARCAS,Doença meningocócica,1,1,1,0,,,,0.0
2007,510625,NOVA XAVANTINA,BARRA DO GARCAS,Meningite não especificada,1,1,1,0,,,,0.0
2007,510625,NOVA XAVANTINA,BARRA DO GARCAS,Outras etiologias,2,1,2,0,,,,0.0
2007,510626,NOVO MUNDO,PEIXOTO DE AZEVEDO,Outras etiologias,1,0,1,0,,,,
2007,510629,PARANAITA,ALTA FLORESTA,Meningite não especificada,3,3,3,0,,,,0.0
2007,510629,PARANAITA,ALTA FLORESTA,Meningite viral/asséptica,2,2,2,0,,,,0.0
2007,510629,PARANAITA,ALTA FLORESTA,Outras etiologias,2,1,0,0,,,,0.0
2007,510630,PARANATINGA,RONDONOPOLIS,Doença meningocócica,1,1,1,0,,,,0.0
2007,510630,PARANATINGA,RONDONOPOLIS,Outras etiologias,1,0,1,0,,,,
2007,510637,PEDRA PRETA,RONDONOPOLIS,Doença meningocócica,1,1,1,1,,,,100.0
2007,510637,PEDRA PRETA,RONDONOPOLIS,Outras etiologias,2,0,2,0,,,,
2007,510642,PEIXOTO DE AZEVEDO,PEIXOTO DE AZEVEDO,Meningite não especificada,1,1,1,0,,,,0.0
2007,510642,PEIXOTO DE AZEVEDO,PEIXOTO DE AZEVEDO,Outras etiologias,2,0,1,0,,,,
2007,510645,PLANALTO DA SERRA,CUIABA,Outras etiologias,1,0,1,0,,,,
2007,510650,POCONE,CUIABA,Meningite bacteriana/outras bactérias,2,2,2,1,,,,50.0
2007,510650,POCONE,CUIABA,Meningite fúngica,1,1,1,0,,,,0.0
2007,510650,POCONE,CUIABA,Meningite não especificada,3,3,2,1,,,,33.33333333333333
2007,510650,POCONE,CUIABA,Meningite pneumocócica,1,1,1,0,,,,0.0
2007,510650,POCONE,CUIABA,Meningite viral/asséptica,1,1,1,0,,,,0.0
2007,510650,POCONE,CUIABA,Outras etiologias,3,0,2,0,,,,
2007,510675,PONTES E LACERDA,PONTES E LACERDA,Meningite bacteriana/outras bactérias,1,1,1,0,,,,0.0
2007,510675,PONTES E LACERDA,PONTES E LACERDA,Meningite não especificada,1,1,1,0,,,,0.0
2007,510675,PONTES E LACERDA,PONTES E LACERDA,Meningite viral/asséptica,3,3,3,0,,,,0.0
2007,510675,PONTES E LACERDA,PONTES E LACERDA,Outras etiologias,1,1,1,1,,,,100.0
2007,510682,PORTO ESPERIDIAO,CACERES,Meningite não especificada,1,1,1,0,,,,0.0
2007,510685,PORTO ESTRELA,TANGARA DA SERRA,Meningite viral/asséptica,1,1,1,0,,,,0.0
2007,510700,POXOREO,RONDONOPOLIS,Outras etiologias,1,0,1,0,,,,
2007,510704,PRIMAVERA DO LESTE,RONDONOPOLIS,Meningite bacteriana/outras bactérias,1,1,1,0,,,,0.0
2007,510704,PRIMAVERA DO LESTE,RONDONOPOLIS,Meningite não especificada,1,1,1,0,,,,0.0
2007,510704,PRIMAVERA DO LESTE,RONDONOPOLIS,Meningite viral/asséptica,1,1,1,0,,,,0.0
2007,510704,PRIMAVERA DO LESTE,RONDONOPOLIS,Outras etiologias,1,0,1,0,,,,
2007,510710,SAO JOSE DOS QUATRO MARCOS,CACERES,Meningite não especificada,1,1,1,0,,,,0.0
2007,510710,SAO JOSE DOS QUATRO MARCOS,CACERES,Outras etiologias,1,0,0,0,,,,
2007,510730,SAO JOSE DO RIO CLARO,DIAMANTINO,Meningite bacteriana/outras bactérias,1,1,1,0,,,,0.0
2007,510730,SAO JOSE DO RIO CLARO,DIAMANTINO,Meningite não especificada,1,1,1,0,,,,0.0
2007,510730,SAO JOSE DO RIO CLARO,DIAMANTINO,Outras etiologias,2,1,1,0,,,,0.0
2007,510740,SAO PEDRO DA CIPA,RONDONOPOLIS,Meningite viral/asséptica,1,1,1,0,,,,0.0
2007,510760,RONDONOPOLIS,RONDONOPOLIS,Doença meningocócica,1,1,1,0,,,,0.0
2007,510760,RONDONOPOLIS,RONDONOPOLIS,Meningite bacteriana/outras bactérias,2,2,2,0,,,,0.0
2007,510760,RONDONOPOLIS,RONDONOPOLIS,Meningite não especificada,20,20,20,0,,,,0.0
2007,510760,RONDONOPOLIS,RONDONOPOLIS,Meningite pneumocócica,1,1,1,0,,,,0.0
2007,510760,RONDONOPOLIS,RONDONOPOLIS,Meningite viral/asséptica,41,41,40,0,,,,0.0
2007,510760,RONDONOPOLIS,RONDONOPOLIS,Outras etiologias,7,1,5,1,,,,100.0
2007,510770,ROSARIO OESTE,DIAMANTINO,Meningite não especificada,1,1,1,1,,,,100.0
2007,510770,ROSARIO OESTE,DIAMANTINO,Outras etiologias,1,0,1,0,,,,
2007,510777,SANTA TEREZINHA,PORTO ALEGRE DO NORTE,Meningite não especificada,1,1,1,0,,,,0.0
2007,510777,SANTA TEREZINHA,PORTO ALEGRE DO NORTE,Outras etiologias,1,0,1,0,,,,
2007,510780,SANTO ANTONIO DO LEVERGER,CUIABA,Meningite fúngica,1,1,1,0,,,,0.0
2007,510780,SANTO ANTONIO DO LEVERGER,CUIABA,Meningite não especificada,1,1,1,0,,,,0.0
2007,510780,SANTO ANTONIO DO LEVERGER,CUIABA,Meningite pneumocócica,1,1,1,0,,,,0.0
2007,510780,SANTO ANTONIO DO LEVERGER,CUIABA,Meningite viral/asséptica,3,3,3,0,,,,0.0
2007,510780,SANTO ANTONIO DO LEVERGER,CUIABA,Outras etiologias,1,0,1,0,,,,
2007,510785,SAO FELIX DO ARAGUAIA,SAO FELIX DO ARAGUAIA,Outras etiologias,2,0,2,0,,,,
2007,510787,SAPEZAL,TANGARA DA SERRA,Doença meningocócica,1,1,1,0,,,,0.0
2007,510787,SAPEZAL,TANGARA DA SERRA,Meningite não especificada,2,2,1,1,,,,50.0
2007,510787,SAPEZAL,TANGARA DA SERRA,Meningite viral/asséptica,1,1,1,0,,,,0.0
2007,510787,SAPEZAL,TANGARA DA SERRA,Outras etiologias,1,0,1,0,,,,
2007,510790,SINOP,SINOP,Doença meningocócica,1,1,1,0,,,,0.0
2007,510790,SINOP,SINOP,Meningite bacteriana/outras bactérias,2,2,2,0,,,,0.0
2007,510790,SINOP,SINOP,Meningite não especificada,2,2,2,0,,,,0.0
2007,510790,SINOP,SINOP,Meningite pneumocócica,1,1,1,1,,,,100.0
2007,510790,SINOP,SINOP,Meningite viral/asséptica,19,19,19,0,,,,0.0
2007,510790,SINOP,SINOP,Outras etiologias,26,0,25,0,,,,
2007,510792,SORRISO,SINOP,Doença meningocócica,1,1,1,0,,,,0.0
2007,510792,SORRISO,SINOP,Meningite não especificada,5,5,5,2,,,,40.0
2007,510794,TABAPORA,JUARA,Meningite pneumocócica,1,1,1,1,,,,100.0
2007,510795,TANGARA DA SERRA,TANGARA DA SERRA,Doença meningocócica,1,1,1,0,,,,0.0
2007,510795,TANGARA DA SERRA,TANGARA DA SERRA,Meningite bacteriana/outras bactérias,3,3,3,0,,,,0.0
2007,510795,TANGARA DA SERRA,TANGARA DA SERRA,Meningite não especificada,3,3,3,0,,,,0.0
2007,510795,TANGARA DA SERRA,TANGARA DA SERRA,Outras etiologias,74,0,73,0,,,,
2007,510840,VARZEA GRANDE,CUIABA,Doença meningocócica,2,2,2,0,,,,0.0
2007,510840,VARZEA GRANDE,CUIABA,Meningite bacteriana/outras bactérias,3,3,3,0,,,,0.0
2007,510840,VARZEA GRANDE,CUIABA,Meningite fúngica,1,1,1,0,,,,0.0
2007,510840,VARZEA GRANDE,CUIABA,Meningite não especificada,26,26,24,0,,,,0.0
2007,510840,VARZEA GRANDE,CUIABA,Meningite pneumocócica,4,4,4,1,,,,25.0
2007,510840,VARZEA GRANDE,CUIABA,Meningite por Hib/Hemófilo,2,2,1,1,,,,50.0
2007,510840,VARZEA GRANDE,CUIABA,Meningite viral/asséptica,13,13,12,0,,,,0.0
2007,510840,VARZEA GRANDE,CUIABA,Outras etiologias,35,0,29,0,,,,
2007,510850,VERA,SINOP,Doença meningocócica,1,1,1,0,,,,0.0
2007,510850,VERA,SINOP,Outras etiologias,1,0,1,0,,,,
2007,510895,NOVA MONTE VERDE,ALTA FLORESTA,Meningite não especificada,3,3,3,0,,,,0.0
2007,510895,NOVA MONTE VERDE,ALTA FLORESTA,Meningite viral/asséptica,3,3,3,0,,,,0.0
2007,510895,NOVA MONTE VERDE,ALTA FLORESTA,Outras etiologias,1,1,1,0,,,,0.0
2008,510020,AGUA BOA,AGUA BOA,Meningite não especificada,1,1,1,0,,,,0.0
2008,510025,ALTA FLORESTA,ALTA FLORESTA,Meningite pneumocócica,1,1,1,0,,,,0.0
2008,510025,ALTA FLORESTA,ALTA FLORESTA,Outras etiologias,1,0,1,0,,,,
2008,510030,ALTO ARAGUAIA,RONDONOPOLIS,Meningite viral/asséptica,1,1,1,0,,,,0.0
2008,510140,ARIPUANA,JUINA,Outras etiologias,1,1,1,1,,,,100.0
2008,510170,BARRA DO BUGRES,TANGARA DA SERRA,Outras etiologias,2,0,2,0,,,,
2008,510180,BARRA DO GARCAS,BARRA DO GARCAS,Outras etiologias,4,0,3,0,,,,
2008,510250,CACERES,CACERES,Meningite bacteriana/outras bactérias,6,6,5,0,,,,0.0
2008,510250,CACERES,CACERES,Meningite fúngica,1,1,1,0,,,,0.0
2008,510250,CACERES,CACERES,Meningite não especificada,3,3,3,0,,,,0.0
2008,510250,CACERES,CACERES,Meningite viral/asséptica,1,1,1,0,,,,0.0
2008,510250,CACERES,CACERES,Outras etiologias,4,1,4,0,,,,0.0
2008,510263,CAMPO NOVO DO PARECIS,TANGARA DA SERRA,Meningite não especificada,1,1,0,0,,,,0.0
2008,510263,CAMPO NOVO DO PARECIS,TANGARA DA SERRA,Outras etiologias,2,0,2,0,,,,
2008,510267,CAMPO VERDE,RONDONOPOLIS,Outras etiologias,3,0,3,0,,,,
2008,510268,CAMPOS DE JULIO,PONTES E LACERDA,Meningite bacteriana/outras bactérias,1,1,1,0,,,,0.0
2008,510270,CANARANA,AGUA BOA,Meningite por Hib/Hemófilo,2,2,2,0,,,,0.0
2008,510270,CANARANA,AGUA BOA,Meningite viral/asséptica,2,2,2,0,,,,0.0
2008,510300,CHAPADA DOS GUIMARAES,CUIABA,Meningite viral/asséptica,1,1,1,0,,,,0.0
2008,510300,CHAPADA DOS GUIMARAES,CUIABA,Outras etiologias,1,0,1,0,,,,
2008,510305,CLAUDIA,SINOP,Outras etiologias,1,0,1,0,,,,
2008,510310,COCALINHO,AGUA BOA,Meningite bacteriana/outras bactérias,1,1,1,0,,,,0.0
2008,510320,COLIDER,COLIDER,Outras etiologias,3,0,3,0,,,,
2008,510325,COLNIZA,JUINA,Meningite não especificada,2,2,2,1,,,,50.0
2008,510325,COLNIZA,JUINA,Outras etiologias,1,0,1,0,,,,
2008,510330,COMODORO,PONTES E LACERDA,Doença meningocócica,1,1,1,0,,,,0.0
2008,510330,COMODORO,PONTES E LACERDA,Outras etiologias,1,0,1,0,,,,
2008,510335,CONFRESA,PORTO ALEGRE DO NORTE,Meningite não especificada,1,1,1,0,,,,0.0
2008,510335,CONFRESA,PORTO ALEGRE DO NORTE,Outras etiologias,1,0,1,0,,,,
2008,510340,CUIABA,CUIABA,Doença meningocócica,3,3,3,1,,,,33.33333333333333
2008,510340,CUIABA,CUIABA,Meningite bacteriana/outras bactérias,6,6,6,0,,,,0.0
2008,510340,CUIABA,CUIABA,Meningite fúngica,3,3,3,0,,,,0.0
2008,510340,CUIABA,CUIABA,Meningite não especificada,30,30,29,0,,,,0.0
2008,510340,CUIABA,CUIABA,Meningite pneumocócica,6,6,6,1,,,,16.666666666666664
2008,510340,CUIABA,CUIABA,Meningite tuberculosa,1,1,1,0,,,,0.0
2008,510340,CUIABA,CUIABA,Meningite viral/asséptica,17,17,17,0,,,,0.0
2008,510340,CUIABA,CUIABA,Outras etiologias,27,2,24,0,,,,0.0
2008,510350,DIAMANTINO,DIAMANTINO,Meningite não especificada,2,2,2,0,,,,0.0
2008,510350,DIAMANTINO,DIAMANTINO,Meningite pneumocócica,1,1,1,0,,,,0.0
2008,510350,DIAMANTINO,DIAMANTINO,Outras etiologias,2,0,2,0,,,,
2008,510390,GENERAL CARNEIRO,BARRA DO GARCAS,Outras etiologias,1,0,1,0,,,,
2008,510410,GUARANTA DO NORTE,PEIXOTO DE AZEVEDO,Meningite pneumocócica,2,2,2,0,,,,0.0
2008,510410,GUARANTA DO NORTE,PEIXOTO DE AZEVEDO,Outras etiologias,4,0,4,0,,,,
2008,510420,GUIRATINGA,RONDONOPOLIS,Meningite não especificada,1,1,1,0,,,,0.0
2008,510450,INDIAVAI,CACERES,Outras etiologias,1,1,1,0,,,,0.0
2008,510454,ITANHANGA,SINOP,Meningite não especificada,1,1,1,0,,,,0.0
2008,510480,JACIARA,RONDONOPOLIS,Meningite não especificada,2,2,2,0,,,,0.0
2008,510480,JACIARA,RONDONOPOLIS,Meningite viral/asséptica,1,1,1,0,,,,0.0
2008,510480,JACIARA,RONDONOPOLIS,Outras etiologias,2,0,2,0,,,,
2008,510490,JANGADA,CUIABA,Outras etiologias,2,0,2,0,,,,
2008,510510,JUARA,JUARA,Outras etiologias,2,0,2,0,,,,
2008,510523,LAMBARI D OESTE,CACERES,Outras etiologias,1,1,1,0,,,,0.0
2008,510525,LUCAS DO RIO VERDE,SINOP,Outras etiologias,2,0,2,0,,,,
2008,510550,VILA BELA DA S TRINDADE,PONTES E LACERDA,Outras etiologias,1,0,1,0,,,,
2008,510558,MARCELANDIA,COLIDER,Doença meningocócica,1,1,1,0,,,,0.0
2008,510558,MARCELANDIA,COLIDER,Meningite bacteriana/outras bactérias,1,1,1,0,,,,0.0
2008,510558,MARCELANDIA,COLIDER,Outras etiologias,3,1,1,0,,,,0.0
2008,510562,MIRASSOL D OESTE,CACERES,Outras etiologias,3,0,1,0,,,,
2008,510590,NOBRES,DIAMANTINO,Meningite bacteriana/outras bactérias,1,1,1,0,,,,0.0
2008,510590,NOBRES,DIAMANTINO,Meningite não especificada,1,1,1,0,,,,0.0
2008,510590,NOBRES,DIAMANTINO,Meningite viral/asséptica,1,1,1,0,,,,0.0
2008,510615,NOVA BANDEIRANTES,ALTA FLORESTA,Meningite não especificada,1,1,1,0,,,,0.0
2008,510619,NOVA SANTA HELENA,COLIDER,Outras etiologias,1,0,1,0,,,,
2008,510622,NOVA MUTUM,SINOP,Meningite fúngica,1,1,1,0,,,,0.0
2008,510623,NOVA OLIMPIA,TANGARA DA SERRA,Meningite não especificada,1,1,1,0,,,,0.0
2008,510623,NOVA OLIMPIA,TANGARA DA SERRA,Outras etiologias,1,0,1,0,,,,
2008,510629,PARANAITA,ALTA FLORESTA,Meningite pneumocócica,1,1,1,1,,,,100.0
2008,510629,PARANAITA,ALTA FLORESTA,Meningite viral/asséptica,1,1,1,0,,,,0.0
2008,510629,PARANAITA,ALTA FLORESTA,Outras etiologias,1,0,1,0,,,,
2008,510630,PARANATINGA,RONDONOPOLIS,Meningite pneumocócica,1,1,1,0,,,,0.0
2008,510637,PEDRA PRETA,RONDONOPOLIS,Meningite viral/asséptica,3,3,3,0,,,,0.0
2008,510642,PEIXOTO DE AZEVEDO,PEIXOTO DE AZEVEDO,Meningite não especificada,1,1,1,0,,,,0.0
2008,510650,POCONE,CUIABA,Meningite bacteriana/outras bactérias,1,1,1,0,,,,0.0
2008,510650,POCONE,CUIABA,Meningite viral/asséptica,1,1,1,0,,,,0.0
2008,510650,POCONE,CUIABA,Outras etiologias,5,0,3,0,,,,
2008,510675,PONTES E LACERDA,PONTES E LACERDA,Meningite bacteriana/outras bactérias,1,1,1,0,,,,0.0
2008,510675,PONTES E LACERDA,PONTES E LACERDA,Meningite não especificada,1,1,1,0,,,,0.0
2008,510675,PONTES E LACERDA,PONTES E LACERDA,Outras etiologias,2,0,0,0,,,,
2008,510700,POXOREO,RONDONOPOLIS,Meningite não especificada,1,1,1,0,,,,0.0
2008,510700,POXOREO,RONDONOPOLIS,Outras etiologias,1,0,1,0,,,,
2008,510704,PRIMAVERA DO LESTE,RONDONOPOLIS,Meningite fúngica,1,1,1,0,,,,0.0
2008,510704,PRIMAVERA DO LESTE,RONDONOPOLIS,Outras etiologias,4,0,2,0,,,,
2008,510706,QUERENCIA,AGUA BOA,Outras etiologias,2,0,2,0,,,,
2008,510710,SAO JOSE DOS QUATRO MARCOS,CACERES,Meningite bacteriana/outras bactérias,1,1,1,0,,,,0.0
2008,510715,RESERVA DO CABACAL,CACERES,Meningite bacteriana/outras bactérias,1,1,1,0,,,,0.0
2008,510726,SANTO AFONSO,TANGARA DA SERRA,Outras etiologias,1,0,1,0,,,,
2008,510730,SAO JOSE DO RIO CLARO,DIAMANTINO,Outras etiologias,1,0,1,0,,,,
2008,510735,SAO JOSE DO XINGU,PORTO ALEGRE DO NORTE,Meningite não especificada,1,1,1,0,,,,0.0
2008,510735,SAO JOSE DO XINGU,PORTO ALEGRE DO NORTE,Outras etiologias,1,0,0,0,,,,
2008,510740,SAO PEDRO DA CIPA,RONDONOPOLIS,Meningite não especificada,1,1,1,0,,,,0.0
2008,510760,RONDONOPOLIS,RONDONOPOLIS,Doença meningocócica,1,1,1,0,,,,0.0
2008,510760,RONDONOPOLIS,RONDONOPOLIS,Meningite bacteriana/outras bactérias,1,1,1,0,,,,0.0
2008,510760,RONDONOPOLIS,RONDONOPOLIS,Meningite fúngica,2,2,2,0,,,,0.0
2008,510760,RONDONOPOLIS,RONDONOPOLIS,Meningite não especificada,6,6,6,0,,,,0.0
2008,510760,RONDONOPOLIS,RONDONOPOLIS,Meningite pneumocócica,3,3,3,1,,,,33.33333333333333
2008,510760,RONDONOPOLIS,RONDONOPOLIS,Meningite viral/asséptica,24,24,22,0,,,,0.0
2008,510760,RONDONOPOLIS,RONDONOPOLIS,Outras etiologias,4,1,3,0,,,,0.0
2008,510770,ROSARIO OESTE,DIAMANTINO,Meningite bacteriana/outras bactérias,1,1,1,0,,,,0.0
2008,510770,ROSARIO OESTE,DIAMANTINO,Outras etiologias,4,0,3,0,,,,
2008,510774,SANTA CRUZ DO XINGU,PORTO ALEGRE DO NORTE,Outras etiologias,1,0,0,0,,,,
2008,510780,SANTO ANTONIO DO LEVERGER,CUIABA,Meningite viral/asséptica,1,1,1,0,,,,0.0
2008,510780,SANTO ANTONIO DO LEVERGER,CUIABA,Outras etiologias,2,0,1,0,,,,
2008,510787,SAPEZAL,TANGARA DA SERRA,Meningite pneumocócica,1,1,1,1,,,,100.0
2008,510787,SAPEZAL,TANGARA DA SERRA,Meningite viral/asséptica,1,1,1,0,,,,0.0
2008,510787,SAPEZAL,TANGARA DA SERRA,Outras etiologias,1,0,1,0,,,,
2008,510790,SINOP,SINOP,Meningite bacteriana/outras bactérias,6,6,6,0,,,,0.0
2008,510790,SINOP,SINOP,Meningite não especificada,10,10,10,0,,,,0.0
2008,510790,SINOP,SINOP,Meningite viral/asséptica,15,15,15,0,,,,0.0
2008,510790,SINOP,SINOP,Outras etiologias,24,0,21,0,,,,
2008,510792,SORRISO,SINOP,Doença meningocócica,2,2,2,1,,,,50.0
2008,510792,SORRISO,SINOP,Meningite fúngica,2,2,2,1,,,,50.0
2008,510792,SORRISO,SINOP,Meningite não especificada,2,2,2,0,,,,0.0
2008,510792,SORRISO,SINOP,Meningite pneumocócica,1,1,1,0,,,,0.0
2008,510792,SORRISO,SINOP,Outras etiologias,2,0,1,0,,,,
2008,510794,TABAPORA,JUARA,Outras etiologias,1,0,1,0,,,,
2008,510795,TANGARA DA SERRA,TANGARA DA SERRA,Meningite não especificada,4,4,4,0,,,,0.0
2008,510795,TANGARA DA SERRA,TANGARA DA SERRA,Meningite viral/asséptica,1,1,1,0,,,,0.0
2008,510795,TANGARA DA SERRA,TANGARA DA SERRA,Outras etiologias,10,0,10,0,,,,
2008,510805,TERRA NOVA DO NORTE,PEIXOTO DE AZEVEDO,Doença meningocócica,1,1,0,1,,,,100.0
2008,510810,TESOURO,RONDONOPOLIS,Meningite não especificada,1,1,1,1,,,,100.0
2008,510830,UNIAO DO SUL,SINOP,Outras etiologias,1,0,0,0,,,,
2008,510840,VARZEA GRANDE,CUIABA,Meningite bacteriana/outras bactérias,6,6,5,0,,,,0.0
2008,510840,VARZEA GRANDE,CUIABA,Meningite fúngica,5,5,5,0,,,,0.0
2008,510840,VARZEA GRANDE,CUIABA,Meningite não especificada,23,23,21,2,,,,8.695652173913043
2008,510840,VARZEA GRANDE,CUIABA,Meningite pneumocócica,2,2,2,0,,,,0.0
2008,510840,VARZEA GRANDE,CUIABA,Meningite viral/asséptica,8,8,7,0,,,,0.0
2008,510840,VARZEA GRANDE,CUIABA,Outras etiologias,34,0,29,0,,,,
2008,510850,VERA,SINOP,Meningite fúngica,1,1,1,0,,,,0.0
2008,510860,VILA RICA,PORTO ALEGRE DO NORTE,Outras etiologias,1,0,1,0,,,,
2008,510890,NOVA MARINGA,DIAMANTINO,Meningite não especificada,2,2,2,0,,,,0.0
2009,510025,ALTA FLORESTA,ALTA FLORESTA,Doença meningocócica,1,1,1,0,,,,0.0
2009,510025,ALTA FLORESTA,ALTA FLORESTA,Meningite bacteriana/outras bactérias,1,1,1,0,,,,0.0
2009,510025,ALTA FLORESTA,ALTA FLORESTA,Meningite não especificada,1,1,1,0,,,,0.0
2009,510025,ALTA FLORESTA,ALTA FLORESTA,Outras etiologias,3,0,3,0,,,,
2009,510080,APIACAS,ALTA FLORESTA,Outras etiologias,2,1,2,1,,,,100.0
2009,510125,ARAPUTANGA,CACERES,Meningite não especificada,1,1,1,0,,,,0.0
2009,510130,ARENAPOLIS,TANGARA DA SERRA,Meningite não especificada,1,1,1,0,,,,0.0
2009,510140,ARIPUANA,JUINA,Outras etiologias,1,0,1,0,,,,
2009,510170,BARRA DO BUGRES,TANGARA DA SERRA,Meningite não especificada,2,2,2,0,,,,0.0
2009,510180,BARRA DO GARCAS,BARRA DO GARCAS,Outras etiologias,3,0,1,0,,,,
2009,510190,BRASNORTE,JUINA,Doença meningocócica,1,1,1,1,,,,100.0
2009,510190,BRASNORTE,JUINA,Meningite pneumocócica,1,1,1,0,,,,0.0
2009,510250,CACERES,CACERES,Doença meningocócica,1,1,1,0,,,,0.0
2009,510250,CACERES,CACERES,Meningite bacteriana/outras bactérias,2,2,2,1,,,,50.0
2009,510250,CACERES,CACERES,Meningite viral/asséptica,2,2,2,0,,,,0.0
2009,510250,CACERES,CACERES,Outras etiologias,2,0,2,0,,,,
2009,510263,CAMPO NOVO DO PARECIS,TANGARA DA SERRA,Meningite não especificada,1,1,1,1,,,,100.0
2009,510267,CAMPO VERDE,RONDONOPOLIS,Meningite não especificada,1,1,1,0,,,,0.0
2009,510267,CAMPO VERDE,RONDONOPOLIS,Outras etiologias,1,1,1,0,,,,0.0
2009,510270,CANARANA,AGUA BOA,Meningite viral/asséptica,1,1,1,0,,,,0.0
2009,510270,CANARANA,AGUA BOA,Outras etiologias,1,0,1,0,,,,
2009,510279,CARLINDA,ALTA FLORESTA,Meningite não especificada,1,1,1,0,,,,0.0
2009,510285,CASTANHEIRA,JUINA,Outras etiologias,2,0,2,0,,,,
2009,510300,CHAPADA DOS GUIMARAES,CUIABA,Outras etiologias,2,1,1,0,,,,0.0
2009,510305,CLAUDIA,SINOP,Outras etiologias,1,0,1,0,,,,
2009,510320,COLIDER,COLIDER,Outras etiologias,1,0,1,0,,,,
2009,510325,COLNIZA,JUINA,Outras etiologias,1,0,1,0,,,,
2009,510330,COMODORO,PONTES E LACERDA,Meningite não especificada,1,1,1,0,,,,0.0
2009,510330,COMODORO,PONTES E LACERDA,Outras etiologias,1,0,1,0,,,,
2009,510335,CONFRESA,PORTO ALEGRE DO NORTE,Meningite fúngica,1,1,1,0,,,,0.0
2009,510336,CONQUISTA D OESTE,PONTES E LACERDA,Meningite bacteriana/outras bactérias,2,2,2,0,,,,0.0
2009,510340,CUIABA,CUIABA,Doença meningocócica,6,6,6,1,,,,16.666666666666664
2009,510340,CUIABA,CUIABA,Meningite bacteriana/outras bactérias,4,4,3,2,,,,50.0
2009,510340,CUIABA,CUIABA,Meningite fúngica,2,2,2,0,,,,0.0
2009,510340,CUIABA,CUIABA,Meningite não especificada,24,24,22,1,,,,4.166666666666666
2009,510340,CUIABA,CUIABA,Meningite pneumocócica,4,4,4,1,,,,25.0
2009,510340,CUIABA,CUIABA,Meningite viral/asséptica,6,6,6,0,,,,0.0
2009,510340,CUIABA,CUIABA,Outras etiologias,19,3,13,0,,,,0.0
2009,510345,DENISE,TANGARA DA SERRA,Outras etiologias,1,0,1,0,,,,
2009,510360,DOM AQUINO,RONDONOPOLIS,Meningite não especificada,1,1,1,0,,,,0.0
2009,510370,FELIZ NATAL,SINOP,Meningite não especificada,1,1,1,1,,,,100.0
2009,510370,FELIZ NATAL,SINOP,Outras etiologias,2,1,2,1,,,,100.0
2009,510410,GUARANTA DO NORTE,PEIXOTO DE AZEVEDO,Outras etiologias,4,0,3,0,,,,
2009,510420,GUIRATINGA,RONDONOPOLIS,Meningite não especificada,1,1,1,0,,,,0.0
2009,510460,ITIQUIRA,RONDONOPOLIS,Meningite viral/asséptica,1,1,1,0,,,,0.0
2009,510460,ITIQUIRA,RONDONOPOLIS,Outras etiologias,1,1,1,0,,,,0.0
2009,510480,JACIARA,RONDONOPOLIS,Meningite não especificada,1,1,1,0,,,,0.0
2009,510490,JANGADA,CUIABA,Meningite não especificada,1,1,1,0,,,,0.0
2009,510510,JUARA,JUARA,Meningite viral/asséptica,1,1,1,1,,,,100.0
2009,510510,JUARA,JUARA,Outras etiologias,2,0,1,0,,,,
2009,510515,JUINA,JUINA,Doença meningocócica,3,3,3,1,,,,33.33333333333333
2009,510515,JUINA,JUINA,Outras etiologias,3,0,3,0,,,,
2009,510517,JURUENA,JUINA,Outras etiologias,2,0,1,0,,,,
2009,510520,JUSCIMEIRA,RONDONOPOLIS,Doença meningocócica,1,1,1,0,,,,0.0
2009,510520,JUSCIMEIRA,RONDONOPOLIS,Outras etiologias,1,1,1,0,,,,0.0
2009,510523,LAMBARI D OESTE,CACERES,Meningite não especificada,1,1,1,0,,,,0.0
2009,510525,LUCAS DO RIO VERDE,SINOP,Doença meningocócica,1,1,1,0,,,,0.0
2009,510525,LUCAS DO RIO VERDE,SINOP,Meningite fúngica,1,1,1,0,,,,0.0
2009,510525,LUCAS DO RIO VERDE,SINOP,Meningite não especificada,1,1,1,0,,,,0.0
2009,510525,LUCAS DO RIO VERDE,SINOP,Outras etiologias,5,1,4,1,,,,100.0
2009,510550,VILA BELA DA S TRINDADE,PONTES E LACERDA,Meningite não especificada,1,1,1,1,,,,100.0
2009,510560,MATUPA,PEIXOTO DE AZEVEDO,Outras etiologias,1,0,1,0,,,,
2009,510590,NOBRES,DIAMANTINO,Meningite bacteriana/outras bactérias,1,1,1,0,,,,0.0
2009,510600,NORTELANDIA,DIAMANTINO,Meningite não especificada,1,1,1,0,,,,0.0
2009,510610,NOSSA SENHORA DO LIVRAMENTO,CUIABA,Outras etiologias,1,0,0,0,,,,
2009,510615,NOVA BANDEIRANTES,ALTA FLORESTA,Outras etiologias,1,0,1,0,,,,
2009,510617,NOVA NAZARE,AGUA BOA,Outras etiologias,2,0,0,0,,,,
2009,510622,NOVA MUTUM,SINOP,Meningite bacteriana/outras bactérias,1,1,1,0,,,,0.0
2009,510622,NOVA MUTUM,SINOP,Outras etiologias,2,0,1,0,,,,
2009,510625,NOVA XAVANTINA,BARRA DO GARCAS,Outras etiologias,1,0,0,0,,,,
2009,510629,PARANAITA,ALTA FLORESTA,Outras etiologias,1,0,0,0,,,,
2009,510630,PARANATINGA,RONDONOPOLIS,Doença meningocócica,1,1,1,0,,,,0.0
2009,510630,PARANATINGA,RONDONOPOLIS,Meningite não especificada,1,1,1,0,,,,0.0
2009,510630,PARANATINGA,RONDONOPOLIS,Meningite pneumocócica,1,1,1,0,,,,0.0
2009,510630,PARANATINGA,RONDONOPOLIS,Meningite viral/asséptica,1,1,1,0,,,,0.0
2009,510637,PEDRA PRETA,RONDONOPOLIS,Meningite não especificada,1,1,0,0,,,,0.0
2009,510642,PEIXOTO DE AZEVEDO,PEIXOTO DE AZEVEDO,Outras etiologias,2,0,2,0,,,,
2009,510650,POCONE,CUIABA,Outras etiologias,2,0,1,0,,,,
2009,510675,PONTES E LACERDA,PONTES E LACERDA,Meningite bacteriana/outras bactérias,2,2,2,0,,,,0.0
2009,510675,PONTES E LACERDA,PONTES E LACERDA,Meningite não especificada,1,1,1,0,,,,0.0
2009,510675,PONTES E LACERDA,PONTES E LACERDA,Outras etiologias,3,2,2,1,,,,50.0
2009,510685,PORTO ESTRELA,TANGARA DA SERRA,Outras etiologias,1,0,1,0,,,,
2009,510700,POXOREO,RONDONOPOLIS,Meningite bacteriana/outras bactérias,1,1,1,0,,,,0.0
2009,510700,POXOREO,RONDONOPOLIS,Meningite não especificada,1,1,1,0,,,,0.0
2009,510700,POXOREO,RONDONOPOLIS,Meningite pneumocócica,2,2,2,0,,,,0.0
2009,510704,PRIMAVERA DO LESTE,RONDONOPOLIS,Doença meningocócica,1,1,1,0,,,,0.0
2009,510704,PRIMAVERA DO LESTE,RONDONOPOLIS,Meningite bacteriana/outras bactérias,1,1,1,0,,,,0.0
2009,510704,PRIMAVERA DO LESTE,RONDONOPOLIS,Meningite não especificada,2,2,2,0,,,,0.0
2009,510704,PRIMAVERA DO LESTE,RONDONOPOLIS,Meningite pneumocócica,1,1,1,0,,,,0.0
2009,510704,PRIMAVERA DO LESTE,RONDONOPOLIS,Meningite viral/asséptica,2,2,2,0,,,,0.0
2009,510704,PRIMAVERA DO LESTE,RONDONOPOLIS,Outras etiologias,1,1,1,0,,,,0.0
2009,510706,QUERENCIA,AGUA BOA,Meningite não especificada,1,1,1,0,,,,0.0
2009,510710,SAO JOSE DOS QUATRO MARCOS,CACERES,Outras etiologias,1,0,1,0,,,,
2009,510718,RIBEIRAO CASCALHEIRA,AGUA BOA,Meningite fúngica,1,1,1,0,,,,0.0
2009,510724,SANTA CARMEM,SINOP,Meningite não especificada,3,3,3,0,,,,0.0
2009,510724,SANTA CARMEM,SINOP,Outras etiologias,1,0,1,0,,,,
2009,510726,SANTO AFONSO,TANGARA DA SERRA,Outras etiologias,1,0,0,0,,,,
2009,510729,SAO JOSE DO POVO,RONDONOPOLIS,Meningite pneumocócica,1,1,1,1,,,,100.0
2009,510730,SAO JOSE DO RIO CLARO,DIAMANTINO,Outras etiologias,1,0,1,0,,,,
2009,510735,SAO JOSE DO XINGU,PORTO ALEGRE DO NORTE,Meningite não especificada,1,1,1,0,,,,0.0
2009,510740,SAO PEDRO DA CIPA,RONDONOPOLIS,Outras etiologias,1,0,0,0,,,,
2009,510760,RONDONOPOLIS,RONDONOPOLIS,Doença meningocócica,1,1,1,0,,,,0.0
2009,510760,RONDONOPOLIS,RONDONOPOLIS,Meningite bacteriana/outras bactérias,8,8,8,0,,,,0.0
2009,510760,RONDONOPOLIS,RONDONOPOLIS,Meningite não especificada,3,3,3,0,,,,0.0
2009,510760,RONDONOPOLIS,RONDONOPOLIS,Meningite pneumocócica,2,2,2,1,,,,50.0
2009,510760,RONDONOPOLIS,RONDONOPOLIS,Meningite viral/asséptica,8,8,7,1,,,,12.5
2009,510760,RONDONOPOLIS,RONDONOPOLIS,Outras etiologias,14,0,13,0,,,,
2009,510770,ROSARIO OESTE,DIAMANTINO,Meningite bacteriana/outras bactérias,1,1,1,0,,,,0.0
2009,510777,SANTA TEREZINHA,PORTO ALEGRE DO NORTE,Outras etiologias,1,0,1,0,,,,
2009,510787,SAPEZAL,TANGARA DA SERRA,Meningite bacteriana/outras bactérias,2,2,2,0,,,,0.0
2009,510787,SAPEZAL,TANGARA DA SERRA,Meningite não especificada,4,4,3,0,,,,0.0
2009,510787,SAPEZAL,TANGARA DA SERRA,Meningite pneumocócica,1,1,1,0,,,,0.0
2009,510787,SAPEZAL,TANGARA DA SERRA,Meningite viral/asséptica,3,3,3,0,,,,0.0
2009,510787,SAPEZAL,TANGARA DA SERRA,Outras etiologias,2,0,1,0,,,,
2009,510790,SINOP,SINOP,Meningite bacteriana/outras bactérias,3,3,3,0,,,,0.0
2009,510790,SINOP,SINOP,Meningite não especificada,7,7,7,1,,,,14.285714285714285
2009,510790,SINOP,SINOP,Meningite viral/asséptica,15,15,15,0,,,,0.0
2009,510790,SINOP,SINOP,Outras etiologias,22,0,20,0,,,,
2009,510792,SORRISO,SINOP,Doença meningocócica,3,3,3,1,,,,33.33333333333333
2009,510792,SORRISO,SINOP,Meningite bacteriana/outras bactérias,4,4,4,0,,,,0.0
2009,510792,SORRISO,SINOP,Meningite não especificada,1,1,1,0,,,,0.0
2009,510792,SORRISO,SINOP,Outras etiologias,1,0,1,0,,,,
2009,510795,TANGARA DA SERRA,TANGARA DA SERRA,Meningite não especificada,1,1,1,0,,,,0.0
2009,510795,TANGARA DA SERRA,TANGARA DA SERRA,Outras etiologias,6,1,6,0,,,,0.0
2009,510835,VALE DE SAO DOMINGOS,PONTES E LACERDA,Outras etiologias,1,0,1,0,,,,
2009,510840,VARZEA GRANDE,CUIABA,Meningite bacteriana/outras bactérias,7,7,7,2,,,,28.57142857142857
2009,510840,VARZEA GRANDE,CUIABA,Meningite fúngica,2,2,1,1,,,,50.0
2009,510840,VARZEA GRANDE,CUIABA,Meningite não especificada,7,7,7,0,,,,0.0
2009,510840,VARZEA GRANDE,CUIABA,Meningite tuberculosa,1,1,1,0,,,,0.0
2009,510840,VARZEA GRANDE,CUIABA,Meningite viral/asséptica,1,1,1,0,,,,0.0
2009,510840,VARZEA GRANDE,CUIABA,Outras etiologias,32,2,27,0,,,,0.0
2009,510850,VERA,SINOP,Doença meningocócica,1,1,1,1,,,,100.0
2009,510850,VERA,SINOP,Outras etiologias,1,0,1,0,,,,
2009,510860,VILA RICA,PORTO ALEGRE DO NORTE,Doença meningocócica,1,1,1,1,,,,100.0
2009,510890,NOVA MARINGA,DIAMANTINO,Outras etiologias,2,0,2,0,,,,
2010,510020,AGUA BOA,AGUA BOA,Doença meningocócica,1,1,1,0,21037.0,4.75352949565052,0.0,0.0
2010,510025,ALTA FLORESTA,ALTA FLORESTA,Outras etiologias,2,0,2,0,50771.0,3.9392566622678302,0.0,
2010,510030,ALTO ARAGUAIA,RONDONOPOLIS,Doença meningocócica,1,1,1,0,15782.0,6.336332530731213,0.0,0.0
2010,510030,ALTO ARAGUAIA,RONDONOPOLIS,Outras etiologias,1,0,0,0,15782.0,6.336332530731213,0.0,
2010,510130,ARENAPOLIS,TANGARA DA SERRA,Outras etiologias,1,0,1,0,10538.0,9.489466691971911,0.0,
2010,510140,ARIPUANA,JUINA,Meningite não especificada,1,1,1,0,19011.0,5.260112566408922,0.0,0.0
2010,510170,BARRA DO BUGRES,TANGARA DA SERRA,Meningite não especificada,1,1,1,0,31622.0,3.1623553222440073,0.0,0.0
2010,510170,BARRA DO BUGRES,TANGARA DA SERRA,Meningite viral/asséptica,1,1,1,0,31622.0,3.1623553222440073,0.0,0.0
2010,510180,BARRA DO GARCAS,BARRA DO GARCAS,Doença meningocócica,2,2,2,0,57764.0,3.4623641022089884,0.0,0.0
2010,510180,BARRA DO GARCAS,BARRA DO GARCAS,Meningite bacteriana/outras bactérias,1,1,1,0,57764.0,1.7311820511044942,0.0,0.0
2010,510180,BARRA DO GARCAS,BARRA DO GARCAS,Meningite não especificada,1,1,1,0,57764.0,1.7311820511044942,0.0,0.0
2010,510180,BARRA DO GARCAS,BARRA DO GARCAS,Meningite pneumocócica,1,1,1,0,57764.0,1.7311820511044942,0.0,0.0
2010,510180,BARRA DO GARCAS,BARRA DO GARCAS,Outras etiologias,1,0,0,0,57764.0,1.7311820511044942,0.0,
2010,510250,CACERES,CACERES,Meningite bacteriana/outras bactérias,2,2,2,0,89900.0,2.224694104560623,0.0,0.0
2010,510250,CACERES,CACERES,Meningite fúngica,1,1,1,0,89900.0,1.1123470522803116,0.0,0.0
2010,510250,CACERES,CACERES,Meningite não especificada,3,3,3,0,89900.0,3.3370411568409346,0.0,0.0
2010,510250,CACERES,CACERES,Meningite por Hib/Hemófilo,1,1,1,1,89900.0,1.1123470522803116,1.1123470522803116,100.0
2010,510250,CACERES,CACERES,Meningite viral/asséptica,2,2,2,0,89900.0,2.224694104560623,0.0,0.0
2010,510250,CACERES,CACERES,Outras etiologias,3,3,2,1,89900.0,3.3370411568409346,1.1123470522803116,33.33333333333333
2010,510260,CAMPINAPOLIS,BARRA DO GARCAS,Outras etiologias,1,0,1,0,14407.0,6.941070313042272,0.0,
2010,510263,CAMPO NOVO DO PARECIS,TANGARA DA SERRA,Meningite viral/asséptica,1,1,1,0,27862.0,3.5891177948460267,0.0,0.0
2010,510267,CAMPO VERDE,RONDONOPOLIS,Doença meningocócica,1,1,1,0,31631.0,3.1614555341279127,0.0,0.0
2010,510267,CAMPO VERDE,RONDONOPOLIS,Meningite não especificada,1,1,1,0,31631.0,3.1614555341279127,0.0,0.0
2010,510267,CAMPO VERDE,RONDONOPOLIS,Meningite viral/asséptica,1,1,1,0,31631.0,3.1614555341279127,0.0,0.0
2010,510267,CAMPO VERDE,RONDONOPOLIS,Outras etiologias,3,0,2,0,31631.0,9.484366602383737,0.0,
2010,510268,CAMPOS DE JULIO,PONTES E LACERDA,Meningite não especificada,1,1,1,1,5214.0,19.179133103183734,19.179133103183734,100.0
2010,510268,CAMPOS DE JULIO,PONTES E LACERDA,Outras etiologias,1,1,1,0,5214.0,19.179133103183734,0.0,0.0
2010,510270,CANARANA,AGUA BOA,Outras etiologias,2,0,2,0,18982.0,10.536297545042672,0.0,
2010,510300,CHAPADA DOS GUIMARAES,CUIABA,Meningite não especificada,1,1,1,0,18380.0,5.4406964091403704,0.0,0.0
2010,510310,COCALINHO,AGUA BOA,Doença meningocócica,1,1,1,0,5609.0,17.828489926903192,0.0,0.0
2010,510310,COCALINHO,AGUA BOA,Outras etiologias,2,0,2,0,5609.0,35.656979853806384,0.0,
2010,510320,COLIDER,COLIDER,Meningite não especificada,2,2,2,1,31685.0,6.312135079690706,3.156067539845353,50.0
2010,510320,COLIDER,COLIDER,Outras etiologias,1,0,1,0,31685.0,3.156067539845353,0.0,
2010,510325,COLNIZA,JUINA,Meningite bacteriana/outras bactérias,1,1,1,0,26160.0,3.82262996941896,0.0,0.0
2010,510335,CONFRESA,PORTO ALEGRE DO NORTE,Outras etiologias,2,0,2,0,25456.0,7.856693903205532,0.0,
2010,510336,CONQUISTA D OESTE,PONTES E LACERDA,Meningite não especificada,1,1,1,0,3405.0,29.368575624082233,0.0,0.0
2010,510340,CUIABA,CUIABA,Doença meningocócica,2,2,2,1,571065.0,0.3502228292751263,0.17511141463756316,50.0
2010,510340,CUIABA,CUIABA,Meningite bacteriana/outras bactérias,8,8,7,0,571065.0,1.4008913171005053,0.0,0.0
2010,510340,CUIABA,CUIABA,Meningite fúngica,2,2,2,0,571065.0,0.3502228292751263,0.0,0.0
2010,510340,CUIABA,CUIABA,Meningite não especificada,8,8,8,0,571065.0,1.4008913171005053,0.0,0.0
2010,510340,CUIABA,CUIABA,Meningite viral/asséptica,12,12,10,1,571065.0,2.101336975650758,0.17511141463756316,8.333333333333332
2010,510340,CUIABA,CUIABA,Outras etiologias,38,2,30,0,571065.0,6.654233756227399,0.0,0.0
2010,510350,DIAMANTINO,DIAMANTINO,Outras etiologias,1,0,1,0,20658.0,4.840739665020815,0.0,
2010,510370,FELIZ NATAL,SINOP,Doença meningocócica,1,1,1,0,10953.0,9.12991874372318,0.0,0.0
2010,510370,FELIZ NATAL,SINOP,Meningite não especificada,1,1,1,0,10953.0,9.12991874372318,0.0,0.0
2010,510410,GUARANTA DO NORTE,PEIXOTO DE AZEVEDO,Meningite não especificada,2,2,2,1,32962.0,6.067592985862508,3.033796492931254,50.0
2010,510410,GUARANTA DO NORTE,PEIXOTO DE AZEVEDO,Meningite pneumocócica,1,1,1,0,32962.0,3.033796492931254,0.0,0.0
2010,510410,GUARANTA DO NORTE,PEIXOTO DE AZEVEDO,Outras etiologias,5,0,4,0,32962.0,15.168982464656269,0.0,
2010,510454,ITANHANGA,SINOP,Outras etiologias,1,0,1,0,5341.0,18.72308556450103,0.0,
2010,510460,ITIQUIRA,RONDONOPOLIS,Meningite bacteriana/outras bactérias,1,1,1,0,11606.0,8.616232982939858,0.0,0.0
2010,510480,JACIARA,RONDONOPOLIS,Doença meningocócica,3,3,3,3,26511.0,11.316057485572028,11.316057485572028,100.0
2010,510480,JACIARA,RONDONOPOLIS,Meningite não especificada,1,1,1,0,26511.0,3.7720191618573424,0.0,0.0
2010,510480,JACIARA,RONDONOPOLIS,Outras etiologias,1,1,0,1,26511.0,3.7720191618573424,3.7720191618573424,100.0
2010,510510,JUARA,JUARA,Meningite fúngica,1,1,1,0,33818.0,2.9570051451889525,0.0,0.0
2010,510510,JUARA,JUARA,Outras etiologias,3,0,1,0,33818.0,8.871015435566859,0.0,
2010,510515,JUINA,JUINA,Outras etiologias,1,0,1,0,40717.0,2.4559766191025862,0.0,
2010,510520,JUSCIMEIRA,RONDONOPOLIS,Meningite fúngica,1,1,1,0,11692.0,8.552856654122477,0.0,0.0
2010,510520,JUSCIMEIRA,RONDONOPOLIS,Meningite viral/asséptica,1,1,1,0,11692.0,8.552856654122477,0.0,0.0
2010,510520,JUSCIMEIRA,RONDONOPOLIS,Outras etiologias,1,0,1,0,11692.0,8.552856654122477,0.0,
2010,510525,LUCAS DO RIO VERDE,SINOP,Outras etiologias,2,0,2,0,45529.0,4.392804586087988,0.0,
2010,510558,MARCELANDIA,COLIDER,Meningite não especificada,1,1,1,0,12355.0,8.093889113719143,0.0,0.0
2010,510558,MARCELANDIA,COLIDER,Outras etiologias,1,0,1,0,12355.0,8.093889113719143,0.0,
2010,510562,MIRASSOL D OESTE,CACERES,Meningite viral/asséptica,1,1,1,0,25874.0,3.8648836670016236,0.0,0.0
2010,510590,NOBRES,DIAMANTINO,Outras etiologias,1,1,1,0,15253.0,6.556087327083197,0.0,0.0
2010,510615,NOVA BANDEIRANTES,ALTA FLORESTA,Outras etiologias,1,0,1,0,11751.0,8.509914049868096,0.0,
2010,510618,NOVA LACERDA,PONTES E LACERDA,Meningite não especificada,1,1,1,1,5598.0,17.86352268667381,17.86352268667381,100.0
2010,510622,NOVA MUTUM,SINOP,Meningite por Hib/Hemófilo,1,1,1,1,31510.0,3.17359568390987,3.17359568390987,100.0
2010,510623,NOVA OLIMPIA,TANGARA DA SERRA,Meningite não especificada,1,1,1,0,17598.0,5.6824639163541315,0.0,0.0
2010,510623,NOVA OLIMPIA,TANGARA DA SERRA,Outras etiologias,1,0,1,0,17598.0,5.6824639163541315,0.0,
2010,510624,NOVA UBIRATA,SINOP,Meningite não especificada,1,1,1,0,9216.0,10.850694444444445,0.0,0.0
2010,510625,NOVA XAVANTINA,BARRA DO GARCAS,Doença meningocócica,1,1,1,0,20051.0,4.987282429803999,0.0,0.0
2010,510626,NOVO MUNDO,PEIXOTO DE AZEVEDO,Meningite bacteriana/outras bactérias,1,1,1,0,7296.0,13.706140350877192,0.0,0.0
2010,510629,PARANAITA,ALTA FLORESTA,Outras etiologias,3,0,3,0,10960.0,27.372262773722632,0.0,
2010,510630,PARANATINGA,RONDONOPOLIS,Meningite não especificada,2,2,2,0,19602.0,10.20304050607081,0.0,0.0
2010,510630,PARANATINGA,RONDONOPOLIS,Outras etiologias,1,1,1,0,19602.0,5.101520253035405,0.0,0.0
2010,510631,NOVO SANTO ANTONIO,SAO FELIX DO ARAGUAIA,Outras etiologias,1,0,0,0,1979.0,50.53057099545225,0.0,
2010,510637,PEDRA PRETA,RONDONOPOLIS,Doença meningocócica,1,1,1,0,15879.0,6.297625795075257,0.0,0.0
2010,510637,PEDRA PRETA,RONDONOPOLIS,Meningite bacteriana/outras bactérias,1,1,1,0,15879.0,6.297625795075257,0.0,0.0
2010,510637,PEDRA PRETA,RONDONOPOLIS,Outras etiologias,1,0,1,0,15879.0,6.297625795075257,0.0,
2010,510642,PEIXOTO DE AZEVEDO,PEIXOTO DE AZEVEDO,Meningite tuberculosa,1,1,1,0,31763.0,3.1483172244435353,0.0,0.0
2010,510642,PEIXOTO DE AZEVEDO,PEIXOTO DE AZEVEDO,Outras etiologias,2,0,1,0,31763.0,6.296634448887071,0.0,
2010,510645,PLANALTO DA SERRA,CUIABA,Meningite bacteriana/outras bactérias,1,1,1,0,2788.0,35.86800573888092,0.0,0.0
2010,510650,POCONE,CUIABA,Outras etiologias,5,1,1,0,32222.0,15.517348395506176,0.0,0.0
2010,510670,PONTE BRANCA,BARRA DO GARCAS,Meningite pneumocócica,1,1,1,1,1810.0,55.24861878453039,55.24861878453039,100.0
2010,510675,PONTES E LACERDA,PONTES E LACERDA,Meningite não especificada,2,1,1,0,42433.0,4.71331275186765,0.0,0.0
2010,510675,PONTES E LACERDA,PONTES E LACERDA,Outras etiologias,1,1,1,0,42433.0,2.356656375933825,0.0,0.0
2010,510682,PORTO ESPERIDIAO,CACERES,Meningite viral/asséptica,1,1,1,0,11077.0,9.027715085311907,0.0,0.0
2010,510685,PORTO ESTRELA,TANGARA DA SERRA,Meningite viral/asséptica,1,1,1,0,3710.0,26.954177897574127,0.0,0.0
2010,510685,PORTO ESTRELA,TANGARA DA SERRA,Outras etiologias,1,0,1,0,3710.0,26.954177897574127,0.0,
2010,510700,POXOREO,RONDONOPOLIS,Meningite não especificada,1,1,1,0,18236.0,5.483658697082694,0.0,0.0
2010,510700,POXOREO,RONDONOPOLIS,Meningite pneumocócica,1,1,1,1,18236.0,5.483658697082694,5.483658697082694,100.0
2010,510704,PRIMAVERA DO LESTE,RONDONOPOLIS,Meningite não especificada,1,1,1,0,53198.0,1.8797699161622616,0.0,0.0
2010,510704,PRIMAVERA DO LESTE,RONDONOPOLIS,Meningite pneumocócica,1,1,1,1,53198.0,1.8797699161622616,1.8797699161622616,100.0
2010,510704,PRIMAVERA DO LESTE,RONDONOPOLIS,Meningite viral/asséptica,2,2,2,0,53198.0,3.7595398323245233,0.0,0.0
2010,510704,PRIMAVERA DO LESTE,RONDONOPOLIS,Outras etiologias,2,1,2,0,53198.0,3.7595398323245233,0.0,0.0
2010,510718,RIBEIRAO CASCALHEIRA,AGUA BOA,Outras etiologias,1,0,1,0,8998.0,11.113580795732386,0.0,
2010,510726,SANTO AFONSO,TANGARA DA SERRA,Meningite fúngica,1,1,1,0,2951.0,33.88681802778719,0.0,0.0
2010,510740,SAO PEDRO DA CIPA,RONDONOPOLIS,Doença meningocócica,1,1,1,0,4179.0,23.929169657812874,0.0,0.0
2010,510740,SAO PEDRO DA CIPA,RONDONOPOLIS,Outras etiologias,1,0,0,0,4179.0,23.929169657812874,0.0,
2010,510760,RONDONOPOLIS,RONDONOPOLIS,Doença meningocócica,2,2,2,0,200422.0,0.9978944427258485,0.0,0.0
2010,510760,RONDONOPOLIS,RONDONOPOLIS,Meningite bacteriana/outras bactérias,5,5,5,0,200422.0,2.494736106814621,0.0,0.0
2010,510760,RONDONOPOLIS,RONDONOPOLIS,Meningite não especificada,2,2,2,0,200422.0,0.9978944427258485,0.0,0.0
2010,510760,RONDONOPOLIS,RONDONOPOLIS,Meningite pneumocócica,3,3,3,0,200422.0,1.4968416640887727,0.0,0.0
2010,510760,RONDONOPOLIS,RONDONOPOLIS,Meningite viral/asséptica,7,7,7,0,200422.0,3.4926305495404693,0.0,0.0
2010,510760,RONDONOPOLIS,RONDONOPOLIS,Outras etiologias,16,2,16,0,200422.0,7.983155541806788,0.0,0.0
2010,510770,ROSARIO OESTE,DIAMANTINO,Meningite não especificada,1,1,1,0,17682.0,5.6554688383667004,0.0,0.0
2010,510774,SANTA CRUZ DO XINGU,PORTO ALEGRE DO NORTE,Meningite não especificada,1,1,1,0,1876.0,53.304904051172706,0.0,0.0
2010,510780,SANTO ANTONIO DO LEVERGER,CUIABA,Outras etiologias,1,0,0,0,16225.0,6.163328197226502,0.0,
2010,510787,SAPEZAL,TANGARA DA SERRA,Meningite bacteriana/outras bactérias,1,1,1,1,17871.0,5.5956577695708125,5.5956577695708125,100.0
2010,510787,SAPEZAL,TANGARA DA SERRA,Meningite não especificada,1,1,1,0,17871.0,5.5956577695708125,0.0,0.0
2010,510787,SAPEZAL,TANGARA DA SERRA,Meningite pneumocócica,1,1,1,1,17871.0,5.5956577695708125,5.5956577695708125,100.0
2010,510787,SAPEZAL,TANGARA DA SERRA,Outras etiologias,1,0,0,0,17871.0,5.5956577695708125,0.0,
2010,510790,SINOP,SINOP,Doença meningocócica,1,1,1,0,115102.0,0.8687946343243385,0.0,0.0
2010,510790,SINOP,SINOP,Meningite bacteriana/outras bactérias,2,2,2,1,115102.0,1.737589268648677,0.8687946343243385,50.0
2010,510790,SINOP,SINOP,Meningite não especificada,2,2,2,0,115102.0,1.737589268648677,0.0,0.0
2010,510790,SINOP,SINOP,Meningite pneumocócica,2,2,2,1,115102.0,1.737589268648677,0.8687946343243385,50.0
2010,510790,SINOP,SINOP,Meningite viral/asséptica,5,5,5,0,115102.0,4.343973171621692,0.0,0.0
2010,510790,SINOP,SINOP,Outras etiologias,6,0,5,0,115102.0,5.21276780594603,0.0,
2010,510792,SORRISO,SINOP,Doença meningocócica,1,1,1,0,66605.0,1.5013887846257787,0.0,0.0
2010,510792,SORRISO,SINOP,Meningite não especificada,3,3,3,0,66605.0,4.504166353877336,0.0,0.0
2010,510792,SORRISO,SINOP,Meningite pneumocócica,1,1,1,0,66605.0,1.5013887846257787,0.0,0.0
2010,510792,SORRISO,SINOP,Outras etiologias,2,0,2,0,66605.0,3.0027775692515575,0.0,
2010,510795,TANGARA DA SERRA,TANGARA DA SERRA,Doença meningocócica,1,1,1,0,85616.0,1.1680059801906186,0.0,0.0
2010,510795,TANGARA DA SERRA,TANGARA DA SERRA,Meningite fúngica,1,1,1,0,85616.0,1.1680059801906186,0.0,0.0
2010,510795,TANGARA DA SERRA,TANGARA DA SERRA,Meningite não especificada,1,1,1,0,85616.0,1.1680059801906186,0.0,0.0
2010,510795,TANGARA DA SERRA,TANGARA DA SERRA,Outras etiologias,2,0,2,0,85616.0,2.3360119603812373,0.0,
2010,510805,TERRA NOVA DO NORTE,PEIXOTO DE AZEVEDO,Meningite fúngica,1,1,1,1,11433.0,8.746610688358261,8.746610688358261,100.0
2010,510840,VARZEA GRANDE,CUIABA,Doença meningocócica,4,4,4,0,260491.0,1.5355616892714146,0.0,0.0
2010,510840,VARZEA GRANDE,CUIABA,Meningite bacteriana/outras bactérias,5,5,5,0,260491.0,1.919452111589268,0.0,0.0
2010,510840,VARZEA GRANDE,CUIABA,Meningite fúngica,2,2,2,0,260491.0,0.7677808446357073,0.0,0.0
2010,510840,VARZEA GRANDE,CUIABA,Meningite não especificada,3,3,2,0,260491.0,1.1516712669535607,0.0,0.0
2010,510840,VARZEA GRANDE,CUIABA,Meningite por Hib/Hemófilo,1,1,1,1,260491.0,0.38389042231785364,0.38389042231785364,100.0
2010,510840,VARZEA GRANDE,CUIABA,Meningite viral/asséptica,1,1,1,0,260491.0,0.38389042231785364,0.0,0.0
2010,510840,VARZEA GRANDE,CUIABA,Outras etiologias,19,1,15,0,260491.0,7.293918024039218,0.0,0.0
2010,510850,VERA,SINOP,Outras etiologias,1,0,0,0,10675.0,9.36768149882904,0.0,
2010,510895,NOVA MONTE VERDE,ALTA FLORESTA,Outras etiologias,1,0,1,0,8219.0,12.166930283489474,0.0,
2011,510020,AGUA BOA,AGUA BOA,Outras etiologias,1,0,1,0,21624.0,4.624491305956345,0.0,
2011,510025,ALTA FLORESTA,ALTA FLORESTA,Meningite não especificada,1,1,1,0,51138.0,1.9554929797802025,0.0,0.0
2011,510025,ALTA FLORESTA,ALTA FLORESTA,Outras etiologias,1,0,1,0,51138.0,1.9554929797802025,0.0,
2011,510030,ALTO ARAGUAIA,RONDONOPOLIS,Doença meningocócica,1,1,1,0,15977.0,6.258997308631157,0.0,0.0
2011,510035,ALTO BOA VISTA,SAO FELIX DO ARAGUAIA,Outras etiologias,1,0,1,0,5294.0,18.889308651303363,0.0,
2011,510060,ALTO TAQUARI,RONDONOPOLIS,Meningite não especificada,1,1,1,0,8348.0,11.978917105893627,0.0,0.0
2011,510060,ALTO TAQUARI,RONDONOPOLIS,Outras etiologias,1,0,1,0,8348.0,11.978917105893627,0.0,
2011,510120,ARAGUAINHA,RONDONOPOLIS,Meningite pneumocócica,1,1,1,1,1083.0,92.33610341643582,92.33610341643582,100.0
2011,510125,ARAPUTANGA,CACERES,Meningite bacteriana/outras bactérias,1,1,1,0,15379.0,6.502373366278691,0.0,0.0
2011,510125,ARAPUTANGA,CACERES,Meningite fúngica,1,1,1,0,15379.0,6.502373366278691,0.0,0.0
2011,510170,BARRA DO BUGRES,TANGARA DA SERRA,Meningite bacteriana/outras bactérias,1,1,1,0,31564.0,3.1681662653656066,0.0,0.0
2011,510170,BARRA DO BUGRES,TANGARA DA SERRA,Meningite não especificada,1,1,1,0,31564.0,3.1681662653656066,0.0,0.0
2011,510180,BARRA DO GARCAS,BARRA DO GARCAS,Meningite por Hib/Hemófilo,1,1,1,0,58375.0,1.7130620985010707,0.0,0.0
2011,510180,BARRA DO GARCAS,BARRA DO GARCAS,Outras etiologias,6,0,6,0,58375.0,10.278372591006425,0.0,
2011,510185,BOM JESUS DO ARAGUAIA,AGUA BOA,Outras etiologias,1,0,1,0,5505.0,18.1653042688465,0.0,
2011,510250,CACERES,CACERES,Meningite bacteriana/outras bactérias,3,3,3,0,89914.0,3.3365215650510485,0.0,0.0
2011,510250,CACERES,CACERES,Meningite não especificada,4,4,4,0,89914.0,4.448695420068065,0.0,0.0
2011,510250,CACERES,CACERES,Meningite pneumocócica,1,1,1,1,89914.0,1.1121738550170162,1.1121738550170162,100.0
2011,510250,CACERES,CACERES,Meningite viral/asséptica,3,3,3,0,89914.0,3.3365215650510485,0.0,0.0
2011,510260,CAMPINAPOLIS,BARRA DO GARCAS,Outras etiologias,2,0,2,0,14542.0,13.753266400770181,0.0,
2011,510263,CAMPO NOVO DO PARECIS,TANGARA DA SERRA,Doença meningocócica,1,1,1,0,28980.0,3.450655624568668,0.0,0.0
2011,510263,CAMPO NOVO DO PARECIS,TANGARA DA SERRA,Outras etiologias,1,0,1,0,28980.0,3.450655624568668,0.0,
2011,510270,CANARANA,AGUA BOA,Meningite bacteriana/outras bactérias,1,1,1,0,19398.0,5.155170636148057,0.0,0.0
2011,510270,CANARANA,AGUA BOA,Outras etiologias,2,0,2,0,19398.0,10.310341272296114,0.0,
2011,510300,CHAPADA DOS GUIMARAES,CUIABA,Doença meningocócica,1,1,1,0,18419.0,5.42917639394104,0.0,0.0
2011,510320,COLIDER,COLIDER,Outras etiologias,1,0,1,0,31658.0,3.158759239370775,0.0,
2011,510325,COLNIZA,JUINA,Outras etiologias,1,0,1,0,26835.0,3.726476616359232,0.0,
2011,510335,CONFRESA,PORTO ALEGRE DO NORTE,Meningite não especificada,1,1,1,0,26173.0,3.8207312879685174,0.0,0.0
2011,510336,CONQUISTA D OESTE,PONTES E LACERDA,Meningite não especificada,1,1,1,0,3436.0,29.10360884749709,0.0,0.0
2011,510336,CONQUISTA D OESTE,PONTES E LACERDA,Outras etiologias,1,0,0,0,3436.0,29.10360884749709,0.0,
2011,510340,CUIABA,CUIABA,Doença meningocócica,7,7,7,3,576533.0,1.2141542635026963,0.5203518272154413,42.857142857142854
2011,510340,CUIABA,CUIABA,Meningite bacteriana/outras bactérias,21,21,21,0,576533.0,3.6424627905080893,0.0,0.0
2011,510340,CUIABA,CUIABA,Meningite fúngica,7,7,7,1,576533.0,1.2141542635026963,0.17345060907181375,14.285714285714285
2011,510340,CUIABA,CUIABA,Meningite não especificada,6,6,6,0,576533.0,1.0407036544308825,0.0,0.0
2011,510340,CUIABA,CUIABA,Meningite tuberculosa,1,1,1,0,576533.0,0.17345060907181375,0.0,0.0
2011,510340,CUIABA,CUIABA,Meningite viral/asséptica,16,16,16,0,576533.0,2.77520974514902,0.0,0.0
2011,510340,CUIABA,CUIABA,Outras etiologias,26,0,24,0,576533.0,4.509715835867158,0.0,
2011,510350,DIAMANTINO,DIAMANTINO,Meningite viral/asséptica,1,1,1,0,20728.0,4.824392126592049,0.0,0.0
2011,510410,GUARANTA DO NORTE,PEIXOTO DE AZEVEDO,Doença meningocócica,1,1,1,0,32886.0,3.0408076385087877,0.0,0.0
2011,510410,GUARANTA DO NORTE,PEIXOTO DE AZEVEDO,Outras etiologias,4,0,3,0,32886.0,12.16323055403515,0.0,
2011,510450,INDIAVAI,CACERES,Meningite não especificada,1,1,1,0,2435.0,41.067761806981515,0.0,0.0
2011,510454,ITANHANGA,SINOP,Meningite viral/asséptica,1,1,1,0,5501.0,18.17851299763679,0.0,0.0
2011,510454,ITANHANGA,SINOP,Outras etiologias,1,0,1,0,5501.0,18.17851299763679,0.0,
2011,510455,ITAUBA,COLIDER,Meningite bacteriana/outras bactérias,1,1,1,1,4696.0,21.294718909710394,21.294718909710394,100.0
2011,510480,JACIARA,RONDONOPOLIS,Doença meningocócica,1,1,1,0,26629.0,3.755304367418979,0.0,0.0
2011,510480,JACIARA,RONDONOPOLIS,Meningite bacteriana/outras bactérias,1,1,1,0,26629.0,3.755304367418979,0.0,0.0
2011,510480,JACIARA,RONDONOPOLIS,Meningite viral/asséptica,1,1,1,0,26629.0,3.755304367418979,0.0,0.0
2011,510480,JACIARA,RONDONOPOLIS,Outras etiologias,1,1,1,0,26629.0,3.755304367418979,0.0,0.0
2011,510510,JUARA,JUARA,Doença meningocócica,1,1,1,0,33864.0,2.952988424285377,0.0,0.0
2011,510510,JUARA,JUARA,Meningite bacteriana/outras bactérias,1,1,1,0,33864.0,2.952988424285377,0.0,0.0
2011,510510,JUARA,JUARA,Meningite não especificada,1,1,1,0,33864.0,2.952988424285377,0.0,0.0
2011,510510,JUARA,JUARA,Meningite pneumocócica,1,1,1,0,33864.0,2.952988424285377,0.0,0.0
2011,510510,JUARA,JUARA,Meningite viral/asséptica,1,1,1,0,33864.0,2.952988424285377,0.0,0.0
2011,510510,JUARA,JUARA,Outras etiologias,3,1,3,0,33864.0,8.85896527285613,0.0,0.0
2011,510515,JUINA,JUINA,Outras etiologias,2,0,2,0,40932.0,4.88615264340858,0.0,
2011,510520,JUSCIMEIRA,RONDONOPOLIS,Meningite viral/asséptica,1,1,1,0,11617.0,8.608074373762589,0.0,0.0
2011,510525,LUCAS DO RIO VERDE,SINOP,Meningite fúngica,1,1,1,1,48226.0,2.073570273296562,2.073570273296562,100.0
2011,510525,LUCAS DO RIO VERDE,SINOP,Meningite não especificada,1,1,1,0,48226.0,2.073570273296562,0.0,0.0
2011,510525,LUCAS DO RIO VERDE,SINOP,Meningite pneumocócica,1,1,1,1,48226.0,2.073570273296562,2.073570273296562,100.0
2011,510525,LUCAS DO RIO VERDE,SINOP,Outras etiologias,6,0,6,0,48226.0,12.441421639779373,0.0,
2011,510550,VILA BELA DA S TRINDADE,PONTES E LACERDA,Outras etiologias,1,0,1,0,14899.0,6.711859856366199,0.0,
2011,510558,MARCELANDIA,COLIDER,Meningite viral/asséptica,1,1,1,0,12205.0,8.19336337566571,0.0,0.0
2011,510560,MATUPA,PEIXOTO DE AZEVEDO,Meningite bacteriana/outras bactérias,1,1,1,0,14758.0,6.775985905949315,0.0,0.0
2011,510560,MATUPA,PEIXOTO DE AZEVEDO,Outras etiologias,1,0,1,0,14758.0,6.775985905949315,0.0,
2011,510590,NOBRES,DIAMANTINO,Meningite fúngica,1,1,1,1,15231.0,6.565557087518877,6.565557087518877,100.0
2011,510600,NORTELANDIA,DIAMANTINO,Outras etiologias,2,0,2,0,6441.0,31.051079024996117,0.0,
2011,510610,NOSSA SENHORA DO LIVRAMENTO,CUIABA,Meningite pneumocócica,1,1,0,0,11668.0,8.570449091532396,0.0,0.0
2011,510618,NOVA LACERDA,PONTES E LACERDA,Meningite não especificada,1,1,1,1,5678.0,17.611835153222966,17.611835153222966,100.0
2011,510622,NOVA MUTUM,SINOP,Doença meningocócica,1,1,1,1,33343.0,2.999130252226854,2.999130252226854,100.0
2011,510622,NOVA MUTUM,SINOP,Meningite pneumocócica,1,1,1,0,33343.0,2.999130252226854,0.0,0.0
2011,510624,NOVA UBIRATA,SINOP,Outras etiologias,1,0,0,0,9445.0,10.587612493382741,0.0,
2011,510629,PARANAITA,ALTA FLORESTA,Doença meningocócica,1,1,1,0,10974.0,9.112447603426281,0.0,0.0
2011,510630,PARANATINGA,RONDONOPOLIS,Meningite bacteriana/outras bactérias,1,1,1,0,20034.0,4.99151442547669,0.0,0.0
2011,510630,PARANATINGA,RONDONOPOLIS,Meningite pneumocócica,1,1,1,0,20034.0,4.99151442547669,0.0,0.0
2011,510630,PARANATINGA,RONDONOPOLIS,Outras etiologias,2,0,0,0,20034.0,9.98302885095338,0.0,
2011,510637,PEDRA PRETA,RONDONOPOLIS,Meningite bacteriana/outras bactérias,1,1,1,0,16033.0,6.237135907191417,0.0,0.0
2011,510637,PEDRA PRETA,RONDONOPOLIS,Meningite pneumocócica,3,3,3,3,16033.0,18.711407721574254,18.711407721574254,100.0
2011,510637,PEDRA PRETA,RONDONOPOLIS,Meningite viral/asséptica,1,1,1,0,16033.0,6.237135907191417,0.0,0.0
2011,510642,PEIXOTO DE AZEVEDO,PEIXOTO DE AZEVEDO,Meningite bacteriana/outras bactérias,1,1,1,1,31887.0,3.13607426223853,3.13607426223853,100.0
2011,510650,POCONE,CUIABA,Meningite não especificada,2,2,1,0,32079.0,6.234608310732879,0.0,0.0
2011,510675,PONTES E LACERDA,PONTES E LACERDA,Meningite bacteriana/outras bactérias,2,2,2,1,43006.0,4.6505138817839375,2.3252569408919688,50.0
2011,510675,PONTES E LACERDA,PONTES E LACERDA,Meningite não especificada,1,1,1,0,43006.0,2.3252569408919688,0.0,0.0
2011,510682,PORTO ESPERIDIAO,CACERES,Doença meningocócica,1,1,1,0,11018.0,9.076057360682519,0.0,0.0
2011,510682,PORTO ESPERIDIAO,CACERES,Meningite não especificada,1,1,1,0,11018.0,9.076057360682519,0.0,0.0
2011,510682,PORTO ESPERIDIAO,CACERES,Meningite pneumocócica,1,1,1,0,11018.0,9.076057360682519,0.0,0.0
2011,510700,POXOREO,RONDONOPOLIS,Doença meningocócica,1,1,1,1,18345.0,5.451076587626056,5.451076587626056,100.0
2011,510700,POXOREO,RONDONOPOLIS,Meningite não especificada,1,1,1,1,18345.0,5.451076587626056,5.451076587626056,100.0
2011,510700,POXOREO,RONDONOPOLIS,Outras etiologias,2,0,2,0,18345.0,10.902153175252112,0.0,
2011,510704,PRIMAVERA DO LESTE,RONDONOPOLIS,Doença meningocócica,1,1,1,1,54843.0,1.8233867585653594,1.8233867585653594,100.0
2011,510704,PRIMAVERA DO LESTE,RONDONOPOLIS,Meningite bacteriana/outras bactérias,1,1,1,0,54843.0,1.8233867585653594,0.0,0.0
2011,510704,PRIMAVERA DO LESTE,RONDONOPOLIS,Meningite pneumocócica,1,1,1,0,54843.0,1.8233867585653594,0.0,0.0
2011,510704,PRIMAVERA DO LESTE,RONDONOPOLIS,Meningite viral/asséptica,2,2,2,1,54843.0,3.6467735171307187,1.8233867585653594,50.0
2011,510706,QUERENCIA,AGUA BOA,Doença meningocócica,1,1,1,1,13807.0,7.242702976750923,7.242702976750923,100.0
2011,510715,RESERVA DO CABACAL,CACERES,Meningite não especificada,1,1,1,1,2516.0,39.7456279809221,39.7456279809221,100.0
2011,510730,SAO JOSE DO RIO CLARO,DIAMANTINO,Doença meningocócica,1,1,1,1,16902.0,5.916459590580996,5.916459590580996,100.0
2011,510760,RONDONOPOLIS,RONDONOPOLIS,Doença meningocócica,2,2,2,0,204005.0,0.9803681282321511,0.0,0.0
2011,510760,RONDONOPOLIS,RONDONOPOLIS,Meningite bacteriana/outras bactérias,1,1,1,0,204005.0,0.49018406411607557,0.0,0.0
2011,510760,RONDONOPOLIS,RONDONOPOLIS,Meningite fúngica,2,2,2,0,204005.0,0.9803681282321511,0.0,0.0
2011,510760,RONDONOPOLIS,RONDONOPOLIS,Meningite não especificada,5,5,3,1,204005.0,2.450920320580378,0.49018406411607557,20.0
2011,510760,RONDONOPOLIS,RONDONOPOLIS,Meningite viral/asséptica,7,7,7,0,204005.0,3.4312884488125293,0.0,0.0
2011,510760,RONDONOPOLIS,RONDONOPOLIS,Outras etiologias,8,5,5,0,204005.0,3.9214725129286045,0.0,0.0
2011,510775,SALTO DO CEU,CACERES,Meningite bacteriana/outras bactérias,1,1,1,0,3924.0,25.484199796126404,0.0,0.0
2011,510780,SANTO ANTONIO DO LEVERGER,CUIABA,Meningite não especificada,1,1,0,1,16272.0,6.145526057030482,6.145526057030482,100.0
2011,510780,SANTO ANTONIO DO LEVERGER,CUIABA,Meningite por Hib/Hemófilo,1,1,1,0,16272.0,6.145526057030482,0.0,0.0
2011,510780,SANTO ANTONIO DO LEVERGER,CUIABA,Meningite viral/asséptica,3,3,3,0,16272.0,18.436578171091444,0.0,0.0
2011,510780,SANTO ANTONIO DO LEVERGER,CUIABA,Outras etiologias,2,0,0,0,16272.0,12.291052114060964,0.0,
2011,510787,SAPEZAL,TANGARA DA SERRA,Meningite bacteriana/outras bactérias,1,1,1,1,18801.0,5.318866017765012,5.318866017765012,100.0
2011,510787,SAPEZAL,TANGARA DA SERRA,Outras etiologias,7,0,7,0,18801.0,37.23206212435509,0.0,
2011,510790,SINOP,SINOP,Doença meningocócica,2,2,2,1,119910.0,1.6679176048703195,0.8339588024351597,50.0
2011,510790,SINOP,SINOP,Meningite bacteriana/outras bactérias,3,3,3,1,119910.0,2.5018764073054793,0.8339588024351597,33.33333333333333
2011,510790,SINOP,SINOP,Meningite fúngica,1,1,1,1,119910.0,0.8339588024351597,0.8339588024351597,100.0
2011,510790,SINOP,SINOP,Meningite não especificada,6,6,6,0,119910.0,5.003752814610959,0.0,0.0
2011,510790,SINOP,SINOP,Meningite pneumocócica,1,1,1,1,119910.0,0.8339588024351597,0.8339588024351597,100.0
2011,510790,SINOP,SINOP,Meningite viral/asséptica,19,19,19,0,119910.0,15.845217246268035,0.0,0.0
2011,510790,SINOP,SINOP,Outras etiologias,8,0,8,0,119910.0,6.671670419481278,0.0,
2011,510792,SORRISO,SINOP,Doença meningocócica,1,1,1,1,69692.0,1.4348849222292372,1.4348849222292372,100.0
2011,510792,SORRISO,SINOP,Meningite bacteriana/outras bactérias,2,2,2,0,69692.0,2.8697698444584745,0.0,0.0
2011,510792,SORRISO,SINOP,Meningite não especificada,4,4,4,0,69692.0,5.739539688916949,0.0,0.0
2011,510792,SORRISO,SINOP,Meningite viral/asséptica,1,1,1,0,69692.0,1.4348849222292372,0.0,0.0
2011,510795,TANGARA DA SERRA,TANGARA DA SERRA,Meningite pneumocócica,2,1,2,0,87385.0,2.288722320764433,0.0,0.0
2011,510795,TANGARA DA SERRA,TANGARA DA SERRA,Meningite viral/asséptica,4,4,4,0,87385.0,4.577444641528866,0.0,0.0
2011,510795,TANGARA DA SERRA,TANGARA DA SERRA,Outras etiologias,4,1,4,1,87385.0,4.577444641528866,1.1443611603822166,100.0
2011,510800,TAPURAH,SINOP,Doença meningocócica,1,1,1,0,10708.0,9.338812103100485,0.0,0.0
2011,510800,TAPURAH,SINOP,Meningite viral/asséptica,1,1,0,0,10708.0,9.338812103100485,0.0,0.0
2011,510800,TAPURAH,SINOP,Outras etiologias,1,0,1,0,10708.0,9.338812103100485,0.0,
2011,510805,TERRA NOVA DO NORTE,PEIXOTO DE AZEVEDO,Meningite bacteriana/outras bactérias,1,1,1,0,11277.0,8.86760663296976,0.0,0.0
2011,510805,TERRA NOVA DO NORTE,PEIXOTO DE AZEVEDO,Outras etiologias,1,0,1,0,11277.0,8.86760663296976,0.0,
2011,510810,TESOURO,RONDONOPOLIS,Outras etiologias,1,1,1,0,3428.0,29.171528588098013,0.0,0.0
2011,510840,VARZEA GRANDE,CUIABA,Doença meningocócica,3,3,3,0,263180.0,1.1399042480431643,0.0,0.0
2011,510840,VARZEA GRANDE,CUIABA,Meningite bacteriana/outras bactérias,5,5,5,0,263180.0,1.899840413405274,0.0,0.0
2011,510840,VARZEA GRANDE,CUIABA,Meningite fúngica,1,1,1,0,263180.0,0.37996808268105475,0.0,0.0
2011,510840,VARZEA GRANDE,CUIABA,Meningite não especificada,3,3,3,0,263180.0,1.1399042480431643,0.0,0.0
2011,510840,VARZEA GRANDE,CUIABA,Meningite pneumocócica,1,1,1,0,263180.0,0.37996808268105475,0.0,0.0
2011,510840,VARZEA GRANDE,CUIABA,Meningite viral/asséptica,4,4,4,0,263180.0,1.519872330724219,0.0,0.0
2011,510840,VARZEA GRANDE,CUIABA,Outras etiologias,12,0,11,0,263180.0,4.559616992172657,0.0,
2011,510850,VERA,SINOP,Meningite fúngica,1,1,1,0,10794.0,9.264406151565684,0.0,0.0
2011,510850,VERA,SINOP,Meningite não especificada,1,1,1,0,10794.0,9.264406151565684,0.0,0.0
2011,510850,VERA,SINOP,Meningite por Hib/Hemófilo,1,1,1,0,10794.0,9.264406151565684,0.0,0.0
2011,510860,VILA RICA,PORTO ALEGRE DO NORTE,Outras etiologias,1,0,1,0,21368.0,4.679895170348185,0.0,
2012,510010,ACORIZAL,CUIABA,Meningite bacteriana/outras bactérias,1,1,1,0,5418.0,18.456995201181247,0.0,0.0
2012,510020,AGUA BOA,AGUA BOA,Meningite bacteriana/outras bactérias,1,1,1,0,22258.0,4.492766645700422,0.0,0.0
2012,510025,ALTA FLORESTA,ALTA FLORESTA,Doença meningocócica,1,1,1,0,51797.0,1.9306137421086162,0.0,0.0
2012,510025,ALTA FLORESTA,ALTA FLORESTA,Meningite não especificada,2,2,2,0,51797.0,3.8612274842172325,0.0,0.0
2012,510025,ALTA FLORESTA,ALTA FLORESTA,Outras etiologias,2,0,2,0,51797.0,3.8612274842172325,0.0,
2012,510030,ALTO ARAGUAIA,RONDONOPOLIS,Meningite fúngica,1,1,1,1,16124.0,6.201935003721161,6.201935003721161,100.0
2012,510030,ALTO ARAGUAIA,RONDONOPOLIS,Meningite viral/asséptica,1,1,1,0,16124.0,6.201935003721161,0.0,0.0
2012,510080,APIACAS,ALTA FLORESTA,Meningite não especificada,1,1,1,0,8715.0,11.474469305794607,0.0,0.0
2012,510100,ARAGUAIANA,BARRA DO GARCAS,Meningite não especificada,1,1,1,0,3323.0,30.09328919650918,0.0,0.0
2012,510100,ARAGUAIANA,BARRA DO GARCAS,Outras etiologias,2,0,1,0,3323.0,60.18657839301836,0.0,
2012,510125,ARAPUTANGA,CACERES,Outras etiologias,1,0,0,0,15324.0,6.525711302531977,0.0,
2012,510140,ARIPUANA,JUINA,Meningite pneumocócica,1,1,1,0,19919.0,5.020332346001306,0.0,0.0
2012,510170,BARRA DO BUGRES,TANGARA DA SERRA,Meningite pneumocócica,1,1,1,1,31428.0,3.181876034109711,3.181876034109711,100.0
2012,510170,BARRA DO BUGRES,TANGARA DA SERRA,Meningite viral/asséptica,1,1,1,0,31428.0,3.181876034109711,0.0,0.0
2012,510170,BARRA DO BUGRES,TANGARA DA SERRA,Outras etiologias,2,0,2,0,31428.0,6.363752068219422,0.0,
2012,510180,BARRA DO GARCAS,BARRA DO GARCAS,Doença meningocócica,2,2,2,1,59258.0,3.3750717202740557,1.6875358601370278,50.0
2012,510180,BARRA DO GARCAS,BARRA DO GARCAS,Meningite não especificada,1,1,1,0,59258.0,1.6875358601370278,0.0,0.0
2012,510180,BARRA DO GARCAS,BARRA DO GARCAS,Outras etiologias,14,0,9,0,59258.0,23.62550204191839,0.0,
2012,510250,CACERES,CACERES,Meningite bacteriana/outras bactérias,4,4,3,0,89998.0,4.4445432120713795,0.0,0.0
2012,510250,CACERES,CACERES,Meningite não especificada,3,3,3,0,89998.0,3.3334074090535344,0.0,0.0
2012,510250,CACERES,CACERES,Meningite tuberculosa,1,1,1,0,89998.0,1.1111358030178449,0.0,0.0
2012,510250,CACERES,CACERES,Meningite viral/asséptica,4,4,4,0,89998.0,4.4445432120713795,0.0,0.0
2012,510250,CACERES,CACERES,Outras etiologias,1,1,1,0,89998.0,1.1111358030178449,0.0,0.0
2012,510260,CAMPINAPOLIS,BARRA DO GARCAS,Meningite viral/asséptica,1,1,1,1,14687.0,6.808742425274052,6.808742425274052,100.0
2012,510260,CAMPINAPOLIS,BARRA DO GARCAS,Outras etiologias,1,0,0,0,14687.0,6.808742425274052,0.0,
2012,510263,CAMPO NOVO DO PARECIS,TANGARA DA SERRA,Meningite não especificada,1,1,1,0,30212.0,3.3099430689792135,0.0,0.0
2012,510267,CAMPO VERDE,RONDONOPOLIS,Outras etiologias,2,0,1,0,33768.0,5.922767116796968,0.0,
2012,510270,CANARANA,AGUA BOA,Doença meningocócica,1,1,1,0,19919.0,5.020332346001306,0.0,0.0
2012,510270,CANARANA,AGUA BOA,Meningite não especificada,1,1,1,0,19919.0,5.020332346001306,0.0,0.0
2012,510279,CARLINDA,ALTA FLORESTA,Meningite bacteriana/outras bactérias,2,2,2,0,11033.0,18.127435874195594,0.0,0.0
2012,510279,CARLINDA,ALTA FLORESTA,Outras etiologias,1,0,0,0,11033.0,9.063717937097797,0.0,
2012,510305,CLAUDIA,SINOP,Outras etiologias,1,0,1,0,10917.0,9.160025648071816,0.0,
2012,510320,COLIDER,COLIDER,Meningite não especificada,1,1,1,0,31666.0,3.1579612202362153,0.0,0.0
2012,510335,CONFRESA,PORTO ALEGRE DO NORTE,Outras etiologias,1,0,1,0,26945.0,3.7112636852848397,0.0,
2012,510337,COTRIGUACU,JUINA,Meningite pneumocócica,1,1,1,0,14233.0,7.025925665706457,0.0,0.0
2012,510340,CUIABA,CUIABA,Doença meningocócica,14,14,13,3,583297.0,2.40014949502569,0.5143177489340764,21.428571428571427
2012,510340,CUIABA,CUIABA,Meningite bacteriana/outras bactérias,17,17,16,4,583297.0,2.9144672439597668,0.6857569985787686,23.52941176470588
2012,510340,CUIABA,CUIABA,Meningite fúngica,1,1,1,0,583297.0,0.17143924964469215,0.0,0.0
2012,510340,CUIABA,CUIABA,Meningite não especificada,12,12,12,0,583297.0,2.057270995736306,0.0,0.0
2012,510340,CUIABA,CUIABA,Meningite pneumocócica,5,5,5,2,583297.0,0.8571962482234609,0.3428784992893843,40.0
2012,510340,CUIABA,CUIABA,Meningite viral/asséptica,19,19,18,1,583297.0,3.257345743249151,0.17143924964469215,5.263157894736842
2012,510340,CUIABA,CUIABA,Outras etiologias,30,2,27,1,583297.0,5.143177489340765,0.17143924964469215,50.0
2012,510350,DIAMANTINO,DIAMANTINO,Outras etiologias,1,0,0,0,20818.0,4.803535402055913,0.0,
2012,510370,FELIZ NATAL,SINOP,Meningite fúngica,1,1,1,0,11052.0,9.048136083966703,0.0,0.0
2012,510410,GUARANTA DO NORTE,PEIXOTO DE AZEVEDO,Outras etiologias,4,0,3,0,32787.0,12.19995730014945,0.0,
2012,510480,JACIARA,RONDONOPOLIS,Doença meningocócica,1,1,1,0,26799.0,3.7314825180044036,0.0,0.0
2012,510480,JACIARA,RONDONOPOLIS,Meningite pneumocócica,1,1,1,0,26799.0,3.7314825180044036,0.0,0.0
2012,510480,JACIARA,RONDONOPOLIS,Outras etiologias,1,1,0,0,26799.0,3.7314825180044036,0.0,0.0
2012,510515,JUINA,JUINA,Outras etiologias,1,0,1,0,41379.0,2.416684791802605,0.0,
2012,510517,JURUENA,JUINA,Meningite bacteriana/outras bactérias,1,1,1,0,11210.0,8.920606601248885,0.0,0.0
2012,510520,JUSCIMEIRA,RONDONOPOLIS,Meningite viral/asséptica,1,1,1,0,11584.0,8.632596685082872,0.0,0.0
2012,510520,JUSCIMEIRA,RONDONOPOLIS,Outras etiologias,1,0,1,0,11584.0,8.632596685082872,0.0,
2012,510525,LUCAS DO RIO VERDE,SINOP,Meningite não especificada,1,1,1,0,50902.0,1.9645593493379434,0.0,0.0
2012,510525,LUCAS DO RIO VERDE,SINOP,Outras etiologias,2,0,2,0,50902.0,3.929118698675887,0.0,
2012,510550,VILA BELA DA S TRINDADE,PONTES E LACERDA,Meningite bacteriana/outras bactérias,1,1,1,0,15076.0,6.633059166887768,0.0,0.0
2012,510562,MIRASSOL D OESTE,CACERES,Meningite bacteriana/outras bactérias,1,1,1,0,26071.0,3.8356794906217635,0.0,0.0
2012,510562,MIRASSOL D OESTE,CACERES,Meningite não especificada,1,1,1,0,26071.0,3.8356794906217635,0.0,0.0
2012,510562,MIRASSOL D OESTE,CACERES,Meningite viral/asséptica,3,3,3,0,26071.0,11.507038471865291,0.0,0.0
2012,510590,NOBRES,DIAMANTINO,Meningite viral/asséptica,1,1,1,0,15242.0,6.5608187901850155,0.0,0.0
2012,510615,NOVA BANDEIRANTES,ALTA FLORESTA,Meningite não especificada,1,1,1,1,12181.0,8.20950660865282,8.20950660865282,100.0
2012,510623,NOVA OLIMPIA,TANGARA DA SERRA,Outras etiologias,2,0,2,0,17464.0,11.452130096197893,0.0,
2012,510626,NOVO MUNDO,PEIXOTO DE AZEVEDO,Meningite viral/asséptica,1,1,1,0,7246.0,13.80071763731714,0.0,0.0
2012,510629,PARANAITA,ALTA FLORESTA,Meningite não especificada,1,1,1,0,11037.0,9.06043308870164,0.0,0.0
2012,510630,PARANATINGA,RONDONOPOLIS,Meningite viral/asséptica,1,1,1,0,20546.0,4.867127421395892,0.0,0.0
2012,510631,NOVO SANTO ANTONIO,SAO FELIX DO ARAGUAIA,Outras etiologias,1,0,0,0,2018.0,49.554013875123886,0.0,
2012,510637,PEDRA PRETA,RONDONOPOLIS,Meningite não especificada,1,1,1,1,16208.0,6.169792694965449,6.169792694965449,100.0
2012,510642,PEIXOTO DE AZEVEDO,PEIXOTO DE AZEVEDO,Outras etiologias,1,0,1,0,32028.0,3.122268015486449,0.0,
2012,510650,POCONE,CUIABA,Outras etiologias,1,1,0,0,31982.0,3.1267588018260275,0.0,0.0
2012,510675,PONTES E LACERDA,PONTES E LACERDA,Meningite bacteriana/outras bactérias,1,1,1,0,43771.0,2.2846176692330538,0.0,0.0
2012,510675,PONTES E LACERDA,PONTES E LACERDA,Meningite não especificada,1,1,0,0,43771.0,2.2846176692330538,0.0,0.0
2012,510675,PONTES E LACERDA,PONTES E LACERDA,Meningite viral/asséptica,3,3,3,0,43771.0,6.853853007699162,0.0,0.0
2012,510675,PONTES E LACERDA,PONTES E LACERDA,Outras etiologias,2,0,2,0,43771.0,4.5692353384661075,0.0,
2012,510682,PORTO ESPERIDIAO,CACERES,Meningite viral/asséptica,2,2,2,0,10946.0,18.27151470856934,0.0,0.0
2012,510704,PRIMAVERA DO LESTE,RONDONOPOLIS,Doença meningocócica,1,1,1,0,56867.0,1.7584891061599872,0.0,0.0
2012,510704,PRIMAVERA DO LESTE,RONDONOPOLIS,Meningite bacteriana/outras bactérias,1,1,1,0,56867.0,1.7584891061599872,0.0,0.0
2012,510704,PRIMAVERA DO LESTE,RONDONOPOLIS,Meningite fúngica,3,3,3,0,56867.0,5.275467318479962,0.0,0.0
2012,510704,PRIMAVERA DO LESTE,RONDONOPOLIS,Meningite não especificada,1,1,1,0,56867.0,1.7584891061599872,0.0,0.0
2012,510704,PRIMAVERA DO LESTE,RONDONOPOLIS,Meningite viral/asséptica,3,3,3,0,56867.0,5.275467318479962,0.0,0.0
2012,510706,QUERENCIA,AGUA BOA,Outras etiologias,1,0,1,0,14543.0,6.87616035205941,0.0,
2012,510710,SAO JOSE DOS QUATRO MARCOS,CACERES,Meningite viral/asséptica,1,1,1,0,18972.0,5.270925574530888,0.0,0.0
2012,510724,SANTA CARMEM,SINOP,Doença meningocócica,1,1,1,1,4346.0,23.00966405890474,23.00966405890474,100.0
2012,510729,SAO JOSE DO POVO,RONDONOPOLIS,Doença meningocócica,1,1,1,0,3429.0,29.163021289005545,0.0,0.0
2012,510730,SAO JOSE DO RIO CLARO,DIAMANTINO,Meningite bacteriana/outras bactérias,1,1,1,0,16742.0,5.97300203082069,0.0,0.0
2012,510730,SAO JOSE DO RIO CLARO,DIAMANTINO,Meningite fúngica,1,1,1,0,16742.0,5.97300203082069,0.0,0.0
2012,510760,RONDONOPOLIS,RONDONOPOLIS,Doença meningocócica,2,2,2,0,207766.0,0.9626214106254152,0.0,0.0
2012,510760,RONDONOPOLIS,RONDONOPOLIS,Meningite bacteriana/outras bactérias,2,2,2,0,207766.0,0.9626214106254152,0.0,0.0
2012,510760,RONDONOPOLIS,RONDONOPOLIS,Meningite fúngica,2,2,2,0,207766.0,0.9626214106254152,0.0,0.0
2012,510760,RONDONOPOLIS,RONDONOPOLIS,Meningite não especificada,2,2,2,0,207766.0,0.9626214106254152,0.0,0.0
2012,510760,RONDONOPOLIS,RONDONOPOLIS,Meningite pneumocócica,1,1,1,0,207766.0,0.4813107053127076,0.0,0.0
2012,510760,RONDONOPOLIS,RONDONOPOLIS,Meningite viral/asséptica,14,14,14,0,207766.0,6.7383498743779064,0.0,0.0
2012,510760,RONDONOPOLIS,RONDONOPOLIS,Outras etiologias,2,1,1,0,207766.0,0.9626214106254152,0.0,0.0
2012,510790,SINOP,SINOP,Doença meningocócica,4,4,4,2,125568.0,3.1855249745158005,1.5927624872579003,50.0
2012,510790,SINOP,SINOP,Meningite bacteriana/outras bactérias,2,2,2,0,125568.0,1.5927624872579003,0.0,0.0
2012,510790,SINOP,SINOP,Meningite não especificada,6,6,6,0,125568.0,4.778287461773701,0.0,0.0
2012,510790,SINOP,SINOP,Meningite pneumocócica,1,1,1,1,125568.0,0.7963812436289501,0.7963812436289501,100.0
2012,510790,SINOP,SINOP,Meningite viral/asséptica,17,17,17,0,125568.0,13.53848114169215,0.0,0.0
2012,510790,SINOP,SINOP,Outras etiologias,4,0,4,0,125568.0,3.1855249745158005,0.0,
2012,510792,SORRISO,SINOP,Doença meningocócica,2,2,2,1,72896.0,2.743634767339772,1.371817383669886,50.0
2012,510792,SORRISO,SINOP,Meningite fúngica,1,1,1,0,72896.0,1.371817383669886,0.0,0.0
2012,510792,SORRISO,SINOP,Meningite não especificada,2,2,2,0,72896.0,2.743634767339772,0.0,0.0
2012,510792,SORRISO,SINOP,Meningite tuberculosa,1,1,1,1,72896.0,1.371817383669886,1.371817383669886,100.0
2012,510792,SORRISO,SINOP,Meningite viral/asséptica,5,5,5,0,72896.0,6.85908691834943,0.0,0.0
2012,510792,SORRISO,SINOP,Outras etiologias,5,1,2,0,72896.0,6.85908691834943,0.0,0.0
2012,510794,TABAPORA,JUARA,Outras etiologias,1,0,1,0,10055.0,9.945300845350571,0.0,
2012,510795,TANGARA DA SERRA,TANGARA DA SERRA,Doença meningocócica,1,1,1,0,89101.0,1.1223218594628568,0.0,0.0
2012,510795,TANGARA DA SERRA,TANGARA DA SERRA,Outras etiologias,2,0,2,0,89101.0,2.2446437189257136,0.0,
2012,510800,TAPURAH,SINOP,Doença meningocócica,1,1,1,0,11005.0,9.086778736937756,0.0,0.0
2012,510800,TAPURAH,SINOP,Meningite não especificada,1,1,1,0,11005.0,9.086778736937756,0.0,0.0
2012,510810,TESOURO,RONDONOPOLIS,Meningite viral/asséptica,1,1,1,0,3390.0,29.49852507374631,0.0,0.0
2012,510820,TORIXOREU,BARRA DO GARCAS,Meningite não especificada,1,1,1,1,4130.0,24.213075060532688,24.213075060532688,100.0
2012,510840,VARZEA GRANDE,CUIABA,Doença meningocócica,5,5,5,2,266454.0,1.876496505963506,0.7505986023854024,40.0
2012,510840,VARZEA GRANDE,CUIABA,Meningite bacteriana/outras bactérias,4,4,4,0,266454.0,1.5011972047708049,0.0,0.0
2012,510840,VARZEA GRANDE,CUIABA,Meningite fúngica,1,1,1,0,266454.0,0.3752993011927012,0.0,0.0
2012,510840,VARZEA GRANDE,CUIABA,Meningite não especificada,5,5,5,1,266454.0,1.876496505963506,0.3752993011927012,20.0
2012,510840,VARZEA GRANDE,CUIABA,Meningite pneumocócica,2,2,2,0,266454.0,0.7505986023854024,0.0,0.0
2012,510840,VARZEA GRANDE,CUIABA,Meningite viral/asséptica,8,8,8,0,266454.0,3.0023944095416097,0.0,0.0
2012,510840,VARZEA GRANDE,CUIABA,Outras etiologias,10,2,4,0,266454.0,3.752993011927012,0.0,0.0
2012,510850,VERA,SINOP,Doença meningocócica,1,1,1,0,10968.0,9.11743253099927,0.0,0.0
2012,510850,VERA,SINOP,Outras etiologias,1,0,1,0,10968.0,9.11743253099927,0.0,
2013,510020,AGUA BOA,AGUA BOA,Outras etiologias,1,0,1,0,22915.0,4.363953742090334,0.0,
2013,510030,ALTO ARAGUAIA,RONDONOPOLIS,Doença meningocócica,1,1,0,1,16246.0,6.155361319709468,6.155361319709468,100.0
2013,510040,ALTO GARCAS,RONDONOPOLIS,Meningite viral/asséptica,1,1,1,1,11032.0,9.064539521392314,9.064539521392314,100.0
2013,510050,ALTO PARAGUAI,DIAMANTINO,Outras etiologias,1,0,1,0,9454.0,10.577533319229955,0.0,
2013,510080,APIACAS,ALTA FLORESTA,Doença meningocócica,1,1,1,0,8720.0,11.46788990825688,0.0,0.0
2013,510100,ARAGUAIANA,BARRA DO GARCAS,Meningite bacteriana/outras bactérias,1,1,0,0,3371.0,29.66478789676654,0.0,0.0
2013,510100,ARAGUAIANA,BARRA DO GARCAS,Outras etiologias,2,0,2,0,3371.0,59.32957579353308,0.0,
2013,510125,ARAPUTANGA,CACERES,Meningite bacteriana/outras bactérias,1,1,1,0,15259.0,6.553509404285996,0.0,0.0
2013,510130,ARENAPOLIS,TANGARA DA SERRA,Outras etiologias,1,0,1,0,10470.0,9.551098376313277,0.0,
2013,510140,ARIPUANA,JUINA,Outras etiologias,1,0,1,0,20425.0,4.8959608323133414,0.0,
2013,510170,BARRA DO BUGRES,TANGARA DA SERRA,Meningite viral/asséptica,3,3,3,0,31264.0,9.595701125895598,0.0,0.0
2013,510170,BARRA DO BUGRES,TANGARA DA SERRA,Outras etiologias,1,0,1,0,31264.0,3.1985670419651995,0.0,
2013,510180,BARRA DO GARCAS,BARRA DO GARCAS,Meningite fúngica,1,1,1,0,60267.0,1.6592828579487946,0.0,0.0
2013,510180,BARRA DO GARCAS,BARRA DO GARCAS,Meningite não especificada,7,7,7,1,60267.0,11.614980005641563,1.6592828579487946,14.285714285714285
2013,510180,BARRA DO GARCAS,BARRA DO GARCAS,Outras etiologias,6,1,6,0,60267.0,9.955697147692767,0.0,0.0
2013,510190,BRASNORTE,JUINA,Meningite viral/asséptica,1,1,1,0,15879.0,6.297625795075257,0.0,0.0
2013,510250,CACERES,CACERES,Doença meningocócica,2,2,2,0,90110.0,2.219509488403063,0.0,0.0
2013,510250,CACERES,CACERES,Meningite bacteriana/outras bactérias,5,5,5,0,90110.0,5.548773721007658,0.0,0.0
2013,510250,CACERES,CACERES,Meningite não especificada,10,10,10,0,90110.0,11.097547442015316,0.0,0.0
2013,510250,CACERES,CACERES,Meningite viral/asséptica,20,20,19,0,90110.0,22.19509488403063,0.0,0.0
2013,510250,CACERES,CACERES,Outras etiologias,1,0,1,0,90110.0,1.1097547442015314,0.0,
2013,510260,CAMPINAPOLIS,BARRA DO GARCAS,Meningite pneumocócica,1,1,1,0,14785.0,6.763611768684478,0.0,0.0
2013,510263,CAMPO NOVO DO PARECIS,TANGARA DA SERRA,Outras etiologias,1,0,1,0,31542.0,3.1703760065943825,0.0,
2013,510267,CAMPO VERDE,RONDONOPOLIS,Doença meningocócica,1,1,1,0,34787.0,2.87463707706902,0.0,0.0
2013,510267,CAMPO VERDE,RONDONOPOLIS,Meningite viral/asséptica,1,1,1,0,34787.0,2.87463707706902,0.0,0.0
2013,510267,CAMPO VERDE,RONDONOPOLIS,Outras etiologias,1,0,0,0,34787.0,2.87463707706902,0.0,
2013,510270,CANARANA,AGUA BOA,Meningite não especificada,1,1,1,1,20474.0,4.884243430692585,4.884243430692585,100.0
2013,510270,CANARANA,AGUA BOA,Outras etiologias,5,0,4,0,20474.0,24.421217153462926,0.0,
2013,510300,CHAPADA DOS GUIMARAES,CUIABA,Doença meningocócica,2,2,2,1,18512.0,10.8038029386344,5.4019014693172,50.0
2013,510300,CHAPADA DOS GUIMARAES,CUIABA,Meningite não especificada,1,1,1,0,18512.0,5.4019014693172,0.0,0.0
2013,510300,CHAPADA DOS GUIMARAES,CUIABA,Meningite pneumocócica,1,1,1,0,18512.0,5.4019014693172,0.0,0.0
2013,510300,CHAPADA DOS GUIMARAES,CUIABA,Outras etiologias,2,0,1,0,18512.0,10.8038029386344,0.0,
2013,510305,CLAUDIA,SINOP,Meningite viral/asséptica,1,1,1,0,10791.0,9.266981744045964,0.0,0.0
2013,510305,CLAUDIA,SINOP,Outras etiologias,1,1,1,0,10791.0,9.266981744045964,0.0,0.0
2013,510320,COLIDER,COLIDER,Outras etiologias,1,0,1,0,31720.0,3.1525851197982346,0.0,
2013,510340,CUIABA,CUIABA,Doença meningocócica,8,8,8,5,590950.0,1.353752432523902,0.8460952703274388,62.5
2013,510340,CUIABA,CUIABA,Meningite bacteriana/outras bactérias,6,6,6,2,590950.0,1.0153143243929266,0.3384381081309755,33.33333333333333
2013,510340,CUIABA,CUIABA,Meningite não especificada,25,25,25,0,590950.0,4.230476351637194,0.0,0.0
2013,510340,CUIABA,CUIABA,Meningite pneumocócica,3,3,3,0,590950.0,0.5076571621964633,0.0,0.0
2013,510340,CUIABA,CUIABA,Meningite viral/asséptica,16,16,16,0,590950.0,2.707504865047804,0.0,0.0
2013,510340,CUIABA,CUIABA,Outras etiologias,33,1,29,0,590950.0,5.5842287841610965,0.0,0.0
2013,510350,DIAMANTINO,DIAMANTINO,Meningite não especificada,1,1,1,0,20928.0,4.778287461773701,0.0,0.0
2013,510360,DOM AQUINO,RONDONOPOLIS,Doença meningocócica,1,1,1,0,8151.0,12.2684333210649,0.0,0.0
2013,510360,DOM AQUINO,RONDONOPOLIS,Meningite pneumocócica,1,1,1,0,8151.0,12.2684333210649,0.0,0.0
2013,510370,FELIZ NATAL,SINOP,Meningite não especificada,1,1,1,1,11013.0,9.08017797148824,9.08017797148824,100.0
2013,510390,GENERAL CARNEIRO,BARRA DO GARCAS,Outras etiologias,1,0,1,0,5517.0,18.125793003443903,0.0,
2013,510410,GUARANTA DO NORTE,PEIXOTO DE AZEVEDO,Meningite bacteriana/outras bactérias,1,1,1,0,32683.0,3.059694642474681,0.0,0.0
2013,510410,GUARANTA DO NORTE,PEIXOTO DE AZEVEDO,Meningite não especificada,1,1,1,0,32683.0,3.059694642474681,0.0,0.0
2013,510410,GUARANTA DO NORTE,PEIXOTO DE AZEVEDO,Meningite viral/asséptica,1,1,1,0,32683.0,3.059694642474681,0.0,0.0
2013,510410,GUARANTA DO NORTE,PEIXOTO DE AZEVEDO,Outras etiologias,2,0,2,0,32683.0,6.119389284949362,0.0,
2013,510420,GUIRATINGA,RONDONOPOLIS,Outras etiologias,2,1,2,0,13101.0,15.266010228226852,0.0,0.0
2013,510454,ITANHANGA,SINOP,Doença meningocócica,2,2,2,0,5853.0,34.170510849137194,0.0,0.0
2013,510455,ITAUBA,COLIDER,Doença meningocócica,1,1,1,0,4757.0,21.02165230187093,0.0,0.0
2013,510455,ITAUBA,COLIDER,Meningite bacteriana/outras bactérias,1,1,1,0,4757.0,21.02165230187093,0.0,0.0
2013,510460,ITIQUIRA,RONDONOPOLIS,Doença meningocócica,2,2,2,0,11789.0,16.964967342437866,0.0,0.0
2013,510460,ITIQUIRA,RONDONOPOLIS,Meningite viral/asséptica,1,1,1,0,11789.0,8.482483671218933,0.0,0.0
2013,510460,ITIQUIRA,RONDONOPOLIS,Outras etiologias,1,0,0,0,11789.0,8.482483671218933,0.0,
2013,510480,JACIARA,RONDONOPOLIS,Doença meningocócica,1,1,1,0,26996.0,3.7042524818491627,0.0,0.0
2013,510480,JACIARA,RONDONOPOLIS,Meningite não especificada,2,2,2,0,26996.0,7.408504963698325,0.0,0.0
2013,510480,JACIARA,RONDONOPOLIS,Meningite pneumocócica,1,1,1,1,26996.0,3.7042524818491627,3.7042524818491627,100.0
2013,510480,JACIARA,RONDONOPOLIS,Meningite viral/asséptica,1,1,1,0,26996.0,3.7042524818491627,0.0,0.0
2013,510480,JACIARA,RONDONOPOLIS,Outras etiologias,4,0,2,0,26996.0,14.81700992739665,0.0,
2013,510500,JAURU,PONTES E LACERDA,Meningite viral/asséptica,1,1,1,0,9895.0,10.106114199090449,0.0,0.0
2013,510515,JUINA,JUINA,Outras etiologias,1,0,1,0,41930.0,2.3849272597185784,0.0,
2013,510525,LUCAS DO RIO VERDE,SINOP,Meningite bacteriana/outras bactérias,1,1,1,1,53663.0,1.8634813558690344,1.8634813558690344,100.0
2013,510525,LUCAS DO RIO VERDE,SINOP,Outras etiologias,1,0,1,0,53663.0,1.8634813558690344,0.0,
2013,510558,MARCELANDIA,COLIDER,Meningite não especificada,1,1,1,0,12075.0,8.281573498964804,0.0,0.0
2013,510558,MARCELANDIA,COLIDER,Meningite viral/asséptica,1,1,1,0,12075.0,8.281573498964804,0.0,0.0
2013,510558,MARCELANDIA,COLIDER,Outras etiologias,2,0,2,0,12075.0,16.563146997929607,0.0,
2013,510610,NOSSA SENHORA DO LIVRAMENTO,CUIABA,Outras etiologias,1,0,0,0,11588.0,8.62961684501208,0.0,
2013,510615,NOVA BANDEIRANTES,ALTA FLORESTA,Meningite bacteriana/outras bactérias,1,1,1,0,12334.0,8.107669855683477,0.0,0.0
2013,510615,NOVA BANDEIRANTES,ALTA FLORESTA,Outras etiologias,1,0,1,0,12334.0,8.107669855683477,0.0,
2013,510618,NOVA LACERDA,PONTES E LACERDA,Meningite bacteriana/outras bactérias,2,1,2,0,5856.0,34.15300546448088,0.0,0.0
2013,510618,NOVA LACERDA,PONTES E LACERDA,Meningite viral/asséptica,2,2,2,0,5856.0,34.15300546448088,0.0,0.0
2013,510622,NOVA MUTUM,SINOP,Doença meningocócica,2,2,2,2,36895.0,5.420788724759452,5.420788724759452,100.0
2013,510622,NOVA MUTUM,SINOP,Outras etiologias,1,0,1,0,36895.0,2.710394362379726,0.0,
2013,510625,NOVA XAVANTINA,BARRA DO GARCAS,Meningite bacteriana/outras bactérias,1,1,1,0,20992.0,4.763719512195122,0.0,0.0
2013,510627,NOVO HORIZONTE DO NORTE,JUARA,Meningite fúngica,1,1,1,1,3694.0,27.070925825663238,27.070925825663238,100.0
2013,510629,PARANAITA,ALTA FLORESTA,Meningite não especificada,1,1,1,0,11118.0,8.994423457456378,0.0,0.0
2013,510630,PARANATINGA,RONDONOPOLIS,Meningite viral/asséptica,2,2,2,0,21107.0,9.47552944520775,0.0,0.0
2013,510630,PARANATINGA,RONDONOPOLIS,Outras etiologias,2,0,2,0,21107.0,9.47552944520775,0.0,
2013,510637,PEDRA PRETA,RONDONOPOLIS,Meningite viral/asséptica,1,1,1,1,16395.0,6.099420555047271,6.099420555047271,100.0
2013,510642,PEIXOTO DE AZEVEDO,PEIXOTO DE AZEVEDO,Meningite fúngica,1,1,1,0,32179.0,3.1076167687000837,0.0,0.0
2013,510642,PEIXOTO DE AZEVEDO,PEIXOTO DE AZEVEDO,Outras etiologias,1,0,1,0,32179.0,3.1076167687000837,0.0,
2013,510650,POCONE,CUIABA,Meningite bacteriana/outras bactérias,1,1,1,0,31893.0,3.1354842755463577,0.0,0.0
2013,510650,POCONE,CUIABA,Meningite viral/asséptica,2,2,2,0,31893.0,6.270968551092715,0.0,0.0
2013,510650,POCONE,CUIABA,Outras etiologias,2,0,1,0,31893.0,6.270968551092715,0.0,
2013,510665,PONTAL DO ARAGUAIA,BARRA DO GARCAS,Meningite não especificada,1,1,1,1,5800.0,17.241379310344826,17.241379310344826,100.0
2013,510675,PONTES E LACERDA,PONTES E LACERDA,Meningite viral/asséptica,1,1,1,0,44617.0,2.2412981598942108,0.0,0.0
2013,510685,PORTO ESTRELA,TANGARA DA SERRA,Meningite não especificada,1,1,1,0,3542.0,28.2326369282891,0.0,0.0
2013,510700,POXOREO,RONDONOPOLIS,Meningite viral/asséptica,1,1,1,0,19054.0,5.24824183898394,0.0,0.0
2013,510704,PRIMAVERA DO LESTE,RONDONOPOLIS,Meningite bacteriana/outras bactérias,1,1,1,0,59222.0,1.6885616831582857,0.0,0.0
2013,510704,PRIMAVERA DO LESTE,RONDONOPOLIS,Meningite fúngica,1,1,1,0,59222.0,1.6885616831582857,0.0,0.0
2013,510704,PRIMAVERA DO LESTE,RONDONOPOLIS,Meningite pneumocócica,2,2,2,1,59222.0,3.3771233663165714,1.6885616831582857,50.0
2013,510704,PRIMAVERA DO LESTE,RONDONOPOLIS,Meningite viral/asséptica,3,3,3,0,59222.0,5.065685049474857,0.0,0.0
2013,510704,PRIMAVERA DO LESTE,RONDONOPOLIS,Outras etiologias,2,0,0,0,59222.0,3.3771233663165714,0.0,
2013,510706,QUERENCIA,AGUA BOA,Outras etiologias,1,0,1,0,15421.0,6.4846637701835155,0.0,
2013,510710,SAO JOSE DOS QUATRO MARCOS,CACERES,Meningite bacteriana/outras bactérias,1,1,1,0,18844.0,5.306728932286139,0.0,0.0
2013,510724,SANTA CARMEM,SINOP,Meningite bacteriana/outras bactérias,1,1,1,0,4454.0,22.451728783116298,0.0,0.0
2013,510724,SANTA CARMEM,SINOP,Meningite viral/asséptica,1,1,1,0,4454.0,22.451728783116298,0.0,0.0
2013,510760,RONDONOPOLIS,RONDONOPOLIS,Meningite bacteriana/outras bactérias,4,4,4,1,211686.0,1.8895911869467041,0.47239779673667603,25.0
2013,510760,RONDONOPOLIS,RONDONOPOLIS,Meningite fúngica,4,4,4,3,211686.0,1.8895911869467041,1.4171933902100282,75.0
2013,510760,RONDONOPOLIS,RONDONOPOLIS,Meningite não especificada,1,1,1,0,211686.0,0.47239779673667603,0.0,0.0
2013,510760,RONDONOPOLIS,RONDONOPOLIS,Meningite pneumocócica,7,7,7,0,211686.0,3.3067845771567326,0.0,0.0
2013,510760,RONDONOPOLIS,RONDONOPOLIS,Meningite viral/asséptica,5,5,5,1,211686.0,2.36198898368338,0.47239779673667603,20.0
2013,510760,RONDONOPOLIS,RONDONOPOLIS,Outras etiologias,1,0,0,0,211686.0,0.47239779673667603,0.0,
2013,510779,SANTO ANTONIO DO LESTE,RONDONOPOLIS,Meningite viral/asséptica,1,1,1,0,3803.0,26.295030239284777,0.0,0.0
2013,510780,SANTO ANTONIO DO LEVERGER,CUIABA,Outras etiologias,3,0,1,0,16321.0,18.381226640524478,0.0,
2013,510785,SAO FELIX DO ARAGUAIA,SAO FELIX DO ARAGUAIA,Outras etiologias,1,0,0,0,11432.0,8.74737578726382,0.0,
2013,510787,SAPEZAL,TANGARA DA SERRA,Meningite pneumocócica,1,1,1,0,20486.0,4.881382407497803,0.0,0.0
2013,510787,SAPEZAL,TANGARA DA SERRA,Outras etiologias,1,0,0,0,20486.0,4.881382407497803,0.0,
2013,510790,SINOP,SINOP,Doença meningocócica,3,3,3,1,131794.0,2.276279648542422,0.7587598828474741,33.33333333333333
2013,510790,SINOP,SINOP,Meningite bacteriana/outras bactérias,2,2,2,1,131794.0,1.5175197656949482,0.7587598828474741,50.0
2013,510790,SINOP,SINOP,Meningite não especificada,1,1,1,0,131794.0,0.7587598828474741,0.0,0.0
2013,510790,SINOP,SINOP,Meningite viral/asséptica,8,8,8,0,131794.0,6.070079062779793,0.0,0.0
2013,510790,SINOP,SINOP,Outras etiologias,5,0,5,0,131794.0,3.7937994142373705,0.0,
2013,510792,SORRISO,SINOP,Doença meningocócica,1,1,1,0,76209.0,1.3121809760002099,0.0,0.0
2013,510792,SORRISO,SINOP,Meningite fúngica,1,1,1,0,76209.0,1.3121809760002099,0.0,0.0
2013,510792,SORRISO,SINOP,Meningite não especificada,3,3,3,0,76209.0,3.93654292800063,0.0,0.0
2013,510792,SORRISO,SINOP,Meningite pneumocócica,2,2,2,0,76209.0,2.6243619520004198,0.0,0.0
2013,510792,SORRISO,SINOP,Meningite viral/asséptica,2,2,2,0,76209.0,2.6243619520004198,0.0,0.0
2013,510795,TANGARA DA SERRA,TANGARA DA SERRA,Outras etiologias,2,0,2,0,90839.0,2.2016975087792687,0.0,
2013,510805,TERRA NOVA DO NORTE,PEIXOTO DE AZEVEDO,Meningite não especificada,1,1,1,0,11118.0,8.994423457456378,0.0,0.0
2013,510830,UNIAO DO SUL,SINOP,Doença meningocócica,1,1,1,0,3815.0,26.21231979030144,0.0,0.0
2013,510840,VARZEA GRANDE,CUIABA,Doença meningocócica,5,5,4,3,270080.0,1.8513033175355451,1.110781990521327,60.0
2013,510840,VARZEA GRANDE,CUIABA,Meningite bacteriana/outras bactérias,3,3,3,0,270080.0,1.110781990521327,0.0,0.0
2013,510840,VARZEA GRANDE,CUIABA,Meningite fúngica,1,1,1,0,270080.0,0.370260663507109,0.0,0.0
2013,510840,VARZEA GRANDE,CUIABA,Meningite não especificada,4,4,4,0,270080.0,1.481042654028436,0.0,0.0
2013,510840,VARZEA GRANDE,CUIABA,Meningite pneumocócica,1,1,1,0,270080.0,0.370260663507109,0.0,0.0
2013,510840,VARZEA GRANDE,CUIABA,Meningite viral/asséptica,2,2,2,0,270080.0,0.740521327014218,0.0,0.0
2013,510840,VARZEA GRANDE,CUIABA,Outras etiologias,19,2,15,0,270080.0,7.034952606635071,0.0,0.0
2013,510850,VERA,SINOP,Meningite bacteriana/outras bactérias,1,1,1,0,11163.0,8.958165367732688,0.0,0.0
2013,510850,VERA,SINOP,Meningite não especificada,2,2,2,1,11163.0,17.916330735465376,8.958165367732688,50.0
2013,510850,VERA,SINOP,Meningite viral/asséptica,1,1,1,0,11163.0,8.958165367732688,0.0,0.0
2013,510895,NOVA MONTE VERDE,ALTA FLORESTA,Meningite não especificada,1,1,1,0,8283.0,12.072920439454304,0.0,0.0
2014,510020,AGUA BOA,AGUA BOA,Outras etiologias,1,0,1,0,23608.0,4.235852253473399,0.0,
2014,510025,ALTA FLORESTA,ALTA FLORESTA,Meningite não especificada,2,2,2,0,53417.0,3.7441264017073213,0.0,0.0
2014,510025,ALTA FLORESTA,ALTA FLORESTA,Outras etiologias,1,0,1,0,53417.0,1.8720632008536606,0.0,
2014,510030,ALTO ARAGUAIA,RONDONOPOLIS,Meningite viral/asséptica,1,1,1,0,16397.0,6.098676587180582,0.0,0.0
2014,510060,ALTO TAQUARI,RONDONOPOLIS,Meningite viral/asséptica,1,1,1,0,9041.0,11.060723371308484,0.0,0.0
2014,510120,ARAGUAINHA,RONDONOPOLIS,Meningite viral/asséptica,1,1,1,0,1060.0,94.33962264150944,0.0,0.0
2014,510125,ARAPUTANGA,CACERES,Outras etiologias,1,0,1,0,15207.0,6.5759189846781085,0.0,
2014,510170,BARRA DO BUGRES,TANGARA DA SERRA,Meningite viral/asséptica,1,1,1,0,31123.0,3.213057867172188,0.0,0.0
2014,510180,BARRA DO GARCAS,BARRA DO GARCAS,Meningite não especificada,7,6,7,2,61330.0,11.41366378607533,3.261046796021523,33.33333333333333
2014,510180,BARRA DO GARCAS,BARRA DO GARCAS,Outras etiologias,2,0,2,0,61330.0,3.261046796021523,0.0,
2014,510250,CACERES,CACERES,Doença meningocócica,1,1,1,1,90277.0,1.107701850969793,1.107701850969793,100.0
2014,510250,CACERES,CACERES,Meningite bacteriana/outras bactérias,2,2,2,1,90277.0,2.215403701939586,1.107701850969793,50.0
2014,510250,CACERES,CACERES,Meningite não especificada,1,1,1,1,90277.0,1.107701850969793,1.107701850969793,100.0
2014,510250,CACERES,CACERES,Meningite viral/asséptica,10,10,9,0,90277.0,11.07701850969793,0.0,0.0
2014,510250,CACERES,CACERES,Outras etiologias,1,0,1,0,90277.0,1.107701850969793,0.0,
2014,510260,CAMPINAPOLIS,BARRA DO GARCAS,Doença meningocócica,3,3,3,0,14893.0,20.143691667226214,0.0,0.0
2014,510263,CAMPO NOVO DO PARECIS,TANGARA DA SERRA,Meningite não especificada,1,1,1,0,32971.0,3.032968366139941,0.0,0.0
2014,510263,CAMPO NOVO DO PARECIS,TANGARA DA SERRA,Outras etiologias,2,0,2,0,32971.0,6.065936732279882,0.0,
2014,510267,CAMPO VERDE,RONDONOPOLIS,Doença meningocócica,1,1,1,1,35869.0,2.787922718782235,2.787922718782235,100.0
2014,510267,CAMPO VERDE,RONDONOPOLIS,Meningite bacteriana/outras bactérias,2,2,2,0,35869.0,5.57584543756447,0.0,0.0
2014,510267,CAMPO VERDE,RONDONOPOLIS,Meningite não especificada,3,3,3,0,35869.0,8.363768156346707,0.0,0.0
2014,510267,CAMPO VERDE,RONDONOPOLIS,Meningite pneumocócica,3,3,3,0,35869.0,8.363768156346707,0.0,0.0
2014,510267,CAMPO VERDE,RONDONOPOLIS,Meningite viral/asséptica,1,1,1,0,35869.0,2.787922718782235,0.0,0.0
2014,510267,CAMPO VERDE,RONDONOPOLIS,Outras etiologias,1,0,0,0,35869.0,2.787922718782235,0.0,
2014,510269,CANABRAVA DO NORTE,PORTO ALEGRE DO NORTE,Meningite não especificada,1,1,1,0,4710.0,21.231422505307858,0.0,0.0
2014,510300,CHAPADA DOS GUIMARAES,CUIABA,Meningite viral/asséptica,1,1,1,0,18591.0,5.3789468022161255,0.0,0.0
2014,510300,CHAPADA DOS GUIMARAES,CUIABA,Outras etiologias,4,0,4,0,18591.0,21.515787208864502,0.0,
2014,510305,CLAUDIA,SINOP,Doença meningocócica,1,1,1,0,10668.0,9.373828271466067,0.0,0.0
2014,510320,COLIDER,COLIDER,Meningite pneumocócica,1,1,1,0,31769.0,3.1477226226824895,0.0,0.0
2014,510320,COLIDER,COLIDER,Meningite tuberculosa,1,1,1,0,31769.0,3.1477226226824895,0.0,0.0
2014,510325,COLNIZA,JUINA,Meningite não especificada,1,1,1,0,27029.0,3.699729919715861,0.0,0.0
2014,510330,COMODORO,PONTES E LACERDA,Meningite viral/asséptica,1,1,1,0,18374.0,5.442473059758354,0.0,0.0
2014,510335,CONFRESA,PORTO ALEGRE DO NORTE,Meningite bacteriana/outras bactérias,1,1,1,0,28580.0,3.4989503149055285,0.0,0.0
2014,510340,CUIABA,CUIABA,Doença meningocócica,7,7,7,1,599192.0,1.1682398963938103,0.16689141377054434,14.285714285714285
2014,510340,CUIABA,CUIABA,Meningite bacteriana/outras bactérias,6,6,6,1,599192.0,1.001348482623266,0.16689141377054434,16.666666666666664
2014,510340,CUIABA,CUIABA,Meningite fúngica,3,3,3,0,599192.0,0.500674241311633,0.0,0.0
2014,510340,CUIABA,CUIABA,Meningite não especificada,12,12,11,1,599192.0,2.002696965246532,0.16689141377054434,8.333333333333332
2014,510340,CUIABA,CUIABA,Meningite viral/asséptica,9,9,9,0,599192.0,1.5020227239348989,0.0,0.0
2014,510340,CUIABA,CUIABA,Outras etiologias,47,1,39,0,599192.0,7.843896447215584,0.0,0.0
2014,510343,CURVELANDIA,CACERES,Meningite viral/asséptica,2,2,2,0,4937.0,40.5104314360948,0.0,0.0
2014,510360,DOM AQUINO,RONDONOPOLIS,Meningite bacteriana/outras bactérias,1,1,1,0,8124.0,12.309207287050715,0.0,0.0
2014,510370,FELIZ NATAL,SINOP,Meningite fúngica,1,1,1,1,10972.0,9.11410864017499,9.11410864017499,100.0
2014,510370,FELIZ NATAL,SINOP,Outras etiologias,1,0,1,0,10972.0,9.11410864017499,0.0,
2014,510410,GUARANTA DO NORTE,PEIXOTO DE AZEVEDO,Meningite fúngica,1,1,1,0,32598.0,3.0676728633658503,0.0,0.0
2014,510410,GUARANTA DO NORTE,PEIXOTO DE AZEVEDO,Meningite não especificada,2,2,2,0,32598.0,6.135345726731701,0.0,0.0
2014,510410,GUARANTA DO NORTE,PEIXOTO DE AZEVEDO,Outras etiologias,4,0,4,0,32598.0,12.270691453463401,0.0,
2014,510450,INDIAVAI,CACERES,Meningite não especificada,1,1,1,0,2379.0,42.034468263976464,0.0,0.0
2014,510452,IPIRANGA DO NORTE,SINOP,Meningite pneumocócica,1,1,1,0,5955.0,16.79261125104954,0.0,0.0
2014,510455,ITAUBA,COLIDER,Meningite viral/asséptica,1,1,1,0,4794.0,20.859407592824365,0.0,0.0
2014,510480,JACIARA,RONDONOPOLIS,Meningite pneumocócica,1,1,1,0,27210.0,3.6751194413818444,0.0,0.0
2014,510480,JACIARA,RONDONOPOLIS,Outras etiologias,1,1,0,0,27210.0,3.6751194413818444,0.0,0.0
2014,510515,JUINA,JUINA,Outras etiologias,1,0,1,0,42502.0,2.35283045503741,0.0,
2014,510523,LAMBARI D OESTE,CACERES,Meningite viral/asséptica,2,2,2,0,5203.0,38.439361906592346,0.0,0.0
2014,510525,LUCAS DO RIO VERDE,SINOP,Meningite não especificada,1,1,1,0,56621.0,1.7661291746878367,0.0,0.0
2014,510525,LUCAS DO RIO VERDE,SINOP,Outras etiologias,3,0,3,0,56621.0,5.29838752406351,0.0,
2014,510550,VILA BELA DA S TRINDADE,PONTES E LACERDA,Meningite viral/asséptica,1,1,1,0,15456.0,6.469979296066253,0.0,0.0
2014,510558,MARCELANDIA,COLIDER,Meningite viral/asséptica,1,1,1,0,12027.0,8.314625426124552,0.0,0.0
2014,510560,MATUPA,PEIXOTO DE AZEVEDO,Meningite viral/asséptica,1,1,1,0,16095.0,6.213109661385524,0.0,0.0
2014,510562,MIRASSOL D OESTE,CACERES,Meningite bacteriana/outras bactérias,1,1,1,0,26299.0,3.8024259477546676,0.0,0.0
2014,510618,NOVA LACERDA,PONTES E LACERDA,Meningite viral/asséptica,2,2,2,0,5969.0,33.50644999162339,0.0,0.0
2014,510622,NOVA MUTUM,SINOP,Meningite bacteriana/outras bactérias,1,1,1,1,38780.0,2.5786487880350695,2.5786487880350695,100.0
2014,510622,NOVA MUTUM,SINOP,Meningite não especificada,1,1,1,0,38780.0,2.5786487880350695,0.0,0.0
2014,510622,NOVA MUTUM,SINOP,Outras etiologias,1,0,1,0,38780.0,2.5786487880350695,0.0,
2014,510623,NOVA OLIMPIA,TANGARA DA SERRA,Outras etiologias,1,0,1,0,17232.0,5.8031569173630455,0.0,
2014,510624,NOVA UBIRATA,SINOP,Meningite não especificada,2,2,2,0,10041.0,19.918334827208444,0.0,0.0
2014,510624,NOVA UBIRATA,SINOP,Meningite pneumocócica,1,1,1,0,10041.0,9.959167413604222,0.0,0.0
2014,510625,NOVA XAVANTINA,BARRA DO GARCAS,Outras etiologias,1,0,1,0,21387.0,4.675737597606022,0.0,
2014,510626,NOVO MUNDO,PEIXOTO DE AZEVEDO,Outras etiologias,1,0,1,0,7088.0,14.108352144469524,0.0,
2014,510627,NOVO HORIZONTE DO NORTE,JUARA,Outras etiologias,1,0,1,0,3653.0,27.374760470845878,0.0,
2014,510629,PARANAITA,ALTA FLORESTA,Meningite não especificada,1,0,1,0,11204.0,8.925383791503036,0.0,
2014,510630,PARANATINGA,RONDONOPOLIS,Meningite bacteriana/outras bactérias,1,1,1,0,21683.0,4.611907946317391,0.0,0.0
2014,510630,PARANATINGA,RONDONOPOLIS,Meningite não especificada,1,1,1,0,21683.0,4.611907946317391,0.0,0.0
2014,510630,PARANATINGA,RONDONOPOLIS,Meningite pneumocócica,1,1,1,1,21683.0,4.611907946317391,4.611907946317391,100.0
2014,510630,PARANATINGA,RONDONOPOLIS,Meningite viral/asséptica,1,1,1,0,21683.0,4.611907946317391,0.0,0.0
2014,510637,PEDRA PRETA,RONDONOPOLIS,Meningite viral/asséptica,1,1,1,0,16606.0,6.021919788028423,0.0,0.0
2014,510642,PEIXOTO DE AZEVEDO,PEIXOTO DE AZEVEDO,Outras etiologias,1,0,1,0,32354.0,3.0908079371947825,0.0,
2014,510650,POCONE,CUIABA,Meningite viral/asséptica,1,1,1,0,31830.0,3.141690229343387,0.0,0.0
2014,510650,POCONE,CUIABA,Outras etiologias,4,0,3,0,31830.0,12.566760917373548,0.0,
2014,510675,PONTES E LACERDA,PONTES E LACERDA,Meningite não especificada,1,1,1,0,45496.0,2.1979954281695093,0.0,0.0
2014,510675,PONTES E LACERDA,PONTES E LACERDA,Meningite viral/asséptica,4,4,3,0,45496.0,8.791981712678037,0.0,0.0
2014,510675,PONTES E LACERDA,PONTES E LACERDA,Outras etiologias,3,0,1,0,45496.0,6.593986284508528,0.0,
2014,510677,PORTO ALEGRE DO NORTE,PORTO ALEGRE DO NORTE,Doença meningocócica,1,1,1,1,11321.0,8.833141948591114,8.833141948591114,100.0
2014,510680,PORTO DOS GAUCHOS,JUARA,Meningite pneumocócica,1,1,1,0,5596.0,17.8699070764832,0.0,0.0
2014,510680,PORTO DOS GAUCHOS,JUARA,Outras etiologias,1,0,0,0,5596.0,17.8699070764832,0.0,
2014,510682,PORTO ESPERIDIAO,CACERES,Meningite bacteriana/outras bactérias,1,1,1,0,10783.0,9.273856997125105,0.0,0.0
2014,510682,PORTO ESPERIDIAO,CACERES,Meningite viral/asséptica,1,1,1,0,10783.0,9.273856997125105,0.0,0.0
2014,510700,POXOREO,RONDONOPOLIS,Meningite pneumocócica,1,1,1,1,19497.0,5.128994204236549,5.128994204236549,100.0
2014,510700,POXOREO,RONDONOPOLIS,Meningite viral/asséptica,1,1,1,0,19497.0,5.128994204236549,0.0,0.0
2014,510704,PRIMAVERA DO LESTE,RONDONOPOLIS,Meningite viral/asséptica,2,2,2,0,61767.0,3.2379749704534784,0.0,0.0
2014,510704,PRIMAVERA DO LESTE,RONDONOPOLIS,Outras etiologias,2,1,2,0,61767.0,3.2379749704534784,0.0,0.0
2014,510715,RESERVA DO CABACAL,CACERES,Meningite bacteriana/outras bactérias,1,1,1,0,2388.0,41.87604690117253,0.0,0.0
2014,510720,RIO BRANCO,CACERES,Meningite viral/asséptica,2,2,2,0,4852.0,41.22011541632317,0.0,0.0
2014,510729,SAO JOSE DO POVO,RONDONOPOLIS,Meningite pneumocócica,1,1,1,0,3294.0,30.35822707953856,0.0,0.0
2014,510730,SAO JOSE DO RIO CLARO,DIAMANTINO,Meningite viral/asséptica,1,1,1,0,16322.0,6.126700159294204,0.0,0.0
2014,510730,SAO JOSE DO RIO CLARO,DIAMANTINO,Outras etiologias,1,0,1,0,16322.0,6.126700159294204,0.0,
2014,510760,RONDONOPOLIS,RONDONOPOLIS,Doença meningocócica,2,2,2,0,215836.0,0.926629477936952,0.0,0.0
2014,510760,RONDONOPOLIS,RONDONOPOLIS,Meningite bacteriana/outras bactérias,3,3,3,0,215836.0,1.3899442169054281,0.0,0.0
2014,510760,RONDONOPOLIS,RONDONOPOLIS,Meningite fúngica,1,1,1,0,215836.0,0.463314738968476,0.0,0.0
2014,510760,RONDONOPOLIS,RONDONOPOLIS,Meningite pneumocócica,6,6,6,0,215836.0,2.7798884338108563,0.0,0.0
2014,510760,RONDONOPOLIS,RONDONOPOLIS,Meningite viral/asséptica,10,10,10,0,215836.0,4.633147389684761,0.0,0.0
2014,510760,RONDONOPOLIS,RONDONOPOLIS,Outras etiologias,4,2,4,0,215836.0,1.853258955873904,0.0,0.0
2014,510770,ROSARIO OESTE,DIAMANTINO,Outras etiologias,1,0,1,0,16842.0,5.937537109606935,0.0,
2014,510779,SANTO ANTONIO DO LESTE,RONDONOPOLIS,Meningite viral/asséptica,1,1,1,1,3829.0,26.116479498563596,26.116479498563596,100.0
2014,510780,SANTO ANTONIO DO LEVERGER,CUIABA,Outras etiologias,1,0,1,0,16367.0,6.109855196431844,0.0,
2014,510790,SINOP,SINOP,Meningite bacteriana/outras bactérias,5,5,5,0,138349.0,3.6140485294436537,0.0,0.0
2014,510790,SINOP,SINOP,Meningite fúngica,1,1,1,0,138349.0,0.7228097058887306,0.0,0.0
2014,510790,SINOP,SINOP,Meningite não especificada,2,2,2,0,138349.0,1.4456194117774612,0.0,0.0
2014,510790,SINOP,SINOP,Meningite pneumocócica,1,1,1,0,138349.0,0.7228097058887306,0.0,0.0
2014,510790,SINOP,SINOP,Meningite viral/asséptica,25,25,25,0,138349.0,18.070242647218265,0.0,0.0
2014,510790,SINOP,SINOP,Outras etiologias,1,1,0,0,138349.0,0.7228097058887306,0.0,0.0
2014,510792,SORRISO,SINOP,Doença meningocócica,2,2,2,0,79697.0,2.5095047492377383,0.0,0.0
2014,510792,SORRISO,SINOP,Meningite não especificada,7,7,7,0,79697.0,8.783266622332082,0.0,0.0
2014,510792,SORRISO,SINOP,Meningite viral/asséptica,1,1,1,0,79697.0,1.2547523746188691,0.0,0.0
2014,510795,TANGARA DA SERRA,TANGARA DA SERRA,Meningite viral/asséptica,1,1,1,0,92679.0,1.0789930836543338,0.0,0.0
2014,510800,TAPURAH,SINOP,Meningite viral/asséptica,1,1,1,0,11620.0,8.605851979345957,0.0,0.0
2014,510835,VALE DE SAO DOMINGOS,PONTES E LACERDA,Meningite viral/asséptica,1,1,1,0,3025.0,33.057851239669425,0.0,0.0
2014,510840,VARZEA GRANDE,CUIABA,Meningite bacteriana/outras bactérias,3,3,3,0,274026.0,1.0947866260865757,0.0,0.0
2014,510840,VARZEA GRANDE,CUIABA,Meningite não especificada,2,2,2,0,274026.0,0.7298577507243839,0.0,0.0
2014,510840,VARZEA GRANDE,CUIABA,Meningite viral/asséptica,4,4,4,0,274026.0,1.4597155014487677,0.0,0.0
2014,510840,VARZEA GRANDE,CUIABA,Outras etiologias,35,2,26,0,274026.0,12.772510637676717,0.0,0.0
2014,510880,NOVA GUARITA,COLIDER,Outras etiologias,1,0,1,0,4860.0,20.576131687242796,0.0,
2015,510010,ACORIZAL,CUIABA,Outras etiologias,1,0,1,0,5287.0,18.914318138831096,0.0,
2015,510020,AGUA BOA,AGUA BOA,Meningite viral/asséptica,1,1,1,1,24327.0,4.1106589386278625,4.1106589386278625,100.0
2015,510025,ALTA FLORESTA,ALTA FLORESTA,Meningite não especificada,5,5,5,0,54253.0,9.216080216762206,0.0,0.0
2015,510030,ALTO ARAGUAIA,RONDONOPOLIS,Outras etiologias,1,0,0,0,16537.0,6.047046018020197,0.0,
2015,510140,ARIPUANA,JUINA,Outras etiologias,1,0,1,0,21491.0,4.6531106044390675,0.0,
2015,510160,BARAO DE MELGACO,CUIABA,Meningite não especificada,1,1,1,0,7728.0,12.939958592132506,0.0,0.0
2015,510170,BARRA DO BUGRES,TANGARA DA SERRA,Outras etiologias,1,0,1,0,31003.0,3.225494307002548,0.0,
2015,510180,BARRA DO GARCAS,BARRA DO GARCAS,Meningite não especificada,5,5,5,1,62441.0,8.007559135824218,1.6015118271648439,20.0
2015,510180,BARRA DO GARCAS,BARRA DO GARCAS,Outras etiologias,2,0,2,0,62441.0,3.2030236543296877,0.0,
2015,510250,CACERES,CACERES,Doença meningocócica,2,2,2,0,90469.0,2.2107020084227744,0.0,0.0
2015,510250,CACERES,CACERES,Meningite bacteriana/outras bactérias,4,4,3,0,90469.0,4.421404016845549,0.0,0.0
2015,510250,CACERES,CACERES,Meningite não especificada,7,7,7,1,90469.0,7.737457029479711,1.1053510042113872,14.285714285714285
2015,510250,CACERES,CACERES,Meningite tuberculosa,1,1,1,0,90469.0,1.1053510042113872,0.0,0.0
2015,510250,CACERES,CACERES,Meningite viral/asséptica,5,5,5,1,90469.0,5.526755021056936,1.1053510042113872,20.0
2015,510250,CACERES,CACERES,Outras etiologias,1,0,0,0,90469.0,1.1053510042113872,0.0,
2015,510260,CAMPINAPOLIS,BARRA DO GARCAS,Outras etiologias,1,0,1,0,15007.0,6.663557006730193,0.0,
2015,510263,CAMPO NOVO DO PARECIS,TANGARA DA SERRA,Outras etiologias,2,0,2,0,34481.0,5.800295815086569,0.0,
2015,510267,CAMPO VERDE,RONDONOPOLIS,Meningite bacteriana/outras bactérias,1,1,1,0,37007.0,2.7021914772880806,0.0,0.0
2015,510267,CAMPO VERDE,RONDONOPOLIS,Meningite não especificada,1,1,1,0,37007.0,2.7021914772880806,0.0,0.0
2015,510267,CAMPO VERDE,RONDONOPOLIS,Meningite viral/asséptica,1,1,1,0,37007.0,2.7021914772880806,0.0,0.0
2015,510267,CAMPO VERDE,RONDONOPOLIS,Outras etiologias,1,0,1,0,37007.0,2.7021914772880806,0.0,
2015,510270,CANARANA,AGUA BOA,Doença meningocócica,1,1,1,0,21656.0,4.617657923900997,0.0,0.0
2015,510270,CANARANA,AGUA BOA,Meningite tuberculosa,1,1,1,0,21656.0,4.617657923900997,0.0,0.0
2015,510270,CANARANA,AGUA BOA,Outras etiologias,1,0,1,0,21656.0,4.617657923900997,0.0,
2015,510300,CHAPADA DOS GUIMARAES,CUIABA,Doença meningocócica,1,1,1,1,18690.0,5.350454788657036,5.350454788657036,100.0
2015,510300,CHAPADA DOS GUIMARAES,CUIABA,Outras etiologias,1,0,1,0,18690.0,5.350454788657036,0.0,
2015,510310,COCALINHO,AGUA BOA,Outras etiologias,1,0,1,0,5879.0,17.009695526450077,0.0,
2015,510320,COLIDER,COLIDER,Outras etiologias,1,0,1,0,31830.0,3.141690229343387,0.0,
2015,510330,COMODORO,PONTES E LACERDA,Meningite bacteriana/outras bactérias,1,1,1,0,18390.0,5.43773790103317,0.0,0.0
2015,510330,COMODORO,PONTES E LACERDA,Outras etiologias,1,0,0,0,18390.0,5.43773790103317,0.0,
2015,510335,CONFRESA,PORTO ALEGRE DO NORTE,Outras etiologias,3,0,2,0,29452.0,10.186065462447372,0.0,
2015,510337,COTRIGUACU,JUINA,Meningite fúngica,1,1,1,0,13236.0,7.555152614082805,0.0,0.0
2015,510340,CUIABA,CUIABA,Meningite bacteriana/outras bactérias,3,3,2,1,607924.0,0.4934827379738257,0.1644942459912752,33.33333333333333
2015,510340,CUIABA,CUIABA,Meningite fúngica,7,7,7,1,607924.0,1.1514597219389264,0.1644942459912752,14.285714285714285
2015,510340,CUIABA,CUIABA,Meningite não especificada,19,19,19,2,607924.0,3.1253906738342296,0.3289884919825504,10.526315789473683
2015,510340,CUIABA,CUIABA,Meningite pneumocócica,3,3,2,3,607924.0,0.4934827379738257,0.4934827379738257,100.0
2015,510340,CUIABA,CUIABA,Meningite tuberculosa,1,1,1,0,607924.0,0.1644942459912752,0.0,0.0
2015,510340,CUIABA,CUIABA,Meningite viral/asséptica,6,6,6,0,607924.0,0.9869654759476514,0.0,0.0
2015,510340,CUIABA,CUIABA,Outras etiologias,35,1,31,0,607924.0,5.757298609694633,0.0,0.0
2015,510343,CURVELANDIA,CACERES,Meningite viral/asséptica,1,1,1,0,4948.0,20.21018593371059,0.0,0.0
2015,510360,DOM AQUINO,RONDONOPOLIS,Outras etiologias,1,0,0,0,8102.0,12.342631449024932,0.0,
2015,510380,FIGUEIROPOLIS D OESTE,PONTES E LACERDA,Meningite viral/asséptica,1,1,1,0,3506.0,28.522532800912717,0.0,0.0
2015,510390,GENERAL CARNEIRO,BARRA DO GARCAS,Meningite não especificada,1,1,1,0,5648.0,17.705382436260624,0.0,0.0
2015,510410,GUARANTA DO NORTE,PEIXOTO DE AZEVEDO,Doença meningocócica,1,1,1,1,32521.0,3.074936195073952,3.074936195073952,100.0
2015,510410,GUARANTA DO NORTE,PEIXOTO DE AZEVEDO,Outras etiologias,5,0,4,0,32521.0,15.374680975369762,0.0,
2015,510420,GUIRATINGA,RONDONOPOLIS,Meningite viral/asséptica,1,1,1,0,12579.0,7.949757532395262,0.0,0.0
2015,510420,GUIRATINGA,RONDONOPOLIS,Outras etiologias,1,0,0,0,12579.0,7.949757532395262,0.0,
2015,510455,ITAUBA,COLIDER,Outras etiologias,1,0,1,0,4840.0,20.661157024793386,0.0,
2015,510460,ITIQUIRA,RONDONOPOLIS,Meningite pneumocócica,2,2,2,0,11918.0,16.78133915086424,0.0,0.0
2015,510480,JACIARA,RONDONOPOLIS,Meningite não especificada,1,1,1,0,27434.0,3.645111904935481,0.0,0.0
2015,510480,JACIARA,RONDONOPOLIS,Meningite pneumocócica,1,1,1,0,27434.0,3.645111904935481,0.0,0.0
2015,510480,JACIARA,RONDONOPOLIS,Meningite viral/asséptica,1,1,1,0,27434.0,3.645111904935481,0.0,0.0
2015,510480,JACIARA,RONDONOPOLIS,Outras etiologias,1,0,0,0,27434.0,3.645111904935481,0.0,
2015,510490,JANGADA,CUIABA,Outras etiologias,1,0,1,0,7695.0,12.99545159194282,0.0,
2015,510500,JAURU,PONTES E LACERDA,Meningite tuberculosa,1,1,1,0,9518.0,10.506408909434755,0.0,0.0
2015,510500,JAURU,PONTES E LACERDA,Meningite viral/asséptica,1,1,1,0,9518.0,10.506408909434755,0.0,0.0
2015,510500,JAURU,PONTES E LACERDA,Outras etiologias,1,0,1,0,9518.0,10.506408909434755,0.0,
2015,510510,JUARA,JUARA,Meningite pneumocócica,1,1,1,0,34594.0,2.890674683471122,0.0,0.0
2015,510515,JUINA,JUINA,Meningite bacteriana/outras bactérias,1,1,1,0,43082.0,2.3211550067313493,0.0,0.0
2015,510515,JUINA,JUINA,Meningite não especificada,1,1,1,0,43082.0,2.3211550067313493,0.0,0.0
2015,510520,JUSCIMEIRA,RONDONOPOLIS,Outras etiologias,1,0,0,0,11560.0,8.650519031141869,0.0,
2015,510523,LAMBARI D OESTE,CACERES,Meningite bacteriana/outras bactérias,1,1,1,0,5131.0,19.489378288832587,0.0,0.0
2015,510525,LUCAS DO RIO VERDE,SINOP,Doença meningocócica,1,1,1,0,59756.0,1.6734721199544815,0.0,0.0
2015,510550,VILA BELA DA S TRINDADE,PONTES E LACERDA,Meningite viral/asséptica,1,1,1,0,15669.0,6.382028208564681,0.0,0.0
2015,510562,MIRASSOL D OESTE,CACERES,Meningite bacteriana/outras bactérias,1,1,1,0,26423.0,3.7845816145025166,0.0,0.0
2015,510562,MIRASSOL D OESTE,CACERES,Meningite viral/asséptica,1,1,1,0,26423.0,3.7845816145025166,0.0,0.0
2015,510590,NOBRES,DIAMANTINO,Meningite não especificada,1,1,1,0,15348.0,6.515506906437321,0.0,0.0
2015,510618,NOVA LACERDA,PONTES E LACERDA,Meningite bacteriana/outras bactérias,1,1,1,0,6069.0,16.47717910693689,0.0,0.0
2015,510621,NOVA CANAA DO NORTE,COLIDER,Outras etiologias,1,0,1,0,12099.0,8.265145879824779,0.0,
2015,510624,NOVA UBIRATA,SINOP,Meningite fúngica,1,1,1,0,10234.0,9.771350400625366,0.0,0.0
2015,510624,NOVA UBIRATA,SINOP,Outras etiologias,1,0,1,0,10234.0,9.771350400625366,0.0,
2015,510625,NOVA XAVANTINA,BARRA DO GARCAS,Doença meningocócica,1,1,1,0,21795.0,4.588208304657031,0.0,0.0
2015,510629,PARANAITA,ALTA FLORESTA,Outras etiologias,1,0,0,0,11298.0,8.851124092759779,0.0,
2015,510630,PARANATINGA,RONDONOPOLIS,Meningite não especificada,1,1,1,1,22295.0,4.485310607759587,4.485310607759587,100.0
2015,510630,PARANATINGA,RONDONOPOLIS,Meningite viral/asséptica,1,1,1,0,22295.0,4.485310607759587,0.0,0.0
2015,510637,PEDRA PRETA,RONDONOPOLIS,Doença meningocócica,1,1,1,0,16830.0,5.941770647653001,0.0,0.0
2015,510637,PEDRA PRETA,RONDONOPOLIS,Outras etiologias,2,0,0,0,16830.0,11.883541295306001,0.0,
2015,510642,PEIXOTO DE AZEVEDO,PEIXOTO DE AZEVEDO,Meningite bacteriana/outras bactérias,1,1,1,0,32536.0,3.0735185640521268,0.0,0.0
2015,510650,POCONE,CUIABA,Outras etiologias,1,0,1,0,31801.0,3.144555202666583,0.0,
2015,510665,PONTAL DO ARAGUAIA,BARRA DO GARCAS,Outras etiologias,1,0,1,0,6060.0,16.501650165016503,0.0,
2015,510675,PONTES E LACERDA,PONTES E LACERDA,Meningite bacteriana/outras bactérias,3,3,3,0,46394.0,6.466353407768246,0.0,0.0
2015,510675,PONTES E LACERDA,PONTES E LACERDA,Meningite não especificada,2,2,2,0,46394.0,4.310902271845498,0.0,0.0
2015,510675,PONTES E LACERDA,PONTES E LACERDA,Meningite viral/asséptica,1,1,1,0,46394.0,2.155451135922749,0.0,0.0
2015,510675,PONTES E LACERDA,PONTES E LACERDA,Outras etiologias,3,0,3,0,46394.0,6.466353407768246,0.0,
2015,510704,PRIMAVERA DO LESTE,RONDONOPOLIS,Meningite não especificada,1,0,1,0,64466.0,1.5512052865076165,0.0,
2015,510704,PRIMAVERA DO LESTE,RONDONOPOLIS,Meningite pneumocócica,1,1,1,0,64466.0,1.5512052865076165,0.0,0.0
2015,510704,PRIMAVERA DO LESTE,RONDONOPOLIS,Outras etiologias,1,0,0,0,64466.0,1.5512052865076165,0.0,
2015,510718,RIBEIRAO CASCALHEIRA,AGUA BOA,Meningite não especificada,1,1,1,0,9504.0,10.52188552188552,0.0,0.0
2015,510724,SANTA CARMEM,SINOP,Meningite bacteriana/outras bactérias,1,1,1,0,4670.0,21.41327623126338,0.0,0.0
2015,510724,SANTA CARMEM,SINOP,Meningite viral/asséptica,1,1,1,0,4670.0,21.41327623126338,0.0,0.0
2015,510726,SANTO AFONSO,TANGARA DA SERRA,Doença meningocócica,1,1,1,0,2772.0,36.075036075036074,0.0,0.0
2015,510760,RONDONOPOLIS,RONDONOPOLIS,Doença meningocócica,1,1,1,0,220097.0,0.4543451296473828,0.0,0.0
2015,510760,RONDONOPOLIS,RONDONOPOLIS,Meningite não especificada,4,4,4,0,220097.0,1.817380518589531,0.0,0.0
2015,510760,RONDONOPOLIS,RONDONOPOLIS,Meningite pneumocócica,2,2,2,0,220097.0,0.9086902592947655,0.0,0.0
2015,510760,RONDONOPOLIS,RONDONOPOLIS,Meningite tuberculosa,1,1,1,0,220097.0,0.4543451296473828,0.0,0.0
2015,510760,RONDONOPOLIS,RONDONOPOLIS,Meningite viral/asséptica,6,6,6,0,220097.0,2.7260707778842965,0.0,0.0
2015,510760,RONDONOPOLIS,RONDONOPOLIS,Outras etiologias,3,1,2,0,220097.0,1.3630353889421483,0.0,0.0
2015,510770,ROSARIO OESTE,DIAMANTINO,Outras etiologias,2,0,2,0,16665.0,12.001200120012001,0.0,
2015,510780,SANTO ANTONIO DO LEVERGER,CUIABA,Meningite bacteriana/outras bactérias,1,1,1,1,16421.0,6.08976310821509,6.08976310821509,100.0
2015,510790,SINOP,SINOP,Doença meningocócica,1,1,1,0,145232.0,0.6885534868348573,0.0,0.0
2015,510790,SINOP,SINOP,Meningite bacteriana/outras bactérias,1,1,1,1,145232.0,0.6885534868348573,0.6885534868348573,100.0
2015,510790,SINOP,SINOP,Meningite não especificada,4,4,4,0,145232.0,2.754213947339429,0.0,0.0
2015,510790,SINOP,SINOP,Meningite pneumocócica,1,1,1,1,145232.0,0.6885534868348573,0.6885534868348573,100.0
2015,510790,SINOP,SINOP,Meningite viral/asséptica,4,4,4,0,145232.0,2.754213947339429,0.0,0.0
2015,510790,SINOP,SINOP,Outras etiologias,2,1,2,0,145232.0,1.3771069736697146,0.0,0.0
2015,510792,SORRISO,SINOP,Doença meningocócica,3,3,3,1,83328.0,3.6002304147465436,1.2000768049155146,33.33333333333333
2015,510792,SORRISO,SINOP,Meningite bacteriana/outras bactérias,2,2,2,0,83328.0,2.400153609831029,0.0,0.0
2015,510792,SORRISO,SINOP,Meningite não especificada,1,1,1,0,83328.0,1.2000768049155146,0.0,0.0
2015,510792,SORRISO,SINOP,Meningite viral/asséptica,2,2,2,0,83328.0,2.400153609831029,0.0,0.0
2015,510795,TANGARA DA SERRA,TANGARA DA SERRA,Outras etiologias,2,0,2,0,94594.0,2.114299004165169,0.0,
2015,510800,TAPURAH,SINOP,Doença meningocócica,1,1,1,0,11951.0,8.367500627562547,0.0,0.0
2015,510800,TAPURAH,SINOP,Outras etiologias,1,0,1,0,11951.0,8.367500627562547,0.0,
2015,510840,VARZEA GRANDE,CUIABA,Doença meningocócica,1,1,1,0,278157.0,0.35950919804283193,0.0,0.0
2015,510840,VARZEA GRANDE,CUIABA,Meningite fúngica,1,1,1,0,278157.0,0.35950919804283193,0.0,0.0
2015,510840,VARZEA GRANDE,CUIABA,Meningite não especificada,4,4,4,1,278157.0,1.4380367921713277,0.35950919804283193,25.0
2015,510840,VARZEA GRANDE,CUIABA,Meningite por Hib/Hemófilo,1,1,1,1,278157.0,0.35950919804283193,0.35950919804283193,100.0
2015,510840,VARZEA GRANDE,CUIABA,Meningite viral/asséptica,1,1,1,0,278157.0,0.35950919804283193,0.0,0.0
2015,510840,VARZEA GRANDE,CUIABA,Outras etiologias,18,0,14,0,278157.0,6.471165564770975,0.0,
2015,510860,VILA RICA,PORTO ALEGRE DO NORTE,Meningite não especificada,1,1,1,0,20936.0,4.776461597248758,0.0,0.0
2015,510885,NOVA MARILANDIA,TANGARA DA SERRA,Outras etiologias,2,0,1,0,3218.0,62.15040397762585,0.0,
2015,510890,NOVA MARINGA,DIAMANTINO,Doença meningocócica,1,1,1,0,6260.0,15.97444089456869,0.0,0.0
2016,510020,AGUA BOA,AGUA BOA,Meningite não especificada,1,1,1,1,25047.0,3.9924941110711862,3.9924941110711862,100.0
2016,510020,AGUA BOA,AGUA BOA,Outras etiologias,1,1,0,0,25047.0,3.9924941110711862,0.0,0.0
2016,510025,ALTA FLORESTA,ALTA FLORESTA,Meningite não especificada,1,1,1,0,55045.0,1.816695431010991,0.0,0.0
2016,510040,ALTO GARCAS,RONDONOPOLIS,Outras etiologias,1,0,0,0,11698.0,8.548469823901522,0.0,
2016,510060,ALTO TAQUARI,RONDONOPOLIS,Outras etiologias,1,0,1,0,9533.0,10.48987726843596,0.0,
2016,510100,ARAGUAIANA,BARRA DO GARCAS,Outras etiologias,1,0,1,0,3523.0,28.38489923360772,0.0,
2016,510125,ARAPUTANGA,CACERES,Meningite bacteriana/outras bactérias,1,1,1,0,15112.0,6.617257808364214,0.0,0.0
2016,510180,BARRA DO GARCAS,BARRA DO GARCAS,Doença meningocócica,3,3,3,2,63515.0,4.7232937101472094,3.148862473431473,66.66666666666666
2016,510180,BARRA DO GARCAS,BARRA DO GARCAS,Meningite não especificada,4,4,4,1,63515.0,6.297724946862946,1.5744312367157365,25.0
2016,510180,BARRA DO GARCAS,BARRA DO GARCAS,Outras etiologias,5,1,4,0,63515.0,7.8721561835786815,0.0,0.0
2016,510185,BOM JESUS DO ARAGUAIA,AGUA BOA,Meningite bacteriana/outras bactérias,1,1,1,0,6307.0,15.855398763278897,0.0,0.0
2016,510250,CACERES,CACERES,Doença meningocócica,3,3,3,3,90604.0,3.311112092181361,3.311112092181361,100.0
2016,510250,CACERES,CACERES,Meningite bacteriana/outras bactérias,7,7,7,1,90604.0,7.725928215089842,1.1037040307271202,14.285714285714285
2016,510250,CACERES,CACERES,Meningite não especificada,6,6,6,0,90604.0,6.622224184362722,0.0,0.0
2016,510250,CACERES,CACERES,Meningite pneumocócica,1,1,1,1,90604.0,1.1037040307271202,1.1037040307271202,100.0
2016,510250,CACERES,CACERES,Meningite viral/asséptica,8,8,8,0,90604.0,8.829632245816962,0.0,0.0
2016,510250,CACERES,CACERES,Outras etiologias,1,0,1,0,90604.0,1.1037040307271202,0.0,
2016,510263,CAMPO NOVO DO PARECIS,TANGARA DA SERRA,Meningite não especificada,1,1,1,0,36010.0,2.77700638711469,0.0,0.0
2016,510263,CAMPO NOVO DO PARECIS,TANGARA DA SERRA,Meningite viral/asséptica,1,1,1,0,36010.0,2.77700638711469,0.0,0.0
2016,510263,CAMPO NOVO DO PARECIS,TANGARA DA SERRA,Outras etiologias,1,0,1,0,36010.0,2.77700638711469,0.0,
2016,510267,CAMPO VERDE,RONDONOPOLIS,Meningite não especificada,1,1,1,0,38137.0,2.622125494926187,0.0,0.0
2016,510267,CAMPO VERDE,RONDONOPOLIS,Meningite pneumocócica,1,1,1,0,38137.0,2.622125494926187,0.0,0.0
2016,510267,CAMPO VERDE,RONDONOPOLIS,Outras etiologias,1,0,1,0,38137.0,2.622125494926187,0.0,
2016,510268,CAMPOS DE JULIO,PONTES E LACERDA,Meningite não especificada,1,1,1,0,6777.0,14.755791648221928,0.0,0.0
2016,510268,CAMPOS DE JULIO,PONTES E LACERDA,Meningite viral/asséptica,1,1,1,0,6777.0,14.755791648221928,0.0,0.0
2016,510269,CANABRAVA DO NORTE,PORTO ALEGRE DO NORTE,Outras etiologias,1,0,0,0,4635.0,21.57497303128371,0.0,
2016,510300,CHAPADA DOS GUIMARAES,CUIABA,Outras etiologias,1,0,0,0,18786.0,5.323112956456936,0.0,
2016,510305,CLAUDIA,SINOP,Outras etiologias,2,1,2,0,10424.0,19.18649270913277,0.0,0.0
2016,510320,COLIDER,COLIDER,Meningite viral/asséptica,1,1,1,0,31877.0,3.137058066944819,0.0,0.0
2016,510325,COLNIZA,JUINA,Outras etiologias,1,0,1,0,26978.0,3.706723997331159,0.0,
2016,510335,CONFRESA,PORTO ALEGRE DO NORTE,Meningite não especificada,1,1,1,0,30293.0,3.3010926616710132,0.0,0.0
2016,510335,CONFRESA,PORTO ALEGRE DO NORTE,Outras etiologias,1,0,1,0,30293.0,3.3010926616710132,0.0,
2016,510337,COTRIGUACU,JUINA,Meningite não especificada,1,1,1,0,12902.0,7.750736319950395,0.0,0.0
2016,510340,CUIABA,CUIABA,Meningite bacteriana/outras bactérias,4,4,4,0,616451.0,0.6488755797297757,0.0,0.0
2016,510340,CUIABA,CUIABA,Meningite fúngica,4,4,4,0,616451.0,0.6488755797297757,0.0,0.0
2016,510340,CUIABA,CUIABA,Meningite não especificada,11,11,10,0,616451.0,1.7844078442568834,0.0,0.0
2016,510340,CUIABA,CUIABA,Meningite por Hib/Hemófilo,1,1,1,0,616451.0,0.16221889493244393,0.0,0.0
2016,510340,CUIABA,CUIABA,Meningite tuberculosa,1,1,1,1,616451.0,0.16221889493244393,0.16221889493244393,100.0
2016,510340,CUIABA,CUIABA,Meningite viral/asséptica,3,3,3,1,616451.0,0.4866566847973319,0.16221889493244393,33.33333333333333
2016,510340,CUIABA,CUIABA,Outras etiologias,65,20,27,0,616451.0,10.544228170608855,0.0,0.0
2016,510370,FELIZ NATAL,SINOP,Meningite viral/asséptica,1,1,1,0,10904.0,9.17094644167278,0.0,0.0
2016,510452,IPIRANGA DO NORTE,SINOP,Meningite pneumocócica,1,1,1,0,6407.0,15.607928827844546,0.0,0.0
2016,510452,IPIRANGA DO NORTE,SINOP,Outras etiologias,2,0,1,0,6407.0,31.215857655689092,0.0,
2016,510480,JACIARA,RONDONOPOLIS,Meningite não especificada,2,2,2,0,27648.0,7.233796296296296,0.0,0.0
2016,510480,JACIARA,RONDONOPOLIS,Outras etiologias,1,0,0,0,27648.0,3.616898148148148,0.0,
2016,510500,JAURU,PONTES E LACERDA,Meningite bacteriana/outras bactérias,1,1,1,0,9340.0,10.70663811563169,0.0,0.0
2016,510500,JAURU,PONTES E LACERDA,Meningite viral/asséptica,1,1,1,0,9340.0,10.70663811563169,0.0,0.0
2016,510510,JUARA,JUARA,Doença meningocócica,1,1,1,0,34758.0,2.8770355026181025,0.0,0.0
2016,510510,JUARA,JUARA,Meningite não especificada,1,1,1,0,34758.0,2.8770355026181025,0.0,0.0
2016,510510,JUARA,JUARA,Outras etiologias,1,0,1,0,34758.0,2.8770355026181025,0.0,
2016,510515,JUINA,JUINA,Meningite não especificada,1,1,1,0,43633.0,2.291843329589989,0.0,0.0
2016,510515,JUINA,JUINA,Outras etiologias,1,0,1,0,43633.0,2.291843329589989,0.0,
2016,510523,LAMBARI D OESTE,CACERES,Meningite não especificada,1,1,1,0,5064.0,19.747235387045812,0.0,0.0
2016,510525,LUCAS DO RIO VERDE,SINOP,Meningite pneumocócica,1,1,1,0,62962.0,1.5882595851465964,0.0,0.0
2016,510525,LUCAS DO RIO VERDE,SINOP,Outras etiologias,1,0,1,0,62962.0,1.5882595851465964,0.0,
2016,510550,VILA BELA DA S TRINDADE,PONTES E LACERDA,Meningite viral/asséptica,3,3,3,0,15868.0,18.90597428787497,0.0,0.0
2016,510558,MARCELANDIA,COLIDER,Meningite não especificada,1,1,1,0,11929.0,8.382932349735938,0.0,0.0
2016,510562,MIRASSOL D OESTE,CACERES,Meningite bacteriana/outras bactérias,1,1,1,0,26538.0,3.768181475619866,0.0,0.0
2016,510562,MIRASSOL D OESTE,CACERES,Meningite viral/asséptica,2,2,2,0,26538.0,7.536362951239732,0.0,0.0
2016,510622,NOVA MUTUM,SINOP,Outras etiologias,1,0,1,0,42786.0,2.3372131070911046,0.0,
2016,510624,NOVA UBIRATA,SINOP,Meningite fúngica,1,1,1,0,10422.0,9.595087315294569,0.0,0.0
2016,510625,NOVA XAVANTINA,BARRA DO GARCAS,Outras etiologias,1,1,0,0,22188.0,4.506940688660538,0.0,0.0
2016,510629,PARANAITA,ALTA FLORESTA,Meningite não especificada,1,1,1,0,11372.0,8.793527963418924,0.0,0.0
2016,510629,PARANAITA,ALTA FLORESTA,Outras etiologias,2,0,2,0,11372.0,17.58705592683785,0.0,
2016,510637,PEDRA PRETA,RONDONOPOLIS,Outras etiologias,2,0,1,0,17045.0,11.73364623056615,0.0,
2016,510642,PEIXOTO DE AZEVEDO,PEIXOTO DE AZEVEDO,Outras etiologias,1,0,1,0,32677.0,3.0602564494904674,0.0,
2016,510650,POCONE,CUIABA,Outras etiologias,2,0,1,0,31749.0,6.2994110050710255,0.0,
2016,510675,PONTES E LACERDA,PONTES E LACERDA,Doença meningocócica,1,1,1,0,47281.0,2.115014487849242,0.0,0.0
2016,510675,PONTES E LACERDA,PONTES E LACERDA,Meningite bacteriana/outras bactérias,1,1,1,0,47281.0,2.115014487849242,0.0,0.0
2016,510675,PONTES E LACERDA,PONTES E LACERDA,Meningite não especificada,3,3,3,0,47281.0,6.345043463547725,0.0,0.0
2016,510675,PONTES E LACERDA,PONTES E LACERDA,Meningite viral/asséptica,2,2,2,0,47281.0,4.230028975698484,0.0,0.0
2016,510675,PONTES E LACERDA,PONTES E LACERDA,Outras etiologias,4,0,2,0,47281.0,8.460057951396967,0.0,
2016,510680,PORTO DOS GAUCHOS,JUARA,Outras etiologias,1,0,0,0,5640.0,17.73049645390071,0.0,
2016,510682,PORTO ESPERIDIAO,CACERES,Outras etiologias,1,0,1,0,10636.0,9.402030838661151,0.0,
2016,510700,POXOREO,RONDONOPOLIS,Meningite fúngica,1,1,1,0,20450.0,4.88997555012225,0.0,0.0
2016,510704,PRIMAVERA DO LESTE,RONDONOPOLIS,Doença meningocócica,1,1,1,0,67232.0,1.487386958591147,0.0,0.0
2016,510706,QUERENCIA,AGUA BOA,Meningite viral/asséptica,1,1,1,0,18706.0,5.345878327809259,0.0,0.0
2016,510710,SAO JOSE DOS QUATRO MARCOS,CACERES,Meningite bacteriana/outras bactérias,1,1,1,0,18536.0,5.394907207596029,0.0,0.0
2016,510710,SAO JOSE DOS QUATRO MARCOS,CACERES,Meningite não especificada,1,1,1,0,18536.0,5.394907207596029,0.0,0.0
2016,510710,SAO JOSE DOS QUATRO MARCOS,CACERES,Outras etiologias,2,0,2,0,18536.0,10.789814415192058,0.0,
2016,510719,RIBEIRAOZINHO,BARRA DO GARCAS,Outras etiologias,1,0,1,0,2418.0,41.35649296939619,0.0,
2016,510730,SAO JOSE DO RIO CLARO,DIAMANTINO,Outras etiologias,1,0,1,0,15912.0,6.284565108094519,0.0,
2016,510760,RONDONOPOLIS,RONDONOPOLIS,Doença meningocócica,1,1,1,0,224285.0,0.4458612925518871,0.0,0.0
2016,510760,RONDONOPOLIS,RONDONOPOLIS,Meningite bacteriana/outras bactérias,3,3,3,0,224285.0,1.3375838776556612,0.0,0.0
2016,510760,RONDONOPOLIS,RONDONOPOLIS,Meningite fúngica,2,2,1,0,224285.0,0.8917225851037742,0.0,0.0
2016,510760,RONDONOPOLIS,RONDONOPOLIS,Meningite não especificada,6,6,6,0,224285.0,2.6751677553113224,0.0,0.0
2016,510760,RONDONOPOLIS,RONDONOPOLIS,Meningite pneumocócica,1,1,1,0,224285.0,0.4458612925518871,0.0,0.0
2016,510760,RONDONOPOLIS,RONDONOPOLIS,Meningite viral/asséptica,8,8,8,0,224285.0,3.566890340415097,0.0,0.0
2016,510760,RONDONOPOLIS,RONDONOPOLIS,Outras etiologias,5,2,5,0,224285.0,2.2293064627594354,0.0,0.0
2016,510776,SANTA RITA DO TRIVELATO,SINOP,Outras etiologias,1,0,1,0,2909.0,34.376074252320386,0.0,
2016,510780,SANTO ANTONIO DO LEVERGER,CUIABA,Meningite não especificada,2,2,2,0,16464.0,12.147716229348882,0.0,0.0
2016,510780,SANTO ANTONIO DO LEVERGER,CUIABA,Outras etiologias,1,0,1,0,16464.0,6.073858114674441,0.0,
2016,510787,SAPEZAL,TANGARA DA SERRA,Meningite não especificada,1,1,1,0,23232.0,4.304407713498622,0.0,0.0
2016,510787,SAPEZAL,TANGARA DA SERRA,Outras etiologias,1,0,0,0,23232.0,4.304407713498622,0.0,
2016,510790,SINOP,SINOP,Meningite bacteriana/outras bactérias,3,3,3,0,152220.0,1.970831690973591,0.0,0.0
2016,510790,SINOP,SINOP,Meningite fúngica,1,1,1,0,152220.0,0.6569438969911969,0.0,0.0
2016,510790,SINOP,SINOP,Meningite não especificada,2,2,2,0,152220.0,1.3138877939823939,0.0,0.0
2016,510790,SINOP,SINOP,Meningite viral/asséptica,3,3,3,1,152220.0,1.970831690973591,0.6569438969911969,33.33333333333333
2016,510790,SINOP,SINOP,Outras etiologias,2,0,2,0,152220.0,1.3138877939823939,0.0,
2016,510792,SORRISO,SINOP,Doença meningocócica,1,1,1,0,86998.0,1.1494517115335985,0.0,0.0
2016,510792,SORRISO,SINOP,Meningite não especificada,4,4,4,1,86998.0,4.597806846134394,1.1494517115335985,25.0
2016,510792,SORRISO,SINOP,Meningite viral/asséptica,1,1,1,0,86998.0,1.1494517115335985,0.0,0.0
2016,510795,TANGARA DA SERRA,TANGARA DA SERRA,Meningite não especificada,2,2,2,0,96485.0,2.0728610664870186,0.0,0.0
2016,510795,TANGARA DA SERRA,TANGARA DA SERRA,Outras etiologias,2,0,1,0,96485.0,2.0728610664870186,0.0,
2016,510800,TAPURAH,SINOP,Meningite fúngica,1,1,1,0,12287.0,8.13868316106454,0.0,0.0
2016,510840,VARZEA GRANDE,CUIABA,Meningite não especificada,9,9,9,2,282167.0,3.1896004848192736,0.7088001077376164,22.22222222222222
2016,510840,VARZEA GRANDE,CUIABA,Meningite pneumocócica,1,1,1,0,282167.0,0.3544000538688082,0.0,0.0
2016,510840,VARZEA GRANDE,CUIABA,Meningite viral/asséptica,1,1,1,0,282167.0,0.3544000538688082,0.0,0.0
2016,510840,VARZEA GRANDE,CUIABA,Outras etiologias,15,2,9,1,282167.0,5.316000808032123,0.3544000538688082,50.0
2016,510860,VILA RICA,PORTO ALEGRE DO NORTE,Outras etiologias,1,0,0,0,20805.0,4.806536890170633,0.0,
2016,510895,NOVA MONTE VERDE,ALTA FLORESTA,Meningite não especificada,1,1,1,0,8352.0,11.973180076628353,0.0,0.0
2017,510020,AGUA BOA,AGUA BOA,Outras etiologias,1,0,1,0,25767.0,3.8809329762874993,0.0,
2017,510025,ALTA FLORESTA,ALTA FLORESTA,Doença meningocócica,1,1,1,0,55835.0,1.7909913136921285,0.0,0.0
2017,510025,ALTA FLORESTA,ALTA FLORESTA,Meningite não especificada,1,1,1,0,55835.0,1.7909913136921285,0.0,0.0
2017,510025,ALTA FLORESTA,ALTA FLORESTA,Meningite pneumocócica,1,1,1,1,55835.0,1.7909913136921285,1.7909913136921285,100.0
2017,510040,ALTO GARCAS,RONDONOPOLIS,Outras etiologias,1,0,0,0,11917.0,8.39137366786943,0.0,
2017,510050,ALTO PARAGUAI,DIAMANTINO,Meningite não especificada,1,1,1,0,8713.0,11.47710317915758,0.0,0.0
2017,510050,ALTO PARAGUAI,DIAMANTINO,Outras etiologias,1,1,0,0,8713.0,11.47710317915758,0.0,0.0
2017,510125,ARAPUTANGA,CACERES,Meningite não especificada,1,1,1,0,15069.0,6.636140420731303,0.0,0.0
2017,510170,BARRA DO BUGRES,TANGARA DA SERRA,Outras etiologias,2,0,2,0,30716.0,6.511264487563485,0.0,
2017,510180,BARRA DO GARCAS,BARRA DO GARCAS,Meningite não especificada,6,6,6,2,64610.0,9.286488159727597,3.0954960532425324,33.33333333333333
2017,510180,BARRA DO GARCAS,BARRA DO GARCAS,Outras etiologias,11,0,9,0,64610.0,17.025228292833926,0.0,
2017,510250,CACERES,CACERES,Doença meningocócica,1,1,1,1,90742.0,1.1020255229111107,1.1020255229111107,100.0
2017,510250,CACERES,CACERES,Meningite bacteriana/outras bactérias,3,3,3,0,90742.0,3.306076568733332,0.0,0.0
2017,510250,CACERES,CACERES,Meningite fúngica,1,1,1,1,90742.0,1.1020255229111107,1.1020255229111107,100.0
2017,510250,CACERES,CACERES,Meningite não especificada,3,3,3,0,90742.0,3.306076568733332,0.0,0.0
2017,510250,CACERES,CACERES,Meningite tuberculosa,1,1,1,0,90742.0,1.1020255229111107,0.0,0.0
2017,510250,CACERES,CACERES,Meningite viral/asséptica,8,8,8,0,90742.0,8.816204183288885,0.0,0.0
2017,510250,CACERES,CACERES,Outras etiologias,3,2,2,0,90742.0,3.306076568733332,0.0,0.0
2017,510263,CAMPO NOVO DO PARECIS,TANGARA DA SERRA,Meningite fúngica,1,1,1,0,37585.0,2.6606358919781825,0.0,0.0
2017,510267,CAMPO VERDE,RONDONOPOLIS,Meningite não especificada,2,2,1,0,39292.0,5.0900946757609695,0.0,0.0
2017,510267,CAMPO VERDE,RONDONOPOLIS,Meningite viral/asséptica,1,1,1,0,39292.0,2.5450473378804848,0.0,0.0
2017,510268,CAMPOS DE JULIO,PONTES E LACERDA,Meningite viral/asséptica,1,1,1,0,7100.0,14.084507042253522,0.0,0.0
2017,510270,CANARANA,AGUA BOA,Meningite bacteriana/outras bactérias,1,1,1,0,22864.0,4.37368789363191,0.0,0.0
2017,510270,CANARANA,AGUA BOA,Meningite não especificada,1,1,1,0,22864.0,4.37368789363191,0.0,0.0
2017,510279,CARLINDA,ALTA FLORESTA,Outras etiologias,1,0,1,0,10763.0,9.2910898448388,0.0,
2017,510305,CLAUDIA,SINOP,Meningite fúngica,1,1,1,1,10311.0,9.69838037047813,9.69838037047813,100.0
2017,510305,CLAUDIA,SINOP,Meningite não especificada,1,1,1,1,10311.0,9.69838037047813,9.69838037047813,100.0
2017,510305,CLAUDIA,SINOP,Meningite pneumocócica,1,1,1,0,10311.0,9.69838037047813,0.0,0.0
2017,510305,CLAUDIA,SINOP,Outras etiologias,1,0,1,0,10311.0,9.69838037047813,0.0,
2017,510320,COLIDER,COLIDER,Meningite fúngica,1,1,1,1,31922.0,3.13263579976192,3.13263579976192,100.0
2017,510320,COLIDER,COLIDER,Outras etiologias,3,0,3,0,31922.0,9.39790739928576,0.0,
2017,510335,CONFRESA,PORTO ALEGRE DO NORTE,Outras etiologias,1,0,1,0,31129.0,3.2124385621125,0.0,
2017,510340,CUIABA,CUIABA,Doença meningocócica,5,5,5,1,624976.0,0.8000307211796934,0.16000614423593865,20.0
2017,510340,CUIABA,CUIABA,Meningite bacteriana/outras bactérias,8,8,8,0,624976.0,1.2800491538875092,0.0,0.0
2017,510340,CUIABA,CUIABA,Meningite fúngica,6,6,6,1,624976.0,0.9600368654156319,0.16000614423593865,16.666666666666664
2017,510340,CUIABA,CUIABA,Meningite não especificada,7,7,7,1,624976.0,1.1200430096515708,0.16000614423593865,14.285714285714285
2017,510340,CUIABA,CUIABA,Meningite pneumocócica,2,2,2,2,624976.0,0.3200122884718773,0.3200122884718773,100.0
2017,510340,CUIABA,CUIABA,Meningite viral/asséptica,17,17,17,1,624976.0,2.720104452010957,0.16000614423593865,5.88235294117647
2017,510340,CUIABA,CUIABA,Outras etiologias,39,11,17,0,624976.0,6.240239625201608,0.0,0.0
2017,510350,DIAMANTINO,DIAMANTINO,Outras etiologias,3,0,3,0,21457.0,13.981451274642309,0.0,
2017,510370,FELIZ NATAL,SINOP,Doença meningocócica,2,2,2,1,10850.0,18.433179723502302,9.216589861751151,50.0
2017,510370,FELIZ NATAL,SINOP,Outras etiologias,1,0,1,0,10850.0,9.216589861751151,0.0,
2017,510410,GUARANTA DO NORTE,PEIXOTO DE AZEVEDO,Meningite bacteriana/outras bactérias,1,1,1,0,32293.0,3.0966463320224196,0.0,0.0
2017,510410,GUARANTA DO NORTE,PEIXOTO DE AZEVEDO,Outras etiologias,3,0,3,0,32293.0,9.28993899606726,0.0,
2017,510452,IPIRANGA DO NORTE,SINOP,Meningite não especificada,1,1,1,0,6636.0,15.06931886678722,0.0,0.0
2017,510455,ITAUBA,COLIDER,Meningite bacteriana/outras bactérias,1,1,1,0,4915.0,20.34587995930824,0.0,0.0
2017,510480,JACIARA,RONDONOPOLIS,Meningite não especificada,1,1,1,0,27869.0,3.588216297678424,0.0,0.0
2017,510480,JACIARA,RONDONOPOLIS,Outras etiologias,1,0,1,0,27869.0,3.588216297678424,0.0,
2017,510490,JANGADA,CUIABA,Outras etiologias,1,1,0,0,7639.0,13.090718680455556,0.0,0.0
2017,510500,JAURU,PONTES E LACERDA,Meningite não especificada,1,1,1,0,9170.0,10.905125408942203,0.0,0.0
2017,510500,JAURU,PONTES E LACERDA,Meningite viral/asséptica,1,1,1,0,9170.0,10.905125408942203,0.0,0.0
2017,510510,JUARA,JUARA,Meningite tuberculosa,1,1,1,0,34929.0,2.862950556843883,0.0,0.0
2017,510510,JUARA,JUARA,Outras etiologias,2,0,1,0,34929.0,5.725901113687766,0.0,
2017,510517,JURUENA,JUINA,Outras etiologias,1,0,1,0,10826.0,9.237021984112323,0.0,
2017,510520,JUSCIMEIRA,RONDONOPOLIS,Meningite não especificada,1,1,1,0,11571.0,8.642295393656555,0.0,0.0
2017,510520,JUSCIMEIRA,RONDONOPOLIS,Outras etiologias,1,0,1,0,11571.0,8.642295393656555,0.0,
2017,510525,LUCAS DO RIO VERDE,SINOP,Doença meningocócica,1,1,1,1,66244.0,1.5095706780991485,1.5095706780991485,100.0
2017,510550,VILA BELA DA S TRINDADE,PONTES E LACERDA,Meningite bacteriana/outras bactérias,1,1,1,0,16070.0,6.222775357809582,0.0,0.0
2017,510550,VILA BELA DA S TRINDADE,PONTES E LACERDA,Outras etiologias,2,1,1,0,16070.0,12.445550715619165,0.0,0.0
2017,510558,MARCELANDIA,COLIDER,Outras etiologias,3,0,2,0,11871.0,25.271670457417233,0.0,
2017,510560,MATUPA,PEIXOTO DE AZEVEDO,Meningite fúngica,1,1,1,0,17584.0,5.686988171064605,0.0,0.0
2017,510562,MIRASSOL D OESTE,CACERES,Meningite bacteriana/outras bactérias,1,1,1,0,26662.0,3.7506563648638513,0.0,0.0
2017,510562,MIRASSOL D OESTE,CACERES,Meningite não especificada,2,2,2,0,26662.0,7.501312729727703,0.0,0.0
2017,510562,MIRASSOL D OESTE,CACERES,Meningite viral/asséptica,1,1,1,0,26662.0,3.7506563648638513,0.0,0.0
2017,510562,MIRASSOL D OESTE,CACERES,Outras etiologias,1,0,0,0,26662.0,3.7506563648638513,0.0,
2017,510590,NOBRES,DIAMANTINO,Meningite não especificada,1,1,1,1,15418.0,6.485925541574782,6.485925541574782,100.0
2017,510590,NOBRES,DIAMANTINO,Meningite tuberculosa,1,1,1,0,15418.0,6.485925541574782,0.0,0.0
2017,510610,NOSSA SENHORA DO LIVRAMENTO,CUIABA,Meningite não especificada,1,1,1,1,11634.0,8.5954959601169,8.5954959601169,100.0
2017,510618,NOVA LACERDA,PONTES E LACERDA,Meningite bacteriana/outras bactérias,1,1,1,0,6291.0,15.895724050230488,0.0,0.0
2017,510621,NOVA CANAA DO NORTE,COLIDER,Outras etiologias,1,0,1,0,12015.0,8.322929671244278,0.0,
2017,510622,NOVA MUTUM,SINOP,Doença meningocócica,1,1,1,0,44833.0,2.2304998550175092,0.0,0.0
2017,510622,NOVA MUTUM,SINOP,Meningite fúngica,1,1,1,1,44833.0,2.2304998550175092,2.2304998550175092,100.0
2017,510622,NOVA MUTUM,SINOP,Outras etiologias,3,0,3,0,44833.0,6.691499565052529,0.0,
2017,510624,NOVA UBIRATA,SINOP,Meningite não especificada,1,1,1,0,10613.0,9.42240648261566,0.0,0.0
2017,510625,NOVA XAVANTINA,BARRA DO GARCAS,Meningite bacteriana/outras bactérias,1,1,1,0,22589.0,4.426933463190048,0.0,0.0
2017,510625,NOVA XAVANTINA,BARRA DO GARCAS,Meningite não especificada,3,3,3,1,22589.0,13.280800389570144,4.426933463190048,33.33333333333333
2017,510626,NOVO MUNDO,PEIXOTO DE AZEVEDO,Meningite não especificada,1,1,1,0,6869.0,14.558159848595137,0.0,0.0
2017,510626,NOVO MUNDO,PEIXOTO DE AZEVEDO,Outras etiologias,1,0,0,0,6869.0,14.558159848595137,0.0,
2017,510628,NOVO SAO JOAQUIM,BARRA DO GARCAS,Meningite não especificada,1,1,1,0,6586.0,15.18372304889159,0.0,0.0
2017,510629,PARANAITA,ALTA FLORESTA,Outras etiologias,1,0,1,0,11461.0,8.725242125468982,0.0,
2017,510630,PARANATINGA,RONDONOPOLIS,Meningite pneumocócica,1,1,1,0,23518.0,4.252062250191343,0.0,0.0
2017,510637,PEDRA PRETA,RONDONOPOLIS,Outras etiologias,1,0,0,0,17251.0,5.796765404904064,0.0,
2017,510642,PEIXOTO DE AZEVEDO,PEIXOTO DE AZEVEDO,Outras etiologias,1,0,1,0,32814.0,3.0474797342597673,0.0,
2017,510650,POCONE,CUIABA,Meningite bacteriana/outras bactérias,1,1,1,1,31709.0,3.1536787662808665,3.1536787662808665,100.0
2017,510650,POCONE,CUIABA,Meningite viral/asséptica,1,1,1,0,31709.0,3.1536787662808665,0.0,0.0
2017,510650,POCONE,CUIABA,Outras etiologias,1,0,1,0,31709.0,3.1536787662808665,0.0,
2017,510665,PONTAL DO ARAGUAIA,BARRA DO GARCAS,Meningite não especificada,1,1,0,0,6313.0,15.84032947885316,0.0,0.0
2017,510675,PONTES E LACERDA,PONTES E LACERDA,Doença meningocócica,1,1,1,1,48156.0,2.0765844339230837,2.0765844339230837,100.0
2017,510675,PONTES E LACERDA,PONTES E LACERDA,Meningite bacteriana/outras bactérias,2,2,2,0,48156.0,4.153168867846167,0.0,0.0
2017,510675,PONTES E LACERDA,PONTES E LACERDA,Meningite viral/asséptica,2,2,2,0,48156.0,4.153168867846167,0.0,0.0
2017,510682,PORTO ESPERIDIAO,CACERES,Doença meningocócica,1,1,1,1,10555.0,9.474182851729038,9.474182851729038,100.0
2017,510682,PORTO ESPERIDIAO,CACERES,Meningite viral/asséptica,1,1,1,0,10555.0,9.474182851729038,0.0,0.0
2017,510685,PORTO ESTRELA,TANGARA DA SERRA,Outras etiologias,1,0,0,0,3395.0,29.455081001472752,0.0,
2017,510704,PRIMAVERA DO LESTE,RONDONOPOLIS,Meningite não especificada,3,3,3,0,70095.0,4.279905842071474,0.0,0.0
2017,510704,PRIMAVERA DO LESTE,RONDONOPOLIS,Outras etiologias,2,2,2,0,70095.0,2.8532705613809832,0.0,0.0
2017,510710,SAO JOSE DOS QUATRO MARCOS,CACERES,Meningite bacteriana/outras bactérias,1,1,1,0,18439.0,5.4232875969412655,0.0,0.0
2017,510710,SAO JOSE DOS QUATRO MARCOS,CACERES,Meningite viral/asséptica,1,1,1,0,18439.0,5.4232875969412655,0.0,0.0
2017,510724,SANTA CARMEM,SINOP,Meningite não especificada,1,1,1,0,4886.0,20.46663937781416,0.0,0.0
2017,510760,RONDONOPOLIS,RONDONOPOLIS,Meningite fúngica,1,1,1,0,228463.0,0.4377076375605678,0.0,0.0
2017,510760,RONDONOPOLIS,RONDONOPOLIS,Meningite não especificada,1,1,1,0,228463.0,0.4377076375605678,0.0,0.0
2017,510760,RONDONOPOLIS,RONDONOPOLIS,Meningite viral/asséptica,6,6,5,0,228463.0,2.626245825363407,0.0,0.0
2017,510760,RONDONOPOLIS,RONDONOPOLIS,Outras etiologias,3,2,3,1,228463.0,1.3131229126817034,0.4377076375605678,50.0
2017,510770,ROSARIO OESTE,DIAMANTINO,Meningite viral/asséptica,1,1,1,0,16321.0,6.1270755468414935,0.0,0.0
2017,510770,ROSARIO OESTE,DIAMANTINO,Outras etiologias,1,0,1,0,16321.0,6.1270755468414935,0.0,
2017,510780,SANTO ANTONIO DO LEVERGER,CUIABA,Meningite não especificada,1,1,1,0,16506.0,6.05840300496789,0.0,0.0
2017,510780,SANTO ANTONIO DO LEVERGER,CUIABA,Outras etiologias,2,1,1,0,16506.0,12.11680600993578,0.0,0.0
2017,510787,SAPEZAL,TANGARA DA SERRA,Meningite fúngica,1,1,1,0,24171.0,4.137189193661826,0.0,0.0
2017,510790,SINOP,SINOP,Meningite bacteriana/outras bactérias,2,2,2,0,159348.0,1.2551145919622462,0.0,0.0
2017,510790,SINOP,SINOP,Meningite fúngica,1,1,1,0,159348.0,0.6275572959811231,0.0,0.0
2017,510790,SINOP,SINOP,Meningite viral/asséptica,7,7,7,0,159348.0,4.392901071867861,0.0,0.0
2017,510790,SINOP,SINOP,Outras etiologias,2,0,2,0,159348.0,1.2551145919622462,0.0,
2017,510792,SORRISO,SINOP,Doença meningocócica,1,1,1,0,90756.0,1.1018555247036008,0.0,0.0
2017,510792,SORRISO,SINOP,Meningite não especificada,6,6,6,1,90756.0,6.611133148221605,1.1018555247036008,16.666666666666664
2017,510792,SORRISO,SINOP,Meningite pneumocócica,1,1,1,0,90756.0,1.1018555247036008,0.0,0.0
2017,510792,SORRISO,SINOP,Outras etiologias,1,0,1,0,90756.0,1.1018555247036008,0.0,
2017,510795,TANGARA DA SERRA,TANGARA DA SERRA,Meningite bacteriana/outras bactérias,1,1,1,0,98389.0,1.0163737816219294,0.0,0.0
2017,510795,TANGARA DA SERRA,TANGARA DA SERRA,Meningite não especificada,2,2,2,0,98389.0,2.0327475632438587,0.0,0.0
2017,510795,TANGARA DA SERRA,TANGARA DA SERRA,Outras etiologias,1,0,1,0,98389.0,1.0163737816219294,0.0,
2017,510800,TAPURAH,SINOP,Meningite não especificada,1,1,1,0,12627.0,7.919537499010058,0.0,0.0
2017,510805,TERRA NOVA DO NORTE,PEIXOTO DE AZEVEDO,Meningite não especificada,1,1,1,0,10932.0,9.147457006952067,0.0,0.0
2017,510820,TORIXOREU,BARRA DO GARCAS,Outras etiologias,1,0,1,0,4166.0,24.00384061449832,0.0,
2017,510840,VARZEA GRANDE,CUIABA,Meningite bacteriana/outras bactérias,1,1,1,0,286169.0,0.3494438600966562,0.0,0.0
2017,510840,VARZEA GRANDE,CUIABA,Meningite não especificada,9,9,9,1,286169.0,3.1449947408699055,0.3494438600966562,11.11111111111111
2017,510840,VARZEA GRANDE,CUIABA,Meningite viral/asséptica,3,3,3,0,286169.0,1.0483315802899686,0.0,0.0
2017,510840,VARZEA GRANDE,CUIABA,Outras etiologias,25,4,21,0,286169.0,8.736096502416405,0.0,0.0
2017,510885,NOVA MARILANDIA,TANGARA DA SERRA,Meningite não especificada,1,1,1,1,3321.0,30.111412225233362,30.111412225233362,100.0
2018,510025,ALTA FLORESTA,ALTA FLORESTA,Meningite fúngica,1,1,1,0,56676.0,1.764415272778601,0.0,0.0
2018,510025,ALTA FLORESTA,ALTA FLORESTA,Outras etiologias,2,0,1,0,56676.0,3.528830545557202,0.0,
2018,510080,APIACAS,ALTA FLORESTA,Doença meningocócica,1,1,1,0,8734.0,11.44950767117014,0.0,0.0
2018,510140,ARIPUANA,JUINA,Outras etiologias,1,0,1,0,23031.0,4.3419738613173555,0.0,
2018,510160,BARAO DE MELGACO,CUIABA,Outras etiologias,1,0,1,0,7565.0,13.218770654329148,0.0,
2018,510170,BARRA DO BUGRES,TANGARA DA SERRA,Meningite viral/asséptica,1,1,1,0,30581.0,3.2700042510055267,0.0,0.0
2018,510170,BARRA DO BUGRES,TANGARA DA SERRA,Outras etiologias,1,0,1,0,30581.0,3.2700042510055267,0.0,
2018,510180,BARRA DO GARCAS,BARRA DO GARCAS,Doença meningocócica,1,1,1,0,65789.0,1.5200109440787974,0.0,0.0
2018,510180,BARRA DO GARCAS,BARRA DO GARCAS,Meningite não especificada,6,6,6,1,65789.0,9.120065664472785,1.5200109440787974,16.666666666666664
2018,510180,BARRA DO GARCAS,BARRA DO GARCAS,Meningite pneumocócica,1,1,1,0,65789.0,1.5200109440787974,0.0,0.0
2018,510180,BARRA DO GARCAS,BARRA DO GARCAS,Outras etiologias,13,0,13,0,65789.0,19.760142273024364,0.0,
2018,510190,BRASNORTE,JUINA,Outras etiologias,1,0,1,0,16561.0,6.038282712396594,0.0,
2018,510250,CACERES,CACERES,Doença meningocócica,1,1,1,0,90959.0,1.0993964313591837,0.0,0.0
2018,510250,CACERES,CACERES,Meningite bacteriana/outras bactérias,1,1,1,1,90959.0,1.0993964313591837,1.0993964313591837,100.0
2018,510250,CACERES,CACERES,Meningite fúngica,1,1,1,0,90959.0,1.0993964313591837,0.0,0.0
2018,510250,CACERES,CACERES,Meningite tuberculosa,1,1,1,0,90959.0,1.0993964313591837,0.0,0.0
2018,510250,CACERES,CACERES,Meningite viral/asséptica,4,4,4,1,90959.0,4.397585725436735,1.0993964313591837,25.0
2018,510250,CACERES,CACERES,Outras etiologias,2,1,2,0,90959.0,2.1987928627183675,0.0,0.0
2018,510260,CAMPINAPOLIS,BARRA DO GARCAS,Outras etiologias,2,0,1,0,15258.0,13.107877834578582,0.0,
2018,510263,CAMPO NOVO DO PARECIS,TANGARA DA SERRA,Outras etiologias,1,0,1,0,39215.0,2.5500446257809513,0.0,
2018,510267,CAMPO VERDE,RONDONOPOLIS,Meningite não especificada,2,2,2,1,40476.0,4.941199723292816,2.470599861646408,50.0
2018,510267,CAMPO VERDE,RONDONOPOLIS,Meningite viral/asséptica,1,1,1,0,40476.0,2.470599861646408,0.0,0.0
2018,510267,CAMPO VERDE,RONDONOPOLIS,Outras etiologias,1,1,1,0,40476.0,2.470599861646408,0.0,0.0
2018,510268,CAMPOS DE JULIO,PONTES E LACERDA,Outras etiologias,2,0,2,0,7452.0,26.838432635534083,0.0,
2018,510300,CHAPADA DOS GUIMARAES,CUIABA,Meningite viral/asséptica,1,1,1,0,18976.0,5.269814502529511,0.0,0.0
2018,510320,COLIDER,COLIDER,Outras etiologias,4,0,3,0,31996.0,12.501562695336919,0.0,
2018,510325,COLNIZA,JUINA,Meningite não especificada,1,1,1,1,26853.0,3.7239786988418424,3.7239786988418424,100.0
2018,510335,CONFRESA,PORTO ALEGRE DO NORTE,Outras etiologias,2,0,2,0,31989.0,6.252149176279346,0.0,
2018,510340,CUIABA,CUIABA,Meningite bacteriana/outras bactérias,5,5,5,0,634079.0,0.7885452759041065,0.0,0.0
2018,510340,CUIABA,CUIABA,Meningite fúngica,1,1,1,1,634079.0,0.15770905518082132,0.15770905518082132,100.0
2018,510340,CUIABA,CUIABA,Meningite não especificada,10,10,9,0,634079.0,1.577090551808213,0.0,0.0
2018,510340,CUIABA,CUIABA,Meningite pneumocócica,3,3,3,1,634079.0,0.473127165542464,0.15770905518082132,33.33333333333333
2018,510340,CUIABA,CUIABA,Meningite tuberculosa,1,1,1,0,634079.0,0.15770905518082132,0.0,0.0
2018,510340,CUIABA,CUIABA,Meningite viral/asséptica,13,13,13,0,634079.0,2.050217717350677,0.0,0.0
2018,510340,CUIABA,CUIABA,Outras etiologias,29,2,28,0,634079.0,4.573562600243818,0.0,0.0
2018,510350,DIAMANTINO,DIAMANTINO,Meningite não especificada,1,1,1,0,21618.0,4.625774817281894,0.0,0.0
2018,510350,DIAMANTINO,DIAMANTINO,Outras etiologias,2,1,1,0,21618.0,9.251549634563789,0.0,0.0
2018,510380,FIGUEIROPOLIS D OESTE,PONTES E LACERDA,Outras etiologias,1,0,0,0,3354.0,29.81514609421586,0.0,
2018,510410,GUARANTA DO NORTE,PEIXOTO DE AZEVEDO,Outras etiologias,3,0,2,0,32221.0,9.3106979919928,0.0,
2018,510480,JACIARA,RONDONOPOLIS,Meningite não especificada,5,5,5,0,28130.0,17.774617845716318,0.0,0.0
2018,510480,JACIARA,RONDONOPOLIS,Meningite viral/asséptica,1,1,1,0,28130.0,3.5549235691432632,0.0,0.0
2018,510480,JACIARA,RONDONOPOLIS,Outras etiologias,2,0,1,0,28130.0,7.1098471382865265,0.0,
2018,510510,JUARA,JUARA,Meningite bacteriana/outras bactérias,2,2,2,0,35134.0,5.692491603574885,0.0,0.0
2018,510510,JUARA,JUARA,Meningite não especificada,1,1,1,0,35134.0,2.8462458017874424,0.0,0.0
2018,510510,JUARA,JUARA,Meningite viral/asséptica,1,1,1,0,35134.0,2.8462458017874424,0.0,0.0
2018,510510,JUARA,JUARA,Outras etiologias,1,0,0,0,35134.0,2.8462458017874424,0.0,
2018,510515,JUINA,JUINA,Meningite não especificada,1,1,0,1,44764.0,2.233937985881512,2.233937985881512,100.0
2018,510515,JUINA,JUINA,Meningite viral/asséptica,1,1,1,0,44764.0,2.233937985881512,0.0,0.0
2018,510517,JURUENA,JUINA,Doença meningocócica,1,1,1,0,10738.0,9.312721177127957,0.0,0.0
2018,510520,JUSCIMEIRA,RONDONOPOLIS,Outras etiologias,1,0,1,0,11598.0,8.62217623728229,0.0,
2018,510525,LUCAS DO RIO VERDE,SINOP,Doença meningocócica,1,1,1,0,69668.0,1.4353792271918242,0.0,0.0
2018,510525,LUCAS DO RIO VERDE,SINOP,Meningite não especificada,2,2,2,0,69668.0,2.8707584543836484,0.0,0.0
2018,510550,VILA BELA DA S TRINDADE,PONTES E LACERDA,Outras etiologias,1,0,0,0,16279.0,6.142883469500583,0.0,
2018,510590,NOBRES,DIAMANTINO,Meningite não especificada,1,1,1,0,15490.0,6.45577792123951,0.0,0.0
2018,510590,NOBRES,DIAMANTINO,Outras etiologias,2,0,2,0,15490.0,12.91155584247902,0.0,
2018,510600,NORTELANDIA,DIAMANTINO,Meningite viral/asséptica,1,1,1,0,6121.0,16.337199803953602,0.0,0.0
2018,510615,NOVA BANDEIRANTES,ALTA FLORESTA,Doença meningocócica,1,1,1,1,13193.0,7.579777154551656,7.579777154551656,100.0
2018,510620,NOVA BRASILANDIA,CUIABA,Meningite pneumocócica,1,1,1,0,4141.0,24.14875633904854,0.0,0.0
2018,510622,NOVA MUTUM,SINOP,Meningite bacteriana/outras bactérias,1,1,1,0,46948.0,2.1300161881230295,0.0,0.0
2018,510623,NOVA OLIMPIA,TANGARA DA SERRA,Outras etiologias,1,0,1,0,16870.0,5.927682276229994,0.0,
2018,510625,NOVA XAVANTINA,BARRA DO GARCAS,Meningite não especificada,2,2,2,0,23021.0,8.68771990791017,0.0,0.0
2018,510630,PARANATINGA,RONDONOPOLIS,Meningite não especificada,1,1,1,0,24163.0,4.138558953772296,0.0,0.0
2018,510630,PARANATINGA,RONDONOPOLIS,Meningite viral/asséptica,1,1,1,0,24163.0,4.138558953772296,0.0,0.0
2018,510637,PEDRA PRETA,RONDONOPOLIS,Meningite viral/asséptica,1,1,1,0,17478.0,5.721478430026319,0.0,0.0
2018,510650,POCONE,CUIABA,Meningite bacteriana/outras bactérias,2,2,2,0,31687.0,6.311736674345947,0.0,0.0
2018,510650,POCONE,CUIABA,Outras etiologias,5,0,4,0,31687.0,15.779341685864866,0.0,
2018,510665,PONTAL DO ARAGUAIA,BARRA DO GARCAS,Doença meningocócica,1,1,1,0,6464.0,15.470297029702971,0.0,0.0
2018,510675,PONTES E LACERDA,PONTES E LACERDA,Meningite não especificada,1,1,1,0,49089.0,2.0371162582248568,0.0,0.0
2018,510675,PONTES E LACERDA,PONTES E LACERDA,Outras etiologias,2,1,2,0,49089.0,4.0742325164497135,0.0,0.0
2018,510682,PORTO ESPERIDIAO,CACERES,Meningite viral/asséptica,1,1,1,0,10502.0,9.521995810321844,0.0,0.0
2018,510700,POXOREO,RONDONOPOLIS,Meningite viral/asséptica,1,1,1,0,21475.0,4.656577415599535,0.0,0.0
2018,510704,PRIMAVERA DO LESTE,RONDONOPOLIS,Meningite não especificada,1,1,1,0,73140.0,1.3672409078479628,0.0,0.0
2018,510704,PRIMAVERA DO LESTE,RONDONOPOLIS,Meningite viral/asséptica,3,3,3,0,73140.0,4.1017227235438884,0.0,0.0
2018,510704,PRIMAVERA DO LESTE,RONDONOPOLIS,Outras etiologias,4,0,4,0,73140.0,5.468963631391851,0.0,
2018,510710,SAO JOSE DOS QUATRO MARCOS,CACERES,Outras etiologias,1,1,1,1,18376.0,5.44188071397475,5.44188071397475,100.0
2018,510740,SAO PEDRO DA CIPA,RONDONOPOLIS,Meningite pneumocócica,1,1,1,0,4217.0,23.713540431586438,0.0,0.0
2018,510760,RONDONOPOLIS,RONDONOPOLIS,Doença meningocócica,1,1,1,0,232912.0,0.4293467060520712,0.0,0.0
2018,510760,RONDONOPOLIS,RONDONOPOLIS,Meningite bacteriana/outras bactérias,2,2,2,0,232912.0,0.8586934121041424,0.0,0.0
2018,510760,RONDONOPOLIS,RONDONOPOLIS,Meningite fúngica,2,2,2,1,232912.0,0.8586934121041424,0.4293467060520712,50.0
2018,510760,RONDONOPOLIS,RONDONOPOLIS,Meningite não especificada,3,3,3,0,232912.0,1.2880401181562136,0.0,0.0
2018,510760,RONDONOPOLIS,RONDONOPOLIS,Meningite pneumocócica,5,5,5,1,232912.0,2.146733530260356,0.4293467060520712,20.0
2018,510760,RONDONOPOLIS,RONDONOPOLIS,Meningite viral/asséptica,1,1,1,0,232912.0,0.4293467060520712,0.0,0.0
2018,510760,RONDONOPOLIS,RONDONOPOLIS,Outras etiologias,15,2,13,1,232912.0,6.440200590781067,0.4293467060520712,50.0
2018,510770,ROSARIO OESTE,DIAMANTINO,Outras etiologias,1,0,1,0,16171.0,6.183909467565394,0.0,
2018,510780,SANTO ANTONIO DO LEVERGER,CUIABA,Outras etiologias,1,0,1,0,16573.0,6.033910577445242,0.0,
2018,510787,SAPEZAL,TANGARA DA SERRA,Meningite não especificada,1,1,1,0,25128.0,3.9796243234638653,0.0,0.0
2018,510787,SAPEZAL,TANGARA DA SERRA,Outras etiologias,2,0,0,0,25128.0,7.959248646927731,0.0,
2018,510790,SINOP,SINOP,Doença meningocócica,2,2,2,1,166776.0,1.1992133160646616,0.5996066580323308,50.0
2018,510790,SINOP,SINOP,Meningite bacteriana/outras bactérias,3,3,3,0,166776.0,1.7988199740969923,0.0,0.0
2018,510790,SINOP,SINOP,Meningite fúngica,1,1,1,0,166776.0,0.5996066580323308,0.0,0.0
2018,510790,SINOP,SINOP,Meningite não especificada,3,3,3,1,166776.0,1.7988199740969923,0.5996066580323308,33.33333333333333
2018,510790,SINOP,SINOP,Meningite viral/asséptica,7,7,7,0,166776.0,4.197246606226315,0.0,0.0
2018,510790,SINOP,SINOP,Outras etiologias,3,0,3,0,166776.0,1.7988199740969923,0.0,
2018,510792,SORRISO,SINOP,Meningite bacteriana/outras bactérias,1,1,1,0,94696.0,1.0560108135507307,0.0,0.0
2018,510792,SORRISO,SINOP,Meningite não especificada,3,3,3,0,94696.0,3.1680324406521922,0.0,0.0
2018,510792,SORRISO,SINOP,Outras etiologias,1,0,0,0,94696.0,1.0560108135507307,0.0,
2018,510795,TANGARA DA SERRA,TANGARA DA SERRA,Meningite bacteriana/outras bactérias,1,1,1,0,100413.0,0.9958869867447442,0.0,0.0
2018,510795,TANGARA DA SERRA,TANGARA DA SERRA,Meningite não especificada,2,2,2,0,100413.0,1.9917739734894884,0.0,0.0
2018,510795,TANGARA DA SERRA,TANGARA DA SERRA,Outras etiologias,1,0,1,0,100413.0,0.9958869867447442,0.0,
2018,510805,TERRA NOVA DO NORTE,PEIXOTO DE AZEVEDO,Meningite bacteriana/outras bactérias,1,1,1,0,10904.0,9.17094644167278,0.0,0.0
2018,510820,TORIXOREU,BARRA DO GARCAS,Outras etiologias,1,0,1,0,4177.0,23.940627244433802,0.0,
2018,510840,VARZEA GRANDE,CUIABA,Meningite bacteriana/outras bactérias,2,2,2,1,290472.0,0.6885345231209893,0.34426726156049464,50.0
2018,510840,VARZEA GRANDE,CUIABA,Meningite não especificada,12,12,12,0,290472.0,4.1312071387259355,0.0,0.0
2018,510840,VARZEA GRANDE,CUIABA,Meningite pneumocócica,1,1,0,1,290472.0,0.34426726156049464,0.34426726156049464,100.0
2018,510840,VARZEA GRANDE,CUIABA,Meningite viral/asséptica,1,1,1,0,290472.0,0.34426726156049464,0.0,0.0
2018,510840,VARZEA GRANDE,CUIABA,Outras etiologias,21,2,18,0,290472.0,7.229612492770387,0.0,0.0
2018,510850,VERA,SINOP,Meningite viral/asséptica,2,2,2,0,12197.0,16.397474788882512,0.0,0.0
2018,510860,VILA RICA,PORTO ALEGRE DO NORTE,Outras etiologias,1,0,1,0,20543.0,4.867838193058463,0.0,
2019,510010,ACORIZAL,CUIABA,Outras etiologias,1,0,1,0,5179.0,19.308746862328636,0.0,
2019,510020,AGUA BOA,AGUA BOA,Meningite não especificada,1,1,1,0,27307.0,3.6620646720621086,0.0,0.0
2019,510025,ALTA FLORESTA,ALTA FLORESTA,Meningite fúngica,1,1,1,0,57579.0,1.7367442991368383,0.0,0.0
2019,510030,ALTO ARAGUAIA,RONDONOPOLIS,Outras etiologias,1,0,1,0,17117.0,5.84214523573056,0.0,
2019,510040,ALTO GARCAS,RONDONOPOLIS,Meningite bacteriana/outras bactérias,1,1,1,0,12427.0,8.04699444757383,0.0,0.0
2019,510050,ALTO PARAGUAI,DIAMANTINO,Meningite não especificada,1,1,1,0,8417.0,11.880717595342759,0.0,0.0
2019,510050,ALTO PARAGUAI,DIAMANTINO,Outras etiologias,2,0,0,0,8417.0,23.761435190685518,0.0,
2019,510080,APIACAS,ALTA FLORESTA,Outras etiologias,1,0,0,0,8755.0,11.42204454597373,0.0,
2019,510125,ARAPUTANGA,CACERES,Outras etiologias,1,1,0,1,15058.0,6.640988179041042,6.640988179041042,100.0
2019,510130,ARENAPOLIS,TANGARA DA SERRA,Meningite pneumocócica,1,1,1,1,10640.0,9.398496240601505,9.398496240601505,100.0
2019,510130,ARENAPOLIS,TANGARA DA SERRA,Outras etiologias,1,0,1,0,10640.0,9.398496240601505,0.0,
2019,510160,BARAO DE MELGACO,CUIABA,Outras etiologias,1,0,1,0,7527.0,13.28550551348479,0.0,
2019,510170,BARRA DO BUGRES,TANGARA DA SERRA,Meningite pneumocócica,2,2,2,0,30473.0,6.5631870836478186,0.0,0.0
2019,510170,BARRA DO BUGRES,TANGARA DA SERRA,Outras etiologias,2,0,2,0,30473.0,6.5631870836478186,0.0,
2019,510180,BARRA DO GARCAS,BARRA DO GARCAS,Meningite não especificada,9,9,9,2,67040.0,13.424821002386636,2.983293556085919,22.22222222222222
2019,510180,BARRA DO GARCAS,BARRA DO GARCAS,Outras etiologias,6,0,5,0,67040.0,8.949880668257757,0.0,
2019,510185,BOM JESUS DO ARAGUAIA,AGUA BOA,Meningite não especificada,1,1,1,0,6833.0,14.634860237084736,0.0,0.0
2019,510185,BOM JESUS DO ARAGUAIA,AGUA BOA,Outras etiologias,3,0,3,0,6833.0,43.904580711254205,0.0,
2019,510250,CACERES,CACERES,Meningite viral/asséptica,1,1,1,0,91267.0,1.095686283103422,0.0,0.0
2019,510260,CAMPINAPOLIS,BARRA DO GARCAS,Meningite bacteriana/outras bactérias,1,1,1,0,15342.0,6.518055012384304,0.0,0.0
2019,510260,CAMPINAPOLIS,BARRA DO GARCAS,Meningite não especificada,1,1,1,0,15342.0,6.518055012384304,0.0,0.0
2019,510260,CAMPINAPOLIS,BARRA DO GARCAS,Outras etiologias,1,0,1,0,15342.0,6.518055012384304,0.0,
2019,510263,CAMPO NOVO DO PARECIS,TANGARA DA SERRA,Outras etiologias,1,0,0,0,40906.0,2.4446291497579815,0.0,
2019,510267,CAMPO VERDE,RONDONOPOLIS,Meningite não especificada,1,1,1,0,41700.0,2.398081534772182,0.0,0.0
2019,510267,CAMPO VERDE,RONDONOPOLIS,Meningite pneumocócica,2,2,2,1,41700.0,4.796163069544364,2.398081534772182,50.0
2019,510267,CAMPO VERDE,RONDONOPOLIS,Meningite viral/asséptica,1,1,1,0,41700.0,2.398081534772182,0.0,0.0
2019,510267,CAMPO VERDE,RONDONOPOLIS,Outras etiologias,2,0,1,0,41700.0,4.796163069544364,0.0,
2019,510300,CHAPADA DOS GUIMARAES,CUIABA,Meningite não especificada,1,1,1,0,19111.0,5.232588561561404,0.0,0.0
2019,510305,CLAUDIA,SINOP,Meningite não especificada,1,0,1,0,10096.0,9.904912836767037,0.0,
2019,510320,COLIDER,COLIDER,Meningite não especificada,1,1,1,0,32109.0,3.1143916036002364,0.0,0.0
2019,510335,CONFRESA,PORTO ALEGRE DO NORTE,Outras etiologias,1,0,1,0,32882.0,3.0411775439450155,0.0,
2019,510340,CUIABA,CUIABA,Meningite bacteriana/outras bactérias,5,5,5,0,643385.0,0.7771396597682569,0.0,0.0
2019,510340,CUIABA,CUIABA,Meningite fúngica,3,3,3,0,643385.0,0.46628379586095414,0.0,0.0
2019,510340,CUIABA,CUIABA,Meningite não especificada,13,13,13,2,643385.0,2.020563115397468,0.3108558639073028,15.384615384615385
2019,510340,CUIABA,CUIABA,Meningite pneumocócica,4,4,4,2,643385.0,0.6217117278146056,0.3108558639073028,50.0
2019,510340,CUIABA,CUIABA,Meningite por Hib/Hemófilo,2,2,2,1,643385.0,0.3108558639073028,0.1554279319536514,50.0
2019,510340,CUIABA,CUIABA,Meningite tuberculosa,4,4,4,0,643385.0,0.6217117278146056,0.0,0.0
2019,510340,CUIABA,CUIABA,Meningite viral/asséptica,5,5,5,0,643385.0,0.7771396597682569,0.0,0.0
2019,510340,CUIABA,CUIABA,Outras etiologias,16,0,16,0,643385.0,2.4868469112584224,0.0,
2019,510343,CURVELANDIA,CACERES,Outras etiologias,1,0,1,0,4987.0,20.052135552436333,0.0,
2019,510350,DIAMANTINO,DIAMANTINO,Meningite não especificada,1,1,1,0,21799.0,4.587366392953805,0.0,0.0
2019,510350,DIAMANTINO,DIAMANTINO,Outras etiologias,1,0,0,0,21799.0,4.587366392953805,0.0,
2019,510370,FELIZ NATAL,SINOP,Outras etiologias,1,0,1,0,10816.0,9.245562130177515,0.0,
2019,510380,FIGUEIROPOLIS D OESTE,PONTES E LACERDA,Meningite não especificada,1,1,1,0,3311.0,30.202355783751134,0.0,0.0
2019,510385,GAUCHA DO NORTE,AGUA BOA,Outras etiologias,1,0,1,0,8103.0,12.341108231519192,0.0,
2019,510410,GUARANTA DO NORTE,PEIXOTO DE AZEVEDO,Meningite não especificada,4,4,4,0,32169.0,12.434331188411203,0.0,0.0
2019,510410,GUARANTA DO NORTE,PEIXOTO DE AZEVEDO,Meningite pneumocócica,1,1,1,0,32169.0,3.108582797102801,0.0,0.0
2019,510410,GUARANTA DO NORTE,PEIXOTO DE AZEVEDO,Outras etiologias,5,3,5,0,32169.0,15.542913985514003,0.0,0.0
2019,510420,GUIRATINGA,RONDONOPOLIS,Meningite bacteriana/outras bactérias,1,1,1,0,11632.0,8.59697386519945,0.0,0.0
2019,510420,GUIRATINGA,RONDONOPOLIS,Meningite pneumocócica,1,1,1,0,11632.0,8.59697386519945,0.0,0.0
2019,510452,IPIRANGA DO NORTE,SINOP,Meningite não especificada,1,1,1,1,7134.0,14.017381553125876,14.017381553125876,100.0
2019,510515,JUINA,JUINA,Meningite pneumocócica,1,1,1,1,45387.0,2.203274065260978,2.203274065260978,100.0
2019,510515,JUINA,JUINA,Outras etiologias,2,0,2,0,45387.0,4.406548130521956,0.0,
2019,510517,JURUENA,JUINA,Outras etiologias,2,0,2,0,10666.0,18.751171948246764,0.0,
2019,510525,LUCAS DO RIO VERDE,SINOP,Outras etiologias,1,0,1,0,73225.0,1.3656538067599864,0.0,
2019,510558,MARCELANDIA,COLIDER,Meningite não especificada,1,1,1,0,11793.0,8.479606546256255,0.0,0.0
2019,510560,MATUPA,PEIXOTO DE AZEVEDO,Meningite viral/asséptica,1,1,1,0,18669.0,5.356473297980609,0.0,0.0
2019,510562,MIRASSOL D OESTE,CACERES,Meningite bacteriana/outras bactérias,1,1,1,0,26974.0,3.7072736709423886,0.0,0.0
2019,510562,MIRASSOL D OESTE,CACERES,Meningite não especificada,1,1,1,0,26974.0,3.7072736709423886,0.0,0.0
2019,510610,NOSSA SENHORA DO LIVRAMENTO,CUIABA,Meningite fúngica,1,1,1,0,11707.0,8.541898009737764,0.0,0.0
2019,510619,NOVA SANTA HELENA,COLIDER,Outras etiologias,1,0,1,0,4087.0,24.467824810374356,0.0,
2019,510620,NOVA BRASILANDIA,CUIABA,Meningite não especificada,1,1,1,1,4101.0,24.384296513045598,24.384296513045598,100.0
2019,510622,NOVA MUTUM,SINOP,Meningite não especificada,1,1,1,0,49151.0,2.0345466012899025,0.0,0.0
2019,510622,NOVA MUTUM,SINOP,Outras etiologias,2,0,2,0,49151.0,4.069093202579805,0.0,
2019,510623,NOVA OLIMPIA,TANGARA DA SERRA,Meningite viral/asséptica,1,1,1,0,16807.0,5.94990182661986,0.0,0.0
2019,510645,PLANALTO DA SERRA,CUIABA,Outras etiologias,1,0,0,0,3114.0,32.113037893384714,0.0,
2019,510650,POCONE,CUIABA,Meningite não especificada,1,1,1,0,31692.0,3.1553704404897136,0.0,0.0
2019,510650,POCONE,CUIABA,Outras etiologias,1,0,1,0,31692.0,3.1553704404897136,0.0,
2019,510665,PONTAL DO ARAGUAIA,BARRA DO GARCAS,Meningite não especificada,1,1,1,0,6617.0,15.11258878645912,0.0,0.0
2019,510665,PONTAL DO ARAGUAIA,BARRA DO GARCAS,Outras etiologias,1,0,1,0,6617.0,15.11258878645912,0.0,
2019,510675,PONTES E LACERDA,PONTES E LACERDA,Meningite não especificada,1,1,1,0,50063.0,1.9974831712042826,0.0,0.0
2019,510675,PONTES E LACERDA,PONTES E LACERDA,Meningite pneumocócica,1,1,1,0,50063.0,1.9974831712042826,0.0,0.0
2019,510675,PONTES E LACERDA,PONTES E LACERDA,Outras etiologias,1,0,0,0,50063.0,1.9974831712042826,0.0,
2019,510677,PORTO ALEGRE DO NORTE,PORTO ALEGRE DO NORTE,Outras etiologias,1,1,1,0,11944.0,8.372404554588078,0.0,0.0
2019,510682,PORTO ESPERIDIAO,CACERES,Meningite bacteriana/outras bactérias,1,1,1,0,10464.0,9.556574923547402,0.0,0.0
2019,510704,PRIMAVERA DO LESTE,RONDONOPOLIS,Doença meningocócica,1,1,1,0,76360.0,1.3095861707700367,0.0,0.0
2019,510704,PRIMAVERA DO LESTE,RONDONOPOLIS,Meningite pneumocócica,1,1,1,0,76360.0,1.3095861707700367,0.0,0.0
2019,510704,PRIMAVERA DO LESTE,RONDONOPOLIS,Meningite viral/asséptica,1,1,1,0,76360.0,1.3095861707700367,0.0,0.0
2019,510704,PRIMAVERA DO LESTE,RONDONOPOLIS,Outras etiologias,7,1,7,1,76360.0,9.167103195390256,1.3095861707700367,100.0
2019,510718,RIBEIRAO CASCALHEIRA,AGUA BOA,Meningite viral/asséptica,1,1,0,0,9937.0,10.063399416322834,0.0,0.0
2019,510729,SAO JOSE DO POVO,RONDONOPOLIS,Meningite bacteriana/outras bactérias,1,1,1,0,3015.0,33.16749585406302,0.0,0.0
2019,510740,SAO PEDRO DA CIPA,RONDONOPOLIS,Meningite não especificada,1,1,1,0,4227.0,23.65744026496333,0.0,0.0
2019,510760,RONDONOPOLIS,RONDONOPOLIS,Meningite bacteriana/outras bactérias,1,1,1,0,237587.0,0.4208984498310093,0.0,0.0
2019,510760,RONDONOPOLIS,RONDONOPOLIS,Meningite fúngica,1,1,1,0,237587.0,0.4208984498310093,0.0,0.0
2019,510760,RONDONOPOLIS,RONDONOPOLIS,Meningite não especificada,3,3,2,0,237587.0,1.2626953494930278,0.0,0.0
2019,510760,RONDONOPOLIS,RONDONOPOLIS,Meningite pneumocócica,4,4,4,0,237587.0,1.6835937993240373,0.0,0.0
2019,510760,RONDONOPOLIS,RONDONOPOLIS,Meningite viral/asséptica,2,2,2,0,237587.0,0.8417968996620186,0.0,0.0
2019,510760,RONDONOPOLIS,RONDONOPOLIS,Outras etiologias,4,0,2,0,237587.0,1.6835937993240373,0.0,
2019,510780,SANTO ANTONIO DO LEVERGER,CUIABA,Outras etiologias,2,0,2,0,16652.0,12.010569300984866,0.0,
2019,510787,SAPEZAL,TANGARA DA SERRA,Doença meningocócica,1,1,1,1,26121.0,3.828337353087554,3.828337353087554,100.0
2019,510787,SAPEZAL,TANGARA DA SERRA,Outras etiologias,3,1,2,1,26121.0,11.485012059262662,3.828337353087554,100.0
2019,510790,SINOP,SINOP,Doença meningocócica,2,2,1,0,174532.0,1.1459216647949946,0.0,0.0
2019,510790,SINOP,SINOP,Meningite bacteriana/outras bactérias,1,1,1,0,174532.0,0.5729608323974973,0.0,0.0
2019,510790,SINOP,SINOP,Meningite não especificada,1,1,0,0,174532.0,0.5729608323974973,0.0,0.0
2019,510790,SINOP,SINOP,Meningite viral/asséptica,9,9,9,0,174532.0,5.156647491577476,0.0,0.0
2019,510790,SINOP,SINOP,Outras etiologias,4,0,3,0,174532.0,2.291843329589989,0.0,
2019,510792,SORRISO,SINOP,Meningite não especificada,3,3,3,0,98829.0,3.0355462465470664,0.0,0.0
2019,510795,TANGARA DA SERRA,TANGARA DA SERRA,Meningite bacteriana/outras bactérias,1,1,1,0,102550.0,0.9751340809361287,0.0,0.0
2019,510795,TANGARA DA SERRA,TANGARA DA SERRA,Meningite não especificada,2,2,2,0,102550.0,1.9502681618722575,0.0,0.0
2019,510795,TANGARA DA SERRA,TANGARA DA SERRA,Outras etiologias,2,0,2,0,102550.0,1.9502681618722575,0.0,
2019,510840,VARZEA GRANDE,CUIABA,Doença meningocócica,2,2,2,2,295061.0,0.6778259410765909,0.6778259410765909,100.0
2019,510840,VARZEA GRANDE,CUIABA,Meningite bacteriana/outras bactérias,2,2,2,0,295061.0,0.6778259410765909,0.0,0.0
2019,510840,VARZEA GRANDE,CUIABA,Meningite não especificada,5,5,5,0,295061.0,1.6945648526914772,0.0,0.0
2019,510840,VARZEA GRANDE,CUIABA,Meningite pneumocócica,1,1,1,0,295061.0,0.33891297053829544,0.0,0.0
2019,510840,VARZEA GRANDE,CUIABA,Meningite viral/asséptica,1,1,1,0,295061.0,0.33891297053829544,0.0,0.0
2019,510840,VARZEA GRANDE,CUIABA,Outras etiologias,24,1,24,0,295061.0,8.133911292919091,0.0,0.0
2019,510860,VILA RICA,PORTO ALEGRE DO NORTE,Meningite pneumocócica,1,1,1,0,20455.0,4.888780249327793,0.0,0.0
2019,510880,NOVA GUARITA,COLIDER,Meningite viral/asséptica,1,1,1,0,4730.0,21.14164904862579,0.0,0.0
2019,510890,NOVA MARINGA,DIAMANTINO,Outras etiologias,1,0,1,0,5995.0,16.680567139282736,0.0,
2020,510020,AGUA BOA,AGUA BOA,Meningite não especificada,1,1,1,0,28090.0,3.5599857600569598,0.0,0.0
2020,510025,ALTA FLORESTA,ALTA FLORESTA,Outras etiologias,2,0,1,0,58428.0,3.42301636201821,0.0,
2020,510080,APIACAS,ALTA FLORESTA,Meningite tuberculosa,1,1,1,0,8764.0,11.41031492469192,0.0,0.0
2020,510125,ARAPUTANGA,CACERES,Outras etiologias,1,0,1,0,15042.0,6.648052120728626,0.0,
2020,510170,BARRA DO BUGRES,TANGARA DA SERRA,Outras etiologias,2,0,2,0,30337.0,6.5926096845436275,0.0,
2020,510180,BARRA DO GARCAS,BARRA DO GARCAS,Doença meningocócica,1,1,1,0,68246.0,1.4652873428479325,0.0,0.0
2020,510180,BARRA DO GARCAS,BARRA DO GARCAS,Meningite não especificada,1,1,1,0,68246.0,1.4652873428479325,0.0,0.0
2020,510180,BARRA DO GARCAS,BARRA DO GARCAS,Outras etiologias,2,0,2,0,68246.0,2.930574685695865,0.0,
2020,510267,CAMPO VERDE,RONDONOPOLIS,Meningite pneumocócica,1,1,1,0,42925.0,2.3296447291788,0.0,0.0
2020,510270,CANARANA,AGUA BOA,Meningite bacteriana/outras bactérias,1,1,1,1,24856.0,4.023173479240425,4.023173479240425,100.0
2020,510270,CANARANA,AGUA BOA,Outras etiologias,1,0,1,0,24856.0,4.023173479240425,0.0,
2020,510285,CASTANHEIRA,JUINA,Meningite viral/asséptica,1,1,1,0,7790.0,12.836970474967908,0.0,0.0
2020,510300,CHAPADA DOS GUIMARAES,CUIABA,Outras etiologias,1,0,1,0,19224.0,5.201831044527674,0.0,
2020,510335,CONFRESA,PORTO ALEGRE DO NORTE,Outras etiologias,1,0,1,0,33761.0,2.9619975711619917,0.0,
2020,510340,CUIABA,CUIABA,Meningite bacteriana/outras bactérias,3,3,3,1,652318.0,0.45989839311501446,0.1532994643716715,33.33333333333333
2020,510340,CUIABA,CUIABA,Meningite fúngica,1,1,1,0,652318.0,0.1532994643716715,0.0,0.0
2020,510340,CUIABA,CUIABA,Meningite não especificada,3,3,3,1,652318.0,0.45989839311501446,0.1532994643716715,33.33333333333333
2020,510340,CUIABA,CUIABA,Meningite tuberculosa,5,5,5,0,652318.0,0.7664973218583574,0.0,0.0
2020,510340,CUIABA,CUIABA,Meningite viral/asséptica,6,6,6,0,652318.0,0.9197967862300289,0.0,0.0
2020,510340,CUIABA,CUIABA,Outras etiologias,13,1,12,0,652318.0,1.9928930368317292,0.0,0.0
2020,510350,DIAMANTINO,DIAMANTINO,Outras etiologias,1,0,1,0,21979.0,4.549797534009737,0.0,
2020,510385,GAUCHA DO NORTE,AGUA BOA,Meningite bacteriana/outras bactérias,1,1,1,0,8299.0,12.049644535486204,0.0,0.0
2020,510385,GAUCHA DO NORTE,AGUA BOA,Outras etiologias,1,0,1,0,8299.0,12.049644535486204,0.0,
2020,510390,GENERAL CARNEIRO,BARRA DO GARCAS,Outras etiologias,1,0,1,0,6016.0,16.622340425531913,0.0,
2020,510410,GUARANTA DO NORTE,PEIXOTO DE AZEVEDO,Meningite fúngica,1,1,1,1,32076.0,3.117595710188303,3.117595710188303,100.0
2020,510410,GUARANTA DO NORTE,PEIXOTO DE AZEVEDO,Meningite não especificada,3,3,3,0,32076.0,9.352787130564908,0.0,0.0
2020,510420,GUIRATINGA,RONDONOPOLIS,Outras etiologias,1,0,1,0,11405.0,8.768084173608067,0.0,
2020,510454,ITANHANGA,SINOP,Outras etiologias,1,0,1,0,7229.0,13.833171946327292,0.0,
2020,510455,ITAUBA,COLIDER,Outras etiologias,1,0,1,0,5042.0,19.833399444664817,0.0,
2020,510460,ITIQUIRA,RONDONOPOLIS,Meningite fúngica,1,1,1,0,12294.0,8.134049129656743,0.0,0.0
2020,510515,JUINA,JUINA,Outras etiologias,1,0,1,0,45985.0,2.1746221593998043,0.0,
2020,510525,LUCAS DO RIO VERDE,SINOP,Outras etiologias,1,0,0,0,76852.0,1.3012023109353041,0.0,
2020,510562,MIRASSOL D OESTE,CACERES,Meningite viral/asséptica,1,1,1,0,27129.0,3.686092373474879,0.0,0.0
2020,510615,NOVA BANDEIRANTES,ALTA FLORESTA,Outras etiologias,1,0,0,0,13580.0,7.363770250368188,0.0,
2020,510621,NOVA CANAA DO NORTE,COLIDER,Outras etiologias,1,0,0,0,11985.0,8.343763037129746,0.0,
2020,510622,NOVA MUTUM,SINOP,Outras etiologias,1,0,1,0,51402.0,1.945449593401035,0.0,
2020,510623,NOVA OLIMPIA,TANGARA DA SERRA,Outras etiologias,2,0,2,0,16745.0,11.943863839952224,0.0,
2020,510625,NOVA XAVANTINA,BARRA DO GARCAS,Outras etiologias,1,0,1,0,23893.0,4.18532624618089,0.0,
2020,510630,PARANATINGA,RONDONOPOLIS,Meningite não especificada,1,1,1,0,25519.0,3.918648849876562,0.0,0.0
2020,510630,PARANATINGA,RONDONOPOLIS,Outras etiologias,1,0,1,0,25519.0,3.918648849876562,0.0,
2020,510642,PEIXOTO DE AZEVEDO,PEIXOTO DE AZEVEDO,Meningite fúngica,1,1,1,0,33336.0,2.999760019198464,0.0,0.0
2020,510675,PONTES E LACERDA,PONTES E LACERDA,Meningite não especificada,1,1,1,0,51026.0,1.9597852075412536,0.0,0.0
2020,510675,PONTES E LACERDA,PONTES E LACERDA,Outras etiologias,2,1,2,0,51026.0,3.9195704150825073,0.0,0.0
2020,510704,PRIMAVERA DO LESTE,RONDONOPOLIS,Meningite não especificada,2,2,2,0,79654.0,2.510859467195621,0.0,0.0
2020,510704,PRIMAVERA DO LESTE,RONDONOPOLIS,Meningite pneumocócica,1,1,1,0,79654.0,1.2554297335978104,0.0,0.0
2020,510704,PRIMAVERA DO LESTE,RONDONOPOLIS,Outras etiologias,1,0,1,0,79654.0,1.2554297335978104,0.0,
2020,510710,SAO JOSE DOS QUATRO MARCOS,CACERES,Meningite fúngica,1,1,1,0,18258.0,5.477051155657794,0.0,0.0
2020,510710,SAO JOSE DOS QUATRO MARCOS,CACERES,Outras etiologias,2,0,2,0,18258.0,10.954102311315587,0.0,
2020,510730,SAO JOSE DO RIO CLARO,DIAMANTINO,Meningite bacteriana/outras bactérias,1,1,1,0,15276.0,6.546216286986122,0.0,0.0
2020,510760,RONDONOPOLIS,RONDONOPOLIS,Meningite bacteriana/outras bactérias,1,1,1,0,242132.0,0.41299786893099627,0.0,0.0
2020,510760,RONDONOPOLIS,RONDONOPOLIS,Meningite não especificada,1,1,1,0,242132.0,0.41299786893099627,0.0,0.0
2020,510760,RONDONOPOLIS,RONDONOPOLIS,Meningite pneumocócica,3,3,3,0,242132.0,1.238993606792989,0.0,0.0
2020,510760,RONDONOPOLIS,RONDONOPOLIS,Outras etiologias,3,1,3,0,242132.0,1.238993606792989,0.0,0.0
2020,510780,SANTO ANTONIO DO LEVERGER,CUIABA,Meningite bacteriana/outras bactérias,1,1,1,0,16724.0,5.97943075819182,0.0,0.0
2020,510780,SANTO ANTONIO DO LEVERGER,CUIABA,Outras etiologias,1,0,1,0,16724.0,5.97943075819182,0.0,
2020,510787,SAPEZAL,TANGARA DA SERRA,Meningite não especificada,1,1,1,0,27117.0,3.6877235682413247,0.0,0.0
2020,510787,SAPEZAL,TANGARA DA SERRA,Outras etiologias,1,0,0,0,27117.0,3.6877235682413247,0.0,
2020,510792,SORRISO,SINOP,Doença meningocócica,2,2,2,0,103010.0,1.9415590719347637,0.0,0.0
2020,510792,SORRISO,SINOP,Meningite pneumocócica,1,1,1,1,103010.0,0.9707795359673819,0.9707795359673819,100.0
2020,510792,SORRISO,SINOP,Outras etiologias,1,0,1,0,103010.0,0.9707795359673819,0.0,
2020,510795,TANGARA DA SERRA,TANGARA DA SERRA,Outras etiologias,2,0,2,0,104650.0,1.9111323459149545,0.0,
2020,510800,TAPURAH,SINOP,Meningite não especificada,2,2,2,2,13750.0,14.545454545454545,14.545454545454545,100.0
2020,510805,TERRA NOVA DO NORTE,PEIXOTO DE AZEVEDO,Outras etiologias,1,0,1,0,10871.0,9.198785760279643,0.0,
2020,510840,VARZEA GRANDE,CUIABA,Meningite fúngica,2,2,2,1,299504.0,0.667770714247556,0.333885357123778,50.0
2020,510840,VARZEA GRANDE,CUIABA,Meningite não especificada,2,2,2,0,299504.0,0.667770714247556,0.0,0.0
2020,510840,VARZEA GRANDE,CUIABA,Outras etiologias,9,0,8,0,299504.0,3.004968214114002,0.0,
2020,510860,VILA RICA,PORTO ALEGRE DO NORTE,Meningite não especificada,1,1,1,0,20336.0,4.917387883556255,0.0,0.0
2021,510025,ALTA FLORESTA,ALTA FLORESTA,Doença meningocócica,1,1,1,1,59153.0,1.6905313339982757,1.6905313339982757,100.0
2021,510160,BARAO DE MELGACO,CUIABA,Meningite viral/asséptica,1,1,1,0,7418.0,13.480722566729577,0.0,0.0
2021,510160,BARAO DE MELGACO,CUIABA,Outras etiologias,1,0,1,0,7418.0,13.480722566729577,0.0,
2021,510170,BARRA DO BUGRES,TANGARA DA SERRA,Outras etiologias,2,0,2,0,30147.0,6.6341592861644605,0.0,
2021,510180,BARRA DO GARCAS,BARRA DO GARCAS,Meningite não especificada,3,3,3,0,69333.0,4.3269438795378825,0.0,0.0
2021,510180,BARRA DO GARCAS,BARRA DO GARCAS,Outras etiologias,2,0,2,0,69333.0,2.884629253025255,0.0,
2021,510250,CACERES,CACERES,Doença meningocócica,1,1,1,1,91523.0,1.0926215268293216,1.0926215268293216,100.0
2021,510250,CACERES,CACERES,Meningite não especificada,1,1,1,1,91523.0,1.0926215268293216,1.0926215268293216,100.0
2021,510250,CACERES,CACERES,Meningite viral/asséptica,1,1,0,0,91523.0,1.0926215268293216,0.0,0.0
2021,510250,CACERES,CACERES,Outras etiologias,1,1,1,1,91523.0,1.0926215268293216,1.0926215268293216,100.0
2021,510263,CAMPO NOVO DO PARECIS,TANGARA DA SERRA,Meningite tuberculosa,1,1,1,0,44367.0,2.25392746861406,0.0,0.0
2021,510267,CAMPO VERDE,RONDONOPOLIS,Outras etiologias,1,0,1,0,44110.0,2.2670596236681027,0.0,
2021,510300,CHAPADA DOS GUIMARAES,CUIABA,Outras etiologias,1,0,1,0,19294.0,5.18295843267337,0.0,
2021,510320,COLIDER,COLIDER,Meningite não especificada,1,1,1,1,32171.0,3.108389543377576,3.108389543377576,100.0
2021,510320,COLIDER,COLIDER,Outras etiologias,1,0,1,0,32171.0,3.108389543377576,0.0,
2021,510340,CUIABA,CUIABA,Meningite bacteriana/outras bactérias,2,2,1,1,660347.0,0.30287106627273236,0.15143553313636618,50.0
2021,510340,CUIABA,CUIABA,Meningite fúngica,1,1,1,0,660347.0,0.15143553313636618,0.0,0.0
2021,510340,CUIABA,CUIABA,Meningite não especificada,1,1,1,0,660347.0,0.15143553313636618,0.0,0.0
2021,510340,CUIABA,CUIABA,Meningite pneumocócica,1,1,1,1,660347.0,0.15143553313636618,0.15143553313636618,100.0
2021,510340,CUIABA,CUIABA,Meningite tuberculosa,1,1,1,0,660347.0,0.15143553313636618,0.0,0.0
2021,510340,CUIABA,CUIABA,Meningite viral/asséptica,3,3,3,0,660347.0,0.45430659940909857,0.0,0.0
2021,510340,CUIABA,CUIABA,Outras etiologias,16,2,12,1,660347.0,2.422968530181859,0.15143553313636618,50.0
2021,510343,CURVELANDIA,CACERES,Meningite não especificada,1,1,1,1,4997.0,20.012007204322593,20.012007204322593,100.0
2021,510343,CURVELANDIA,CACERES,Outras etiologias,1,0,1,0,4997.0,20.012007204322593,0.0,
2021,510410,GUARANTA DO NORTE,PEIXOTO DE AZEVEDO,Meningite não especificada,1,1,1,0,31929.0,3.131949011870087,0.0,0.0
2021,510410,GUARANTA DO NORTE,PEIXOTO DE AZEVEDO,Outras etiologias,1,0,1,0,31929.0,3.131949011870087,0.0,
2021,510480,JACIARA,RONDONOPOLIS,Doença meningocócica,1,1,1,0,28932.0,3.456380478363058,0.0,0.0
2021,510480,JACIARA,RONDONOPOLIS,Meningite não especificada,1,1,1,0,28932.0,3.456380478363058,0.0,0.0
2021,510515,JUINA,JUINA,Meningite pneumocócica,1,1,1,1,46475.0,2.1516944593867673,2.1516944593867673,100.0
2021,510525,LUCAS DO RIO VERDE,SINOP,Meningite não especificada,1,1,1,0,80500.0,1.2422360248447204,0.0,0.0
2021,510525,LUCAS DO RIO VERDE,SINOP,Outras etiologias,2,0,1,0,80500.0,2.484472049689441,0.0,
2021,510558,MARCELANDIA,COLIDER,Outras etiologias,1,0,1,0,11671.0,8.568246080027418,0.0,
2021,510621,NOVA CANAA DO NORTE,COLIDER,Outras etiologias,1,0,1,0,11940.0,8.375209380234507,0.0,
2021,510622,NOVA MUTUM,SINOP,Meningite não especificada,1,1,1,0,53662.0,1.863516082143789,0.0,0.0
2021,510624,NOVA UBIRATA,SINOP,Outras etiologias,1,0,1,0,11467.0,8.720676724513822,0.0,
2021,510625,NOVA XAVANTINA,BARRA DO GARCAS,Outras etiologias,2,0,2,0,24285.0,8.235536339304097,0.0,
2021,510637,PEDRA PRETA,RONDONOPOLIS,Meningite bacteriana/outras bactérias,1,1,1,0,18157.0,5.507517761744782,0.0,0.0
2021,510637,PEDRA PRETA,RONDONOPOLIS,Outras etiologias,1,0,0,0,18157.0,5.507517761744782,0.0,
2021,510642,PEIXOTO DE AZEVEDO,PEIXOTO DE AZEVEDO,Outras etiologias,3,0,3,0,33427.0,8.974780865767194,0.0,
2021,510682,PORTO ESPERIDIAO,CACERES,Meningite não especificada,1,1,1,0,10363.0,9.649715333397666,0.0,0.0
2021,510700,POXOREO,RONDONOPOLIS,Meningite bacteriana/outras bactérias,1,1,0,0,23114.0,4.326382279138184,0.0,0.0
2021,510704,PRIMAVERA DO LESTE,RONDONOPOLIS,Meningite fúngica,1,1,1,0,82905.0,1.2061998673180148,0.0,0.0
2021,510704,PRIMAVERA DO LESTE,RONDONOPOLIS,Outras etiologias,1,1,1,0,82905.0,1.2061998673180148,0.0,0.0
2021,510760,RONDONOPOLIS,RONDONOPOLIS,Meningite bacteriana/outras bactérias,3,3,3,2,246280.0,1.2181257105733312,0.8120838070488875,66.66666666666666
2021,510760,RONDONOPOLIS,RONDONOPOLIS,Meningite não especificada,3,3,3,2,246280.0,1.2181257105733312,0.8120838070488875,66.66666666666666
2021,510760,RONDONOPOLIS,RONDONOPOLIS,Meningite pneumocócica,2,2,2,0,246280.0,0.8120838070488875,0.0,0.0
2021,510760,RONDONOPOLIS,RONDONOPOLIS,Meningite viral/asséptica,4,4,3,0,246280.0,1.624167614097775,0.0,0.0
2021,510760,RONDONOPOLIS,RONDONOPOLIS,Outras etiologias,5,2,4,0,246280.0,2.0302095176222186,0.0,0.0
2021,510790,SINOP,SINOP,Doença meningocócica,1,1,1,0,190216.0,0.5257181309669008,0.0,0.0
2021,510790,SINOP,SINOP,Meningite bacteriana/outras bactérias,2,2,2,1,190216.0,1.0514362619338016,0.5257181309669008,50.0
2021,510790,SINOP,SINOP,Meningite não especificada,1,1,1,0,190216.0,0.5257181309669008,0.0,0.0
2021,510790,SINOP,SINOP,Outras etiologias,2,0,2,0,190216.0,1.0514362619338016,0.0,
2021,510792,SORRISO,SINOP,Outras etiologias,1,0,1,0,107165.0,0.9331404842999114,0.0,
2021,510840,VARZEA GRANDE,CUIABA,Meningite não especificada,2,2,2,1,303405.0,0.6591849178490796,0.3295924589245398,50.0
2021,510840,VARZEA GRANDE,CUIABA,Outras etiologias,4,0,2,0,303405.0,1.3183698356981592,0.0,
2022,510010,ACORIZAL,CUIABA,Meningite bacteriana/outras bactérias,1,1,1,0,5066.0,19.739439399921043,0.0,0.0
2022,510025,ALTA FLORESTA,ALTA FLORESTA,Meningite bacteriana/outras bactérias,1,1,1,0,59853.0,1.6707600287370725,0.0,0.0
2022,510025,ALTA FLORESTA,ALTA FLORESTA,Meningite não especificada,2,2,2,0,59853.0,3.341520057474145,0.0,0.0
2022,510050,ALTO PARAGUAI,DIAMANTINO,Meningite bacteriana/outras bactérias,1,1,1,1,7988.0,12.518778167250876,12.518778167250876,100.0
2022,510050,ALTO PARAGUAI,DIAMANTINO,Meningite não especificada,1,1,1,1,7988.0,12.518778167250876,12.518778167250876,100.0
2022,510050,ALTO PARAGUAI,DIAMANTINO,Outras etiologias,1,0,0,0,7988.0,12.518778167250876,0.0,
2022,510130,ARENAPOLIS,TANGARA DA SERRA,Outras etiologias,2,0,2,0,10712.0,18.670649738610905,0.0,
2022,510140,ARIPUANA,JUINA,Meningite não especificada,2,2,2,1,24986.0,8.004482510205715,4.002241255102858,50.0
2022,510170,BARRA DO BUGRES,TANGARA DA SERRA,Outras etiologias,1,0,1,0,29951.0,3.3387866849187007,0.0,
2022,510180,BARRA DO GARCAS,BARRA DO GARCAS,Meningite não especificada,1,1,1,0,70400.0,1.4204545454545454,0.0,0.0
2022,510180,BARRA DO GARCAS,BARRA DO GARCAS,Outras etiologias,5,0,5,0,70400.0,7.102272727272727,0.0,
2022,510250,CACERES,CACERES,Meningite não especificada,6,6,6,0,91537.0,6.554726504036619,0.0,0.0
2022,510250,CACERES,CACERES,Outras etiologias,5,0,4,0,91537.0,5.462272086697182,0.0,
2022,510260,CAMPINAPOLIS,BARRA DO GARCAS,Meningite não especificada,1,1,1,1,15514.0,6.445790898543251,6.445790898543251,100.0
2022,510263,CAMPO NOVO DO PARECIS,TANGARA DA SERRA,Outras etiologias,1,0,1,0,46154.0,2.166659444468518,0.0,
2022,510270,CANARANA,AGUA BOA,Outras etiologias,1,0,1,0,26174.0,3.8205853136700543,0.0,
2022,510285,CASTANHEIRA,JUINA,Meningite fúngica,2,2,2,0,7626.0,26.226068712300027,0.0,0.0
2022,510285,CASTANHEIRA,JUINA,Outras etiologias,1,0,1,0,7626.0,13.113034356150013,0.0,
2022,510300,CHAPADA DOS GUIMARAES,CUIABA,Outras etiologias,1,0,1,0,19333.0,5.17250297418921,0.0,
2022,510320,COLIDER,COLIDER,Outras etiologias,2,0,2,0,32128.0,6.225099601593626,0.0,
2022,510325,COLNIZA,JUINA,Meningite não especificada,1,1,1,0,26403.0,3.7874483960156047,0.0,0.0
2022,510325,COLNIZA,JUINA,Meningite pneumocócica,1,1,1,0,26403.0,3.7874483960156047,0.0,0.0
2022,510325,COLNIZA,JUINA,Outras etiologias,2,0,2,0,26403.0,7.574896792031209,0.0,
2022,510330,COMODORO,PONTES E LACERDA,Meningite não especificada,1,1,1,0,18460.0,5.417118093174431,0.0,0.0
2022,510335,CONFRESA,PORTO ALEGRE DO NORTE,Outras etiologias,2,0,2,0,35504.0,5.633168093735917,0.0,
2022,510340,CUIABA,CUIABA,Meningite bacteriana/outras bactérias,6,6,4,3,667985.0,0.8982237625096373,0.44911188125481866,50.0
2022,510340,CUIABA,CUIABA,Meningite fúngica,5,5,5,1,667985.0,0.7485198020913644,0.14970396041827286,20.0
2022,510340,CUIABA,CUIABA,Meningite não especificada,10,10,10,0,667985.0,1.4970396041827287,0.0,0.0
2022,510340,CUIABA,CUIABA,Meningite pneumocócica,1,1,1,0,667985.0,0.14970396041827286,0.0,0.0
2022,510340,CUIABA,CUIABA,Meningite por Hib/Hemófilo,1,1,1,0,667985.0,0.14970396041827286,0.0,0.0
2022,510340,CUIABA,CUIABA,Meningite tuberculosa,2,2,2,0,667985.0,0.2994079208365457,0.0,0.0
2022,510340,CUIABA,CUIABA,Meningite viral/asséptica,9,9,9,2,667985.0,1.347335643764456,0.2994079208365457,22.22222222222222
2022,510340,CUIABA,CUIABA,Outras etiologias,23,2,20,0,667985.0,3.443191089620276,0.0,0.0
2022,510345,DENISE,TANGARA DA SERRA,Outras etiologias,1,0,0,0,7002.0,14.281633818908883,0.0,
2022,510370,FELIZ NATAL,SINOP,Outras etiologias,2,0,1,0,10691.0,18.70732391731363,0.0,
2022,510510,JUARA,JUARA,Meningite não especificada,1,1,1,0,35766.0,2.795951462282615,0.0,0.0
2022,510510,JUARA,JUARA,Outras etiologias,1,0,1,0,35766.0,2.795951462282615,0.0,
2022,510520,JUSCIMEIRA,RONDONOPOLIS,Outras etiologias,1,0,1,0,11657.0,8.578536501672813,0.0,
2022,510525,LUCAS DO RIO VERDE,SINOP,Outras etiologias,12,0,11,0,84245.0,14.2441687934002,0.0,
2022,510562,MIRASSOL D OESTE,CACERES,Meningite não especificada,1,1,1,0,27316.0,3.660858105139845,0.0,0.0
2022,510590,NOBRES,DIAMANTINO,Meningite viral/asséptica,1,1,1,0,15682.0,6.376737661012626,0.0,0.0
2022,510590,NOBRES,DIAMANTINO,Outras etiologias,2,0,2,0,15682.0,12.753475322025253,0.0,
2022,510615,NOVA BANDEIRANTES,ALTA FLORESTA,Meningite bacteriana/outras bactérias,1,1,1,1,13888.0,7.200460829493087,7.200460829493087,100.0
2022,510622,NOVA MUTUM,SINOP,Meningite bacteriana/outras bactérias,2,2,2,0,56016.0,3.570408454727221,0.0,0.0
2022,510631,NOVO SANTO ANTONIO,SAO FELIX DO ARAGUAIA,Outras etiologias,1,0,0,0,2022.0,49.45598417408506,0.0,
2022,510642,PEIXOTO DE AZEVEDO,PEIXOTO DE AZEVEDO,Meningite não especificada,2,2,2,0,33496.0,5.970862192500597,0.0,0.0
2022,510650,POCONE,CUIABA,Outras etiologias,1,0,1,0,31485.0,3.176115610608226,0.0,
2022,510682,PORTO ESPERIDIAO,CACERES,Outras etiologias,1,0,1,0,10291.0,9.71722864639005,0.0,
2022,510700,POXOREO,RONDONOPOLIS,Doença meningocócica,1,1,1,0,23611.0,4.235314048536699,0.0,0.0
2022,510700,POXOREO,RONDONOPOLIS,Meningite não especificada,1,1,1,0,23611.0,4.235314048536699,0.0,0.0
2022,510704,PRIMAVERA DO LESTE,RONDONOPOLIS,Meningite não especificada,1,1,1,0,86185.0,1.1602947148575737,0.0,0.0
2022,510704,PRIMAVERA DO LESTE,RONDONOPOLIS,Meningite viral/asséptica,1,1,1,0,86185.0,1.1602947148575737,0.0,0.0
2022,510706,QUERENCIA,AGUA BOA,Outras etiologias,1,0,0,0,27014.0,3.7017842600133264,0.0,
2022,510710,SAO JOSE DOS QUATRO MARCOS,CACERES,Outras etiologias,1,0,1,0,18055.0,5.538631957906397,0.0,
2022,510720,RIO BRANCO,CACERES,Meningite viral/asséptica,1,1,1,0,4543.0,22.01188641866608,0.0,0.0
2022,510740,SAO PEDRO DA CIPA,RONDONOPOLIS,Meningite pneumocócica,1,1,1,0,4236.0,23.607176581680832,0.0,0.0
2022,510760,RONDONOPOLIS,RONDONOPOLIS,Meningite fúngica,1,1,1,0,250385.0,0.39938494718134077,0.0,0.0
2022,510760,RONDONOPOLIS,RONDONOPOLIS,Meningite não especificada,2,2,2,0,250385.0,0.7987698943626815,0.0,0.0
2022,510760,RONDONOPOLIS,RONDONOPOLIS,Meningite viral/asséptica,3,3,3,0,250385.0,1.1981548415440222,0.0,0.0
2022,510760,RONDONOPOLIS,RONDONOPOLIS,Outras etiologias,6,1,4,0,250385.0,2.3963096830880444,0.0,0.0
2022,510780,SANTO ANTONIO DO LEVERGER,CUIABA,Doença meningocócica,1,1,1,1,16777.0,5.9605412171425165,5.9605412171425165,100.0
2022,510780,SANTO ANTONIO DO LEVERGER,CUIABA,Outras etiologias,2,0,1,0,16777.0,11.921082434285033,0.0,
2022,510790,SINOP,SINOP,Doença meningocócica,2,2,2,1,198321.0,1.0084660726801498,0.5042330363400749,50.0
2022,510790,SINOP,SINOP,Meningite bacteriana/outras bactérias,1,1,1,0,198321.0,0.5042330363400749,0.0,0.0
2022,510790,SINOP,SINOP,Meningite não especificada,3,3,3,0,198321.0,1.5126991090202249,0.0,0.0
2022,510790,SINOP,SINOP,Outras etiologias,9,1,8,0,198321.0,4.538097327060674,0.0,0.0
2022,510792,SORRISO,SINOP,Meningite bacteriana/outras bactérias,1,1,1,0,111501.0,0.8968529430229325,0.0,0.0
2022,510792,SORRISO,SINOP,Meningite fúngica,1,1,1,0,111501.0,0.8968529430229325,0.0,0.0
2022,510795,TANGARA DA SERRA,TANGARA DA SERRA,Outras etiologias,1,0,1,0,108522.0,0.9214721438970901,0.0,
2022,510805,TERRA NOVA DO NORTE,PEIXOTO DE AZEVEDO,Outras etiologias,1,0,0,0,10771.0,9.28418902608857,0.0,
2022,510835,VALE DE SAO DOMINGOS,PONTES E LACERDA,Outras etiologias,1,0,1,0,2939.0,34.02517863218782,0.0,
2022,510840,VARZEA GRANDE,CUIABA,Meningite bacteriana/outras bactérias,1,1,1,0,307135.0,0.3255897243882983,0.0,0.0
2022,510840,VARZEA GRANDE,CUIABA,Meningite fúngica,1,1,1,0,307135.0,0.3255897243882983,0.0,0.0
2022,510840,VARZEA GRANDE,CUIABA,Meningite não especificada,1,1,1,0,307135.0,0.3255897243882983,0.0,0.0
2022,510840,VARZEA GRANDE,CUIABA,Meningite pneumocócica,1,1,1,0,307135.0,0.3255897243882983,0.0,0.0
2022,510840,VARZEA GRANDE,CUIABA,Meningite viral/asséptica,2,2,2,0,307135.0,0.6511794487765966,0.0,0.0
2022,510840,VARZEA GRANDE,CUIABA,Outras etiologias,8,0,8,0,307135.0,2.6047177951063865,0.0,
2022,510860,VILA RICA,PORTO ALEGRE DO NORTE,Outras etiologias,1,0,1,0,20058.0,4.985541928407618,0.0,
2022,510895,NOVA MONTE VERDE,ALTA FLORESTA,Outras etiologias,1,1,1,0,8451.0,11.832919181161992,0.0,0.0
2023,510020,AGUA BOA,AGUA BOA,Outras etiologias,7,0,7,0,30461.0,22.98020419552871,0.0,
2023,510025,ALTA FLORESTA,ALTA FLORESTA,Meningite não especificada,1,1,1,0,60595.0,1.6503011799653435,0.0,0.0
2023,510030,ALTO ARAGUAIA,RONDONOPOLIS,Meningite bacteriana/outras bactérias,1,1,1,0,17567.0,5.692491603574885,0.0,0.0
2023,510030,ALTO ARAGUAIA,RONDONOPOLIS,Meningite não especificada,1,1,1,0,17567.0,5.692491603574885,0.0,0.0
2023,510035,ALTO BOA VISTA,SAO FELIX DO ARAGUAIA,Outras etiologias,1,0,1,0,5827.0,17.16148961729878,0.0,
2023,510050,ALTO PARAGUAI,DIAMANTINO,Meningite não especificada,1,1,1,0,7854.0,12.732365673542143,0.0,0.0
2023,510050,ALTO PARAGUAI,DIAMANTINO,Outras etiologias,1,0,0,0,7854.0,12.732365673542143,0.0,
2023,510140,ARIPUANA,JUINA,Doença meningocócica,1,1,1,0,25493.0,3.922645432079394,0.0,0.0
2023,510140,ARIPUANA,JUINA,Outras etiologias,2,0,2,0,25493.0,7.845290864158788,0.0,
2023,510170,BARRA DO BUGRES,TANGARA DA SERRA,Meningite não especificada,1,1,1,0,29765.0,3.359650596337981,0.0,0.0
2023,510170,BARRA DO BUGRES,TANGARA DA SERRA,Meningite pneumocócica,1,1,1,0,29765.0,3.359650596337981,0.0,0.0
2023,510180,BARRA DO GARCAS,BARRA DO GARCAS,Meningite fúngica,1,1,1,0,71550.0,1.397624039133473,0.0,0.0
2023,510180,BARRA DO GARCAS,BARRA DO GARCAS,Meningite não especificada,2,2,2,1,71550.0,2.795248078266946,1.397624039133473,50.0
2023,510180,BARRA DO GARCAS,BARRA DO GARCAS,Outras etiologias,7,0,3,0,71550.0,9.783368273934311,0.0,
2023,510185,BOM JESUS DO ARAGUAIA,AGUA BOA,Outras etiologias,1,0,1,0,7543.0,13.257324671881214,0.0,
2023,510250,CACERES,CACERES,Meningite fúngica,2,2,2,0,91623.0,2.182858016000349,0.0,0.0
2023,510250,CACERES,CACERES,Meningite não especificada,8,8,8,0,91623.0,8.731432064001396,0.0,0.0
2023,510250,CACERES,CACERES,Outras etiologias,2,0,2,0,91623.0,2.182858016000349,0.0,
2023,510260,CAMPINAPOLIS,BARRA DO GARCAS,Outras etiologias,3,0,3,0,15613.0,19.214756933324793,0.0,
2023,510263,CAMPO NOVO DO PARECIS,TANGARA DA SERRA,Outras etiologias,1,0,1,0,48027.0,2.0821621171424405,0.0,
2023,510267,CAMPO VERDE,RONDONOPOLIS,Meningite não especificada,1,1,1,0,46557.0,2.1479047189466676,0.0,0.0
2023,510267,CAMPO VERDE,RONDONOPOLIS,Outras etiologias,2,0,2,0,46557.0,4.295809437893335,0.0,
2023,510268,CAMPOS DE JULIO,PONTES E LACERDA,Outras etiologias,3,0,2,0,9272.0,32.35547886108714,0.0,
2023,510270,CANARANA,AGUA BOA,Meningite não especificada,1,1,1,1,26904.0,3.716919417187035,3.716919417187035,100.0
2023,510279,CARLINDA,ALTA FLORESTA,Outras etiologias,1,0,1,0,10415.0,9.601536245799327,0.0,
2023,510305,CLAUDIA,SINOP,Meningite bacteriana/outras bactérias,2,2,2,1,9576.0,20.885547201336674,10.442773600668337,50.0
2023,510310,COCALINHO,AGUA BOA,Outras etiologias,1,0,1,0,6377.0,15.681354869060687,0.0,
2023,510320,COLIDER,COLIDER,Outras etiologias,1,0,1,0,32086.0,3.116624072804338,0.0,
2023,510337,COTRIGUACU,JUINA,Outras etiologias,1,0,1,0,10624.0,9.41265060240964,0.0,
2023,510340,CUIABA,CUIABA,Meningite bacteriana/outras bactérias,6,6,5,2,676124.0,0.8874111849305749,0.29580372831019164,33.33333333333333
2023,510340,CUIABA,CUIABA,Meningite fúngica,1,1,1,0,676124.0,0.14790186415509582,0.0,0.0
2023,510340,CUIABA,CUIABA,Meningite não especificada,14,14,14,1,676124.0,2.0706260981713416,0.14790186415509582,7.142857142857142
2023,510340,CUIABA,CUIABA,Meningite por Hib/Hemófilo,1,1,1,0,676124.0,0.14790186415509582,0.0,0.0
2023,510340,CUIABA,CUIABA,Meningite tuberculosa,1,1,1,0,676124.0,0.14790186415509582,0.0,0.0
2023,510340,CUIABA,CUIABA,Meningite viral/asséptica,2,2,2,0,676124.0,0.29580372831019164,0.0,0.0
2023,510340,CUIABA,CUIABA,Outras etiologias,39,1,35,0,676124.0,5.768172702048736,0.0,0.0
2023,510343,CURVELANDIA,CACERES,Meningite não especificada,1,1,1,0,4970.0,20.120724346076457,0.0,0.0
2023,510350,DIAMANTINO,DIAMANTINO,Meningite por Hib/Hemófilo,1,1,1,0,22368.0,4.470672389127325,0.0,0.0
2023,510360,DOM AQUINO,RONDONOPOLIS,Meningite pneumocócica,1,1,1,0,7953.0,12.57387149503332,0.0,0.0
2023,510385,GAUCHA DO NORTE,AGUA BOA,Doença meningocócica,1,1,1,0,8938.0,11.188185276348175,0.0,0.0
2023,510385,GAUCHA DO NORTE,AGUA BOA,Outras etiologias,2,0,1,0,8938.0,22.37637055269635,0.0,
2023,510395,GLORIA D OESTE,CACERES,Outras etiologias,1,0,1,0,2887.0,34.638032559750606,0.0,
2023,510460,ITIQUIRA,RONDONOPOLIS,Meningite tuberculosa,1,1,1,0,12472.0,8.017960230917254,0.0,0.0
2023,510480,JACIARA,RONDONOPOLIS,Doença meningocócica,1,1,1,0,29369.0,3.404950798460962,0.0,0.0
2023,510490,JANGADA,CUIABA,Outras etiologias,1,0,1,0,7491.0,13.349352556401014,0.0,
2023,510510,JUARA,JUARA,Meningite bacteriana/outras bactérias,1,1,1,0,35862.0,2.788466900897886,0.0,0.0
2023,510510,JUARA,JUARA,Outras etiologias,4,0,4,0,35862.0,11.153867603591545,0.0,
2023,510515,JUINA,JUINA,Outras etiologias,1,0,1,0,47397.0,2.1098381754119457,0.0,
2023,510525,LUCAS DO RIO VERDE,SINOP,Outras etiologias,3,0,3,0,88126.0,3.4042166897396906,0.0,
2023,510560,MATUPA,PEIXOTO DE AZEVEDO,Meningite não especificada,1,1,1,0,20853.0,4.795473073418693,0.0,0.0
2023,510562,MIRASSOL D OESTE,CACERES,Meningite não especificada,1,1,1,0,27434.0,3.645111904935481,0.0,0.0
2023,510600,NORTELANDIA,DIAMANTINO,Outras etiologias,1,0,1,0,5960.0,16.778523489932883,0.0,
2023,510610,NOSSA SENHORA DO LIVRAMENTO,CUIABA,Outras etiologias,1,0,1,0,11694.0,8.551393877201985,0.0,
2023,510615,NOVA BANDEIRANTES,ALTA FLORESTA,Meningite não especificada,1,1,1,0,14036.0,7.124536905101169,0.0,0.0
2023,510617,NOVA NAZARE,AGUA BOA,Doença meningocócica,1,1,1,0,4338.0,23.05209774089442,0.0,0.0
2023,510617,NOVA NAZARE,AGUA BOA,Outras etiologias,1,0,0,0,4338.0,23.05209774089442,0.0,
2023,510622,NOVA MUTUM,SINOP,Meningite não especificada,3,3,3,0,58541.0,5.124613518730462,0.0,0.0
2023,510622,NOVA MUTUM,SINOP,Outras etiologias,1,0,1,0,58541.0,1.7082045062434876,0.0,
2023,510623,NOVA OLIMPIA,TANGARA DA SERRA,Outras etiologias,2,0,2,0,16434.0,12.169891687963977,0.0,
2023,510625,NOVA XAVANTINA,BARRA DO GARCAS,Outras etiologias,1,1,1,0,25084.0,3.9866050071758887,0.0,0.0
2023,510650,POCONE,CUIABA,Outras etiologias,1,0,0,0,31394.0,3.1853220360578454,0.0,
2023,510665,PONTAL DO ARAGUAIA,BARRA DO GARCAS,Meningite não especificada,1,1,1,0,7169.0,13.948946854512483,0.0,0.0
2023,510675,PONTES E LACERDA,PONTES E LACERDA,Meningite não especificada,2,2,2,0,53816.0,3.7163668797383673,0.0,0.0
2023,510675,PONTES E LACERDA,PONTES E LACERDA,Meningite tuberculosa,1,1,1,0,53816.0,1.8581834398691837,0.0,0.0
2023,510675,PONTES E LACERDA,PONTES E LACERDA,Outras etiologias,2,1,2,0,53816.0,3.7163668797383673,0.0,0.0
2023,510677,PORTO ALEGRE DO NORTE,PORTO ALEGRE DO NORTE,Meningite tuberculosa,1,1,1,0,12420.0,8.051529790660226,0.0,0.0
2023,510700,POXOREO,RONDONOPOLIS,Outras etiologias,1,0,1,0,24102.0,4.149033275246867,0.0,
2023,510704,PRIMAVERA DO LESTE,RONDONOPOLIS,Meningite não especificada,1,1,1,0,89513.0,1.1171561672606214,0.0,0.0
2023,510704,PRIMAVERA DO LESTE,RONDONOPOLIS,Meningite viral/asséptica,1,1,1,0,89513.0,1.1171561672606214,0.0,0.0
2023,510704,PRIMAVERA DO LESTE,RONDONOPOLIS,Outras etiologias,1,1,0,0,89513.0,1.1171561672606214,0.0,0.0
2023,510718,RIBEIRAO CASCALHEIRA,AGUA BOA,Meningite não especificada,1,1,1,0,10340.0,9.671179883945841,0.0,0.0
2023,510718,RIBEIRAO CASCALHEIRA,AGUA BOA,Outras etiologias,2,0,1,0,10340.0,19.342359767891683,0.0,
2023,510720,RIO BRANCO,CACERES,Meningite não especificada,2,2,2,0,4509.0,44.35573297848747,0.0,0.0
2023,510730,SAO JOSE DO RIO CLARO,DIAMANTINO,Meningite não especificada,1,1,1,0,14813.0,6.750826976304597,0.0,0.0
2023,510760,RONDONOPOLIS,RONDONOPOLIS,Meningite bacteriana/outras bactérias,2,2,2,0,254728.0,0.785151220124996,0.0,0.0
2023,510760,RONDONOPOLIS,RONDONOPOLIS,Meningite não especificada,4,4,4,0,254728.0,1.570302440249992,0.0,0.0
2023,510760,RONDONOPOLIS,RONDONOPOLIS,Meningite pneumocócica,3,3,3,1,254728.0,1.1777268301874941,0.392575610062498,33.33333333333333
2023,510760,RONDONOPOLIS,RONDONOPOLIS,Outras etiologias,8,2,8,1,254728.0,3.140604880499984,0.392575610062498,50.0
2023,510780,SANTO ANTONIO DO LEVERGER,CUIABA,Meningite não especificada,2,2,2,0,16776.0,11.921793037672865,0.0,0.0
2023,510787,SAPEZAL,TANGARA DA SERRA,Outras etiologias,2,0,2,0,30303.0,6.6000066000065996,0.0,
2023,510788,SERRA NOVA DOURADA,SAO FELIX DO ARAGUAIA,Outras etiologias,1,0,1,0,1835.0,54.495912806539515,0.0,
2023,510790,SINOP,SINOP,Doença meningocócica,2,2,2,0,206931.0,0.9665057434603805,0.0,0.0
2023,510790,SINOP,SINOP,Meningite bacteriana/outras bactérias,1,1,1,0,206931.0,0.48325287173019027,0.0,0.0
2023,510790,SINOP,SINOP,Meningite não especificada,4,4,4,0,206931.0,1.933011486920761,0.0,0.0
2023,510790,SINOP,SINOP,Meningite pneumocócica,1,1,1,0,206931.0,0.48325287173019027,0.0,0.0
2023,510790,SINOP,SINOP,Meningite viral/asséptica,6,6,6,0,206931.0,2.8995172303811416,0.0,0.0
2023,510790,SINOP,SINOP,Outras etiologias,12,6,12,0,206931.0,5.799034460762283,0.0,0.0
2023,510792,SORRISO,SINOP,Meningite viral/asséptica,1,1,1,0,116105.0,0.8612893501571853,0.0,0.0
2023,510792,SORRISO,SINOP,Outras etiologias,3,0,3,0,116105.0,2.5838680504715557,0.0,
2023,510794,TABAPORA,JUARA,Outras etiologias,1,0,1,0,9932.0,10.068465565847765,0.0,
2023,510795,TANGARA DA SERRA,TANGARA DA SERRA,Meningite não especificada,1,1,1,0,110549.0,0.9045762512550996,0.0,0.0
2023,510795,TANGARA DA SERRA,TANGARA DA SERRA,Outras etiologias,4,0,4,0,110549.0,3.618305005020398,0.0,
2023,510800,TAPURAH,SINOP,Outras etiologias,1,0,1,0,14872.0,6.7240451855836465,0.0,
2023,510840,VARZEA GRANDE,CUIABA,Doença meningocócica,1,1,1,1,310941.0,0.32160442013115026,0.32160442013115026,100.0
2023,510840,VARZEA GRANDE,CUIABA,Meningite bacteriana/outras bactérias,1,1,1,1,310941.0,0.32160442013115026,0.32160442013115026,100.0
2023,510840,VARZEA GRANDE,CUIABA,Meningite fúngica,1,1,1,0,310941.0,0.32160442013115026,0.0,0.0
2023,510840,VARZEA GRANDE,CUIABA,Meningite não especificada,7,7,7,1,310941.0,2.251230940918052,0.32160442013115026,14.285714285714285
2023,510840,VARZEA GRANDE,CUIABA,Meningite pneumocócica,1,1,1,1,310941.0,0.32160442013115026,0.32160442013115026,100.0
2023,510840,VARZEA GRANDE,CUIABA,Meningite viral/asséptica,2,2,2,0,310941.0,0.6432088402623005,0.0,0.0
2023,510840,VARZEA GRANDE,CUIABA,Outras etiologias,18,2,17,0,310941.0,5.788879562360705,0.0,0.0
2023,510860,VILA RICA,PORTO ALEGRE DO NORTE,Outras etiologias,5,0,1,0,19948.0,25.065169440545414,0.0,
2024,510020,AGUA BOA,AGUA BOA,Outras etiologias,7,0,7,0,31314.0,22.354218560388325,0.0,
2024,510025,ALTA FLORESTA,ALTA FLORESTA,Meningite bacteriana/outras bactérias,1,1,1,1,61291.0,1.6315609143267364,1.6315609143267364,100.0
2024,510025,ALTA FLORESTA,ALTA FLORESTA,Meningite não especificada,1,1,1,0,61291.0,1.6315609143267364,0.0,0.0
2024,510025,ALTA FLORESTA,ALTA FLORESTA,Outras etiologias,1,0,1,0,61291.0,1.6315609143267364,0.0,
2024,510030,ALTO ARAGUAIA,RONDONOPOLIS,Meningite não especificada,2,2,2,1,17657.0,11.326952483434331,5.663476241717166,50.0
2024,510040,ALTO GARCAS,RONDONOPOLIS,Outras etiologias,1,0,0,0,13707.0,7.295542423579193,0.0,
2024,510050,ALTO PARAGUAI,DIAMANTINO,Outras etiologias,1,0,1,0,7717.0,12.95840352468576,0.0,
2024,510060,ALTO TAQUARI,RONDONOPOLIS,Outras etiologias,1,0,1,0,11571.0,8.642295393656555,0.0,
2024,510130,ARENAPOLIS,TANGARA DA SERRA,Meningite não especificada,1,1,1,0,10747.0,9.304922303898763,0.0,0.0
2024,510170,BARRA DO BUGRES,TANGARA DA SERRA,Meningite não especificada,1,1,1,0,29576.0,3.381119826886665,0.0,0.0
2024,510170,BARRA DO BUGRES,TANGARA DA SERRA,Meningite viral/asséptica,1,1,1,0,29576.0,3.381119826886665,0.0,0.0
2024,510170,BARRA DO BUGRES,TANGARA DA SERRA,Outras etiologias,1,0,1,0,29576.0,3.381119826886665,0.0,
2024,510180,BARRA DO GARCAS,BARRA DO GARCAS,Doença meningocócica,1,1,1,1,72694.0,1.3756293504278208,1.3756293504278208,100.0
2024,510180,BARRA DO GARCAS,BARRA DO GARCAS,Meningite bacteriana/outras bactérias,1,1,1,0,72694.0,1.3756293504278208,0.0,0.0
2024,510180,BARRA DO GARCAS,BARRA DO GARCAS,Meningite não especificada,1,1,1,1,72694.0,1.3756293504278208,1.3756293504278208,100.0
2024,510180,BARRA DO GARCAS,BARRA DO GARCAS,Outras etiologias,3,0,3,0,72694.0,4.126888051283462,0.0,
2024,510190,BRASNORTE,JUINA,Outras etiologias,1,0,1,0,17496.0,5.715592135345221,0.0,
2024,510250,CACERES,CACERES,Meningite bacteriana/outras bactérias,1,1,1,1,91626.0,1.0913932726518674,1.0913932726518674,100.0
2024,510250,CACERES,CACERES,Meningite não especificada,1,1,1,0,91626.0,1.0913932726518674,0.0,0.0
2024,510250,CACERES,CACERES,Outras etiologias,2,0,0,0,91626.0,2.1827865453037347,0.0,
2024,510260,CAMPINAPOLIS,BARRA DO GARCAS,Outras etiologias,2,0,2,0,15713.0,12.728314134792846,0.0,
2024,510263,CAMPO NOVO DO PARECIS,TANGARA DA SERRA,Meningite bacteriana/outras bactérias,2,2,2,0,50033.0,3.9973617412507743,0.0,0.0
2024,510263,CAMPO NOVO DO PARECIS,TANGARA DA SERRA,Outras etiologias,2,0,2,0,50033.0,3.9973617412507743,0.0,
2024,510267,CAMPO VERDE,RONDONOPOLIS,Meningite bacteriana/outras bactérias,1,1,1,0,47831.0,2.090694319583534,0.0,0.0
2024,510267,CAMPO VERDE,RONDONOPOLIS,Meningite fúngica,1,1,1,0,47831.0,2.090694319583534,0.0,0.0
2024,510267,CAMPO VERDE,RONDONOPOLIS,Outras etiologias,1,0,1,0,47831.0,2.090694319583534,0.0,
2024,510270,CANARANA,AGUA BOA,Meningite bacteriana/outras bactérias,1,1,1,0,27657.0,3.6157211555844815,0.0,0.0
2024,510270,CANARANA,AGUA BOA,Outras etiologias,4,0,3,0,27657.0,14.462884622337926,0.0,
2024,510300,CHAPADA DOS GUIMARAES,CUIABA,Meningite bacteriana/outras bactérias,1,1,1,0,19374.0,5.161556725508413,0.0,0.0
2024,510300,CHAPADA DOS GUIMARAES,CUIABA,Meningite fúngica,1,1,1,0,19374.0,5.161556725508413,0.0,0.0
2024,510300,CHAPADA DOS GUIMARAES,CUIABA,Outras etiologias,2,0,2,0,19374.0,10.323113451016827,0.0,
2024,510310,COCALINHO,AGUA BOA,Outras etiologias,1,0,1,0,6428.0,15.556938394523957,0.0,
2024,510320,COLIDER,COLIDER,Outras etiologias,4,0,4,0,32010.0,12.496094970321776,0.0,
2024,510335,CONFRESA,PORTO ALEGRE DO NORTE,Outras etiologias,2,0,1,0,37541.0,5.327508590607602,0.0,
2024,510340,CUIABA,CUIABA,Meningite bacteriana/outras bactérias,3,3,2,3,682932.0,0.43928238829048866,0.43928238829048866,100.0
2024,510340,CUIABA,CUIABA,Meningite não especificada,5,5,5,0,682932.0,0.7321373138174812,0.0,0.0
2024,510340,CUIABA,CUIABA,Meningite tuberculosa,2,2,2,0,682932.0,0.29285492552699244,0.0,0.0
2024,510340,CUIABA,CUIABA,Meningite viral/asséptica,2,2,2,0,682932.0,0.29285492552699244,0.0,0.0
2024,510340,CUIABA,CUIABA,Outras etiologias,35,0,29,0,682932.0,5.124961196722368,0.0,
2024,510350,DIAMANTINO,DIAMANTINO,Doença meningocócica,1,1,1,0,22479.0,4.448596467814404,0.0,0.0
2024,510360,DOM AQUINO,RONDONOPOLIS,Meningite bacteriana/outras bactérias,1,1,1,0,7915.0,12.634238787113077,0.0,0.0
2024,510370,FELIZ NATAL,SINOP,Outras etiologias,1,0,1,0,10564.0,9.46611132146914,0.0,
2024,510410,GUARANTA DO NORTE,PEIXOTO DE AZEVEDO,Meningite bacteriana/outras bactérias,1,1,1,1,31328.0,3.192032686414709,3.192032686414709,100.0
2024,510410,GUARANTA DO NORTE,PEIXOTO DE AZEVEDO,Outras etiologias,4,0,4,0,31328.0,12.768130745658835,0.0,
2024,510420,GUIRATINGA,RONDONOPOLIS,Meningite fúngica,1,1,1,0,10532.0,9.4948727687049,0.0,0.0
2024,510454,ITANHANGA,SINOP,Meningite fúngica,1,1,1,0,8049.0,12.423903590508138,0.0,0.0
2024,510454,ITANHANGA,SINOP,Outras etiologias,1,0,1,0,8049.0,12.423903590508138,0.0,
2024,510480,JACIARA,RONDONOPOLIS,Meningite não especificada,1,1,1,0,29560.0,3.3829499323410017,0.0,0.0
2024,510510,JUARA,JUARA,Meningite não especificada,1,1,1,0,35899.0,2.785592913451628,0.0,0.0
2024,510510,JUARA,JUARA,Outras etiologias,4,0,3,0,35899.0,11.142371653806512,0.0,
2024,510515,JUINA,JUINA,Meningite bacteriana/outras bactérias,1,1,1,0,47800.0,2.0920502092050213,0.0,0.0
2024,510515,JUINA,JUINA,Meningite não especificada,1,1,1,0,47800.0,2.0920502092050213,0.0,0.0
2024,510515,JUINA,JUINA,Outras etiologias,2,0,2,0,47800.0,4.1841004184100425,0.0,
2024,510517,JURUENA,JUINA,Outras etiologias,1,0,1,0,10149.0,9.853187506158243,0.0,
2024,510520,JUSCIMEIRA,RONDONOPOLIS,Outras etiologias,1,0,1,0,11620.0,8.605851979345957,0.0,
2024,510523,LAMBARI D OESTE,CACERES,Meningite não especificada,1,1,1,0,4724.0,21.168501270110074,0.0,0.0
2024,510525,LUCAS DO RIO VERDE,SINOP,Meningite bacteriana/outras bactérias,2,2,0,2,92256.0,2.1678806798473813,2.1678806798473813,100.0
2024,510525,LUCAS DO RIO VERDE,SINOP,Outras etiologias,4,0,4,0,92256.0,4.335761359694763,0.0,
2024,510562,MIRASSOL D OESTE,CACERES,Meningite fúngica,1,1,1,0,27511.0,3.6349096724946386,0.0,0.0
2024,510562,MIRASSOL D OESTE,CACERES,Meningite não especificada,1,1,1,0,27511.0,3.6349096724946386,0.0,0.0
2024,510562,MIRASSOL D OESTE,CACERES,Outras etiologias,1,0,0,0,27511.0,3.6349096724946386,0.0,
2024,510590,NOBRES,DIAMANTINO,Meningite não especificada,1,1,1,1,15753.0,6.347997206881229,6.347997206881229,100.0
2024,510619,NOVA SANTA HELENA,COLIDER,Outras etiologias,1,0,1,0,4431.0,22.568269013766646,0.0,
2024,510622,NOVA MUTUM,SINOP,Meningite não especificada,3,3,3,0,61223.0,4.900119236234748,0.0,0.0
2024,510625,NOVA XAVANTINA,BARRA DO GARCAS,Meningite não especificada,1,1,1,1,25486.0,3.9237228282194145,3.9237228282194145,100.0
2024,510627,NOVO HORIZONTE DO NORTE,JUARA,Outras etiologias,1,0,1,0,3307.0,30.23888720895071,0.0,
2024,510637,PEDRA PRETA,RONDONOPOLIS,Meningite não especificada,1,1,1,0,18722.0,5.341309689135776,0.0,0.0
2024,510637,PEDRA PRETA,RONDONOPOLIS,Outras etiologias,1,0,1,0,18722.0,5.341309689135776,0.0,
2024,510642,PEIXOTO DE AZEVEDO,PEIXOTO DE AZEVEDO,Meningite não especificada,1,1,1,0,33599.0,2.9762790559242838,0.0,0.0
2024,510642,PEIXOTO DE AZEVEDO,PEIXOTO DE AZEVEDO,Outras etiologias,1,0,1,0,33599.0,2.9762790559242838,0.0,
2024,510650,POCONE,CUIABA,Outras etiologias,1,0,1,0,31269.0,3.1980555822060186,0.0,
2024,510675,PONTES E LACERDA,PONTES E LACERDA,Meningite bacteriana/outras bactérias,1,1,1,0,54795.0,1.8249840313897252,0.0,0.0
2024,510675,PONTES E LACERDA,PONTES E LACERDA,Meningite não especificada,3,3,3,1,54795.0,5.4749520941691765,1.8249840313897252,33.33333333333333
2024,510675,PONTES E LACERDA,PONTES E LACERDA,Outras etiologias,2,0,2,0,54795.0,3.6499680627794504,0.0,
2024,510680,PORTO DOS GAUCHOS,JUARA,Outras etiologias,1,0,0,0,5690.0,17.574692442882252,0.0,
2024,510700,POXOREO,RONDONOPOLIS,Meningite bacteriana/outras bactérias,1,1,1,0,24587.0,4.067189978443893,0.0,0.0
2024,510700,POXOREO,RONDONOPOLIS,Meningite não especificada,2,2,2,0,24587.0,8.134379956887786,0.0,0.0
2024,510704,PRIMAVERA DO LESTE,RONDONOPOLIS,Meningite bacteriana/outras bactérias,4,4,4,1,92927.0,4.304454033811487,1.0761135084528717,25.0
2024,510704,PRIMAVERA DO LESTE,RONDONOPOLIS,Meningite não especificada,2,2,2,0,92927.0,2.1522270169057434,0.0,0.0
2024,510704,PRIMAVERA DO LESTE,RONDONOPOLIS,Meningite viral/asséptica,1,1,1,0,92927.0,1.0761135084528717,0.0,0.0
2024,510704,PRIMAVERA DO LESTE,RONDONOPOLIS,Outras etiologias,1,1,1,0,92927.0,1.0761135084528717,0.0,0.0
2024,510706,QUERENCIA,AGUA BOA,Outras etiologias,3,0,1,0,29820.0,10.060362173038229,0.0,
2024,510720,RIO BRANCO,CACERES,Meningite não especificada,1,1,1,0,4489.0,22.276676319893074,0.0,0.0
2024,510724,SANTA CARMEM,SINOP,Outras etiologias,2,0,2,0,5677.0,35.22987493394398,0.0,
2024,510730,SAO JOSE DO RIO CLARO,DIAMANTINO,Meningite fúngica,1,1,1,1,14662.0,6.820351930159596,6.820351930159596,100.0
2024,510740,SAO PEDRO DA CIPA,RONDONOPOLIS,Meningite não especificada,2,2,2,1,4247.0,47.09206498704968,23.54603249352484,50.0
2024,510740,SAO PEDRO DA CIPA,RONDONOPOLIS,Outras etiologias,1,0,1,0,4247.0,23.54603249352484,0.0,
2024,510760,RONDONOPOLIS,RONDONOPOLIS,Meningite bacteriana/outras bactérias,3,3,2,0,259167.0,1.157554781280024,0.0,0.0
2024,510760,RONDONOPOLIS,RONDONOPOLIS,Meningite não especificada,8,8,8,2,259167.0,3.0868127500800644,0.7717031875200161,25.0
2024,510760,RONDONOPOLIS,RONDONOPOLIS,Meningite pneumocócica,4,4,4,1,259167.0,1.5434063750400322,0.38585159376000805,25.0
2024,510760,RONDONOPOLIS,RONDONOPOLIS,Meningite tuberculosa,1,1,1,0,259167.0,0.38585159376000805,0.0,0.0
2024,510760,RONDONOPOLIS,RONDONOPOLIS,Meningite viral/asséptica,2,2,2,0,259167.0,0.7717031875200161,0.0,0.0
2024,510760,RONDONOPOLIS,RONDONOPOLIS,Outras etiologias,9,0,7,0,259167.0,3.4726643438400724,0.0,
2024,510770,ROSARIO OESTE,DIAMANTINO,Meningite tuberculosa,1,1,1,0,15236.0,6.563402467839328,0.0,0.0
2024,510787,SAPEZAL,TANGARA DA SERRA,Meningite não especificada,1,1,1,1,31499.0,3.174703958855837,3.174703958855837,100.0
2024,510787,SAPEZAL,TANGARA DA SERRA,Outras etiologias,1,0,1,0,31499.0,3.174703958855837,0.0,
2024,510790,SINOP,SINOP,Meningite não especificada,5,5,4,0,216029.0,2.314504071212661,0.0,0.0
2024,510790,SINOP,SINOP,Meningite pneumocócica,1,1,1,0,216029.0,0.46290081424253227,0.0,0.0
2024,510790,SINOP,SINOP,Outras etiologias,11,2,10,0,216029.0,5.091908956667855,0.0,0.0
2024,510792,SORRISO,SINOP,Meningite bacteriana/outras bactérias,1,1,1,1,120985.0,0.8265487457122784,0.8265487457122784,100.0
2024,510792,SORRISO,SINOP,Meningite fúngica,1,1,1,0,120985.0,0.8265487457122784,0.0,0.0
2024,510792,SORRISO,SINOP,Meningite pneumocócica,1,1,1,0,120985.0,0.8265487457122784,0.0,0.0
2024,510792,SORRISO,SINOP,Outras etiologias,1,0,1,0,120985.0,0.8265487457122784,0.0,
2024,510795,TANGARA DA SERRA,TANGARA DA SERRA,Meningite bacteriana/outras bactérias,1,1,1,0,112547.0,0.8885176859445387,0.0,0.0
2024,510795,TANGARA DA SERRA,TANGARA DA SERRA,Meningite não especificada,1,1,1,1,112547.0,0.8885176859445387,0.8885176859445387,100.0
2024,510795,TANGARA DA SERRA,TANGARA DA SERRA,Outras etiologias,8,0,8,0,112547.0,7.10814148755631,0.0,
2024,510805,TERRA NOVA DO NORTE,PEIXOTO DE AZEVEDO,Outras etiologias,1,0,1,0,10641.0,9.3976130062964,0.0,
2024,510830,UNIAO DO SUL,SINOP,Outras etiologias,1,0,1,0,3897.0,25.660764690787786,0.0,
2024,510840,VARZEA GRANDE,CUIABA,Meningite não especificada,5,5,5,0,314627.0,1.5891833822272086,0.0,0.0
2024,510840,VARZEA GRANDE,CUIABA,Meningite viral/asséptica,2,2,2,1,314627.0,0.6356733528908836,0.3178366764454418,50.0
2024,510840,VARZEA GRANDE,CUIABA,Outras etiologias,18,0,14,0,314627.0,5.721060176017952,0.0,
2024,510850,VERA,SINOP,Outras etiologias,1,0,1,0,13389.0,7.468817686160281,0.0,
2024,510860,VILA RICA,PORTO ALEGRE DO NORTE,Outras etiologias,2,0,2,0,19827.0,10.087254753618803,0.0,
2024,510885,NOVA MARILANDIA,TANGARA DA SERRA,Meningite bacteriana/outras bactérias,1,1,1,1,3678.0,27.188689505165847,27.188689505165847,100.0
2025,510020,AGUA BOA,AGUA BOA,Outras etiologias,2,0,2,0,,,,
2025,510025,ALTA FLORESTA,ALTA FLORESTA,Meningite não especificada,1,1,1,0,,,,0.0
2025,510025,ALTA FLORESTA,ALTA FLORESTA,Meningite pneumocócica,1,1,1,1,,,,100.0
2025,510025,ALTA FLORESTA,ALTA FLORESTA,Outras etiologias,1,0,1,0,,,,
2025,510130,ARENAPOLIS,TANGARA DA SERRA,Outras etiologias,1,0,1,0,,,,
2025,510140,ARIPUANA,JUINA,Outras etiologias,1,0,0,0,,,,
2025,510180,BARRA DO GARCAS,BARRA DO GARCAS,Doença meningocócica,1,1,1,0,,,,0.0
2025,510180,BARRA DO GARCAS,BARRA DO GARCAS,Meningite bacteriana/outras bactérias,1,1,1,0,,,,0.0
2025,510180,BARRA DO GARCAS,BARRA DO GARCAS,Meningite não especificada,1,1,1,0,,,,0.0
2025,510180,BARRA DO GARCAS,BARRA DO GARCAS,Outras etiologias,4,0,4,0,,,,
2025,510250,CACERES,CACERES,Meningite bacteriana/outras bactérias,1,1,1,0,,,,0.0
2025,510250,CACERES,CACERES,Meningite não especificada,6,6,6,1,,,,16.666666666666664
2025,510250,CACERES,CACERES,Outras etiologias,3,0,2,0,,,,
2025,510263,CAMPO NOVO DO PARECIS,TANGARA DA SERRA,Meningite não especificada,1,1,1,0,,,,0.0
2025,510263,CAMPO NOVO DO PARECIS,TANGARA DA SERRA,Outras etiologias,6,0,6,0,,,,
2025,510267,CAMPO VERDE,RONDONOPOLIS,Outras etiologias,2,0,2,0,,,,
2025,510269,CANABRAVA DO NORTE,PORTO ALEGRE DO NORTE,Outras etiologias,1,0,1,0,,,,
2025,510270,CANARANA,AGUA BOA,Outras etiologias,2,0,2,0,,,,
2025,510279,CARLINDA,ALTA FLORESTA,Meningite não especificada,1,1,1,0,,,,0.0
2025,510300,CHAPADA DOS GUIMARAES,CUIABA,Meningite fúngica,1,1,1,0,,,,0.0
2025,510300,CHAPADA DOS GUIMARAES,CUIABA,Outras etiologias,2,0,1,0,,,,
2025,510320,COLIDER,COLIDER,Meningite fúngica,1,1,1,0,,,,0.0
2025,510320,COLIDER,COLIDER,Meningite tuberculosa,1,1,1,0,,,,0.0
2025,510325,COLNIZA,JUINA,Outras etiologias,1,0,1,0,,,,
2025,510330,COMODORO,PONTES E LACERDA,Meningite não especificada,1,1,1,0,,,,0.0
2025,510335,CONFRESA,PORTO ALEGRE DO NORTE,Meningite pneumocócica,1,1,1,1,,,,100.0
2025,510335,CONFRESA,PORTO ALEGRE DO NORTE,Outras etiologias,3,0,3,0,,,,
2025,510340,CUIABA,CUIABA,Meningite bacteriana/outras bactérias,7,7,7,2,,,,28.57142857142857
2025,510340,CUIABA,CUIABA,Meningite fúngica,5,5,5,2,,,,40.0
2025,510340,CUIABA,CUIABA,Meningite não especificada,6,6,6,0,,,,0.0
2025,510340,CUIABA,CUIABA,Meningite pneumocócica,2,2,2,1,,,,50.0
2025,510340,CUIABA,CUIABA,Meningite por Hib/Hemófilo,2,2,2,0,,,,0.0
2025,510340,CUIABA,CUIABA,Meningite tuberculosa,1,1,1,0,,,,0.0
2025,510340,CUIABA,CUIABA,Meningite viral/asséptica,1,1,1,0,,,,0.0
2025,510340,CUIABA,CUIABA,Outras etiologias,48,1,41,0,,,,0.0
2025,510350,DIAMANTINO,DIAMANTINO,Doença meningocócica,1,1,0,1,,,,100.0
2025,510350,DIAMANTINO,DIAMANTINO,Meningite bacteriana/outras bactérias,1,1,1,1,,,,100.0
2025,510350,DIAMANTINO,DIAMANTINO,Outras etiologias,1,0,1,0,,,,
2025,510370,FELIZ NATAL,SINOP,Meningite não especificada,1,1,1,0,,,,0.0
2025,510370,FELIZ NATAL,SINOP,Outras etiologias,1,0,1,0,,,,
2025,510410,GUARANTA DO NORTE,PEIXOTO DE AZEVEDO,Outras etiologias,1,0,1,0,,,,
2025,510510,JUARA,JUARA,Outras etiologias,5,0,5,0,,,,
2025,510515,JUINA,JUINA,Meningite não especificada,1,1,1,0,,,,0.0
2025,510517,JURUENA,JUINA,Outras etiologias,1,0,1,0,,,,
2025,510525,LUCAS DO RIO VERDE,SINOP,Outras etiologias,2,0,2,0,,,,
2025,510558,MARCELANDIA,COLIDER,Outras etiologias,4,0,4,0,,,,
2025,510560,MATUPA,PEIXOTO DE AZEVEDO,Meningite não especificada,1,1,1,0,,,,0.0
2025,510560,MATUPA,PEIXOTO DE AZEVEDO,Outras etiologias,1,0,1,0,,,,
2025,510562,MIRASSOL D OESTE,CACERES,Meningite não especificada,1,1,1,0,,,,0.0
2025,510590,NOBRES,DIAMANTINO,Meningite viral/asséptica,1,1,1,0,,,,0.0
2025,510620,NOVA BRASILANDIA,CUIABA,Meningite viral/asséptica,1,1,1,0,,,,0.0
2025,510623,NOVA OLIMPIA,TANGARA DA SERRA,Outras etiologias,1,0,1,0,,,,
2025,510628,NOVO SAO JOAQUIM,BARRA DO GARCAS,Outras etiologias,1,0,1,0,,,,
2025,510642,PEIXOTO DE AZEVEDO,PEIXOTO DE AZEVEDO,Outras etiologias,2,1,2,1,,,,100.0
2025,510650,POCONE,CUIABA,Outras etiologias,3,0,3,0,,,,
2025,510675,PONTES E LACERDA,PONTES E LACERDA,Meningite não especificada,3,3,3,0,,,,0.0
2025,510675,PONTES E LACERDA,PONTES E LACERDA,Outras etiologias,7,0,1,0,,,,
2025,510704,PRIMAVERA DO LESTE,RONDONOPOLIS,Outras etiologias,1,0,1,0,,,,
2025,510706,QUERENCIA,AGUA BOA,Outras etiologias,1,0,1,0,,,,
2025,510718,RIBEIRAO CASCALHEIRA,AGUA BOA,Outras etiologias,1,0,1,0,,,,
2025,510729,SAO JOSE DO POVO,RONDONOPOLIS,Outras etiologias,1,0,1,0,,,,
2025,510730,SAO JOSE DO RIO CLARO,DIAMANTINO,Outras etiologias,2,0,2,0,,,,
2025,510735,SAO JOSE DO XINGU,PORTO ALEGRE DO NORTE,Outras etiologias,2,0,2,0,,,,
2025,510760,RONDONOPOLIS,RONDONOPOLIS,Doença meningocócica,2,2,2,0,,,,0.0
2025,510760,RONDONOPOLIS,RONDONOPOLIS,Meningite não especificada,6,6,6,3,,,,50.0
2025,510760,RONDONOPOLIS,RONDONOPOLIS,Outras etiologias,7,0,5,0,,,,
2025,510780,SANTO ANTONIO DO LEVERGER,CUIABA,Outras etiologias,2,0,1,0,,,,
2025,510787,SAPEZAL,TANGARA DA SERRA,Outras etiologias,1,0,1,0,,,,
2025,510790,SINOP,SINOP,Doença meningocócica,1,1,1,0,,,,0.0
2025,510790,SINOP,SINOP,Meningite bacteriana/outras bactérias,1,1,1,0,,,,0.0
2025,510790,SINOP,SINOP,Meningite não especificada,6,6,6,1,,,,16.666666666666664
2025,510790,SINOP,SINOP,Meningite tuberculosa,2,2,2,0,,,,0.0
2025,510790,SINOP,SINOP,Outras etiologias,13,0,12,0,,,,
2025,510792,SORRISO,SINOP,Meningite bacteriana/outras bactérias,1,1,1,0,,,,0.0
2025,510792,SORRISO,SINOP,Meningite não especificada,1,1,1,0,,,,0.0
2025,510792,SORRISO,SINOP,Outras etiologias,1,0,1,0,,,,
2025,510794,TABAPORA,JUARA,Outras etiologias,1,0,1,0,,,,
2025,510795,TANGARA DA SERRA,TANGARA DA SERRA,Meningite viral/asséptica,3,3,3,0,,,,0.0
2025,510795,TANGARA DA SERRA,TANGARA DA SERRA,Outras etiologias,1,0,1,0,,,,
2025,510810,TESOURO,RONDONOPOLIS,Meningite fúngica,1,1,1,0,,,,0.0
2025,510840,VARZEA GRANDE,CUIABA,Doença meningocócica,2,2,2,0,,,,0.0
2025,510840,VARZEA GRANDE,CUIABA,Meningite bacteriana/outras bactérias,1,1,1,0,,,,0.0
2025,510840,VARZEA GRANDE,CUIABA,Meningite não especificada,2,2,2,0,,,,0.0
2025,510840,VARZEA GRANDE,CUIABA,Meningite pneumocócica,1,1,1,1,,,,100.0
2025,510840,VARZEA GRANDE,CUIABA,Meningite viral/asséptica,2,2,2,0,,,,0.0
2025,510840,VARZEA GRANDE,CUIABA,Outras etiologias,18,0,15,0,,,,
2025,510860,VILA RICA,PORTO ALEGRE DO NORTE,Outras etiologias,1,0,1,0,,,,
2025,510885,NOVA MARILANDIA,TANGARA DA SERRA,Outras etiologias,1,0,1,0,,,,
2026,510020,AGUA BOA,AGUA BOA,Outras etiologias,1,0,1,0,,,,
2026,510025,ALTA FLORESTA,ALTA FLORESTA,Outras etiologias,2,0,2,0,,,,
2026,510100,ARAGUAIANA,BARRA DO GARCAS,Meningite não especificada,1,1,1,0,,,,0.0
2026,510130,ARENAPOLIS,TANGARA DA SERRA,Outras etiologias,1,0,1,0,,,,
2026,510140,ARIPUANA,JUINA,Meningite não especificada,1,1,1,0,,,,0.0
2026,510140,ARIPUANA,JUINA,Outras etiologias,1,0,1,0,,,,
2026,510180,BARRA DO GARCAS,BARRA DO GARCAS,Meningite viral/asséptica,1,1,1,0,,,,0.0
2026,510180,BARRA DO GARCAS,BARRA DO GARCAS,Outras etiologias,4,0,4,0,,,,
2026,510250,CACERES,CACERES,Meningite bacteriana/outras bactérias,1,1,1,0,,,,0.0
2026,510250,CACERES,CACERES,Meningite viral/asséptica,1,1,1,1,,,,100.0
2026,510250,CACERES,CACERES,Outras etiologias,6,0,6,0,,,,
2026,510260,CAMPINAPOLIS,BARRA DO GARCAS,Outras etiologias,1,0,1,0,,,,
2026,510263,CAMPO NOVO DO PARECIS,TANGARA DA SERRA,Outras etiologias,2,0,1,0,,,,
2026,510267,CAMPO VERDE,RONDONOPOLIS,Meningite fúngica,1,1,1,0,,,,0.0
2026,510267,CAMPO VERDE,RONDONOPOLIS,Meningite não especificada,2,2,2,0,,,,0.0
2026,510267,CAMPO VERDE,RONDONOPOLIS,Outras etiologias,2,0,0,0,,,,
2026,510269,CANABRAVA DO NORTE,PORTO ALEGRE DO NORTE,Outras etiologias,1,0,0,0,,,,
2026,510270,CANARANA,AGUA BOA,Meningite não especificada,2,2,2,0,,,,0.0
2026,510270,CANARANA,AGUA BOA,Outras etiologias,2,0,2,0,,,,
2026,510320,COLIDER,COLIDER,Outras etiologias,2,0,2,0,,,,
2026,510325,COLNIZA,JUINA,Outras etiologias,1,0,1,0,,,,
2026,510330,COMODORO,PONTES E LACERDA,Outras etiologias,1,0,1,0,,,,
2026,510336,CONQUISTA D OESTE,PONTES E LACERDA,Outras etiologias,1,0,0,0,,,,
2026,510340,CUIABA,CUIABA,Meningite bacteriana/outras bactérias,4,4,4,1,,,,25.0
2026,510340,CUIABA,CUIABA,Meningite fúngica,1,1,1,1,,,,100.0
2026,510340,CUIABA,CUIABA,Meningite não especificada,9,9,9,1,,,,11.11111111111111
2026,510340,CUIABA,CUIABA,Meningite pneumocócica,1,1,1,0,,,,0.0
2026,510340,CUIABA,CUIABA,Meningite viral/asséptica,5,5,5,0,,,,0.0
2026,510340,CUIABA,CUIABA,Outras etiologias,24,1,22,0,,,,0.0
2026,510350,DIAMANTINO,DIAMANTINO,Outras etiologias,1,0,1,0,,,,
2026,510395,GLORIA D OESTE,CACERES,Meningite não especificada,1,1,1,0,,,,0.0
2026,510410,GUARANTA DO NORTE,PEIXOTO DE AZEVEDO,Outras etiologias,3,0,3,0,,,,
2026,510420,GUIRATINGA,RONDONOPOLIS,Meningite fúngica,1,1,1,0,,,,0.0
2026,510452,IPIRANGA DO NORTE,SINOP,Outras etiologias,1,0,1,0,,,,
2026,510454,ITANHANGA,SINOP,Meningite tuberculosa,1,1,1,1,,,,100.0
2026,510500,JAURU,PONTES E LACERDA,Outras etiologias,1,0,0,0,,,,
2026,510510,JUARA,JUARA,Doença meningocócica,1,1,1,0,,,,0.0
2026,510510,JUARA,JUARA,Meningite bacteriana/outras bactérias,1,1,1,0,,,,0.0
2026,510510,JUARA,JUARA,Outras etiologias,3,0,3,0,,,,
2026,510515,JUINA,JUINA,Meningite bacteriana/outras bactérias,1,1,1,0,,,,0.0
2026,510515,JUINA,JUINA,Meningite pneumocócica,1,1,1,0,,,,0.0
2026,510515,JUINA,JUINA,Outras etiologias,1,0,0,0,,,,
2026,510517,JURUENA,JUINA,Meningite tuberculosa,1,1,1,0,,,,0.0
2026,510517,JURUENA,JUINA,Outras etiologias,1,0,1,0,,,,
2026,510520,JUSCIMEIRA,RONDONOPOLIS,Meningite não especificada,1,1,1,0,,,,0.0
2026,510525,LUCAS DO RIO VERDE,SINOP,Outras etiologias,2,0,1,0,,,,
2026,510550,VILA BELA DA S TRINDADE,PONTES E LACERDA,Meningite bacteriana/outras bactérias,1,1,1,0,,,,0.0
2026,510550,VILA BELA DA S TRINDADE,PONTES E LACERDA,Meningite não especificada,1,1,1,1,,,,100.0
2026,510558,MARCELANDIA,COLIDER,Outras etiologias,1,0,1,0,,,,
2026,510562,MIRASSOL D OESTE,CACERES,Outras etiologias,1,0,1,0,,,,
2026,510600,NORTELANDIA,DIAMANTINO,Outras etiologias,1,0,1,0,,,,
2026,510618,NOVA LACERDA,PONTES E LACERDA,Meningite não especificada,1,1,1,0,,,,0.0
2026,510619,NOVA SANTA HELENA,COLIDER,Outras etiologias,3,0,3,0,,,,
2026,510620,NOVA BRASILANDIA,CUIABA,Outras etiologias,2,0,2,0,,,,
2026,510622,NOVA MUTUM,SINOP,Outras etiologias,3,0,3,0,,,,
2026,510623,NOVA OLIMPIA,TANGARA DA SERRA,Outras etiologias,1,0,1,0,,,,
2026,510626,NOVO MUNDO,PEIXOTO DE AZEVEDO,Outras etiologias,1,0,0,0,,,,
2026,510627,NOVO HORIZONTE DO NORTE,JUARA,Outras etiologias,1,0,1,0,,,,
2026,510628,NOVO SAO JOAQUIM,BARRA DO GARCAS,Outras etiologias,2,0,1,0,,,,
2026,510629,PARANAITA,ALTA FLORESTA,Outras etiologias,2,0,2,0,,,,
2026,510630,PARANATINGA,RONDONOPOLIS,Meningite pneumocócica,1,1,1,0,,,,0.0
2026,510630,PARANATINGA,RONDONOPOLIS,Outras etiologias,1,0,0,0,,,,
2026,510642,PEIXOTO DE AZEVEDO,PEIXOTO DE AZEVEDO,Outras etiologias,1,0,0,0,,,,
2026,510675,PONTES E LACERDA,PONTES E LACERDA,Meningite viral/asséptica,1,1,1,0,,,,0.0
2026,510675,PONTES E LACERDA,PONTES E LACERDA,Outras etiologias,1,0,1,0,,,,
2026,510677,PORTO ALEGRE DO NORTE,PORTO ALEGRE DO NORTE,Meningite bacteriana/outras bactérias,1,1,1,1,,,,100.0
2026,510677,PORTO ALEGRE DO NORTE,PORTO ALEGRE DO NORTE,Meningite fúngica,1,1,1,1,,,,100.0
2026,510704,PRIMAVERA DO LESTE,RONDONOPOLIS,Meningite pneumocócica,1,1,1,0,,,,0.0
2026,510704,PRIMAVERA DO LESTE,RONDONOPOLIS,Meningite por Hib/Hemófilo,1,1,1,0,,,,0.0
2026,510710,SAO JOSE DOS QUATRO MARCOS,CACERES,Meningite não especificada,1,1,1,0,,,,0.0
2026,510710,SAO JOSE DOS QUATRO MARCOS,CACERES,Meningite viral/asséptica,1,1,1,0,,,,0.0
2026,510724,SANTA CARMEM,SINOP,Meningite viral/asséptica,1,1,1,0,,,,0.0
2026,510730,SAO JOSE DO RIO CLARO,DIAMANTINO,Meningite bacteriana/outras bactérias,1,1,1,0,,,,0.0
2026,510730,SAO JOSE DO RIO CLARO,DIAMANTINO,Meningite não especificada,1,1,1,0,,,,0.0
2026,510730,SAO JOSE DO RIO CLARO,DIAMANTINO,Outras etiologias,2,0,2,0,,,,
2026,510735,SAO JOSE DO XINGU,PORTO ALEGRE DO NORTE,Outras etiologias,2,0,2,0,,,,
2026,510760,RONDONOPOLIS,RONDONOPOLIS,Meningite bacteriana/outras bactérias,1,1,1,0,,,,0.0
2026,510760,RONDONOPOLIS,RONDONOPOLIS,Meningite não especificada,3,3,3,0,,,,0.0
2026,510760,RONDONOPOLIS,RONDONOPOLIS,Meningite pneumocócica,1,1,1,0,,,,0.0
2026,510760,RONDONOPOLIS,RONDONOPOLIS,Meningite tuberculosa,1,1,1,0,,,,0.0
2026,510760,RONDONOPOLIS,RONDONOPOLIS,Outras etiologias,6,0,3,0,,,,
2026,510780,SANTO ANTONIO DO LEVERGER,CUIABA,Outras etiologias,2,0,2,0,,,,
2026,510787,SAPEZAL,TANGARA DA SERRA,Meningite bacteriana/outras bactérias,1,1,1,0,,,,0.0
2026,510790,SINOP,SINOP,Doença meningocócica,2,2,2,2,,,,100.0
2026,510790,SINOP,SINOP,Meningite bacteriana/outras bactérias,1,1,1,0,,,,0.0
2026,510790,SINOP,SINOP,Meningite não especificada,1,1,1,0,,,,0.0
2026,510790,SINOP,SINOP,Outras etiologias,23,0,19,0,,,,
2026,510792,SORRISO,SINOP,Meningite bacteriana/outras bactérias,1,1,1,1,,,,100.0
2026,510792,SORRISO,SINOP,Meningite não especificada,2,2,2,1,,,,50.0
2026,510792,SORRISO,SINOP,Meningite pneumocócica,2,2,2,0,,,,0.0
2026,510792,SORRISO,SINOP,Outras etiologias,9,0,4,0,,,,
2026,510794,TABAPORA,JUARA,Meningite fúngica,1,1,1,0,,,,0.0
2026,510795,TANGARA DA SERRA,TANGARA DA SERRA,Meningite bacteriana/outras bactérias,1,1,1,1,,,,100.0
2026,510795,TANGARA DA SERRA,TANGARA DA SERRA,Meningite fúngica,1,1,1,1,,,,100.0
2026,510795,TANGARA DA SERRA,TANGARA DA SERRA,Meningite viral/asséptica,2,2,2,0,,,,0.0
2026,510795,TANGARA DA SERRA,TANGARA DA SERRA,Outras etiologias,1,0,1,0,,,,
2026,510800,TAPURAH,SINOP,Meningite bacteriana/outras bactérias,1,1,1,0,,,,0.0
2026,510800,TAPURAH,SINOP,Meningite não especificada,1,1,1,0,,,,0.0
2026,510800,TAPURAH,SINOP,Meningite pneumocócica,2,2,2,0,,,,0.0
2026,510800,TAPURAH,SINOP,Outras etiologias,1,0,0,0,,,,
2026,510840,VARZEA GRANDE,CUIABA,Meningite bacteriana/outras bactérias,1,1,1,0,,,,0.0
2026,510840,VARZEA GRANDE,CUIABA,Meningite não especificada,3,3,3,0,,,,0.0
2026,510840,VARZEA GRANDE,CUIABA,Meningite pneumocócica,2,2,2,0,,,,0.0
2026,510840,VARZEA GRANDE,CUIABA,Outras etiologias,15,0,13,0,,,,
2026,510880,NOVA GUARITA,COLIDER,Outras etiologias,1,0,0,0,,,,
