estrato,ano_epi_v17,semana_epi_v17,y,periodo
ESTADUAL,2007,1,12.0,2007-S01
ESTADUAL,2007,2,16.0,2007-S02
ESTADUAL,2007,3,5.0,2007-S03
ESTADUAL,2007,4,8.0,2007-S04
ESTADUAL,2007,5,15.0,2007-S05
ESTADUAL,2007,6,16.0,2007-S06
ESTADUAL,2007,7,11.0,2007-S07
ESTADUAL,2007,8,13.0,2007-S08
ESTADUAL,2007,9,14.0,2007-S09
ESTADUAL,2007,10,18.0,2007-S10
ESTADUAL,2007,11,10.0,2007-S11
ESTADUAL,2007,12,20.0,2007-S12
ESTADUAL,2007,13,21.0,2007-S13
ESTADUAL,2007,14,26.0,2007-S14
ESTADUAL,2007,15,38.0,2007-S15
ESTADUAL,2007,16,22.0,2007-S16
ESTADUAL,2007,17,22.0,2007-S17
ESTADUAL,2007,18,15.0,2007-S18
ESTADUAL,2007,19,15.0,2007-S19
ESTADUAL,2007,20,15.0,2007-S20
ESTADUAL,2007,21,11.0,2007-S21
ESTADUAL,2007,22,12.0,2007-S22
ESTADUAL,2007,23,19.0,2007-S23
ESTADUAL,2007,24,11.0,2007-S24
ESTADUAL,2007,25,11.0,2007-S25
ESTADUAL,2007,26,20.0,2007-S26
ESTADUAL,2007,27,15.0,2007-S27
ESTADUAL,2007,28,8.0,2007-S28
ESTADUAL,2007,29,11.0,2007-S29
ESTADUAL,2007,30,3.0,2007-S30
ESTADUAL,2007,31,10.0,2007-S31
ESTADUAL,2007,32,6.0,2007-S32
ESTADUAL,2007,33,10.0,2007-S33
ESTADUAL,2007,34,9.0,2007-S34
ESTADUAL,2007,35,7.0,2007-S35
ESTADUAL,2007,36,5.0,2007-S36
ESTADUAL,2007,37,7.0,2007-S37
ESTADUAL,2007,38,4.0,2007-S38
ESTADUAL,2007,39,10.0,2007-S39
ESTADUAL,2007,40,7.0,2007-S40
ESTADUAL,2007,41,5.0,2007-S41
ESTADUAL,2007,42,18.0,2007-S42
ESTADUAL,2007,43,13.0,2007-S43
ESTADUAL,2007,44,8.0,2007-S44
ESTADUAL,2007,45,15.0,2007-S45
ESTADUAL,2007,46,8.0,2007-S46
ESTADUAL,2007,47,5.0,2007-S47
ESTADUAL,2007,48,9.0,2007-S48
ESTADUAL,2007,49,11.0,2007-S49
ESTADUAL,2007,50,13.0,2007-S50
ESTADUAL,2007,51,15.0,2007-S51
ESTADUAL,2007,52,14.0,2007-S52
ESTADUAL,2008,1,7.0,2008-S01
ESTADUAL,2008,2,18.0,2008-S02
ESTADUAL,2008,3,10.0,2008-S03
ESTADUAL,2008,4,9.0,2008-S04
ESTADUAL,2008,5,8.0,2008-S05
ESTADUAL,2008,6,7.0,2008-S06
ESTADUAL,2008,7,8.0,2008-S07
ESTADUAL,2008,8,13.0,2008-S08
ESTADUAL,2008,9,10.0,2008-S09
ESTADUAL,2008,10,4.0,2008-S10
ESTADUAL,2008,11,14.0,2008-S11
ESTADUAL,2008,12,6.0,2008-S12
ESTADUAL,2008,13,14.0,2008-S13
ESTADUAL,2008,14,14.0,2008-S14
ESTADUAL,2008,15,13.0,2008-S15
ESTADUAL,2008,16,5.0,2008-S16
ESTADUAL,2008,17,10.0,2008-S17
ESTADUAL,2008,18,8.0,2008-S18
ESTADUAL,2008,19,10.0,2008-S19
ESTADUAL,2008,20,12.0,2008-S20
ESTADUAL,2008,21,5.0,2008-S21
ESTADUAL,2008,22,6.0,2008-S22
ESTADUAL,2008,23,6.0,2008-S23
ESTADUAL,2008,24,11.0,2008-S24
ESTADUAL,2008,25,8.0,2008-S25
ESTADUAL,2008,26,11.0,2008-S26
ESTADUAL,2008,27,15.0,2008-S27
ESTADUAL,2008,28,12.0,2008-S28
ESTADUAL,2008,29,10.0,2008-S29
ESTADUAL,2008,30,11.0,2008-S30
ESTADUAL,2008,31,3.0,2008-S31
ESTADUAL,2008,32,13.0,2008-S32
ESTADUAL,2008,33,5.0,2008-S33
ESTADUAL,2008,34,4.0,2008-S34
ESTADUAL,2008,35,5.0,2008-S35
ESTADUAL,2008,36,9.0,2008-S36
ESTADUAL,2008,37,9.0,2008-S37
ESTADUAL,2008,38,7.0,2008-S38
ESTADUAL,2008,39,10.0,2008-S39
ESTADUAL,2008,40,7.0,2008-S40
ESTADUAL,2008,41,6.0,2008-S41
ESTADUAL,2008,42,8.0,2008-S42
ESTADUAL,2008,43,5.0,2008-S43
ESTADUAL,2008,44,2.0,2008-S44
ESTADUAL,2008,45,3.0,2008-S45
ESTADUAL,2008,46,10.0,2008-S46
ESTADUAL,2008,47,6.0,2008-S47
ESTADUAL,2008,48,10.0,2008-S48
ESTADUAL,2008,49,4.0,2008-S49
ESTADUAL,2008,50,10.0,2008-S50
ESTADUAL,2008,51,5.0,2008-S51
ESTADUAL,2008,52,4.0,2008-S52
ESTADUAL,2009,1,6.0,2009-S01
ESTADUAL,2009,2,6.0,2009-S02
ESTADUAL,2009,3,9.0,2009-S03
ESTADUAL,2009,4,14.0,2009-S04
ESTADUAL,2009,5,5.0,2009-S05
ESTADUAL,2009,6,4.0,2009-S06
ESTADUAL,2009,7,8.0,2009-S07
ESTADUAL,2009,8,8.0,2009-S08
ESTADUAL,2009,9,3.0,2009-S09
ESTADUAL,2009,10,9.0,2009-S10
ESTADUAL,2009,11,9.0,2009-S11
ESTADUAL,2009,12,11.0,2009-S12
ESTADUAL,2009,13,9.0,2009-S13
ESTADUAL,2009,14,14.0,2009-S14
ESTADUAL,2009,15,7.0,2009-S15
ESTADUAL,2009,16,7.0,2009-S16
ESTADUAL,2009,17,5.0,2009-S17
ESTADUAL,2009,18,5.0,2009-S18
ESTADUAL,2009,19,6.0,2009-S19
ESTADUAL,2009,20,6.0,2009-S20
ESTADUAL,2009,21,10.0,2009-S21
ESTADUAL,2009,22,6.0,2009-S22
ESTADUAL,2009,23,9.0,2009-S23
ESTADUAL,2009,24,12.0,2009-S24
ESTADUAL,2009,25,13.0,2009-S25
ESTADUAL,2009,26,1.0,2009-S26
ESTADUAL,2009,27,10.0,2009-S27
ESTADUAL,2009,28,4.0,2009-S28
ESTADUAL,2009,29,4.0,2009-S29
ESTADUAL,2009,30,4.0,2009-S30
ESTADUAL,2009,31,17.0,2009-S31
ESTADUAL,2009,32,7.0,2009-S32
ESTADUAL,2009,33,10.0,2009-S33
ESTADUAL,2009,34,6.0,2009-S34
ESTADUAL,2009,35,6.0,2009-S35
ESTADUAL,2009,36,8.0,2009-S36
ESTADUAL,2009,37,7.0,2009-S37
ESTADUAL,2009,38,5.0,2009-S38
ESTADUAL,2009,39,3.0,2009-S39
ESTADUAL,2009,40,8.0,2009-S40
ESTADUAL,2009,41,4.0,2009-S41
ESTADUAL,2009,42,3.0,2009-S42
ESTADUAL,2009,43,3.0,2009-S43
ESTADUAL,2009,44,3.0,2009-S44
ESTADUAL,2009,45,8.0,2009-S45
ESTADUAL,2009,46,4.0,2009-S46
ESTADUAL,2009,47,12.0,2009-S47
ESTADUAL,2009,48,6.0,2009-S48
ESTADUAL,2009,49,6.0,2009-S49
ESTADUAL,2009,50,7.0,2009-S50
ESTADUAL,2009,51,7.0,2009-S51
ESTADUAL,2009,52,2.0,2009-S52
ESTADUAL,2010,1,5.0,2010-S01
ESTADUAL,2010,2,1.0,2010-S02
ESTADUAL,2010,3,4.0,2010-S03
ESTADUAL,2010,4,5.0,2010-S04
ESTADUAL,2010,5,5.0,2010-S05
ESTADUAL,2010,6,2.0,2010-S06
ESTADUAL,2010,7,10.0,2010-S07
ESTADUAL,2010,8,2.0,2010-S08
ESTADUAL,2010,9,7.0,2010-S09
ESTADUAL,2010,10,7.0,2010-S10
ESTADUAL,2010,11,3.0,2010-S11
ESTADUAL,2010,12,5.0,2010-S12
ESTADUAL,2010,13,6.0,2010-S13
ESTADUAL,2010,14,5.0,2010-S14
ESTADUAL,2010,15,6.0,2010-S15
ESTADUAL,2010,16,7.0,2010-S16
ESTADUAL,2010,17,7.0,2010-S17
ESTADUAL,2010,18,8.0,2010-S18
ESTADUAL,2010,19,10.0,2010-S19
ESTADUAL,2010,20,2.0,2010-S20
ESTADUAL,2010,21,6.0,2010-S21
ESTADUAL,2010,22,6.0,2010-S22
ESTADUAL,2010,23,14.0,2010-S23
ESTADUAL,2010,24,7.0,2010-S24
ESTADUAL,2010,25,7.0,2010-S25
ESTADUAL,2010,26,5.0,2010-S26
ESTADUAL,2010,27,2.0,2010-S27
ESTADUAL,2010,28,8.0,2010-S28
ESTADUAL,2010,29,6.0,2010-S29
ESTADUAL,2010,30,6.0,2010-S30
ESTADUAL,2010,31,6.0,2010-S31
ESTADUAL,2010,32,6.0,2010-S32
ESTADUAL,2010,33,6.0,2010-S33
ESTADUAL,2010,34,4.0,2010-S34
ESTADUAL,2010,35,5.0,2010-S35
ESTADUAL,2010,36,9.0,2010-S36
ESTADUAL,2010,37,11.0,2010-S37
ESTADUAL,2010,38,4.0,2010-S38
ESTADUAL,2010,39,9.0,2010-S39
ESTADUAL,2010,40,5.0,2010-S40
ESTADUAL,2010,41,3.0,2010-S41
ESTADUAL,2010,42,6.0,2010-S42
ESTADUAL,2010,43,6.0,2010-S43
ESTADUAL,2010,44,5.0,2010-S44
ESTADUAL,2010,45,8.0,2010-S45
ESTADUAL,2010,46,7.0,2010-S46
ESTADUAL,2010,47,5.0,2010-S47
ESTADUAL,2010,48,7.0,2010-S48
ESTADUAL,2010,49,4.0,2010-S49
ESTADUAL,2010,50,3.0,2010-S50
ESTADUAL,2010,51,8.0,2010-S51
ESTADUAL,2010,52,8.0,2010-S52
ESTADUAL,2011,1,10.0,2011-S01
ESTADUAL,2011,2,6.0,2011-S02
ESTADUAL,2011,3,4.0,2011-S03
ESTADUAL,2011,4,4.0,2011-S04
ESTADUAL,2011,5,8.0,2011-S05
ESTADUAL,2011,6,7.0,2011-S06
ESTADUAL,2011,7,2.0,2011-S07
ESTADUAL,2011,8,4.0,2011-S08
ESTADUAL,2011,9,3.0,2011-S09
ESTADUAL,2011,10,8.0,2011-S10
ESTADUAL,2011,11,5.0,2011-S11
ESTADUAL,2011,12,3.0,2011-S12
ESTADUAL,2011,13,5.0,2011-S13
ESTADUAL,2011,14,6.0,2011-S14
ESTADUAL,2011,15,6.0,2011-S15
ESTADUAL,2011,16,9.0,2011-S16
ESTADUAL,2011,17,3.0,2011-S17
ESTADUAL,2011,18,9.0,2011-S18
ESTADUAL,2011,19,4.0,2011-S19
ESTADUAL,2011,20,8.0,2011-S20
ESTADUAL,2011,21,4.0,2011-S21
ESTADUAL,2011,22,6.0,2011-S22
ESTADUAL,2011,23,6.0,2011-S23
ESTADUAL,2011,24,7.0,2011-S24
ESTADUAL,2011,25,5.0,2011-S25
ESTADUAL,2011,26,3.0,2011-S26
ESTADUAL,2011,27,6.0,2011-S27
ESTADUAL,2011,28,3.0,2011-S28
ESTADUAL,2011,29,9.0,2011-S29
ESTADUAL,2011,30,3.0,2011-S30
ESTADUAL,2011,31,3.0,2011-S31
ESTADUAL,2011,32,6.0,2011-S32
ESTADUAL,2011,33,11.0,2011-S33
ESTADUAL,2011,34,5.0,2011-S34
ESTADUAL,2011,35,6.0,2011-S35
ESTADUAL,2011,36,9.0,2011-S36
ESTADUAL,2011,37,9.0,2011-S37
ESTADUAL,2011,38,9.0,2011-S38
ESTADUAL,2011,39,13.0,2011-S39
ESTADUAL,2011,40,4.0,2011-S40
ESTADUAL,2011,41,6.0,2011-S41
ESTADUAL,2011,42,6.0,2011-S42
ESTADUAL,2011,43,8.0,2011-S43
ESTADUAL,2011,44,6.0,2011-S44
ESTADUAL,2011,45,9.0,2011-S45
ESTADUAL,2011,46,9.0,2011-S46
ESTADUAL,2011,47,9.0,2011-S47
ESTADUAL,2011,48,8.0,2011-S48
ESTADUAL,2011,49,10.0,2011-S49
ESTADUAL,2011,50,15.0,2011-S50
ESTADUAL,2011,51,7.0,2011-S51
ESTADUAL,2011,52,7.0,2011-S52
ESTADUAL,2012,1,9.0,2012-S01
ESTADUAL,2012,2,4.0,2012-S02
ESTADUAL,2012,3,11.0,2012-S03
ESTADUAL,2012,4,6.0,2012-S04
ESTADUAL,2012,5,4.0,2012-S05
ESTADUAL,2012,6,4.0,2012-S06
ESTADUAL,2012,7,8.0,2012-S07
ESTADUAL,2012,8,5.0,2012-S08
ESTADUAL,2012,9,7.0,2012-S09
ESTADUAL,2012,10,6.0,2012-S10
ESTADUAL,2012,11,3.0,2012-S11
ESTADUAL,2012,12,8.0,2012-S12
ESTADUAL,2012,13,5.0,2012-S13
ESTADUAL,2012,14,2.0,2012-S14
ESTADUAL,2012,15,4.0,2012-S15
ESTADUAL,2012,16,5.0,2012-S16
ESTADUAL,2012,17,7.0,2012-S17
ESTADUAL,2012,18,9.0,2012-S18
ESTADUAL,2012,19,7.0,2012-S19
ESTADUAL,2012,20,8.0,2012-S20
ESTADUAL,2012,21,10.0,2012-S21
ESTADUAL,2012,22,5.0,2012-S22
ESTADUAL,2012,23,9.0,2012-S23
ESTADUAL,2012,24,12.0,2012-S24
ESTADUAL,2012,25,7.0,2012-S25
ESTADUAL,2012,26,2.0,2012-S26
ESTADUAL,2012,27,8.0,2012-S27
ESTADUAL,2012,28,14.0,2012-S28
ESTADUAL,2012,29,2.0,2012-S29
ESTADUAL,2012,30,10.0,2012-S30
ESTADUAL,2012,31,13.0,2012-S31
ESTADUAL,2012,32,5.0,2012-S32
ESTADUAL,2012,33,8.0,2012-S33
ESTADUAL,2012,34,5.0,2012-S34
ESTADUAL,2012,35,10.0,2012-S35
ESTADUAL,2012,36,2.0,2012-S36
ESTADUAL,2012,37,9.0,2012-S37
ESTADUAL,2012,38,5.0,2012-S38
ESTADUAL,2012,39,2.0,2012-S39
ESTADUAL,2012,40,9.0,2012-S40
ESTADUAL,2012,41,4.0,2012-S41
ESTADUAL,2012,42,8.0,2012-S42
ESTADUAL,2012,43,9.0,2012-S43
ESTADUAL,2012,44,4.0,2012-S44
ESTADUAL,2012,45,9.0,2012-S45
ESTADUAL,2012,46,5.0,2012-S46
ESTADUAL,2012,47,3.0,2012-S47
ESTADUAL,2012,48,3.0,2012-S48
ESTADUAL,2012,49,6.0,2012-S49
ESTADUAL,2012,50,2.0,2012-S50
ESTADUAL,2012,51,6.0,2012-S51
ESTADUAL,2012,52,7.0,2012-S52
ESTADUAL,2013,1,4.0,2013-S01
ESTADUAL,2013,2,6.0,2013-S02
ESTADUAL,2013,3,5.0,2013-S03
ESTADUAL,2013,4,2.0,2013-S04
ESTADUAL,2013,5,7.0,2013-S05
ESTADUAL,2013,6,6.0,2013-S06
ESTADUAL,2013,7,6.0,2013-S07
ESTADUAL,2013,8,3.0,2013-S08
ESTADUAL,2013,9,15.0,2013-S09
ESTADUAL,2013,10,12.0,2013-S10
ESTADUAL,2013,11,10.0,2013-S11
ESTADUAL,2013,12,6.0,2013-S12
ESTADUAL,2013,13,5.0,2013-S13
ESTADUAL,2013,14,7.0,2013-S14
ESTADUAL,2013,15,8.0,2013-S15
ESTADUAL,2013,16,7.0,2013-S16
ESTADUAL,2013,17,4.0,2013-S17
ESTADUAL,2013,18,4.0,2013-S18
ESTADUAL,2013,19,4.0,2013-S19
ESTADUAL,2013,20,6.0,2013-S20
ESTADUAL,2013,21,10.0,2013-S21
ESTADUAL,2013,22,10.0,2013-S22
ESTADUAL,2013,23,6.0,2013-S23
ESTADUAL,2013,24,10.0,2013-S24
ESTADUAL,2013,25,13.0,2013-S25
ESTADUAL,2013,26,6.0,2013-S26
ESTADUAL,2013,27,6.0,2013-S27
ESTADUAL,2013,28,9.0,2013-S28
ESTADUAL,2013,29,9.0,2013-S29
ESTADUAL,2013,30,5.0,2013-S30
ESTADUAL,2013,31,8.0,2013-S31
ESTADUAL,2013,32,10.0,2013-S32
ESTADUAL,2013,33,10.0,2013-S33
ESTADUAL,2013,34,3.0,2013-S34
ESTADUAL,2013,35,3.0,2013-S35
ESTADUAL,2013,36,3.0,2013-S36
ESTADUAL,2013,37,6.0,2013-S37
ESTADUAL,2013,38,10.0,2013-S38
ESTADUAL,2013,39,5.0,2013-S39
ESTADUAL,2013,40,5.0,2013-S40
ESTADUAL,2013,41,4.0,2013-S41
ESTADUAL,2013,42,7.0,2013-S42
ESTADUAL,2013,43,1.0,2013-S43
ESTADUAL,2013,44,4.0,2013-S44
ESTADUAL,2013,45,9.0,2013-S45
ESTADUAL,2013,46,11.0,2013-S46
ESTADUAL,2013,47,6.0,2013-S47
ESTADUAL,2013,48,6.0,2013-S48
ESTADUAL,2013,49,5.0,2013-S49
ESTADUAL,2013,50,11.0,2013-S50
ESTADUAL,2013,51,8.0,2013-S51
ESTADUAL,2013,52,12.0,2013-S52
ESTADUAL,2014,1,6.0,2014-S01
ESTADUAL,2014,2,7.0,2014-S02
ESTADUAL,2014,3,3.0,2014-S03
ESTADUAL,2014,4,10.0,2014-S04
ESTADUAL,2014,5,6.0,2014-S05
ESTADUAL,2014,6,7.0,2014-S06
ESTADUAL,2014,7,13.0,2014-S07
ESTADUAL,2014,8,8.0,2014-S08
ESTADUAL,2014,9,4.0,2014-S09
ESTADUAL,2014,10,2.0,2014-S10
ESTADUAL,2014,11,5.0,2014-S11
ESTADUAL,2014,12,10.0,2014-S12
ESTADUAL,2014,13,1.0,2014-S13
ESTADUAL,2014,14,3.0,2014-S14
ESTADUAL,2014,15,8.0,2014-S15
ESTADUAL,2014,16,9.0,2014-S16
ESTADUAL,2014,17,8.0,2014-S17
ESTADUAL,2014,18,7.0,2014-S18
ESTADUAL,2014,19,6.0,2014-S19
ESTADUAL,2014,20,6.0,2014-S20
ESTADUAL,2014,21,4.0,2014-S21
ESTADUAL,2014,22,4.0,2014-S22
ESTADUAL,2014,23,5.0,2014-S23
ESTADUAL,2014,24,7.0,2014-S24
ESTADUAL,2014,25,7.0,2014-S25
ESTADUAL,2014,26,11.0,2014-S26
ESTADUAL,2014,27,4.0,2014-S27
ESTADUAL,2014,28,4.0,2014-S28
ESTADUAL,2014,29,6.0,2014-S29
ESTADUAL,2014,30,6.0,2014-S30
ESTADUAL,2014,31,4.0,2014-S31
ESTADUAL,2014,32,8.0,2014-S32
ESTADUAL,2014,33,6.0,2014-S33
ESTADUAL,2014,34,4.0,2014-S34
ESTADUAL,2014,35,5.0,2014-S35
ESTADUAL,2014,36,5.0,2014-S36
ESTADUAL,2014,37,9.0,2014-S37
ESTADUAL,2014,38,5.0,2014-S38
ESTADUAL,2014,39,4.0,2014-S39
ESTADUAL,2014,40,7.0,2014-S40
ESTADUAL,2014,41,4.0,2014-S41
ESTADUAL,2014,42,6.0,2014-S42
ESTADUAL,2014,43,12.0,2014-S43
ESTADUAL,2014,44,7.0,2014-S44
ESTADUAL,2014,45,7.0,2014-S45
ESTADUAL,2014,46,8.0,2014-S46
ESTADUAL,2014,47,9.0,2014-S47
ESTADUAL,2014,48,12.0,2014-S48
ESTADUAL,2014,49,12.0,2014-S49
ESTADUAL,2014,50,11.0,2014-S50
ESTADUAL,2014,51,7.0,2014-S51
ESTADUAL,2014,52,6.0,2014-S52
ESTADUAL,2015,1,2.0,2015-S01
ESTADUAL,2015,2,3.0,2015-S02
ESTADUAL,2015,3,4.0,2015-S03
ESTADUAL,2015,4,6.0,2015-S04
ESTADUAL,2015,5,4.0,2015-S05
ESTADUAL,2015,6,6.0,2015-S06
ESTADUAL,2015,7,6.0,2015-S07
ESTADUAL,2015,8,1.0,2015-S08
ESTADUAL,2015,9,6.0,2015-S09
ESTADUAL,2015,10,5.0,2015-S10
ESTADUAL,2015,11,4.0,2015-S11
ESTADUAL,2015,12,4.0,2015-S12
ESTADUAL,2015,13,10.0,2015-S13
ESTADUAL,2015,14,3.0,2015-S14
ESTADUAL,2015,15,10.0,2015-S15
ESTADUAL,2015,16,5.0,2015-S16
ESTADUAL,2015,17,9.0,2015-S17
ESTADUAL,2015,18,6.0,2015-S18
ESTADUAL,2015,19,5.0,2015-S19
ESTADUAL,2015,20,3.0,2015-S20
ESTADUAL,2015,21,5.0,2015-S21
ESTADUAL,2015,22,2.0,2015-S22
ESTADUAL,2015,23,4.0,2015-S23
ESTADUAL,2015,24,5.0,2015-S24
ESTADUAL,2015,25,4.0,2015-S25
ESTADUAL,2015,26,4.0,2015-S26
ESTADUAL,2015,27,9.0,2015-S27
ESTADUAL,2015,28,8.0,2015-S28
ESTADUAL,2015,29,5.0,2015-S29
ESTADUAL,2015,30,3.0,2015-S30
ESTADUAL,2015,31,4.0,2015-S31
ESTADUAL,2015,32,4.0,2015-S32
ESTADUAL,2015,33,5.0,2015-S33
ESTADUAL,2015,34,4.0,2015-S34
ESTADUAL,2015,35,10.0,2015-S35
ESTADUAL,2015,36,5.0,2015-S36
ESTADUAL,2015,37,7.0,2015-S37
ESTADUAL,2015,38,8.0,2015-S38
ESTADUAL,2015,39,5.0,2015-S39
ESTADUAL,2015,40,4.0,2015-S40
ESTADUAL,2015,41,3.0,2015-S41
ESTADUAL,2015,42,8.0,2015-S42
ESTADUAL,2015,43,4.0,2015-S43
ESTADUAL,2015,44,7.0,2015-S44
ESTADUAL,2015,45,6.0,2015-S45
ESTADUAL,2015,46,6.0,2015-S46
ESTADUAL,2015,47,9.0,2015-S47
ESTADUAL,2015,48,5.0,2015-S48
ESTADUAL,2015,49,6.0,2015-S49
ESTADUAL,2015,50,1.0,2015-S50
ESTADUAL,2015,51,2.0,2015-S51
ESTADUAL,2015,52,4.0,2015-S52
ESTADUAL,2016,1,6.0,2016-S01
ESTADUAL,2016,2,4.0,2016-S02
ESTADUAL,2016,3,4.0,2016-S03
ESTADUAL,2016,4,7.0,2016-S04
ESTADUAL,2016,5,3.0,2016-S05
ESTADUAL,2016,6,3.0,2016-S06
ESTADUAL,2016,7,4.0,2016-S07
ESTADUAL,2016,8,5.0,2016-S08
ESTADUAL,2016,9,6.0,2016-S09
ESTADUAL,2016,10,7.0,2016-S10
ESTADUAL,2016,11,4.0,2016-S11
ESTADUAL,2016,12,3.0,2016-S12
ESTADUAL,2016,13,10.0,2016-S13
ESTADUAL,2016,14,9.0,2016-S14
ESTADUAL,2016,15,6.0,2016-S15
ESTADUAL,2016,16,6.0,2016-S16
ESTADUAL,2016,17,6.0,2016-S17
ESTADUAL,2016,18,10.0,2016-S18
ESTADUAL,2016,19,5.0,2016-S19
ESTADUAL,2016,20,7.0,2016-S20
ESTADUAL,2016,21,5.0,2016-S21
ESTADUAL,2016,22,5.0,2016-S22
ESTADUAL,2016,23,5.0,2016-S23
ESTADUAL,2016,24,3.0,2016-S24
ESTADUAL,2016,25,5.0,2016-S25
ESTADUAL,2016,26,5.0,2016-S26
ESTADUAL,2016,27,7.0,2016-S27
ESTADUAL,2016,28,5.0,2016-S28
ESTADUAL,2016,29,5.0,2016-S29
ESTADUAL,2016,30,9.0,2016-S30
ESTADUAL,2016,31,2.0,2016-S31
ESTADUAL,2016,32,6.0,2016-S32
ESTADUAL,2016,33,5.0,2016-S33
ESTADUAL,2016,34,3.0,2016-S34
ESTADUAL,2016,35,4.0,2016-S35
ESTADUAL,2016,36,5.0,2016-S36
ESTADUAL,2016,37,10.0,2016-S37
ESTADUAL,2016,38,5.0,2016-S38
ESTADUAL,2016,39,4.0,2016-S39
ESTADUAL,2016,40,9.0,2016-S40
ESTADUAL,2016,41,5.0,2016-S41
ESTADUAL,2016,42,6.0,2016-S42
ESTADUAL,2016,43,2.0,2016-S43
ESTADUAL,2016,44,5.0,2016-S44
ESTADUAL,2016,45,5.0,2016-S45
ESTADUAL,2016,46,4.0,2016-S46
ESTADUAL,2016,47,9.0,2016-S47
ESTADUAL,2016,48,3.0,2016-S48
ESTADUAL,2016,49,8.0,2016-S49
ESTADUAL,2016,50,5.0,2016-S50
ESTADUAL,2016,51,5.0,2016-S51
ESTADUAL,2016,52,6.0,2016-S52
ESTADUAL,2017,1,3.0,2017-S01
ESTADUAL,2017,2,9.0,2017-S02
ESTADUAL,2017,3,4.0,2017-S03
ESTADUAL,2017,4,5.0,2017-S04
ESTADUAL,2017,5,5.0,2017-S05
ESTADUAL,2017,6,13.0,2017-S06
ESTADUAL,2017,7,7.0,2017-S07
ESTADUAL,2017,8,3.0,2017-S08
ESTADUAL,2017,9,9.0,2017-S09
ESTADUAL,2017,10,6.0,2017-S10
ESTADUAL,2017,11,7.0,2017-S11
ESTADUAL,2017,12,4.0,2017-S12
ESTADUAL,2017,13,13.0,2017-S13
ESTADUAL,2017,14,5.0,2017-S14
ESTADUAL,2017,15,4.0,2017-S15
ESTADUAL,2017,16,3.0,2017-S16
ESTADUAL,2017,17,5.0,2017-S17
ESTADUAL,2017,18,6.0,2017-S18
ESTADUAL,2017,19,10.0,2017-S19
ESTADUAL,2017,20,8.0,2017-S20
ESTADUAL,2017,21,5.0,2017-S21
ESTADUAL,2017,22,6.0,2017-S22
ESTADUAL,2017,23,7.0,2017-S23
ESTADUAL,2017,24,4.0,2017-S24
ESTADUAL,2017,25,4.0,2017-S25
ESTADUAL,2017,26,5.0,2017-S26
ESTADUAL,2017,27,4.0,2017-S27
ESTADUAL,2017,28,3.0,2017-S28
ESTADUAL,2017,29,4.0,2017-S29
ESTADUAL,2017,30,2.0,2017-S30
ESTADUAL,2017,31,5.0,2017-S31
ESTADUAL,2017,32,7.0,2017-S32
ESTADUAL,2017,33,4.0,2017-S33
ESTADUAL,2017,34,8.0,2017-S34
ESTADUAL,2017,35,3.0,2017-S35
ESTADUAL,2017,36,6.0,2017-S36
ESTADUAL,2017,37,7.0,2017-S37
ESTADUAL,2017,38,4.0,2017-S38
ESTADUAL,2017,39,3.0,2017-S39
ESTADUAL,2017,40,7.0,2017-S40
ESTADUAL,2017,41,8.0,2017-S41
ESTADUAL,2017,42,5.0,2017-S42
ESTADUAL,2017,43,8.0,2017-S43
ESTADUAL,2017,44,4.0,2017-S44
ESTADUAL,2017,45,3.0,2017-S45
ESTADUAL,2017,46,8.0,2017-S46
ESTADUAL,2017,47,9.0,2017-S47
ESTADUAL,2017,48,9.0,2017-S48
ESTADUAL,2017,49,10.0,2017-S49
ESTADUAL,2017,50,6.0,2017-S50
ESTADUAL,2017,51,2.0,2017-S51
ESTADUAL,2017,52,11.0,2017-S52
ESTADUAL,2018,1,8.0,2018-S01
ESTADUAL,2018,2,4.0,2018-S02
ESTADUAL,2018,3,4.0,2018-S03
ESTADUAL,2018,4,8.0,2018-S04
ESTADUAL,2018,5,4.0,2018-S05
ESTADUAL,2018,6,5.0,2018-S06
ESTADUAL,2018,7,6.0,2018-S07
ESTADUAL,2018,8,4.0,2018-S08
ESTADUAL,2018,9,3.0,2018-S09
ESTADUAL,2018,10,8.0,2018-S10
ESTADUAL,2018,11,7.0,2018-S11
ESTADUAL,2018,12,10.0,2018-S12
ESTADUAL,2018,13,8.0,2018-S13
ESTADUAL,2018,14,6.0,2018-S14
ESTADUAL,2018,15,4.0,2018-S15
ESTADUAL,2018,16,2.0,2018-S16
ESTADUAL,2018,17,6.0,2018-S17
ESTADUAL,2018,18,6.0,2018-S18
ESTADUAL,2018,19,3.0,2018-S19
ESTADUAL,2018,20,3.0,2018-S20
ESTADUAL,2018,21,9.0,2018-S21
ESTADUAL,2018,22,5.0,2018-S22
ESTADUAL,2018,23,8.0,2018-S23
ESTADUAL,2018,24,4.0,2018-S24
ESTADUAL,2018,25,5.0,2018-S25
ESTADUAL,2018,26,6.0,2018-S26
ESTADUAL,2018,27,12.0,2018-S27
ESTADUAL,2018,28,6.0,2018-S28
ESTADUAL,2018,29,8.0,2018-S29
ESTADUAL,2018,30,6.0,2018-S30
ESTADUAL,2018,31,6.0,2018-S31
ESTADUAL,2018,32,4.0,2018-S32
ESTADUAL,2018,33,5.0,2018-S33
ESTADUAL,2018,34,7.0,2018-S34
ESTADUAL,2018,35,6.0,2018-S35
ESTADUAL,2018,36,2.0,2018-S36
ESTADUAL,2018,37,10.0,2018-S37
ESTADUAL,2018,38,6.0,2018-S38
ESTADUAL,2018,39,9.0,2018-S39
ESTADUAL,2018,40,4.0,2018-S40
ESTADUAL,2018,41,2.0,2018-S41
ESTADUAL,2018,42,0.0,2018-S42
ESTADUAL,2018,43,4.0,2018-S43
ESTADUAL,2018,44,3.0,2018-S44
ESTADUAL,2018,45,4.0,2018-S45
ESTADUAL,2018,46,7.0,2018-S46
ESTADUAL,2018,47,5.0,2018-S47
ESTADUAL,2018,48,8.0,2018-S48
ESTADUAL,2018,49,8.0,2018-S49
ESTADUAL,2018,50,4.0,2018-S50
ESTADUAL,2018,51,2.0,2018-S51
ESTADUAL,2018,52,2.0,2018-S52
ESTADUAL,2019,1,3.0,2019-S01
ESTADUAL,2019,2,7.0,2019-S02
ESTADUAL,2019,3,3.0,2019-S03
ESTADUAL,2019,4,4.0,2019-S04
ESTADUAL,2019,5,5.0,2019-S05
ESTADUAL,2019,6,3.0,2019-S06
ESTADUAL,2019,7,5.0,2019-S07
ESTADUAL,2019,8,3.0,2019-S08
ESTADUAL,2019,9,2.0,2019-S09
ESTADUAL,2019,10,10.0,2019-S10
ESTADUAL,2019,11,6.0,2019-S11
ESTADUAL,2019,12,9.0,2019-S12
ESTADUAL,2019,13,6.0,2019-S13
ESTADUAL,2019,14,3.0,2019-S14
ESTADUAL,2019,15,7.0,2019-S15
ESTADUAL,2019,16,4.0,2019-S16
ESTADUAL,2019,17,3.0,2019-S17
ESTADUAL,2019,18,6.0,2019-S18
ESTADUAL,2019,19,3.0,2019-S19
ESTADUAL,2019,20,7.0,2019-S20
ESTADUAL,2019,21,3.0,2019-S21
ESTADUAL,2019,22,7.0,2019-S22
ESTADUAL,2019,23,5.0,2019-S23
ESTADUAL,2019,24,8.0,2019-S24
ESTADUAL,2019,25,2.0,2019-S25
ESTADUAL,2019,26,4.0,2019-S26
ESTADUAL,2019,27,5.0,2019-S27
ESTADUAL,2019,28,7.0,2019-S28
ESTADUAL,2019,29,6.0,2019-S29
ESTADUAL,2019,30,3.0,2019-S30
ESTADUAL,2019,31,11.0,2019-S31
ESTADUAL,2019,32,2.0,2019-S32
ESTADUAL,2019,33,6.0,2019-S33
ESTADUAL,2019,34,3.0,2019-S34
ESTADUAL,2019,35,4.0,2019-S35
ESTADUAL,2019,36,6.0,2019-S36
ESTADUAL,2019,37,3.0,2019-S37
ESTADUAL,2019,38,6.0,2019-S38
ESTADUAL,2019,39,2.0,2019-S39
ESTADUAL,2019,40,5.0,2019-S40
ESTADUAL,2019,41,3.0,2019-S41
ESTADUAL,2019,42,0.0,2019-S42
ESTADUAL,2019,43,4.0,2019-S43
ESTADUAL,2019,44,3.0,2019-S44
ESTADUAL,2019,45,4.0,2019-S45
ESTADUAL,2019,46,2.0,2019-S46
ESTADUAL,2019,47,3.0,2019-S47
ESTADUAL,2019,48,6.0,2019-S48
ESTADUAL,2019,49,13.0,2019-S49
ESTADUAL,2019,50,4.0,2019-S50
ESTADUAL,2019,51,3.0,2019-S51
ESTADUAL,2019,52,3.0,2019-S52
ESTADUAL,2020,1,3.0,2020-S01
ESTADUAL,2020,2,4.0,2020-S02
ESTADUAL,2020,3,2.0,2020-S03
ESTADUAL,2020,4,3.0,2020-S04
ESTADUAL,2020,5,1.0,2020-S05
ESTADUAL,2020,6,3.0,2020-S06
ESTADUAL,2020,7,3.0,2020-S07
ESTADUAL,2020,8,3.0,2020-S08
ESTADUAL,2020,9,5.0,2020-S09
ESTADUAL,2020,10,3.0,2020-S10
ESTADUAL,2020,11,0.0,2020-S11
ESTADUAL,2020,12,3.0,2020-S12
ESTADUAL,2020,13,4.0,2020-S13
ESTADUAL,2020,14,1.0,2020-S14
ESTADUAL,2020,15,3.0,2020-S15
ESTADUAL,2020,16,2.0,2020-S16
ESTADUAL,2020,17,1.0,2020-S17
ESTADUAL,2020,18,3.0,2020-S18
ESTADUAL,2020,19,2.0,2020-S19
ESTADUAL,2020,20,2.0,2020-S20
ESTADUAL,2020,21,4.0,2020-S21
ESTADUAL,2020,22,3.0,2020-S22
ESTADUAL,2020,23,1.0,2020-S23
ESTADUAL,2020,24,0.0,2020-S24
ESTADUAL,2020,25,0.0,2020-S25
ESTADUAL,2020,26,2.0,2020-S26
ESTADUAL,2020,27,0.0,2020-S27
ESTADUAL,2020,28,0.0,2020-S28
ESTADUAL,2020,29,2.0,2020-S29
ESTADUAL,2020,30,1.0,2020-S30
ESTADUAL,2020,31,2.0,2020-S31
ESTADUAL,2020,32,4.0,2020-S32
ESTADUAL,2020,33,1.0,2020-S33
ESTADUAL,2020,34,3.0,2020-S34
ESTADUAL,2020,35,1.0,2020-S35
ESTADUAL,2020,36,4.0,2020-S36
ESTADUAL,2020,37,0.0,2020-S37
ESTADUAL,2020,38,4.0,2020-S38
ESTADUAL,2020,39,3.0,2020-S39
ESTADUAL,2020,40,2.0,2020-S40
ESTADUAL,2020,41,5.0,2020-S41
ESTADUAL,2020,42,2.0,2020-S42
ESTADUAL,2020,43,3.0,2020-S43
ESTADUAL,2020,44,3.0,2020-S44
ESTADUAL,2020,45,1.0,2020-S45
ESTADUAL,2020,46,4.0,2020-S46
ESTADUAL,2020,47,2.0,2020-S47
ESTADUAL,2020,48,3.0,2020-S48
ESTADUAL,2020,49,3.0,2020-S49
ESTADUAL,2020,50,1.0,2020-S50
ESTADUAL,2020,51,4.0,2020-S51
ESTADUAL,2020,52,0.0,2020-S52
ESTADUAL,2021,1,0.0,2021-S01
ESTADUAL,2021,2,4.0,2021-S02
ESTADUAL,2021,3,3.0,2021-S03
ESTADUAL,2021,4,1.0,2021-S04
ESTADUAL,2021,5,2.0,2021-S05
ESTADUAL,2021,6,1.0,2021-S06
ESTADUAL,2021,7,2.0,2021-S07
ESTADUAL,2021,8,1.0,2021-S08
ESTADUAL,2021,9,1.0,2021-S09
ESTADUAL,2021,10,3.0,2021-S10
ESTADUAL,2021,11,2.0,2021-S11
ESTADUAL,2021,12,2.0,2021-S12
ESTADUAL,2021,13,2.0,2021-S13
ESTADUAL,2021,14,1.0,2021-S14
ESTADUAL,2021,15,1.0,2021-S15
ESTADUAL,2021,16,2.0,2021-S16
ESTADUAL,2021,17,3.0,2021-S17
ESTADUAL,2021,18,1.0,2021-S18
ESTADUAL,2021,19,3.0,2021-S19
ESTADUAL,2021,20,0.0,2021-S20
ESTADUAL,2021,21,2.0,2021-S21
ESTADUAL,2021,22,5.0,2021-S22
ESTADUAL,2021,23,1.0,2021-S23
ESTADUAL,2021,24,1.0,2021-S24
ESTADUAL,2021,25,3.0,2021-S25
ESTADUAL,2021,26,0.0,2021-S26
ESTADUAL,2021,27,1.0,2021-S27
ESTADUAL,2021,28,2.0,2021-S28
ESTADUAL,2021,29,0.0,2021-S29
ESTADUAL,2021,30,3.0,2021-S30
ESTADUAL,2021,31,3.0,2021-S31
ESTADUAL,2021,32,1.0,2021-S32
ESTADUAL,2021,33,1.0,2021-S33
ESTADUAL,2021,34,1.0,2021-S34
ESTADUAL,2021,35,3.0,2021-S35
ESTADUAL,2021,36,4.0,2021-S36
ESTADUAL,2021,37,3.0,2021-S37
ESTADUAL,2021,38,0.0,2021-S38
ESTADUAL,2021,39,3.0,2021-S39
ESTADUAL,2021,40,3.0,2021-S40
ESTADUAL,2021,41,3.0,2021-S41
ESTADUAL,2021,42,3.0,2021-S42
ESTADUAL,2021,43,2.0,2021-S43
ESTADUAL,2021,44,2.0,2021-S44
ESTADUAL,2021,45,2.0,2021-S45
ESTADUAL,2021,46,0.0,2021-S46
ESTADUAL,2021,47,2.0,2021-S47
ESTADUAL,2021,48,1.0,2021-S48
ESTADUAL,2021,49,4.0,2021-S49
ESTADUAL,2021,50,2.0,2021-S50
ESTADUAL,2021,51,2.0,2021-S51
ESTADUAL,2021,52,3.0,2021-S52
ESTADUAL,2022,1,2.0,2022-S01
ESTADUAL,2022,2,3.0,2022-S02
ESTADUAL,2022,3,4.0,2022-S03
ESTADUAL,2022,4,4.0,2022-S04
ESTADUAL,2022,5,0.0,2022-S05
ESTADUAL,2022,6,1.0,2022-S06
ESTADUAL,2022,7,2.0,2022-S07
ESTADUAL,2022,8,3.0,2022-S08
ESTADUAL,2022,9,1.0,2022-S09
ESTADUAL,2022,10,3.0,2022-S10
ESTADUAL,2022,11,3.0,2022-S11
ESTADUAL,2022,12,5.0,2022-S12
ESTADUAL,2022,13,7.0,2022-S13
ESTADUAL,2022,14,4.0,2022-S14
ESTADUAL,2022,15,6.0,2022-S15
ESTADUAL,2022,16,6.0,2022-S16
ESTADUAL,2022,17,3.0,2022-S17
ESTADUAL,2022,18,1.0,2022-S18
ESTADUAL,2022,19,7.0,2022-S19
ESTADUAL,2022,20,5.0,2022-S20
ESTADUAL,2022,21,5.0,2022-S21
ESTADUAL,2022,22,2.0,2022-S22
ESTADUAL,2022,23,5.0,2022-S23
ESTADUAL,2022,24,2.0,2022-S24
ESTADUAL,2022,25,6.0,2022-S25
ESTADUAL,2022,26,5.0,2022-S26
ESTADUAL,2022,27,4.0,2022-S27
ESTADUAL,2022,28,5.0,2022-S28
ESTADUAL,2022,29,3.0,2022-S29
ESTADUAL,2022,30,4.0,2022-S30
ESTADUAL,2022,31,5.0,2022-S31
ESTADUAL,2022,32,4.0,2022-S32
ESTADUAL,2022,33,2.0,2022-S33
ESTADUAL,2022,34,3.0,2022-S34
ESTADUAL,2022,35,2.0,2022-S35
ESTADUAL,2022,36,1.0,2022-S36
ESTADUAL,2022,37,3.0,2022-S37
ESTADUAL,2022,38,3.0,2022-S38
ESTADUAL,2022,39,5.0,2022-S39
ESTADUAL,2022,40,8.0,2022-S40
ESTADUAL,2022,41,4.0,2022-S41
ESTADUAL,2022,42,3.0,2022-S42
ESTADUAL,2022,43,2.0,2022-S43
ESTADUAL,2022,44,5.0,2022-S44
ESTADUAL,2022,45,5.0,2022-S45
ESTADUAL,2022,46,1.0,2022-S46
ESTADUAL,2022,47,3.0,2022-S47
ESTADUAL,2022,48,7.0,2022-S48
ESTADUAL,2022,49,3.0,2022-S49
ESTADUAL,2022,50,4.0,2022-S50
ESTADUAL,2022,51,4.0,2022-S51
ESTADUAL,2022,52,1.0,2022-S52
ESTADUAL,2023,1,6.0,2023-S01
ESTADUAL,2023,2,4.0,2023-S02
ESTADUAL,2023,3,0.0,2023-S03
ESTADUAL,2023,4,1.0,2023-S04
ESTADUAL,2023,5,4.0,2023-S05
ESTADUAL,2023,6,4.0,2023-S06
ESTADUAL,2023,7,5.0,2023-S07
ESTADUAL,2023,8,9.0,2023-S08
ESTADUAL,2023,9,6.0,2023-S09
ESTADUAL,2023,10,4.0,2023-S10
ESTADUAL,2023,11,6.0,2023-S11
ESTADUAL,2023,12,13.0,2023-S12
ESTADUAL,2023,13,4.0,2023-S13
ESTADUAL,2023,14,5.0,2023-S14
ESTADUAL,2023,15,8.0,2023-S15
ESTADUAL,2023,16,3.0,2023-S16
ESTADUAL,2023,17,7.0,2023-S17
ESTADUAL,2023,18,8.0,2023-S18
ESTADUAL,2023,19,3.0,2023-S19
ESTADUAL,2023,20,7.0,2023-S20
ESTADUAL,2023,21,3.0,2023-S21
ESTADUAL,2023,22,7.0,2023-S22
ESTADUAL,2023,23,6.0,2023-S23
ESTADUAL,2023,24,9.0,2023-S24
ESTADUAL,2023,25,8.0,2023-S25
ESTADUAL,2023,26,5.0,2023-S26
ESTADUAL,2023,27,4.0,2023-S27
ESTADUAL,2023,28,5.0,2023-S28
ESTADUAL,2023,29,7.0,2023-S29
ESTADUAL,2023,30,7.0,2023-S30
ESTADUAL,2023,31,11.0,2023-S31
ESTADUAL,2023,32,3.0,2023-S32
ESTADUAL,2023,33,4.0,2023-S33
ESTADUAL,2023,34,2.0,2023-S34
ESTADUAL,2023,35,6.0,2023-S35
ESTADUAL,2023,36,6.0,2023-S36
ESTADUAL,2023,37,4.0,2023-S37
ESTADUAL,2023,38,6.0,2023-S38
ESTADUAL,2023,39,2.0,2023-S39
ESTADUAL,2023,40,5.0,2023-S40
ESTADUAL,2023,41,3.0,2023-S41
ESTADUAL,2023,42,4.0,2023-S42
ESTADUAL,2023,43,5.0,2023-S43
ESTADUAL,2023,44,8.0,2023-S44
ESTADUAL,2023,45,2.0,2023-S45
ESTADUAL,2023,46,2.0,2023-S46
ESTADUAL,2023,47,2.0,2023-S47
ESTADUAL,2023,48,2.0,2023-S48
ESTADUAL,2023,49,5.0,2023-S49
ESTADUAL,2023,50,7.0,2023-S50
ESTADUAL,2023,51,4.0,2023-S51
ESTADUAL,2023,52,7.0,2023-S52
ESTADUAL,2024,1,3.0,2024-S01
ESTADUAL,2024,2,4.0,2024-S02
ESTADUAL,2024,3,6.0,2024-S03
ESTADUAL,2024,4,5.0,2024-S04
ESTADUAL,2024,5,2.0,2024-S05
ESTADUAL,2024,6,7.0,2024-S06
ESTADUAL,2024,7,2.0,2024-S07
ESTADUAL,2024,8,3.0,2024-S08
ESTADUAL,2024,9,5.0,2024-S09
ESTADUAL,2024,10,2.0,2024-S10
ESTADUAL,2024,11,5.0,2024-S11
ESTADUAL,2024,12,5.0,2024-S12
ESTADUAL,2024,13,5.0,2024-S13
ESTADUAL,2024,14,3.0,2024-S14
ESTADUAL,2024,15,4.0,2024-S15
ESTADUAL,2024,16,3.0,2024-S16
ESTADUAL,2024,17,3.0,2024-S17
ESTADUAL,2024,18,8.0,2024-S18
ESTADUAL,2024,19,6.0,2024-S19
ESTADUAL,2024,20,9.0,2024-S20
ESTADUAL,2024,21,8.0,2024-S21
ESTADUAL,2024,22,3.0,2024-S22
ESTADUAL,2024,23,1.0,2024-S23
ESTADUAL,2024,24,4.0,2024-S24
ESTADUAL,2024,25,11.0,2024-S25
ESTADUAL,2024,26,7.0,2024-S26
ESTADUAL,2024,27,11.0,2024-S27
ESTADUAL,2024,28,2.0,2024-S28
ESTADUAL,2024,29,9.0,2024-S29
ESTADUAL,2024,30,5.0,2024-S30
ESTADUAL,2024,31,8.0,2024-S31
ESTADUAL,2024,32,3.0,2024-S32
ESTADUAL,2024,33,9.0,2024-S33
ESTADUAL,2024,34,7.0,2024-S34
ESTADUAL,2024,35,3.0,2024-S35
ESTADUAL,2024,36,3.0,2024-S36
ESTADUAL,2024,37,5.0,2024-S37
ESTADUAL,2024,38,2.0,2024-S38
ESTADUAL,2024,39,6.0,2024-S39
ESTADUAL,2024,40,7.0,2024-S40
ESTADUAL,2024,41,7.0,2024-S41
ESTADUAL,2024,42,7.0,2024-S42
ESTADUAL,2024,43,6.0,2024-S43
ESTADUAL,2024,44,1.0,2024-S44
ESTADUAL,2024,45,7.0,2024-S45
ESTADUAL,2024,46,7.0,2024-S46
ESTADUAL,2024,47,7.0,2024-S47
ESTADUAL,2024,48,0.0,2024-S48
ESTADUAL,2024,49,6.0,2024-S49
ESTADUAL,2024,50,6.0,2024-S50
ESTADUAL,2024,51,6.0,2024-S51
ESTADUAL,2024,52,2.0,2024-S52
ESTADUAL,2025,1,5.0,2025-S01
ESTADUAL,2025,2,2.0,2025-S02
ESTADUAL,2025,3,1.0,2025-S03
ESTADUAL,2025,4,2.0,2025-S04
ESTADUAL,2025,5,4.0,2025-S05
ESTADUAL,2025,6,3.0,2025-S06
ESTADUAL,2025,7,5.0,2025-S07
ESTADUAL,2025,8,5.0,2025-S08
ESTADUAL,2025,9,6.0,2025-S09
ESTADUAL,2025,10,4.0,2025-S10
ESTADUAL,2025,11,2.0,2025-S11
ESTADUAL,2025,12,5.0,2025-S12
ESTADUAL,2025,13,1.0,2025-S13
ESTADUAL,2025,14,3.0,2025-S14
ESTADUAL,2025,15,2.0,2025-S15
ESTADUAL,2025,16,1.0,2025-S16
ESTADUAL,2025,17,3.0,2025-S17
ESTADUAL,2025,18,2.0,2025-S18
ESTADUAL,2025,19,3.0,2025-S19
ESTADUAL,2025,20,4.0,2025-S20
ESTADUAL,2025,21,5.0,2025-S21
ESTADUAL,2025,22,4.0,2025-S22
ESTADUAL,2025,23,9.0,2025-S23
ESTADUAL,2025,24,6.0,2025-S24
ESTADUAL,2025,25,12.0,2025-S25
ESTADUAL,2025,26,7.0,2025-S26
ESTADUAL,2025,27,5.0,2025-S27
ESTADUAL,2025,28,5.0,2025-S28
ESTADUAL,2025,29,7.0,2025-S29
ESTADUAL,2025,30,3.0,2025-S30
ESTADUAL,2025,31,2.0,2025-S31
ESTADUAL,2025,32,9.0,2025-S32
ESTADUAL,2025,33,4.0,2025-S33
ESTADUAL,2025,34,3.0,2025-S34
ESTADUAL,2025,35,6.0,2025-S35
ESTADUAL,2025,36,6.0,2025-S36
ESTADUAL,2025,37,5.0,2025-S37
ESTADUAL,2025,38,11.0,2025-S38
ESTADUAL,2025,39,2.0,2025-S39
ESTADUAL,2025,40,5.0,2025-S40
ESTADUAL,2025,41,10.0,2025-S41
ESTADUAL,2025,42,3.0,2025-S42
ESTADUAL,2025,43,8.0,2025-S43
ESTADUAL,2025,44,4.0,2025-S44
ESTADUAL,2025,45,7.0,2025-S45
ESTADUAL,2025,46,4.0,2025-S46
ESTADUAL,2025,47,8.0,2025-S47
ESTADUAL,2025,48,3.0,2025-S48
ESTADUAL,2025,49,4.0,2025-S49
ESTADUAL,2025,50,6.0,2025-S50
ESTADUAL,2025,51,5.0,2025-S51
ESTADUAL,2025,52,6.0,2025-S52
ESTADUAL,2026,1,5.0,2026-S01
ESTADUAL,2026,2,7.0,2026-S02
ESTADUAL,2026,3,4.0,2026-S03
ESTADUAL,2026,4,5.0,2026-S04
ESTADUAL,2026,5,4.0,2026-S05
ESTADUAL,2026,6,6.0,2026-S06
ESTADUAL,2026,7,7.0,2026-S07
ESTADUAL,2026,8,2.0,2026-S08
ESTADUAL,2026,9,6.0,2026-S09
ESTADUAL,2026,10,8.0,2026-S10
ESTADUAL,2026,11,5.0,2026-S11
ESTADUAL,2026,12,5.0,2026-S12
ESTADUAL,2026,13,7.0,2026-S13
ESTADUAL,2026,14,4.0,2026-S14
ESTADUAL,2026,15,4.0,2026-S15
ESTADUAL,2026,16,8.0,2026-S16
ESTADUAL,2026,17,10.0,2026-S17
ESTADUAL,2026,18,17.0,2026-S18
ESTADUAL,2026,19,12.0,2026-S19
ESTADUAL,2026,20,4.0,2026-S20
ESTADUAL,2026,21,6.0,2026-S21
ESTADUAL,2026,22,8.0,2026-S22
ESTADUAL,2026,23,6.0,2026-S23
ESTADUAL,2026,24,8.0,2026-S24
ESTADUAL,2026,25,5.0,2026-S25
ESTADUAL,2026,26,6.0,2026-S26
ESTADUAL,2026,27,3.0,2026-S27
ESTADUAL,2026,28,1.0,2026-S28
ESTADUAL,2026,29,0.0,2026-S29
ESTADUAL,2026,30,0.0,2026-S30
ESTADUAL,2026,31,0.0,2026-S31
DM,2007,1,1.0,2007-S01
DM,2007,2,0.0,2007-S02
DM,2007,3,0.0,2007-S03
DM,2007,4,0.0,2007-S04
DM,2007,5,1.0,2007-S05
DM,2007,6,2.0,2007-S06
DM,2007,7,0.0,2007-S07
DM,2007,8,0.0,2007-S08
DM,2007,9,0.0,2007-S09
DM,2007,10,0.0,2007-S10
DM,2007,11,0.0,2007-S11
DM,2007,12,1.0,2007-S12
DM,2007,13,0.0,2007-S13
DM,2007,14,0.0,2007-S14
DM,2007,15,1.0,2007-S15
DM,2007,16,1.0,2007-S16
DM,2007,17,0.0,2007-S17
DM,2007,18,1.0,2007-S18
DM,2007,19,0.0,2007-S19
DM,2007,20,0.0,2007-S20
DM,2007,21,0.0,2007-S21
DM,2007,22,0.0,2007-S22
DM,2007,23,1.0,2007-S23
DM,2007,24,0.0,2007-S24
DM,2007,25,1.0,2007-S25
DM,2007,26,1.0,2007-S26
DM,2007,27,0.0,2007-S27
DM,2007,28,2.0,2007-S28
DM,2007,29,1.0,2007-S29
DM,2007,30,0.0,2007-S30
DM,2007,31,0.0,2007-S31
DM,2007,32,0.0,2007-S32
DM,2007,33,0.0,2007-S33
DM,2007,34,0.0,2007-S34
DM,2007,35,0.0,2007-S35
DM,2007,36,0.0,2007-S36
DM,2007,37,1.0,2007-S37
DM,2007,38,1.0,2007-S38
DM,2007,39,0.0,2007-S39
DM,2007,40,0.0,2007-S40
DM,2007,41,0.0,2007-S41
DM,2007,42,0.0,2007-S42
DM,2007,43,0.0,2007-S43
DM,2007,44,0.0,2007-S44
DM,2007,45,0.0,2007-S45
DM,2007,46,0.0,2007-S46
DM,2007,47,0.0,2007-S47
DM,2007,48,0.0,2007-S48
DM,2007,49,1.0,2007-S49
DM,2007,50,0.0,2007-S50
DM,2007,51,0.0,2007-S51
DM,2007,52,0.0,2007-S52
DM,2008,1,0.0,2008-S01
DM,2008,2,0.0,2008-S02
DM,2008,3,1.0,2008-S03
DM,2008,4,0.0,2008-S04
DM,2008,5,0.0,2008-S05
DM,2008,6,0.0,2008-S06
DM,2008,7,0.0,2008-S07
DM,2008,8,1.0,2008-S08
DM,2008,9,0.0,2008-S09
DM,2008,10,0.0,2008-S10
DM,2008,11,1.0,2008-S11
DM,2008,12,0.0,2008-S12
DM,2008,13,0.0,2008-S13
DM,2008,14,0.0,2008-S14
DM,2008,15,0.0,2008-S15
DM,2008,16,0.0,2008-S16
DM,2008,17,0.0,2008-S17
DM,2008,18,1.0,2008-S18
DM,2008,19,0.0,2008-S19
DM,2008,20,1.0,2008-S20
DM,2008,21,0.0,2008-S21
DM,2008,22,0.0,2008-S22
DM,2008,23,0.0,2008-S23
DM,2008,24,0.0,2008-S24
DM,2008,25,0.0,2008-S25
DM,2008,26,1.0,2008-S26
DM,2008,27,0.0,2008-S27
DM,2008,28,0.0,2008-S28
DM,2008,29,0.0,2008-S29
DM,2008,30,0.0,2008-S30
DM,2008,31,0.0,2008-S31
DM,2008,32,0.0,2008-S32
DM,2008,33,0.0,2008-S33
DM,2008,34,0.0,2008-S34
DM,2008,35,0.0,2008-S35
DM,2008,36,0.0,2008-S36
DM,2008,37,0.0,2008-S37
DM,2008,38,0.0,2008-S38
DM,2008,39,0.0,2008-S39
DM,2008,40,0.0,2008-S40
DM,2008,41,0.0,2008-S41
DM,2008,42,0.0,2008-S42
DM,2008,43,1.0,2008-S43
DM,2008,44,0.0,2008-S44
DM,2008,45,0.0,2008-S45
DM,2008,46,0.0,2008-S46
DM,2008,47,0.0,2008-S47
DM,2008,48,1.0,2008-S48
DM,2008,49,0.0,2008-S49
DM,2008,50,1.0,2008-S50
DM,2008,51,0.0,2008-S51
DM,2008,52,0.0,2008-S52
DM,2009,1,0.0,2009-S01
DM,2009,2,1.0,2009-S02
DM,2009,3,1.0,2009-S03
DM,2009,4,1.0,2009-S04
DM,2009,5,1.0,2009-S05
DM,2009,6,0.0,2009-S06
DM,2009,7,0.0,2009-S07
DM,2009,8,0.0,2009-S08
DM,2009,9,0.0,2009-S09
DM,2009,10,0.0,2009-S10
DM,2009,11,0.0,2009-S11
DM,2009,12,0.0,2009-S12
DM,2009,13,1.0,2009-S13
DM,2009,14,1.0,2009-S14
DM,2009,15,0.0,2009-S15
DM,2009,16,1.0,2009-S16
DM,2009,17,0.0,2009-S17
DM,2009,18,0.0,2009-S18
DM,2009,19,1.0,2009-S19
DM,2009,20,0.0,2009-S20
DM,2009,21,0.0,2009-S21
DM,2009,22,1.0,2009-S22
DM,2009,23,0.0,2009-S23
DM,2009,24,0.0,2009-S24
DM,2009,25,0.0,2009-S25
DM,2009,26,0.0,2009-S26
DM,2009,27,1.0,2009-S27
DM,2009,28,0.0,2009-S28
DM,2009,29,0.0,2009-S29
DM,2009,30,1.0,2009-S30
DM,2009,31,4.0,2009-S31
DM,2009,32,1.0,2009-S32
DM,2009,33,2.0,2009-S33
DM,2009,34,0.0,2009-S34
DM,2009,35,1.0,2009-S35
DM,2009,36,0.0,2009-S36
DM,2009,37,0.0,2009-S37
DM,2009,38,0.0,2009-S38
DM,2009,39,0.0,2009-S39
DM,2009,40,0.0,2009-S40
DM,2009,41,0.0,2009-S41
DM,2009,42,0.0,2009-S42
DM,2009,43,0.0,2009-S43
DM,2009,44,0.0,2009-S44
DM,2009,45,1.0,2009-S45
DM,2009,46,0.0,2009-S46
DM,2009,47,0.0,2009-S47
DM,2009,48,0.0,2009-S48
DM,2009,49,0.0,2009-S49
DM,2009,50,1.0,2009-S50
DM,2009,51,0.0,2009-S51
DM,2009,52,0.0,2009-S52
DM,2010,1,0.0,2010-S01
DM,2010,2,0.0,2010-S02
DM,2010,3,0.0,2010-S03
DM,2010,4,0.0,2010-S04
DM,2010,5,0.0,2010-S05
DM,2010,6,0.0,2010-S06
DM,2010,7,0.0,2010-S07
DM,2010,8,0.0,2010-S08
DM,2010,9,0.0,2010-S09
DM,2010,10,1.0,2010-S10
DM,2010,11,0.0,2010-S11
DM,2010,12,1.0,2010-S12
DM,2010,13,0.0,2010-S13
DM,2010,14,0.0,2010-S14
DM,2010,15,0.0,2010-S15
DM,2010,16,0.0,2010-S16
DM,2010,17,1.0,2010-S17
DM,2010,18,0.0,2010-S18
DM,2010,19,1.0,2010-S19
DM,2010,20,1.0,2010-S20
DM,2010,21,1.0,2010-S21
DM,2010,22,0.0,2010-S22
DM,2010,23,1.0,2010-S23
DM,2010,24,1.0,2010-S24
DM,2010,25,1.0,2010-S25
DM,2010,26,0.0,2010-S26
DM,2010,27,0.0,2010-S27
DM,2010,28,0.0,2010-S28
DM,2010,29,0.0,2010-S29
DM,2010,30,1.0,2010-S30
DM,2010,31,0.0,2010-S31
DM,2010,32,0.0,2010-S32
DM,2010,33,0.0,2010-S33
DM,2010,34,0.0,2010-S34
DM,2010,35,0.0,2010-S35
DM,2010,36,2.0,2010-S36
DM,2010,37,2.0,2010-S37
DM,2010,38,2.0,2010-S38
DM,2010,39,1.0,2010-S39
DM,2010,40,0.0,2010-S40
DM,2010,41,0.0,2010-S41
DM,2010,42,1.0,2010-S42
DM,2010,43,0.0,2010-S43
DM,2010,44,1.0,2010-S44
DM,2010,45,1.0,2010-S45
DM,2010,46,0.0,2010-S46
DM,2010,47,1.0,2010-S47
DM,2010,48,0.0,2010-S48
DM,2010,49,1.0,2010-S49
DM,2010,50,0.0,2010-S50
DM,2010,51,2.0,2010-S51
DM,2010,52,0.0,2010-S52
DM,2011,1,0.0,2011-S01
DM,2011,2,2.0,2011-S02
DM,2011,3,1.0,2011-S03
DM,2011,4,0.0,2011-S04
DM,2011,5,0.0,2011-S05
DM,2011,6,1.0,2011-S06
DM,2011,7,0.0,2011-S07
DM,2011,8,0.0,2011-S08
DM,2011,9,0.0,2011-S09
DM,2011,10,1.0,2011-S10
DM,2011,11,0.0,2011-S11
DM,2011,12,2.0,2011-S12
DM,2011,13,0.0,2011-S13
DM,2011,14,1.0,2011-S14
DM,2011,15,1.0,2011-S15
DM,2011,16,0.0,2011-S16
DM,2011,17,0.0,2011-S17
DM,2011,18,0.0,2011-S18
DM,2011,19,1.0,2011-S19
DM,2011,20,2.0,2011-S20
DM,2011,21,0.0,2011-S21
DM,2011,22,0.0,2011-S22
DM,2011,23,1.0,2011-S23
DM,2011,24,0.0,2011-S24
DM,2011,25,2.0,2011-S25
DM,2011,26,0.0,2011-S26
DM,2011,27,1.0,2011-S27
DM,2011,28,0.0,2011-S28
DM,2011,29,0.0,2011-S29
DM,2011,30,0.0,2011-S30
DM,2011,31,0.0,2011-S31
DM,2011,32,0.0,2011-S32
DM,2011,33,2.0,2011-S33
DM,2011,34,0.0,2011-S34
DM,2011,35,1.0,2011-S35
DM,2011,36,1.0,2011-S36
DM,2011,37,2.0,2011-S37
DM,2011,38,0.0,2011-S38
DM,2011,39,2.0,2011-S39
DM,2011,40,0.0,2011-S40
DM,2011,41,0.0,2011-S41
DM,2011,42,0.0,2011-S42
DM,2011,43,1.0,2011-S43
DM,2011,44,0.0,2011-S44
DM,2011,45,0.0,2011-S45
DM,2011,46,0.0,2011-S46
DM,2011,47,0.0,2011-S47
DM,2011,48,0.0,2011-S48
DM,2011,49,1.0,2011-S49
DM,2011,50,0.0,2011-S50
DM,2011,51,2.0,2011-S51
DM,2011,52,1.0,2011-S52
DM,2012,1,4.0,2012-S01
DM,2012,2,0.0,2012-S02
DM,2012,3,0.0,2012-S03
DM,2012,4,2.0,2012-S04
DM,2012,5,0.0,2012-S05
DM,2012,6,0.0,2012-S06
DM,2012,7,0.0,2012-S07
DM,2012,8,1.0,2012-S08
DM,2012,9,1.0,2012-S09
DM,2012,10,0.0,2012-S10
DM,2012,11,0.0,2012-S11
DM,2012,12,0.0,2012-S12
DM,2012,13,1.0,2012-S13
DM,2012,14,0.0,2012-S14
DM,2012,15,1.0,2012-S15
DM,2012,16,0.0,2012-S16
DM,2012,17,1.0,2012-S17
DM,2012,18,1.0,2012-S18
DM,2012,19,1.0,2012-S19
DM,2012,20,2.0,2012-S20
DM,2012,21,2.0,2012-S21
DM,2012,22,0.0,2012-S22
DM,2012,23,1.0,2012-S23
DM,2012,24,0.0,2012-S24
DM,2012,25,0.0,2012-S25
DM,2012,26,0.0,2012-S26
DM,2012,27,1.0,2012-S27
DM,2012,28,1.0,2012-S28
DM,2012,29,0.0,2012-S29
DM,2012,30,2.0,2012-S30
DM,2012,31,5.0,2012-S31
DM,2012,32,0.0,2012-S32
DM,2012,33,2.0,2012-S33
DM,2012,34,1.0,2012-S34
DM,2012,35,4.0,2012-S35
DM,2012,36,0.0,2012-S36
DM,2012,37,0.0,2012-S37
DM,2012,38,0.0,2012-S38
DM,2012,39,0.0,2012-S39
DM,2012,40,0.0,2012-S40
DM,2012,41,0.0,2012-S41
DM,2012,42,0.0,2012-S42
DM,2012,43,2.0,2012-S43
DM,2012,44,0.0,2012-S44
DM,2012,45,0.0,2012-S45
DM,2012,46,0.0,2012-S46
DM,2012,47,0.0,2012-S47
DM,2012,48,1.0,2012-S48
DM,2012,49,0.0,2012-S49
DM,2012,50,0.0,2012-S50
DM,2012,51,0.0,2012-S51
DM,2012,52,1.0,2012-S52
DM,2013,1,0.0,2013-S01
DM,2013,2,2.0,2013-S02
DM,2013,3,0.0,2013-S03
DM,2013,4,0.0,2013-S04
DM,2013,5,0.0,2013-S05
DM,2013,6,0.0,2013-S06
DM,2013,7,0.0,2013-S07
DM,2013,8,1.0,2013-S08
DM,2013,9,1.0,2013-S09
DM,2013,10,1.0,2013-S10
DM,2013,11,0.0,2013-S11
DM,2013,12,1.0,2013-S12
DM,2013,13,0.0,2013-S13
DM,2013,14,0.0,2013-S14
DM,2013,15,0.0,2013-S15
DM,2013,16,1.0,2013-S16
DM,2013,17,0.0,2013-S17
DM,2013,18,0.0,2013-S18
DM,2013,19,1.0,2013-S19
DM,2013,20,3.0,2013-S20
DM,2013,21,2.0,2013-S21
DM,2013,22,1.0,2013-S22
DM,2013,23,1.0,2013-S23
DM,2013,24,0.0,2013-S24
DM,2013,25,0.0,2013-S25
DM,2013,26,1.0,2013-S26
DM,2013,27,1.0,2013-S27
DM,2013,28,1.0,2013-S28
DM,2013,29,0.0,2013-S29
DM,2013,30,2.0,2013-S30
DM,2013,31,4.0,2013-S31
DM,2013,32,1.0,2013-S32
DM,2013,33,1.0,2013-S33
DM,2013,34,2.0,2013-S34
DM,2013,35,0.0,2013-S35
DM,2013,36,1.0,2013-S36
DM,2013,37,0.0,2013-S37
DM,2013,38,2.0,2013-S38
DM,2013,39,0.0,2013-S39
DM,2013,40,0.0,2013-S40
DM,2013,41,0.0,2013-S41
DM,2013,42,0.0,2013-S42
DM,2013,43,0.0,2013-S43
DM,2013,44,0.0,2013-S44
DM,2013,45,0.0,2013-S45
DM,2013,46,0.0,2013-S46
DM,2013,47,0.0,2013-S47
DM,2013,48,0.0,2013-S48
DM,2013,49,1.0,2013-S49
DM,2013,50,2.0,2013-S50
DM,2013,51,0.0,2013-S51
DM,2013,52,0.0,2013-S52
DM,2014,1,0.0,2014-S01
DM,2014,2,0.0,2014-S02
DM,2014,3,0.0,2014-S03
DM,2014,4,0.0,2014-S04
DM,2014,5,0.0,2014-S05
DM,2014,6,0.0,2014-S06
DM,2014,7,0.0,2014-S07
DM,2014,8,0.0,2014-S08
DM,2014,9,1.0,2014-S09
DM,2014,10,0.0,2014-S10
DM,2014,11,0.0,2014-S11
DM,2014,12,1.0,2014-S12
DM,2014,13,0.0,2014-S13
DM,2014,14,0.0,2014-S14
DM,2014,15,0.0,2014-S15
DM,2014,16,1.0,2014-S16
DM,2014,17,0.0,2014-S17
DM,2014,18,0.0,2014-S18
DM,2014,19,0.0,2014-S19
DM,2014,20,0.0,2014-S20
DM,2014,21,0.0,2014-S21
DM,2014,22,1.0,2014-S22
DM,2014,23,0.0,2014-S23
DM,2014,24,1.0,2014-S24
DM,2014,25,0.0,2014-S25
DM,2014,26,1.0,2014-S26
DM,2014,27,0.0,2014-S27
DM,2014,28,1.0,2014-S28
DM,2014,29,3.0,2014-S29
DM,2014,30,0.0,2014-S30
DM,2014,31,1.0,2014-S31
DM,2014,32,1.0,2014-S32
DM,2014,33,0.0,2014-S33
DM,2014,34,0.0,2014-S34
DM,2014,35,0.0,2014-S35
DM,2014,36,0.0,2014-S36
DM,2014,37,0.0,2014-S37
DM,2014,38,0.0,2014-S38
DM,2014,39,0.0,2014-S39
DM,2014,40,1.0,2014-S40
DM,2014,41,0.0,2014-S41
DM,2014,42,0.0,2014-S42
DM,2014,43,0.0,2014-S43
DM,2014,44,0.0,2014-S44
DM,2014,45,1.0,2014-S45
DM,2014,46,0.0,2014-S46
DM,2014,47,0.0,2014-S47
DM,2014,48,2.0,2014-S48
DM,2014,49,2.0,2014-S49
DM,2014,50,0.0,2014-S50
DM,2014,51,0.0,2014-S51
DM,2014,52,0.0,2014-S52
DM,2015,1,0.0,2015-S01
DM,2015,2,0.0,2015-S02
DM,2015,3,1.0,2015-S03
DM,2015,4,1.0,2015-S04
DM,2015,5,0.0,2015-S05
DM,2015,6,0.0,2015-S06
DM,2015,7,0.0,2015-S07
DM,2015,8,0.0,2015-S08
DM,2015,9,0.0,2015-S09
DM,2015,10,0.0,2015-S10
DM,2015,11,0.0,2015-S11
DM,2015,12,0.0,2015-S12
DM,2015,13,1.0,2015-S13
DM,2015,14,1.0,2015-S14
DM,2015,15,1.0,2015-S15
DM,2015,16,0.0,2015-S16
DM,2015,17,0.0,2015-S17
DM,2015,18,1.0,2015-S18
DM,2015,19,0.0,2015-S19
DM,2015,20,0.0,2015-S20
DM,2015,21,0.0,2015-S21
DM,2015,22,0.0,2015-S22
DM,2015,23,0.0,2015-S23
DM,2015,24,0.0,2015-S24
DM,2015,25,0.0,2015-S25
DM,2015,26,0.0,2015-S26
DM,2015,27,2.0,2015-S27
DM,2015,28,0.0,2015-S28
DM,2015,29,0.0,2015-S29
DM,2015,30,1.0,2015-S30
DM,2015,31,0.0,2015-S31
DM,2015,32,0.0,2015-S32
DM,2015,33,0.0,2015-S33
DM,2015,34,0.0,2015-S34
DM,2015,35,1.0,2015-S35
DM,2015,36,0.0,2015-S36
DM,2015,37,0.0,2015-S37
DM,2015,38,1.0,2015-S38
DM,2015,39,0.0,2015-S39
DM,2015,40,1.0,2015-S40
DM,2015,41,1.0,2015-S41
DM,2015,42,0.0,2015-S42
DM,2015,43,0.0,2015-S43
DM,2015,44,1.0,2015-S44
DM,2015,45,0.0,2015-S45
DM,2015,46,1.0,2015-S46
DM,2015,47,1.0,2015-S47
DM,2015,48,0.0,2015-S48
DM,2015,49,0.0,2015-S49
DM,2015,50,0.0,2015-S50
DM,2015,51,0.0,2015-S51
DM,2015,52,0.0,2015-S52
DM,2016,1,0.0,2016-S01
DM,2016,2,0.0,2016-S02
DM,2016,3,1.0,2016-S03
DM,2016,4,0.0,2016-S04
DM,2016,5,0.0,2016-S05
DM,2016,6,1.0,2016-S06
DM,2016,7,0.0,2016-S07
DM,2016,8,1.0,2016-S08
DM,2016,9,0.0,2016-S09
DM,2016,10,0.0,2016-S10
DM,2016,11,0.0,2016-S11
DM,2016,12,0.0,2016-S12
DM,2016,13,0.0,2016-S13
DM,2016,14,1.0,2016-S14
DM,2016,15,1.0,2016-S15
DM,2016,16,0.0,2016-S16
DM,2016,17,0.0,2016-S17
DM,2016,18,1.0,2016-S18
DM,2016,19,1.0,2016-S19
DM,2016,20,0.0,2016-S20
DM,2016,21,0.0,2016-S21
DM,2016,22,0.0,2016-S22
DM,2016,23,0.0,2016-S23
DM,2016,24,0.0,2016-S24
DM,2016,25,0.0,2016-S25
DM,2016,26,0.0,2016-S26
DM,2016,27,0.0,2016-S27
DM,2016,28,0.0,2016-S28
DM,2016,29,1.0,2016-S29
DM,2016,30,0.0,2016-S30
DM,2016,31,0.0,2016-S31
DM,2016,32,0.0,2016-S32
DM,2016,33,0.0,2016-S33
DM,2016,34,0.0,2016-S34
DM,2016,35,0.0,2016-S35
DM,2016,36,0.0,2016-S36
DM,2016,37,1.0,2016-S37
DM,2016,38,0.0,2016-S38
DM,2016,39,0.0,2016-S39
DM,2016,40,1.0,2016-S40
DM,2016,41,0.0,2016-S41
DM,2016,42,0.0,2016-S42
DM,2016,43,0.0,2016-S43
DM,2016,44,0.0,2016-S44
DM,2016,45,0.0,2016-S45
DM,2016,46,0.0,2016-S46
DM,2016,47,0.0,2016-S47
DM,2016,48,0.0,2016-S48
DM,2016,49,0.0,2016-S49
DM,2016,50,0.0,2016-S50
DM,2016,51,0.0,2016-S51
DM,2016,52,1.0,2016-S52
DM,2017,1,0.0,2017-S01
DM,2017,2,0.0,2017-S02
DM,2017,3,0.0,2017-S03
DM,2017,4,0.0,2017-S04
DM,2017,5,1.0,2017-S05
DM,2017,6,0.0,2017-S06
DM,2017,7,0.0,2017-S07
DM,2017,8,0.0,2017-S08
DM,2017,9,1.0,2017-S09
DM,2017,10,0.0,2017-S10
DM,2017,11,0.0,2017-S11
DM,2017,12,0.0,2017-S12
DM,2017,13,0.0,2017-S13
DM,2017,14,0.0,2017-S14
DM,2017,15,0.0,2017-S15
DM,2017,16,0.0,2017-S16
DM,2017,17,1.0,2017-S17
DM,2017,18,0.0,2017-S18
DM,2017,19,0.0,2017-S19
DM,2017,20,1.0,2017-S20
DM,2017,21,0.0,2017-S21
DM,2017,22,1.0,2017-S22
DM,2017,23,0.0,2017-S23
DM,2017,24,0.0,2017-S24
DM,2017,25,0.0,2017-S25
DM,2017,26,0.0,2017-S26
DM,2017,27,0.0,2017-S27
DM,2017,28,0.0,2017-S28
DM,2017,29,0.0,2017-S29
DM,2017,30,0.0,2017-S30
DM,2017,31,1.0,2017-S31
DM,2017,32,0.0,2017-S32
DM,2017,33,2.0,2017-S33
DM,2017,34,1.0,2017-S34
DM,2017,35,0.0,2017-S35
DM,2017,36,0.0,2017-S36
DM,2017,37,0.0,2017-S37
DM,2017,38,0.0,2017-S38
DM,2017,39,0.0,2017-S39
DM,2017,40,0.0,2017-S40
DM,2017,41,0.0,2017-S41
DM,2017,42,0.0,2017-S42
DM,2017,43,0.0,2017-S43
DM,2017,44,0.0,2017-S44
DM,2017,45,0.0,2017-S45
DM,2017,46,0.0,2017-S46
DM,2017,47,0.0,2017-S47
DM,2017,48,1.0,2017-S48
DM,2017,49,0.0,2017-S49
DM,2017,50,1.0,2017-S50
DM,2017,51,1.0,2017-S51
DM,2017,52,2.0,2017-S52
DM,2018,1,0.0,2018-S01
DM,2018,2,0.0,2018-S02
DM,2018,3,1.0,2018-S03
DM,2018,4,0.0,2018-S04
DM,2018,5,0.0,2018-S05
DM,2018,6,0.0,2018-S06
DM,2018,7,0.0,2018-S07
DM,2018,8,0.0,2018-S08
DM,2018,9,0.0,2018-S09
DM,2018,10,1.0,2018-S10
DM,2018,11,0.0,2018-S11
DM,2018,12,0.0,2018-S12
DM,2018,13,0.0,2018-S13
DM,2018,14,1.0,2018-S14
DM,2018,15,1.0,2018-S15
DM,2018,16,0.0,2018-S16
DM,2018,17,1.0,2018-S17
DM,2018,18,1.0,2018-S18
DM,2018,19,0.0,2018-S19
DM,2018,20,0.0,2018-S20
DM,2018,21,0.0,2018-S21
DM,2018,22,0.0,2018-S22
DM,2018,23,0.0,2018-S23
DM,2018,24,1.0,2018-S24
DM,2018,25,0.0,2018-S25
DM,2018,26,1.0,2018-S26
DM,2018,27,0.0,2018-S27
DM,2018,28,1.0,2018-S28
DM,2018,29,0.0,2018-S29
DM,2018,30,0.0,2018-S30
DM,2018,31,0.0,2018-S31
DM,2018,32,0.0,2018-S32
DM,2018,33,0.0,2018-S33
DM,2018,34,0.0,2018-S34
DM,2018,35,0.0,2018-S35
DM,2018,36,0.0,2018-S36
DM,2018,37,0.0,2018-S37
DM,2018,38,0.0,2018-S38
DM,2018,39,0.0,2018-S39
DM,2018,40,0.0,2018-S40
DM,2018,41,0.0,2018-S41
DM,2018,42,0.0,2018-S42
DM,2018,43,0.0,2018-S43
DM,2018,44,0.0,2018-S44
DM,2018,45,0.0,2018-S45
DM,2018,46,0.0,2018-S46
DM,2018,47,0.0,2018-S47
DM,2018,48,0.0,2018-S48
DM,2018,49,1.0,2018-S49
DM,2018,50,0.0,2018-S50
DM,2018,51,0.0,2018-S51
DM,2018,52,0.0,2018-S52
DM,2019,1,0.0,2019-S01
DM,2019,2,0.0,2019-S02
DM,2019,3,0.0,2019-S03
DM,2019,4,0.0,2019-S04
DM,2019,5,0.0,2019-S05
DM,2019,6,0.0,2019-S06
DM,2019,7,0.0,2019-S07
DM,2019,8,0.0,2019-S08
DM,2019,9,0.0,2019-S09
DM,2019,10,0.0,2019-S10
DM,2019,11,1.0,2019-S11
DM,2019,12,1.0,2019-S12
DM,2019,13,0.0,2019-S13
DM,2019,14,0.0,2019-S14
DM,2019,15,0.0,2019-S15
DM,2019,16,0.0,2019-S16
DM,2019,17,0.0,2019-S17
DM,2019,18,0.0,2019-S18
DM,2019,19,0.0,2019-S19
DM,2019,20,0.0,2019-S20
DM,2019,21,0.0,2019-S21
DM,2019,22,2.0,2019-S22
DM,2019,23,0.0,2019-S23
DM,2019,24,0.0,2019-S24
DM,2019,25,0.0,2019-S25
DM,2019,26,1.0,2019-S26
DM,2019,27,0.0,2019-S27
DM,2019,28,0.0,2019-S28
DM,2019,29,0.0,2019-S29
DM,2019,30,0.0,2019-S30
DM,2019,31,0.0,2019-S31
DM,2019,32,0.0,2019-S32
DM,2019,33,0.0,2019-S33
DM,2019,34,0.0,2019-S34
DM,2019,35,0.0,2019-S35
DM,2019,36,0.0,2019-S36
DM,2019,37,0.0,2019-S37
DM,2019,38,0.0,2019-S38
DM,2019,39,0.0,2019-S39
DM,2019,40,0.0,2019-S40
DM,2019,41,0.0,2019-S41
DM,2019,42,0.0,2019-S42
DM,2019,43,0.0,2019-S43
DM,2019,44,0.0,2019-S44
DM,2019,45,0.0,2019-S45
DM,2019,46,0.0,2019-S46
DM,2019,47,0.0,2019-S47
DM,2019,48,0.0,2019-S48
DM,2019,49,0.0,2019-S49
DM,2019,50,1.0,2019-S50
DM,2019,51,0.0,2019-S51
DM,2019,52,0.0,2019-S52
DM,2020,1,0.0,2020-S01
DM,2020,2,0.0,2020-S02
DM,2020,3,0.0,2020-S03
DM,2020,4,0.0,2020-S04
DM,2020,5,0.0,2020-S05
DM,2020,6,0.0,2020-S06
DM,2020,7,0.0,2020-S07
DM,2020,8,0.0,2020-S08
DM,2020,9,0.0,2020-S09
DM,2020,10,0.0,2020-S10
DM,2020,11,0.0,2020-S11
DM,2020,12,0.0,2020-S12
DM,2020,13,0.0,2020-S13
DM,2020,14,0.0,2020-S14
DM,2020,15,0.0,2020-S15
DM,2020,16,0.0,2020-S16
DM,2020,17,1.0,2020-S17
DM,2020,18,0.0,2020-S18
DM,2020,19,0.0,2020-S19
DM,2020,20,1.0,2020-S20
DM,2020,21,0.0,2020-S21
DM,2020,22,0.0,2020-S22
DM,2020,23,0.0,2020-S23
DM,2020,24,0.0,2020-S24
DM,2020,25,0.0,2020-S25
DM,2020,26,0.0,2020-S26
DM,2020,27,0.0,2020-S27
DM,2020,28,0.0,2020-S28
DM,2020,29,1.0,2020-S29
DM,2020,30,0.0,2020-S30
DM,2020,31,0.0,2020-S31
DM,2020,32,0.0,2020-S32
DM,2020,33,0.0,2020-S33
DM,2020,34,0.0,2020-S34
DM,2020,35,0.0,2020-S35
DM,2020,36,0.0,2020-S36
DM,2020,37,0.0,2020-S37
DM,2020,38,0.0,2020-S38
DM,2020,39,0.0,2020-S39
DM,2020,40,0.0,2020-S40
DM,2020,41,0.0,2020-S41
DM,2020,42,0.0,2020-S42
DM,2020,43,0.0,2020-S43
DM,2020,44,0.0,2020-S44
DM,2020,45,0.0,2020-S45
DM,2020,46,0.0,2020-S46
DM,2020,47,0.0,2020-S47
DM,2020,48,0.0,2020-S48
DM,2020,49,0.0,2020-S49
DM,2020,50,0.0,2020-S50
DM,2020,51,0.0,2020-S51
DM,2020,52,0.0,2020-S52
DM,2021,1,0.0,2021-S01
DM,2021,2,0.0,2021-S02
DM,2021,3,0.0,2021-S03
DM,2021,4,0.0,2021-S04
DM,2021,5,0.0,2021-S05
DM,2021,6,0.0,2021-S06
DM,2021,7,0.0,2021-S07
DM,2021,8,0.0,2021-S08
DM,2021,9,0.0,2021-S09
DM,2021,10,0.0,2021-S10
DM,2021,11,0.0,2021-S11
DM,2021,12,0.0,2021-S12
DM,2021,13,1.0,2021-S13
DM,2021,14,0.0,2021-S14
DM,2021,15,0.0,2021-S15
DM,2021,16,0.0,2021-S16
DM,2021,17,0.0,2021-S17
DM,2021,18,0.0,2021-S18
DM,2021,19,0.0,2021-S19
DM,2021,20,0.0,2021-S20
DM,2021,21,0.0,2021-S21
DM,2021,22,0.0,2021-S22
DM,2021,23,0.0,2021-S23
DM,2021,24,0.0,2021-S24
DM,2021,25,0.0,2021-S25
DM,2021,26,0.0,2021-S26
DM,2021,27,0.0,2021-S27
DM,2021,28,0.0,2021-S28
DM,2021,29,0.0,2021-S29
DM,2021,30,0.0,2021-S30
DM,2021,31,1.0,2021-S31
DM,2021,32,0.0,2021-S32
DM,2021,33,0.0,2021-S33
DM,2021,34,0.0,2021-S34
DM,2021,35,0.0,2021-S35
DM,2021,36,0.0,2021-S36
DM,2021,37,0.0,2021-S37
DM,2021,38,0.0,2021-S38
DM,2021,39,0.0,2021-S39
DM,2021,40,0.0,2021-S40
DM,2021,41,1.0,2021-S41
DM,2021,42,0.0,2021-S42
DM,2021,43,0.0,2021-S43
DM,2021,44,0.0,2021-S44
DM,2021,45,0.0,2021-S45
DM,2021,46,0.0,2021-S46
DM,2021,47,0.0,2021-S47
DM,2021,48,0.0,2021-S48
DM,2021,49,0.0,2021-S49
DM,2021,50,0.0,2021-S50
DM,2021,51,0.0,2021-S51
DM,2021,52,1.0,2021-S52
DM,2022,1,0.0,2022-S01
DM,2022,2,0.0,2022-S02
DM,2022,3,0.0,2022-S03
DM,2022,4,0.0,2022-S04
DM,2022,5,0.0,2022-S05
DM,2022,6,0.0,2022-S06
DM,2022,7,0.0,2022-S07
DM,2022,8,0.0,2022-S08
DM,2022,9,0.0,2022-S09
DM,2022,10,0.0,2022-S10
DM,2022,11,1.0,2022-S11
DM,2022,12,0.0,2022-S12
DM,2022,13,0.0,2022-S13
DM,2022,14,0.0,2022-S14
DM,2022,15,0.0,2022-S15
DM,2022,16,0.0,2022-S16
DM,2022,17,0.0,2022-S17
DM,2022,18,0.0,2022-S18
DM,2022,19,0.0,2022-S19
DM,2022,20,0.0,2022-S20
DM,2022,21,0.0,2022-S21
DM,2022,22,0.0,2022-S22
DM,2022,23,0.0,2022-S23
DM,2022,24,0.0,2022-S24
DM,2022,25,0.0,2022-S25
DM,2022,26,0.0,2022-S26
DM,2022,27,0.0,2022-S27
DM,2022,28,0.0,2022-S28
DM,2022,29,0.0,2022-S29
DM,2022,30,0.0,2022-S30
DM,2022,31,0.0,2022-S31
DM,2022,32,0.0,2022-S32
DM,2022,33,0.0,2022-S33
DM,2022,34,0.0,2022-S34
DM,2022,35,0.0,2022-S35
DM,2022,36,1.0,2022-S36
DM,2022,37,0.0,2022-S37
DM,2022,38,0.0,2022-S38
DM,2022,39,0.0,2022-S39
DM,2022,40,0.0,2022-S40
DM,2022,41,1.0,2022-S41
DM,2022,42,0.0,2022-S42
DM,2022,43,0.0,2022-S43
DM,2022,44,0.0,2022-S44
DM,2022,45,1.0,2022-S45
DM,2022,46,0.0,2022-S46
DM,2022,47,0.0,2022-S47
DM,2022,48,0.0,2022-S48
DM,2022,49,0.0,2022-S49
DM,2022,50,0.0,2022-S50
DM,2022,51,0.0,2022-S51
DM,2022,52,0.0,2022-S52
DM,2023,1,0.0,2023-S01
DM,2023,2,0.0,2023-S02
DM,2023,3,0.0,2023-S03
DM,2023,4,0.0,2023-S04
DM,2023,5,0.0,2023-S05
DM,2023,6,1.0,2023-S06
DM,2023,7,0.0,2023-S07
DM,2023,8,2.0,2023-S08
DM,2023,9,0.0,2023-S09
DM,2023,10,0.0,2023-S10
DM,2023,11,0.0,2023-S11
DM,2023,12,0.0,2023-S12
DM,2023,13,0.0,2023-S13
DM,2023,14,0.0,2023-S14
DM,2023,15,0.0,2023-S15
DM,2023,16,0.0,2023-S16
DM,2023,17,0.0,2023-S17
DM,2023,18,0.0,2023-S18
DM,2023,19,0.0,2023-S19
DM,2023,20,0.0,2023-S20
DM,2023,21,0.0,2023-S21
DM,2023,22,0.0,2023-S22
DM,2023,23,0.0,2023-S23
DM,2023,24,1.0,2023-S24
DM,2023,25,0.0,2023-S25
DM,2023,26,0.0,2023-S26
DM,2023,27,1.0,2023-S27
DM,2023,28,0.0,2023-S28
DM,2023,29,1.0,2023-S29
DM,2023,30,0.0,2023-S30
DM,2023,31,0.0,2023-S31
DM,2023,32,0.0,2023-S32
DM,2023,33,0.0,2023-S33
DM,2023,34,0.0,2023-S34
DM,2023,35,0.0,2023-S35
DM,2023,36,1.0,2023-S36
DM,2023,37,0.0,2023-S37
DM,2023,38,0.0,2023-S38
DM,2023,39,0.0,2023-S39
DM,2023,40,0.0,2023-S40
DM,2023,41,0.0,2023-S41
DM,2023,42,0.0,2023-S42
DM,2023,43,0.0,2023-S43
DM,2023,44,0.0,2023-S44
DM,2023,45,0.0,2023-S45
DM,2023,46,0.0,2023-S46
DM,2023,47,0.0,2023-S47
DM,2023,48,0.0,2023-S48
DM,2023,49,0.0,2023-S49
DM,2023,50,0.0,2023-S50
DM,2023,51,0.0,2023-S51
DM,2023,52,0.0,2023-S52
DM,2024,1,0.0,2024-S01
DM,2024,2,0.0,2024-S02
DM,2024,3,1.0,2024-S03
DM,2024,4,0.0,2024-S04
DM,2024,5,0.0,2024-S05
DM,2024,6,0.0,2024-S06
DM,2024,7,0.0,2024-S07
DM,2024,8,0.0,2024-S08
DM,2024,9,0.0,2024-S09
DM,2024,10,0.0,2024-S10
DM,2024,11,0.0,2024-S11
DM,2024,12,0.0,2024-S12
DM,2024,13,0.0,2024-S13
DM,2024,14,0.0,2024-S14
DM,2024,15,0.0,2024-S15
DM,2024,16,0.0,2024-S16
DM,2024,17,0.0,2024-S17
DM,2024,18,0.0,2024-S18
DM,2024,19,0.0,2024-S19
DM,2024,20,0.0,2024-S20
DM,2024,21,0.0,2024-S21
DM,2024,22,0.0,2024-S22
DM,2024,23,1.0,2024-S23
DM,2024,24,0.0,2024-S24
DM,2024,25,0.0,2024-S25
DM,2024,26,0.0,2024-S26
DM,2024,27,0.0,2024-S27
DM,2024,28,0.0,2024-S28
DM,2024,29,0.0,2024-S29
DM,2024,30,0.0,2024-S30
DM,2024,31,0.0,2024-S31
DM,2024,32,0.0,2024-S32
DM,2024,33,0.0,2024-S33
DM,2024,34,0.0,2024-S34
DM,2024,35,0.0,2024-S35
DM,2024,36,0.0,2024-S36
DM,2024,37,0.0,2024-S37
DM,2024,38,0.0,2024-S38
DM,2024,39,0.0,2024-S39
DM,2024,40,0.0,2024-S40
DM,2024,41,0.0,2024-S41
DM,2024,42,0.0,2024-S42
DM,2024,43,0.0,2024-S43
DM,2024,44,0.0,2024-S44
DM,2024,45,0.0,2024-S45
DM,2024,46,0.0,2024-S46
DM,2024,47,0.0,2024-S47
DM,2024,48,0.0,2024-S48
DM,2024,49,0.0,2024-S49
DM,2024,50,0.0,2024-S50
DM,2024,51,0.0,2024-S51
DM,2024,52,0.0,2024-S52
DM,2025,1,0.0,2025-S01
DM,2025,2,0.0,2025-S02
DM,2025,3,0.0,2025-S03
DM,2025,4,0.0,2025-S04
DM,2025,5,0.0,2025-S05
DM,2025,6,1.0,2025-S06
DM,2025,7,0.0,2025-S07
DM,2025,8,0.0,2025-S08
DM,2025,9,0.0,2025-S09
DM,2025,10,0.0,2025-S10
DM,2025,11,0.0,2025-S11
DM,2025,12,0.0,2025-S12
DM,2025,13,0.0,2025-S13
DM,2025,14,0.0,2025-S14
DM,2025,15,0.0,2025-S15
DM,2025,16,0.0,2025-S16
DM,2025,17,0.0,2025-S17
DM,2025,18,0.0,2025-S18
DM,2025,19,0.0,2025-S19
DM,2025,20,0.0,2025-S20
DM,2025,21,0.0,2025-S21
DM,2025,22,0.0,2025-S22
DM,2025,23,0.0,2025-S23
DM,2025,24,0.0,2025-S24
DM,2025,25,0.0,2025-S25
DM,2025,26,1.0,2025-S26
DM,2025,27,0.0,2025-S27
DM,2025,28,0.0,2025-S28
DM,2025,29,0.0,2025-S29
DM,2025,30,0.0,2025-S30
DM,2025,31,0.0,2025-S31
DM,2025,32,0.0,2025-S32
DM,2025,33,0.0,2025-S33
DM,2025,34,1.0,2025-S34
DM,2025,35,1.0,2025-S35
DM,2025,36,0.0,2025-S36
DM,2025,37,0.0,2025-S37
DM,2025,38,0.0,2025-S38
DM,2025,39,0.0,2025-S39
DM,2025,40,0.0,2025-S40
DM,2025,41,0.0,2025-S41
DM,2025,42,0.0,2025-S42
DM,2025,43,0.0,2025-S43
DM,2025,44,0.0,2025-S44
DM,2025,45,1.0,2025-S45
DM,2025,46,0.0,2025-S46
DM,2025,47,0.0,2025-S47
DM,2025,48,0.0,2025-S48
DM,2025,49,0.0,2025-S49
DM,2025,50,1.0,2025-S50
DM,2025,51,0.0,2025-S51
DM,2025,52,0.0,2025-S52
DM,2026,1,0.0,2026-S01
DM,2026,2,0.0,2026-S02
DM,2026,3,0.0,2026-S03
DM,2026,4,0.0,2026-S04
DM,2026,5,0.0,2026-S05
DM,2026,6,0.0,2026-S06
DM,2026,7,0.0,2026-S07
DM,2026,8,0.0,2026-S08
DM,2026,9,0.0,2026-S09
DM,2026,10,0.0,2026-S10
DM,2026,11,0.0,2026-S11
DM,2026,12,0.0,2026-S12
DM,2026,13,0.0,2026-S13
DM,2026,14,0.0,2026-S14
DM,2026,15,0.0,2026-S15
DM,2026,16,2.0,2026-S16
DM,2026,17,0.0,2026-S17
DM,2026,18,0.0,2026-S18
DM,2026,19,0.0,2026-S19
DM,2026,20,1.0,2026-S20
DM,2026,21,0.0,2026-S21
DM,2026,22,0.0,2026-S22
DM,2026,23,0.0,2026-S23
DM,2026,24,0.0,2026-S24
DM,2026,25,0.0,2026-S25
DM,2026,26,0.0,2026-S26
DM,2026,27,0.0,2026-S27
DM,2026,28,0.0,2026-S28
DM,2026,29,0.0,2026-S29
DM,2026,30,0.0,2026-S30
DM,2026,31,0.0,2026-S31
REGIONAL::AGUA BOA,2007,12,1.0,2007-S12
REGIONAL::AGUA BOA,2007,13,0.0,2007-S13
REGIONAL::AGUA BOA,2007,14,0.0,2007-S14
REGIONAL::AGUA BOA,2007,15,0.0,2007-S15
REGIONAL::AGUA BOA,2007,16,0.0,2007-S16
REGIONAL::AGUA BOA,2007,17,0.0,2007-S17
REGIONAL::AGUA BOA,2007,18,0.0,2007-S18
REGIONAL::AGUA BOA,2007,19,0.0,2007-S19
REGIONAL::AGUA BOA,2007,20,0.0,2007-S20
REGIONAL::AGUA BOA,2007,21,0.0,2007-S21
REGIONAL::AGUA BOA,2007,22,0.0,2007-S22
REGIONAL::AGUA BOA,2007,23,0.0,2007-S23
REGIONAL::AGUA BOA,2007,24,0.0,2007-S24
REGIONAL::AGUA BOA,2007,25,0.0,2007-S25
REGIONAL::AGUA BOA,2007,26,1.0,2007-S26
REGIONAL::AGUA BOA,2007,27,0.0,2007-S27
REGIONAL::AGUA BOA,2007,28,0.0,2007-S28
REGIONAL::AGUA BOA,2007,29,0.0,2007-S29
REGIONAL::AGUA BOA,2007,30,0.0,2007-S30
REGIONAL::AGUA BOA,2007,31,0.0,2007-S31
REGIONAL::AGUA BOA,2007,32,0.0,2007-S32
REGIONAL::AGUA BOA,2007,33,0.0,2007-S33
REGIONAL::AGUA BOA,2007,34,0.0,2007-S34
REGIONAL::AGUA BOA,2007,35,0.0,2007-S35
REGIONAL::AGUA BOA,2007,36,0.0,2007-S36
REGIONAL::AGUA BOA,2007,37,0.0,2007-S37
REGIONAL::AGUA BOA,2007,38,0.0,2007-S38
REGIONAL::AGUA BOA,2007,39,0.0,2007-S39
REGIONAL::AGUA BOA,2007,40,0.0,2007-S40
REGIONAL::AGUA BOA,2007,41,0.0,2007-S41
REGIONAL::AGUA BOA,2007,42,0.0,2007-S42
REGIONAL::AGUA BOA,2007,43,0.0,2007-S43
REGIONAL::AGUA BOA,2007,44,0.0,2007-S44
REGIONAL::AGUA BOA,2007,45,0.0,2007-S45
REGIONAL::AGUA BOA,2007,46,1.0,2007-S46
REGIONAL::AGUA BOA,2007,47,0.0,2007-S47
REGIONAL::AGUA BOA,2007,48,0.0,2007-S48
REGIONAL::AGUA BOA,2007,49,0.0,2007-S49
REGIONAL::AGUA BOA,2007,50,0.0,2007-S50
REGIONAL::AGUA BOA,2007,51,0.0,2007-S51
REGIONAL::AGUA BOA,2007,52,0.0,2007-S52
REGIONAL::AGUA BOA,2008,1,0.0,2008-S01
REGIONAL::AGUA BOA,2008,2,0.0,2008-S02
REGIONAL::AGUA BOA,2008,3,0.0,2008-S03
REGIONAL::AGUA BOA,2008,4,0.0,2008-S04
REGIONAL::AGUA BOA,2008,5,1.0,2008-S05
REGIONAL::AGUA BOA,2008,6,0.0,2008-S06
REGIONAL::AGUA BOA,2008,7,0.0,2008-S07
REGIONAL::AGUA BOA,2008,8,0.0,2008-S08
REGIONAL::AGUA BOA,2008,9,0.0,2008-S09
REGIONAL::AGUA BOA,2008,10,0.0,2008-S10
REGIONAL::AGUA BOA,2008,11,0.0,2008-S11
REGIONAL::AGUA BOA,2008,12,1.0,2008-S12
REGIONAL::AGUA BOA,2008,13,0.0,2008-S13
REGIONAL::AGUA BOA,2008,14,2.0,2008-S14
REGIONAL::AGUA BOA,2008,15,1.0,2008-S15
REGIONAL::AGUA BOA,2008,16,0.0,2008-S16
REGIONAL::AGUA BOA,2008,17,0.0,2008-S17
REGIONAL::AGUA BOA,2008,18,0.0,2008-S18
REGIONAL::AGUA BOA,2008,19,1.0,2008-S19
REGIONAL::AGUA BOA,2008,20,1.0,2008-S20
REGIONAL::AGUA BOA,2008,21,0.0,2008-S21
REGIONAL::AGUA BOA,2008,22,0.0,2008-S22
REGIONAL::AGUA BOA,2008,23,0.0,2008-S23
REGIONAL::AGUA BOA,2008,24,0.0,2008-S24
REGIONAL::AGUA BOA,2008,25,0.0,2008-S25
REGIONAL::AGUA BOA,2008,26,0.0,2008-S26
REGIONAL::AGUA BOA,2008,27,0.0,2008-S27
REGIONAL::AGUA BOA,2008,28,0.0,2008-S28
REGIONAL::AGUA BOA,2008,29,0.0,2008-S29
REGIONAL::AGUA BOA,2008,30,0.0,2008-S30
REGIONAL::AGUA BOA,2008,31,0.0,2008-S31
REGIONAL::AGUA BOA,2008,32,0.0,2008-S32
REGIONAL::AGUA BOA,2008,33,0.0,2008-S33
REGIONAL::AGUA BOA,2008,34,1.0,2008-S34
REGIONAL::AGUA BOA,2008,35,0.0,2008-S35
REGIONAL::AGUA BOA,2008,36,0.0,2008-S36
REGIONAL::AGUA BOA,2008,37,0.0,2008-S37
REGIONAL::AGUA BOA,2008,38,0.0,2008-S38
REGIONAL::AGUA BOA,2008,39,0.0,2008-S39
REGIONAL::AGUA BOA,2008,40,0.0,2008-S40
REGIONAL::AGUA BOA,2008,41,0.0,2008-S41
REGIONAL::AGUA BOA,2008,42,0.0,2008-S42
REGIONAL::AGUA BOA,2008,43,0.0,2008-S43
REGIONAL::AGUA BOA,2008,44,0.0,2008-S44
REGIONAL::AGUA BOA,2008,45,0.0,2008-S45
REGIONAL::AGUA BOA,2008,46,0.0,2008-S46
REGIONAL::AGUA BOA,2008,47,0.0,2008-S47
REGIONAL::AGUA BOA,2008,48,0.0,2008-S48
REGIONAL::AGUA BOA,2008,49,0.0,2008-S49
REGIONAL::AGUA BOA,2008,50,0.0,2008-S50
REGIONAL::AGUA BOA,2008,51,0.0,2008-S51
REGIONAL::AGUA BOA,2008,52,0.0,2008-S52
REGIONAL::AGUA BOA,2009,1,0.0,2009-S01
REGIONAL::AGUA BOA,2009,2,0.0,2009-S02
REGIONAL::AGUA BOA,2009,3,0.0,2009-S03
REGIONAL::AGUA BOA,2009,4,0.0,2009-S04
REGIONAL::AGUA BOA,2009,5,0.0,2009-S05
REGIONAL::AGUA BOA,2009,6,0.0,2009-S06
REGIONAL::AGUA BOA,2009,7,0.0,2009-S07
REGIONAL::AGUA BOA,2009,8,0.0,2009-S08
REGIONAL::AGUA BOA,2009,9,0.0,2009-S09
REGIONAL::AGUA BOA,2009,10,0.0,2009-S10
REGIONAL::AGUA BOA,2009,11,1.0,2009-S11
REGIONAL::AGUA BOA,2009,12,0.0,2009-S12
REGIONAL::AGUA BOA,2009,13,1.0,2009-S13
REGIONAL::AGUA BOA,2009,14,0.0,2009-S14
REGIONAL::AGUA BOA,2009,15,0.0,2009-S15
REGIONAL::AGUA BOA,2009,16,0.0,2009-S16
REGIONAL::AGUA BOA,2009,17,0.0,2009-S17
REGIONAL::AGUA BOA,2009,18,0.0,2009-S18
REGIONAL::AGUA BOA,2009,19,0.0,2009-S19
REGIONAL::AGUA BOA,2009,20,0.0,2009-S20
REGIONAL::AGUA BOA,2009,21,3.0,2009-S21
REGIONAL::AGUA BOA,2009,22,0.0,2009-S22
REGIONAL::AGUA BOA,2009,23,0.0,2009-S23
REGIONAL::AGUA BOA,2009,24,0.0,2009-S24
REGIONAL::AGUA BOA,2009,25,0.0,2009-S25
REGIONAL::AGUA BOA,2009,26,0.0,2009-S26
REGIONAL::AGUA BOA,2009,27,0.0,2009-S27
REGIONAL::AGUA BOA,2009,28,0.0,2009-S28
REGIONAL::AGUA BOA,2009,29,0.0,2009-S29
REGIONAL::AGUA BOA,2009,30,0.0,2009-S30
REGIONAL::AGUA BOA,2009,31,0.0,2009-S31
REGIONAL::AGUA BOA,2009,32,0.0,2009-S32
REGIONAL::AGUA BOA,2009,33,0.0,2009-S33
REGIONAL::AGUA BOA,2009,34,0.0,2009-S34
REGIONAL::AGUA BOA,2009,35,0.0,2009-S35
REGIONAL::AGUA BOA,2009,36,0.0,2009-S36
REGIONAL::AGUA BOA,2009,37,0.0,2009-S37
REGIONAL::AGUA BOA,2009,38,0.0,2009-S38
REGIONAL::AGUA BOA,2009,39,0.0,2009-S39
REGIONAL::AGUA BOA,2009,40,0.0,2009-S40
REGIONAL::AGUA BOA,2009,41,0.0,2009-S41
REGIONAL::AGUA BOA,2009,42,0.0,2009-S42
REGIONAL::AGUA BOA,2009,43,0.0,2009-S43
REGIONAL::AGUA BOA,2009,44,0.0,2009-S44
REGIONAL::AGUA BOA,2009,45,0.0,2009-S45
REGIONAL::AGUA BOA,2009,46,0.0,2009-S46
REGIONAL::AGUA BOA,2009,47,0.0,2009-S47
REGIONAL::AGUA BOA,2009,48,0.0,2009-S48
REGIONAL::AGUA BOA,2009,49,0.0,2009-S49
REGIONAL::AGUA BOA,2009,50,1.0,2009-S50
REGIONAL::AGUA BOA,2009,51,0.0,2009-S51
REGIONAL::AGUA BOA,2009,52,0.0,2009-S52
REGIONAL::AGUA BOA,2010,1,0.0,2010-S01
REGIONAL::AGUA BOA,2010,2,0.0,2010-S02
REGIONAL::AGUA BOA,2010,3,0.0,2010-S03
REGIONAL::AGUA BOA,2010,4,0.0,2010-S04
REGIONAL::AGUA BOA,2010,5,0.0,2010-S05
REGIONAL::AGUA BOA,2010,6,0.0,2010-S06
REGIONAL::AGUA BOA,2010,7,0.0,2010-S07
REGIONAL::AGUA BOA,2010,8,0.0,2010-S08
REGIONAL::AGUA BOA,2010,9,0.0,2010-S09
REGIONAL::AGUA BOA,2010,10,0.0,2010-S10
REGIONAL::AGUA BOA,2010,11,1.0,2010-S11
REGIONAL::AGUA BOA,2010,12,0.0,2010-S12
REGIONAL::AGUA BOA,2010,13,0.0,2010-S13
REGIONAL::AGUA BOA,2010,14,0.0,2010-S14
REGIONAL::AGUA BOA,2010,15,0.0,2010-S15
REGIONAL::AGUA BOA,2010,16,0.0,2010-S16
REGIONAL::AGUA BOA,2010,17,0.0,2010-S17
REGIONAL::AGUA BOA,2010,18,0.0,2010-S18
REGIONAL::AGUA BOA,2010,19,0.0,2010-S19
REGIONAL::AGUA BOA,2010,20,0.0,2010-S20
REGIONAL::AGUA BOA,2010,21,0.0,2010-S21
REGIONAL::AGUA BOA,2010,22,0.0,2010-S22
REGIONAL::AGUA BOA,2010,23,0.0,2010-S23
REGIONAL::AGUA BOA,2010,24,0.0,2010-S24
REGIONAL::AGUA BOA,2010,25,0.0,2010-S25
REGIONAL::AGUA BOA,2010,26,0.0,2010-S26
REGIONAL::AGUA BOA,2010,27,0.0,2010-S27
REGIONAL::AGUA BOA,2010,28,0.0,2010-S28
REGIONAL::AGUA BOA,2010,29,0.0,2010-S29
REGIONAL::AGUA BOA,2010,30,0.0,2010-S30
REGIONAL::AGUA BOA,2010,31,0.0,2010-S31
REGIONAL::AGUA BOA,2010,32,0.0,2010-S32
REGIONAL::AGUA BOA,2010,33,0.0,2010-S33
REGIONAL::AGUA BOA,2010,34,0.0,2010-S34
REGIONAL::AGUA BOA,2010,35,0.0,2010-S35
REGIONAL::AGUA BOA,2010,36,0.0,2010-S36
REGIONAL::AGUA BOA,2010,37,0.0,2010-S37
REGIONAL::AGUA BOA,2010,38,0.0,2010-S38
REGIONAL::AGUA BOA,2010,39,0.0,2010-S39
REGIONAL::AGUA BOA,2010,40,1.0,2010-S40
REGIONAL::AGUA BOA,2010,41,0.0,2010-S41
REGIONAL::AGUA BOA,2010,42,1.0,2010-S42
REGIONAL::AGUA BOA,2010,43,1.0,2010-S43
REGIONAL::AGUA BOA,2010,44,0.0,2010-S44
REGIONAL::AGUA BOA,2010,45,0.0,2010-S45
REGIONAL::AGUA BOA,2010,46,0.0,2010-S46
REGIONAL::AGUA BOA,2010,47,1.0,2010-S47
REGIONAL::AGUA BOA,2010,48,0.0,2010-S48
REGIONAL::AGUA BOA,2010,49,0.0,2010-S49
REGIONAL::AGUA BOA,2010,50,1.0,2010-S50
REGIONAL::AGUA BOA,2010,51,0.0,2010-S51
REGIONAL::AGUA BOA,2010,52,1.0,2010-S52
REGIONAL::AGUA BOA,2011,1,1.0,2011-S01
REGIONAL::AGUA BOA,2011,2,0.0,2011-S02
REGIONAL::AGUA BOA,2011,3,1.0,2011-S03
REGIONAL::AGUA BOA,2011,4,0.0,2011-S04
REGIONAL::AGUA BOA,2011,5,0.0,2011-S05
REGIONAL::AGUA BOA,2011,6,0.0,2011-S06
REGIONAL::AGUA BOA,2011,7,0.0,2011-S07
REGIONAL::AGUA BOA,2011,8,0.0,2011-S08
REGIONAL::AGUA BOA,2011,9,0.0,2011-S09
REGIONAL::AGUA BOA,2011,10,0.0,2011-S10
REGIONAL::AGUA BOA,2011,11,0.0,2011-S11
REGIONAL::AGUA BOA,2011,12,0.0,2011-S12
REGIONAL::AGUA BOA,2011,13,0.0,2011-S13
REGIONAL::AGUA BOA,2011,14,0.0,2011-S14
REGIONAL::AGUA BOA,2011,15,0.0,2011-S15
REGIONAL::AGUA BOA,2011,16,0.0,2011-S16
REGIONAL::AGUA BOA,2011,17,0.0,2011-S17
REGIONAL::AGUA BOA,2011,18,0.0,2011-S18
REGIONAL::AGUA BOA,2011,19,0.0,2011-S19
REGIONAL::AGUA BOA,2011,20,0.0,2011-S20
REGIONAL::AGUA BOA,2011,21,0.0,2011-S21
REGIONAL::AGUA BOA,2011,22,0.0,2011-S22
REGIONAL::AGUA BOA,2011,23,0.0,2011-S23
REGIONAL::AGUA BOA,2011,24,0.0,2011-S24
REGIONAL::AGUA BOA,2011,25,0.0,2011-S25
REGIONAL::AGUA BOA,2011,26,0.0,2011-S26
REGIONAL::AGUA BOA,2011,27,0.0,2011-S27
REGIONAL::AGUA BOA,2011,28,0.0,2011-S28
REGIONAL::AGUA BOA,2011,29,0.0,2011-S29
REGIONAL::AGUA BOA,2011,30,0.0,2011-S30
REGIONAL::AGUA BOA,2011,31,0.0,2011-S31
REGIONAL::AGUA BOA,2011,32,0.0,2011-S32
REGIONAL::AGUA BOA,2011,33,1.0,2011-S33
REGIONAL::AGUA BOA,2011,34,0.0,2011-S34
REGIONAL::AGUA BOA,2011,35,0.0,2011-S35
REGIONAL::AGUA BOA,2011,36,0.0,2011-S36
REGIONAL::AGUA BOA,2011,37,0.0,2011-S37
REGIONAL::AGUA BOA,2011,38,0.0,2011-S38
REGIONAL::AGUA BOA,2011,39,0.0,2011-S39
REGIONAL::AGUA BOA,2011,40,0.0,2011-S40
REGIONAL::AGUA BOA,2011,41,0.0,2011-S41
REGIONAL::AGUA BOA,2011,42,0.0,2011-S42
REGIONAL::AGUA BOA,2011,43,1.0,2011-S43
REGIONAL::AGUA BOA,2011,44,0.0,2011-S44
REGIONAL::AGUA BOA,2011,45,0.0,2011-S45
REGIONAL::AGUA BOA,2011,46,0.0,2011-S46
REGIONAL::AGUA BOA,2011,47,0.0,2011-S47
REGIONAL::AGUA BOA,2011,48,0.0,2011-S48
REGIONAL::AGUA BOA,2011,49,0.0,2011-S49
REGIONAL::AGUA BOA,2011,50,2.0,2011-S50
REGIONAL::AGUA BOA,2011,51,0.0,2011-S51
REGIONAL::AGUA BOA,2011,52,0.0,2011-S52
REGIONAL::AGUA BOA,2012,1,1.0,2012-S01
REGIONAL::AGUA BOA,2012,2,0.0,2012-S02
REGIONAL::AGUA BOA,2012,3,0.0,2012-S03
REGIONAL::AGUA BOA,2012,4,0.0,2012-S04
REGIONAL::AGUA BOA,2012,5,0.0,2012-S05
REGIONAL::AGUA BOA,2012,6,0.0,2012-S06
REGIONAL::AGUA BOA,2012,7,1.0,2012-S07
REGIONAL::AGUA BOA,2012,8,0.0,2012-S08
REGIONAL::AGUA BOA,2012,9,0.0,2012-S09
REGIONAL::AGUA BOA,2012,10,0.0,2012-S10
REGIONAL::AGUA BOA,2012,11,0.0,2012-S11
REGIONAL::AGUA BOA,2012,12,0.0,2012-S12
REGIONAL::AGUA BOA,2012,13,1.0,2012-S13
REGIONAL::AGUA BOA,2012,14,0.0,2012-S14
REGIONAL::AGUA BOA,2012,15,0.0,2012-S15
REGIONAL::AGUA BOA,2012,16,0.0,2012-S16
REGIONAL::AGUA BOA,2012,17,0.0,2012-S17
REGIONAL::AGUA BOA,2012,18,0.0,2012-S18
REGIONAL::AGUA BOA,2012,19,0.0,2012-S19
REGIONAL::AGUA BOA,2012,20,0.0,2012-S20
REGIONAL::AGUA BOA,2012,21,0.0,2012-S21
REGIONAL::AGUA BOA,2012,22,0.0,2012-S22
REGIONAL::AGUA BOA,2012,23,0.0,2012-S23
REGIONAL::AGUA BOA,2012,24,0.0,2012-S24
REGIONAL::AGUA BOA,2012,25,0.0,2012-S25
REGIONAL::AGUA BOA,2012,26,0.0,2012-S26
REGIONAL::AGUA BOA,2012,27,0.0,2012-S27
REGIONAL::AGUA BOA,2012,28,0.0,2012-S28
REGIONAL::AGUA BOA,2012,29,0.0,2012-S29
REGIONAL::AGUA BOA,2012,30,0.0,2012-S30
REGIONAL::AGUA BOA,2012,31,0.0,2012-S31
REGIONAL::AGUA BOA,2012,32,0.0,2012-S32
REGIONAL::AGUA BOA,2012,33,0.0,2012-S33
REGIONAL::AGUA BOA,2012,34,0.0,2012-S34
REGIONAL::AGUA BOA,2012,35,1.0,2012-S35
REGIONAL::AGUA BOA,2012,36,0.0,2012-S36
REGIONAL::AGUA BOA,2012,37,0.0,2012-S37
REGIONAL::AGUA BOA,2012,38,0.0,2012-S38
REGIONAL::AGUA BOA,2012,39,0.0,2012-S39
REGIONAL::AGUA BOA,2012,40,0.0,2012-S40
REGIONAL::AGUA BOA,2012,41,0.0,2012-S41
REGIONAL::AGUA BOA,2012,42,0.0,2012-S42
REGIONAL::AGUA BOA,2012,43,0.0,2012-S43
REGIONAL::AGUA BOA,2012,44,0.0,2012-S44
REGIONAL::AGUA BOA,2012,45,0.0,2012-S45
REGIONAL::AGUA BOA,2012,46,0.0,2012-S46
REGIONAL::AGUA BOA,2012,47,0.0,2012-S47
REGIONAL::AGUA BOA,2012,48,0.0,2012-S48
REGIONAL::AGUA BOA,2012,49,0.0,2012-S49
REGIONAL::AGUA BOA,2012,50,0.0,2012-S50
REGIONAL::AGUA BOA,2012,51,0.0,2012-S51
REGIONAL::AGUA BOA,2012,52,0.0,2012-S52
REGIONAL::AGUA BOA,2013,1,1.0,2013-S01
REGIONAL::AGUA BOA,2013,2,0.0,2013-S02
REGIONAL::AGUA BOA,2013,3,0.0,2013-S03
REGIONAL::AGUA BOA,2013,4,0.0,2013-S04
REGIONAL::AGUA BOA,2013,5,0.0,2013-S05
REGIONAL::AGUA BOA,2013,6,0.0,2013-S06
REGIONAL::AGUA BOA,2013,7,0.0,2013-S07
REGIONAL::AGUA BOA,2013,8,0.0,2013-S08
REGIONAL::AGUA BOA,2013,9,0.0,2013-S09
REGIONAL::AGUA BOA,2013,10,1.0,2013-S10
REGIONAL::AGUA BOA,2013,11,0.0,2013-S11
REGIONAL::AGUA BOA,2013,12,0.0,2013-S12
REGIONAL::AGUA BOA,2013,13,0.0,2013-S13
REGIONAL::AGUA BOA,2013,14,0.0,2013-S14
REGIONAL::AGUA BOA,2013,15,0.0,2013-S15
REGIONAL::AGUA BOA,2013,16,0.0,2013-S16
REGIONAL::AGUA BOA,2013,17,0.0,2013-S17
REGIONAL::AGUA BOA,2013,18,0.0,2013-S18
REGIONAL::AGUA BOA,2013,19,0.0,2013-S19
REGIONAL::AGUA BOA,2013,20,0.0,2013-S20
REGIONAL::AGUA BOA,2013,21,0.0,2013-S21
REGIONAL::AGUA BOA,2013,22,0.0,2013-S22
REGIONAL::AGUA BOA,2013,23,0.0,2013-S23
REGIONAL::AGUA BOA,2013,24,2.0,2013-S24
REGIONAL::AGUA BOA,2013,25,0.0,2013-S25
REGIONAL::AGUA BOA,2013,26,0.0,2013-S26
REGIONAL::AGUA BOA,2013,27,1.0,2013-S27
REGIONAL::AGUA BOA,2013,28,0.0,2013-S28
REGIONAL::AGUA BOA,2013,29,0.0,2013-S29
REGIONAL::AGUA BOA,2013,30,0.0,2013-S30
REGIONAL::AGUA BOA,2013,31,0.0,2013-S31
REGIONAL::AGUA BOA,2013,32,0.0,2013-S32
REGIONAL::AGUA BOA,2013,33,0.0,2013-S33
REGIONAL::AGUA BOA,2013,34,0.0,2013-S34
REGIONAL::AGUA BOA,2013,35,0.0,2013-S35
REGIONAL::AGUA BOA,2013,36,0.0,2013-S36
REGIONAL::AGUA BOA,2013,37,0.0,2013-S37
REGIONAL::AGUA BOA,2013,38,0.0,2013-S38
REGIONAL::AGUA BOA,2013,39,0.0,2013-S39
REGIONAL::AGUA BOA,2013,40,1.0,2013-S40
REGIONAL::AGUA BOA,2013,41,0.0,2013-S41
REGIONAL::AGUA BOA,2013,42,0.0,2013-S42
REGIONAL::AGUA BOA,2013,43,0.0,2013-S43
REGIONAL::AGUA BOA,2013,44,0.0,2013-S44
REGIONAL::AGUA BOA,2013,45,0.0,2013-S45
REGIONAL::AGUA BOA,2013,46,0.0,2013-S46
REGIONAL::AGUA BOA,2013,47,0.0,2013-S47
REGIONAL::AGUA BOA,2013,48,0.0,2013-S48
REGIONAL::AGUA BOA,2013,49,0.0,2013-S49
REGIONAL::AGUA BOA,2013,50,0.0,2013-S50
REGIONAL::AGUA BOA,2013,51,1.0,2013-S51
REGIONAL::AGUA BOA,2013,52,1.0,2013-S52
REGIONAL::AGUA BOA,2014,1,0.0,2014-S01
REGIONAL::AGUA BOA,2014,2,0.0,2014-S02
REGIONAL::AGUA BOA,2014,3,0.0,2014-S03
REGIONAL::AGUA BOA,2014,4,0.0,2014-S04
REGIONAL::AGUA BOA,2014,5,0.0,2014-S05
REGIONAL::AGUA BOA,2014,6,0.0,2014-S06
REGIONAL::AGUA BOA,2014,7,1.0,2014-S07
REGIONAL::AGUA BOA,2014,8,0.0,2014-S08
REGIONAL::AGUA BOA,2014,9,0.0,2014-S09
REGIONAL::AGUA BOA,2014,10,0.0,2014-S10
REGIONAL::AGUA BOA,2014,11,0.0,2014-S11
REGIONAL::AGUA BOA,2014,12,0.0,2014-S12
REGIONAL::AGUA BOA,2014,13,0.0,2014-S13
REGIONAL::AGUA BOA,2014,14,0.0,2014-S14
REGIONAL::AGUA BOA,2014,15,0.0,2014-S15
REGIONAL::AGUA BOA,2014,16,0.0,2014-S16
REGIONAL::AGUA BOA,2014,17,0.0,2014-S17
REGIONAL::AGUA BOA,2014,18,0.0,2014-S18
REGIONAL::AGUA BOA,2014,19,0.0,2014-S19
REGIONAL::AGUA BOA,2014,20,0.0,2014-S20
REGIONAL::AGUA BOA,2014,21,0.0,2014-S21
REGIONAL::AGUA BOA,2014,22,0.0,2014-S22
REGIONAL::AGUA BOA,2014,23,0.0,2014-S23
REGIONAL::AGUA BOA,2014,24,0.0,2014-S24
REGIONAL::AGUA BOA,2014,25,0.0,2014-S25
REGIONAL::AGUA BOA,2014,26,0.0,2014-S26
REGIONAL::AGUA BOA,2014,27,0.0,2014-S27
REGIONAL::AGUA BOA,2014,28,0.0,2014-S28
REGIONAL::AGUA BOA,2014,29,0.0,2014-S29
REGIONAL::AGUA BOA,2014,30,0.0,2014-S30
REGIONAL::AGUA BOA,2014,31,0.0,2014-S31
REGIONAL::AGUA BOA,2014,32,0.0,2014-S32
REGIONAL::AGUA BOA,2014,33,0.0,2014-S33
REGIONAL::AGUA BOA,2014,34,0.0,2014-S34
REGIONAL::AGUA BOA,2014,35,0.0,2014-S35
REGIONAL::AGUA BOA,2014,36,0.0,2014-S36
REGIONAL::AGUA BOA,2014,37,0.0,2014-S37
REGIONAL::AGUA BOA,2014,38,0.0,2014-S38
REGIONAL::AGUA BOA,2014,39,0.0,2014-S39
REGIONAL::AGUA BOA,2014,40,0.0,2014-S40
REGIONAL::AGUA BOA,2014,41,0.0,2014-S41
REGIONAL::AGUA BOA,2014,42,0.0,2014-S42
REGIONAL::AGUA BOA,2014,43,0.0,2014-S43
REGIONAL::AGUA BOA,2014,44,0.0,2014-S44
REGIONAL::AGUA BOA,2014,45,0.0,2014-S45
REGIONAL::AGUA BOA,2014,46,0.0,2014-S46
REGIONAL::AGUA BOA,2014,47,0.0,2014-S47
REGIONAL::AGUA BOA,2014,48,0.0,2014-S48
REGIONAL::AGUA BOA,2014,49,0.0,2014-S49
REGIONAL::AGUA BOA,2014,50,0.0,2014-S50
REGIONAL::AGUA BOA,2014,51,0.0,2014-S51
REGIONAL::AGUA BOA,2014,52,0.0,2014-S52
REGIONAL::AGUA BOA,2015,1,0.0,2015-S01
REGIONAL::AGUA BOA,2015,2,0.0,2015-S02
REGIONAL::AGUA BOA,2015,3,0.0,2015-S03
REGIONAL::AGUA BOA,2015,4,0.0,2015-S04
REGIONAL::AGUA BOA,2015,5,1.0,2015-S05
REGIONAL::AGUA BOA,2015,6,0.0,2015-S06
REGIONAL::AGUA BOA,2015,7,0.0,2015-S07
REGIONAL::AGUA BOA,2015,8,0.0,2015-S08
REGIONAL::AGUA BOA,2015,9,0.0,2015-S09
REGIONAL::AGUA BOA,2015,10,0.0,2015-S10
REGIONAL::AGUA BOA,2015,11,0.0,2015-S11
REGIONAL::AGUA BOA,2015,12,0.0,2015-S12
REGIONAL::AGUA BOA,2015,13,0.0,2015-S13
REGIONAL::AGUA BOA,2015,14,0.0,2015-S14
REGIONAL::AGUA BOA,2015,15,0.0,2015-S15
REGIONAL::AGUA BOA,2015,16,1.0,2015-S16
REGIONAL::AGUA BOA,2015,17,0.0,2015-S17
REGIONAL::AGUA BOA,2015,18,0.0,2015-S18
REGIONAL::AGUA BOA,2015,19,0.0,2015-S19
REGIONAL::AGUA BOA,2015,20,0.0,2015-S20
REGIONAL::AGUA BOA,2015,21,0.0,2015-S21
REGIONAL::AGUA BOA,2015,22,0.0,2015-S22
REGIONAL::AGUA BOA,2015,23,0.0,2015-S23
REGIONAL::AGUA BOA,2015,24,0.0,2015-S24
REGIONAL::AGUA BOA,2015,25,0.0,2015-S25
REGIONAL::AGUA BOA,2015,26,0.0,2015-S26
REGIONAL::AGUA BOA,2015,27,0.0,2015-S27
REGIONAL::AGUA BOA,2015,28,1.0,2015-S28
REGIONAL::AGUA BOA,2015,29,0.0,2015-S29
REGIONAL::AGUA BOA,2015,30,0.0,2015-S30
REGIONAL::AGUA BOA,2015,31,0.0,2015-S31
REGIONAL::AGUA BOA,2015,32,0.0,2015-S32
REGIONAL::AGUA BOA,2015,33,0.0,2015-S33
REGIONAL::AGUA BOA,2015,34,0.0,2015-S34
REGIONAL::AGUA BOA,2015,35,1.0,2015-S35
REGIONAL::AGUA BOA,2015,36,0.0,2015-S36
REGIONAL::AGUA BOA,2015,37,0.0,2015-S37
REGIONAL::AGUA BOA,2015,38,0.0,2015-S38
REGIONAL::AGUA BOA,2015,39,1.0,2015-S39
REGIONAL::AGUA BOA,2015,40,1.0,2015-S40
REGIONAL::AGUA BOA,2015,41,0.0,2015-S41
REGIONAL::AGUA BOA,2015,42,0.0,2015-S42
REGIONAL::AGUA BOA,2015,43,0.0,2015-S43
REGIONAL::AGUA BOA,2015,44,0.0,2015-S44
REGIONAL::AGUA BOA,2015,45,0.0,2015-S45
REGIONAL::AGUA BOA,2015,46,0.0,2015-S46
REGIONAL::AGUA BOA,2015,47,0.0,2015-S47
REGIONAL::AGUA BOA,2015,48,0.0,2015-S48
REGIONAL::AGUA BOA,2015,49,0.0,2015-S49
REGIONAL::AGUA BOA,2015,50,0.0,2015-S50
REGIONAL::AGUA BOA,2015,51,0.0,2015-S51
REGIONAL::AGUA BOA,2015,52,0.0,2015-S52
REGIONAL::AGUA BOA,2016,1,0.0,2016-S01
REGIONAL::AGUA BOA,2016,2,0.0,2016-S02
REGIONAL::AGUA BOA,2016,3,0.0,2016-S03
REGIONAL::AGUA BOA,2016,4,1.0,2016-S04
REGIONAL::AGUA BOA,2016,5,0.0,2016-S05
REGIONAL::AGUA BOA,2016,6,0.0,2016-S06
REGIONAL::AGUA BOA,2016,7,0.0,2016-S07
REGIONAL::AGUA BOA,2016,8,0.0,2016-S08
REGIONAL::AGUA BOA,2016,9,0.0,2016-S09
REGIONAL::AGUA BOA,2016,10,0.0,2016-S10
REGIONAL::AGUA BOA,2016,11,0.0,2016-S11
REGIONAL::AGUA BOA,2016,12,0.0,2016-S12
REGIONAL::AGUA BOA,2016,13,0.0,2016-S13
REGIONAL::AGUA BOA,2016,14,0.0,2016-S14
REGIONAL::AGUA BOA,2016,15,0.0,2016-S15
REGIONAL::AGUA BOA,2016,16,0.0,2016-S16
REGIONAL::AGUA BOA,2016,17,0.0,2016-S17
REGIONAL::AGUA BOA,2016,18,0.0,2016-S18
REGIONAL::AGUA BOA,2016,19,0.0,2016-S19
REGIONAL::AGUA BOA,2016,20,0.0,2016-S20
REGIONAL::AGUA BOA,2016,21,0.0,2016-S21
REGIONAL::AGUA BOA,2016,22,0.0,2016-S22
REGIONAL::AGUA BOA,2016,23,0.0,2016-S23
REGIONAL::AGUA BOA,2016,24,0.0,2016-S24
REGIONAL::AGUA BOA,2016,25,0.0,2016-S25
REGIONAL::AGUA BOA,2016,26,0.0,2016-S26
REGIONAL::AGUA BOA,2016,27,0.0,2016-S27
REGIONAL::AGUA BOA,2016,28,1.0,2016-S28
REGIONAL::AGUA BOA,2016,29,0.0,2016-S29
REGIONAL::AGUA BOA,2016,30,1.0,2016-S30
REGIONAL::AGUA BOA,2016,31,0.0,2016-S31
REGIONAL::AGUA BOA,2016,32,0.0,2016-S32
REGIONAL::AGUA BOA,2016,33,0.0,2016-S33
REGIONAL::AGUA BOA,2016,34,0.0,2016-S34
REGIONAL::AGUA BOA,2016,35,0.0,2016-S35
REGIONAL::AGUA BOA,2016,36,0.0,2016-S36
REGIONAL::AGUA BOA,2016,37,0.0,2016-S37
REGIONAL::AGUA BOA,2016,38,0.0,2016-S38
REGIONAL::AGUA BOA,2016,39,0.0,2016-S39
REGIONAL::AGUA BOA,2016,40,0.0,2016-S40
REGIONAL::AGUA BOA,2016,41,0.0,2016-S41
REGIONAL::AGUA BOA,2016,42,0.0,2016-S42
REGIONAL::AGUA BOA,2016,43,0.0,2016-S43
REGIONAL::AGUA BOA,2016,44,1.0,2016-S44
REGIONAL::AGUA BOA,2016,45,0.0,2016-S45
REGIONAL::AGUA BOA,2016,46,0.0,2016-S46
REGIONAL::AGUA BOA,2016,47,0.0,2016-S47
REGIONAL::AGUA BOA,2016,48,0.0,2016-S48
REGIONAL::AGUA BOA,2016,49,0.0,2016-S49
REGIONAL::AGUA BOA,2016,50,0.0,2016-S50
REGIONAL::AGUA BOA,2016,51,0.0,2016-S51
REGIONAL::AGUA BOA,2016,52,0.0,2016-S52
REGIONAL::AGUA BOA,2017,1,0.0,2017-S01
REGIONAL::AGUA BOA,2017,2,0.0,2017-S02
REGIONAL::AGUA BOA,2017,3,0.0,2017-S03
REGIONAL::AGUA BOA,2017,4,0.0,2017-S04
REGIONAL::AGUA BOA,2017,5,0.0,2017-S05
REGIONAL::AGUA BOA,2017,6,0.0,2017-S06
REGIONAL::AGUA BOA,2017,7,0.0,2017-S07
REGIONAL::AGUA BOA,2017,8,0.0,2017-S08
REGIONAL::AGUA BOA,2017,9,0.0,2017-S09
REGIONAL::AGUA BOA,2017,10,1.0,2017-S10
REGIONAL::AGUA BOA,2017,11,0.0,2017-S11
REGIONAL::AGUA BOA,2017,12,0.0,2017-S12
REGIONAL::AGUA BOA,2017,13,0.0,2017-S13
REGIONAL::AGUA BOA,2017,14,0.0,2017-S14
REGIONAL::AGUA BOA,2017,15,0.0,2017-S15
REGIONAL::AGUA BOA,2017,16,0.0,2017-S16
REGIONAL::AGUA BOA,2017,17,0.0,2017-S17
REGIONAL::AGUA BOA,2017,18,0.0,2017-S18
REGIONAL::AGUA BOA,2017,19,0.0,2017-S19
REGIONAL::AGUA BOA,2017,20,0.0,2017-S20
REGIONAL::AGUA BOA,2017,21,0.0,2017-S21
REGIONAL::AGUA BOA,2017,22,0.0,2017-S22
REGIONAL::AGUA BOA,2017,23,0.0,2017-S23
REGIONAL::AGUA BOA,2017,24,0.0,2017-S24
REGIONAL::AGUA BOA,2017,25,0.0,2017-S25
REGIONAL::AGUA BOA,2017,26,0.0,2017-S26
REGIONAL::AGUA BOA,2017,27,0.0,2017-S27
REGIONAL::AGUA BOA,2017,28,0.0,2017-S28
REGIONAL::AGUA BOA,2017,29,0.0,2017-S29
REGIONAL::AGUA BOA,2017,30,0.0,2017-S30
REGIONAL::AGUA BOA,2017,31,0.0,2017-S31
REGIONAL::AGUA BOA,2017,32,0.0,2017-S32
REGIONAL::AGUA BOA,2017,33,0.0,2017-S33
REGIONAL::AGUA BOA,2017,34,0.0,2017-S34
REGIONAL::AGUA BOA,2017,35,0.0,2017-S35
REGIONAL::AGUA BOA,2017,36,0.0,2017-S36
REGIONAL::AGUA BOA,2017,37,0.0,2017-S37
REGIONAL::AGUA BOA,2017,38,0.0,2017-S38
REGIONAL::AGUA BOA,2017,39,0.0,2017-S39
REGIONAL::AGUA BOA,2017,40,0.0,2017-S40
REGIONAL::AGUA BOA,2017,41,0.0,2017-S41
REGIONAL::AGUA BOA,2017,42,0.0,2017-S42
REGIONAL::AGUA BOA,2017,43,1.0,2017-S43
REGIONAL::AGUA BOA,2017,44,0.0,2017-S44
REGIONAL::AGUA BOA,2017,45,0.0,2017-S45
REGIONAL::AGUA BOA,2017,46,0.0,2017-S46
REGIONAL::AGUA BOA,2017,47,0.0,2017-S47
REGIONAL::AGUA BOA,2017,48,1.0,2017-S48
REGIONAL::AGUA BOA,2017,49,0.0,2017-S49
REGIONAL::AGUA BOA,2017,50,0.0,2017-S50
REGIONAL::AGUA BOA,2017,51,0.0,2017-S51
REGIONAL::AGUA BOA,2017,52,0.0,2017-S52
REGIONAL::AGUA BOA,2018,1,0.0,2018-S01
REGIONAL::AGUA BOA,2018,2,0.0,2018-S02
REGIONAL::AGUA BOA,2018,3,0.0,2018-S03
REGIONAL::AGUA BOA,2018,4,0.0,2018-S04
REGIONAL::AGUA BOA,2018,5,0.0,2018-S05
REGIONAL::AGUA BOA,2018,6,0.0,2018-S06
REGIONAL::AGUA BOA,2018,7,0.0,2018-S07
REGIONAL::AGUA BOA,2018,8,0.0,2018-S08
REGIONAL::AGUA BOA,2018,9,0.0,2018-S09
REGIONAL::AGUA BOA,2018,10,0.0,2018-S10
REGIONAL::AGUA BOA,2018,11,0.0,2018-S11
REGIONAL::AGUA BOA,2018,12,0.0,2018-S12
REGIONAL::AGUA BOA,2018,13,0.0,2018-S13
REGIONAL::AGUA BOA,2018,14,0.0,2018-S14
REGIONAL::AGUA BOA,2018,15,0.0,2018-S15
REGIONAL::AGUA BOA,2018,16,0.0,2018-S16
REGIONAL::AGUA BOA,2018,17,0.0,2018-S17
REGIONAL::AGUA BOA,2018,18,0.0,2018-S18
REGIONAL::AGUA BOA,2018,19,0.0,2018-S19
REGIONAL::AGUA BOA,2018,20,0.0,2018-S20
REGIONAL::AGUA BOA,2018,21,0.0,2018-S21
REGIONAL::AGUA BOA,2018,22,0.0,2018-S22
REGIONAL::AGUA BOA,2018,23,0.0,2018-S23
REGIONAL::AGUA BOA,2018,24,0.0,2018-S24
REGIONAL::AGUA BOA,2018,25,0.0,2018-S25
REGIONAL::AGUA BOA,2018,26,0.0,2018-S26
REGIONAL::AGUA BOA,2018,27,0.0,2018-S27
REGIONAL::AGUA BOA,2018,28,0.0,2018-S28
REGIONAL::AGUA BOA,2018,29,0.0,2018-S29
REGIONAL::AGUA BOA,2018,30,0.0,2018-S30
REGIONAL::AGUA BOA,2018,31,0.0,2018-S31
REGIONAL::AGUA BOA,2018,32,0.0,2018-S32
REGIONAL::AGUA BOA,2018,33,0.0,2018-S33
REGIONAL::AGUA BOA,2018,34,0.0,2018-S34
REGIONAL::AGUA BOA,2018,35,0.0,2018-S35
REGIONAL::AGUA BOA,2018,36,0.0,2018-S36
REGIONAL::AGUA BOA,2018,37,0.0,2018-S37
REGIONAL::AGUA BOA,2018,38,0.0,2018-S38
REGIONAL::AGUA BOA,2018,39,0.0,2018-S39
REGIONAL::AGUA BOA,2018,40,0.0,2018-S40
REGIONAL::AGUA BOA,2018,41,0.0,2018-S41
REGIONAL::AGUA BOA,2018,42,0.0,2018-S42
REGIONAL::AGUA BOA,2018,43,0.0,2018-S43
REGIONAL::AGUA BOA,2018,44,0.0,2018-S44
REGIONAL::AGUA BOA,2018,45,0.0,2018-S45
REGIONAL::AGUA BOA,2018,46,0.0,2018-S46
REGIONAL::AGUA BOA,2018,47,0.0,2018-S47
REGIONAL::AGUA BOA,2018,48,0.0,2018-S48
REGIONAL::AGUA BOA,2018,49,0.0,2018-S49
REGIONAL::AGUA BOA,2018,50,0.0,2018-S50
REGIONAL::AGUA BOA,2018,51,0.0,2018-S51
REGIONAL::AGUA BOA,2018,52,0.0,2018-S52
REGIONAL::AGUA BOA,2019,1,0.0,2019-S01
REGIONAL::AGUA BOA,2019,2,2.0,2019-S02
REGIONAL::AGUA BOA,2019,3,0.0,2019-S03
REGIONAL::AGUA BOA,2019,4,0.0,2019-S04
REGIONAL::AGUA BOA,2019,5,1.0,2019-S05
REGIONAL::AGUA BOA,2019,6,0.0,2019-S06
REGIONAL::AGUA BOA,2019,7,0.0,2019-S07
REGIONAL::AGUA BOA,2019,8,0.0,2019-S08
REGIONAL::AGUA BOA,2019,9,0.0,2019-S09
REGIONAL::AGUA BOA,2019,10,0.0,2019-S10
REGIONAL::AGUA BOA,2019,11,0.0,2019-S11
REGIONAL::AGUA BOA,2019,12,0.0,2019-S12
REGIONAL::AGUA BOA,2019,13,0.0,2019-S13
REGIONAL::AGUA BOA,2019,14,0.0,2019-S14
REGIONAL::AGUA BOA,2019,15,0.0,2019-S15
REGIONAL::AGUA BOA,2019,16,1.0,2019-S16
REGIONAL::AGUA BOA,2019,17,0.0,2019-S17
REGIONAL::AGUA BOA,2019,18,0.0,2019-S18
REGIONAL::AGUA BOA,2019,19,0.0,2019-S19
REGIONAL::AGUA BOA,2019,20,0.0,2019-S20
REGIONAL::AGUA BOA,2019,21,0.0,2019-S21
REGIONAL::AGUA BOA,2019,22,1.0,2019-S22
REGIONAL::AGUA BOA,2019,23,0.0,2019-S23
REGIONAL::AGUA BOA,2019,24,0.0,2019-S24
REGIONAL::AGUA BOA,2019,25,0.0,2019-S25
REGIONAL::AGUA BOA,2019,26,0.0,2019-S26
REGIONAL::AGUA BOA,2019,27,1.0,2019-S27
REGIONAL::AGUA BOA,2019,28,0.0,2019-S28
REGIONAL::AGUA BOA,2019,29,0.0,2019-S29
REGIONAL::AGUA BOA,2019,30,0.0,2019-S30
REGIONAL::AGUA BOA,2019,31,0.0,2019-S31
REGIONAL::AGUA BOA,2019,32,0.0,2019-S32
REGIONAL::AGUA BOA,2019,33,0.0,2019-S33
REGIONAL::AGUA BOA,2019,34,0.0,2019-S34
REGIONAL::AGUA BOA,2019,35,1.0,2019-S35
REGIONAL::AGUA BOA,2019,36,0.0,2019-S36
REGIONAL::AGUA BOA,2019,37,0.0,2019-S37
REGIONAL::AGUA BOA,2019,38,0.0,2019-S38
REGIONAL::AGUA BOA,2019,39,0.0,2019-S39
REGIONAL::AGUA BOA,2019,40,0.0,2019-S40
REGIONAL::AGUA BOA,2019,41,0.0,2019-S41
REGIONAL::AGUA BOA,2019,42,0.0,2019-S42
REGIONAL::AGUA BOA,2019,43,0.0,2019-S43
REGIONAL::AGUA BOA,2019,44,0.0,2019-S44
REGIONAL::AGUA BOA,2019,45,0.0,2019-S45
REGIONAL::AGUA BOA,2019,46,0.0,2019-S46
REGIONAL::AGUA BOA,2019,47,0.0,2019-S47
REGIONAL::AGUA BOA,2019,48,0.0,2019-S48
REGIONAL::AGUA BOA,2019,49,0.0,2019-S49
REGIONAL::AGUA BOA,2019,50,0.0,2019-S50
REGIONAL::AGUA BOA,2019,51,0.0,2019-S51
REGIONAL::AGUA BOA,2019,52,0.0,2019-S52
REGIONAL::AGUA BOA,2020,1,0.0,2020-S01
REGIONAL::AGUA BOA,2020,2,0.0,2020-S02
REGIONAL::AGUA BOA,2020,3,0.0,2020-S03
REGIONAL::AGUA BOA,2020,4,0.0,2020-S04
REGIONAL::AGUA BOA,2020,5,0.0,2020-S05
REGIONAL::AGUA BOA,2020,6,0.0,2020-S06
REGIONAL::AGUA BOA,2020,7,0.0,2020-S07
REGIONAL::AGUA BOA,2020,8,0.0,2020-S08
REGIONAL::AGUA BOA,2020,9,1.0,2020-S09
REGIONAL::AGUA BOA,2020,10,1.0,2020-S10
REGIONAL::AGUA BOA,2020,11,0.0,2020-S11
REGIONAL::AGUA BOA,2020,12,0.0,2020-S12
REGIONAL::AGUA BOA,2020,13,0.0,2020-S13
REGIONAL::AGUA BOA,2020,14,0.0,2020-S14
REGIONAL::AGUA BOA,2020,15,0.0,2020-S15
REGIONAL::AGUA BOA,2020,16,0.0,2020-S16
REGIONAL::AGUA BOA,2020,17,0.0,2020-S17
REGIONAL::AGUA BOA,2020,18,0.0,2020-S18
REGIONAL::AGUA BOA,2020,19,1.0,2020-S19
REGIONAL::AGUA BOA,2020,20,0.0,2020-S20
REGIONAL::AGUA BOA,2020,21,1.0,2020-S21
REGIONAL::AGUA BOA,2020,22,0.0,2020-S22
REGIONAL::AGUA BOA,2020,23,0.0,2020-S23
REGIONAL::AGUA BOA,2020,24,0.0,2020-S24
REGIONAL::AGUA BOA,2020,25,0.0,2020-S25
REGIONAL::AGUA BOA,2020,26,0.0,2020-S26
REGIONAL::AGUA BOA,2020,27,0.0,2020-S27
REGIONAL::AGUA BOA,2020,28,0.0,2020-S28
REGIONAL::AGUA BOA,2020,29,0.0,2020-S29
REGIONAL::AGUA BOA,2020,30,0.0,2020-S30
REGIONAL::AGUA BOA,2020,31,0.0,2020-S31
REGIONAL::AGUA BOA,2020,32,0.0,2020-S32
REGIONAL::AGUA BOA,2020,33,0.0,2020-S33
REGIONAL::AGUA BOA,2020,34,0.0,2020-S34
REGIONAL::AGUA BOA,2020,35,0.0,2020-S35
REGIONAL::AGUA BOA,2020,36,0.0,2020-S36
REGIONAL::AGUA BOA,2020,37,0.0,2020-S37
REGIONAL::AGUA BOA,2020,38,0.0,2020-S38
REGIONAL::AGUA BOA,2020,39,0.0,2020-S39
REGIONAL::AGUA BOA,2020,40,0.0,2020-S40
REGIONAL::AGUA BOA,2020,41,0.0,2020-S41
REGIONAL::AGUA BOA,2020,42,1.0,2020-S42
REGIONAL::AGUA BOA,2020,43,0.0,2020-S43
REGIONAL::AGUA BOA,2020,44,0.0,2020-S44
REGIONAL::AGUA BOA,2020,45,0.0,2020-S45
REGIONAL::AGUA BOA,2020,46,0.0,2020-S46
REGIONAL::AGUA BOA,2020,47,0.0,2020-S47
REGIONAL::AGUA BOA,2020,48,0.0,2020-S48
REGIONAL::AGUA BOA,2020,49,0.0,2020-S49
REGIONAL::AGUA BOA,2020,50,0.0,2020-S50
REGIONAL::AGUA BOA,2020,51,0.0,2020-S51
REGIONAL::AGUA BOA,2020,52,0.0,2020-S52
REGIONAL::AGUA BOA,2021,1,0.0,2021-S01
REGIONAL::AGUA BOA,2021,2,0.0,2021-S02
REGIONAL::AGUA BOA,2021,3,0.0,2021-S03
REGIONAL::AGUA BOA,2021,4,0.0,2021-S04
REGIONAL::AGUA BOA,2021,5,0.0,2021-S05
REGIONAL::AGUA BOA,2021,6,0.0,2021-S06
REGIONAL::AGUA BOA,2021,7,0.0,2021-S07
REGIONAL::AGUA BOA,2021,8,0.0,2021-S08
REGIONAL::AGUA BOA,2021,9,0.0,2021-S09
REGIONAL::AGUA BOA,2021,10,0.0,2021-S10
REGIONAL::AGUA BOA,2021,11,0.0,2021-S11
REGIONAL::AGUA BOA,2021,12,0.0,2021-S12
REGIONAL::AGUA BOA,2021,13,0.0,2021-S13
REGIONAL::AGUA BOA,2021,14,0.0,2021-S14
REGIONAL::AGUA BOA,2021,15,0.0,2021-S15
REGIONAL::AGUA BOA,2021,16,0.0,2021-S16
REGIONAL::AGUA BOA,2021,17,0.0,2021-S17
REGIONAL::AGUA BOA,2021,18,0.0,2021-S18
REGIONAL::AGUA BOA,2021,19,0.0,2021-S19
REGIONAL::AGUA BOA,2021,20,0.0,2021-S20
REGIONAL::AGUA BOA,2021,21,0.0,2021-S21
REGIONAL::AGUA BOA,2021,22,0.0,2021-S22
REGIONAL::AGUA BOA,2021,23,0.0,2021-S23
REGIONAL::AGUA BOA,2021,24,0.0,2021-S24
REGIONAL::AGUA BOA,2021,25,0.0,2021-S25
REGIONAL::AGUA BOA,2021,26,0.0,2021-S26
REGIONAL::AGUA BOA,2021,27,0.0,2021-S27
REGIONAL::AGUA BOA,2021,28,0.0,2021-S28
REGIONAL::AGUA BOA,2021,29,0.0,2021-S29
REGIONAL::AGUA BOA,2021,30,0.0,2021-S30
REGIONAL::AGUA BOA,2021,31,0.0,2021-S31
REGIONAL::AGUA BOA,2021,32,0.0,2021-S32
REGIONAL::AGUA BOA,2021,33,0.0,2021-S33
REGIONAL::AGUA BOA,2021,34,0.0,2021-S34
REGIONAL::AGUA BOA,2021,35,0.0,2021-S35
REGIONAL::AGUA BOA,2021,36,0.0,2021-S36
REGIONAL::AGUA BOA,2021,37,0.0,2021-S37
REGIONAL::AGUA BOA,2021,38,0.0,2021-S38
REGIONAL::AGUA BOA,2021,39,0.0,2021-S39
REGIONAL::AGUA BOA,2021,40,0.0,2021-S40
REGIONAL::AGUA BOA,2021,41,0.0,2021-S41
REGIONAL::AGUA BOA,2021,42,0.0,2021-S42
REGIONAL::AGUA BOA,2021,43,0.0,2021-S43
REGIONAL::AGUA BOA,2021,44,0.0,2021-S44
REGIONAL::AGUA BOA,2021,45,0.0,2021-S45
REGIONAL::AGUA BOA,2021,46,0.0,2021-S46
REGIONAL::AGUA BOA,2021,47,0.0,2021-S47
REGIONAL::AGUA BOA,2021,48,0.0,2021-S48
REGIONAL::AGUA BOA,2021,49,0.0,2021-S49
REGIONAL::AGUA BOA,2021,50,0.0,2021-S50
REGIONAL::AGUA BOA,2021,51,0.0,2021-S51
REGIONAL::AGUA BOA,2021,52,0.0,2021-S52
REGIONAL::AGUA BOA,2022,1,0.0,2022-S01
REGIONAL::AGUA BOA,2022,2,0.0,2022-S02
REGIONAL::AGUA BOA,2022,3,0.0,2022-S03
REGIONAL::AGUA BOA,2022,4,0.0,2022-S04
REGIONAL::AGUA BOA,2022,5,0.0,2022-S05
REGIONAL::AGUA BOA,2022,6,0.0,2022-S06
REGIONAL::AGUA BOA,2022,7,0.0,2022-S07
REGIONAL::AGUA BOA,2022,8,0.0,2022-S08
REGIONAL::AGUA BOA,2022,9,0.0,2022-S09
REGIONAL::AGUA BOA,2022,10,0.0,2022-S10
REGIONAL::AGUA BOA,2022,11,0.0,2022-S11
REGIONAL::AGUA BOA,2022,12,0.0,2022-S12
REGIONAL::AGUA BOA,2022,13,0.0,2022-S13
REGIONAL::AGUA BOA,2022,14,0.0,2022-S14
REGIONAL::AGUA BOA,2022,15,0.0,2022-S15
REGIONAL::AGUA BOA,2022,16,0.0,2022-S16
REGIONAL::AGUA BOA,2022,17,0.0,2022-S17
REGIONAL::AGUA BOA,2022,18,0.0,2022-S18
REGIONAL::AGUA BOA,2022,19,0.0,2022-S19
REGIONAL::AGUA BOA,2022,20,0.0,2022-S20
REGIONAL::AGUA BOA,2022,21,0.0,2022-S21
REGIONAL::AGUA BOA,2022,22,0.0,2022-S22
REGIONAL::AGUA BOA,2022,23,0.0,2022-S23
REGIONAL::AGUA BOA,2022,24,0.0,2022-S24
REGIONAL::AGUA BOA,2022,25,0.0,2022-S25
REGIONAL::AGUA BOA,2022,26,1.0,2022-S26
REGIONAL::AGUA BOA,2022,27,0.0,2022-S27
REGIONAL::AGUA BOA,2022,28,0.0,2022-S28
REGIONAL::AGUA BOA,2022,29,0.0,2022-S29
REGIONAL::AGUA BOA,2022,30,0.0,2022-S30
REGIONAL::AGUA BOA,2022,31,0.0,2022-S31
REGIONAL::AGUA BOA,2022,32,0.0,2022-S32
REGIONAL::AGUA BOA,2022,33,0.0,2022-S33
REGIONAL::AGUA BOA,2022,34,0.0,2022-S34
REGIONAL::AGUA BOA,2022,35,0.0,2022-S35
REGIONAL::AGUA BOA,2022,36,0.0,2022-S36
REGIONAL::AGUA BOA,2022,37,0.0,2022-S37
REGIONAL::AGUA BOA,2022,38,0.0,2022-S38
REGIONAL::AGUA BOA,2022,39,0.0,2022-S39
REGIONAL::AGUA BOA,2022,40,0.0,2022-S40
REGIONAL::AGUA BOA,2022,41,1.0,2022-S41
REGIONAL::AGUA BOA,2022,42,0.0,2022-S42
REGIONAL::AGUA BOA,2022,43,0.0,2022-S43
REGIONAL::AGUA BOA,2022,44,0.0,2022-S44
REGIONAL::AGUA BOA,2022,45,0.0,2022-S45
REGIONAL::AGUA BOA,2022,46,0.0,2022-S46
REGIONAL::AGUA BOA,2022,47,0.0,2022-S47
REGIONAL::AGUA BOA,2022,48,0.0,2022-S48
REGIONAL::AGUA BOA,2022,49,0.0,2022-S49
REGIONAL::AGUA BOA,2022,50,0.0,2022-S50
REGIONAL::AGUA BOA,2022,51,0.0,2022-S51
REGIONAL::AGUA BOA,2022,52,0.0,2022-S52
REGIONAL::AGUA BOA,2023,1,0.0,2023-S01
REGIONAL::AGUA BOA,2023,2,0.0,2023-S02
REGIONAL::AGUA BOA,2023,3,0.0,2023-S03
REGIONAL::AGUA BOA,2023,4,0.0,2023-S04
REGIONAL::AGUA BOA,2023,5,0.0,2023-S05
REGIONAL::AGUA BOA,2023,6,0.0,2023-S06
REGIONAL::AGUA BOA,2023,7,0.0,2023-S07
REGIONAL::AGUA BOA,2023,8,0.0,2023-S08
REGIONAL::AGUA BOA,2023,9,0.0,2023-S09
REGIONAL::AGUA BOA,2023,10,0.0,2023-S10
REGIONAL::AGUA BOA,2023,11,0.0,2023-S11
REGIONAL::AGUA BOA,2023,12,0.0,2023-S12
REGIONAL::AGUA BOA,2023,13,0.0,2023-S13
REGIONAL::AGUA BOA,2023,14,0.0,2023-S14
REGIONAL::AGUA BOA,2023,15,0.0,2023-S15
REGIONAL::AGUA BOA,2023,16,0.0,2023-S16
REGIONAL::AGUA BOA,2023,17,0.0,2023-S17
REGIONAL::AGUA BOA,2023,18,1.0,2023-S18
REGIONAL::AGUA BOA,2023,19,0.0,2023-S19
REGIONAL::AGUA BOA,2023,20,1.0,2023-S20
REGIONAL::AGUA BOA,2023,21,0.0,2023-S21
REGIONAL::AGUA BOA,2023,22,0.0,2023-S22
REGIONAL::AGUA BOA,2023,23,1.0,2023-S23
REGIONAL::AGUA BOA,2023,24,1.0,2023-S24
REGIONAL::AGUA BOA,2023,25,0.0,2023-S25
REGIONAL::AGUA BOA,2023,26,1.0,2023-S26
REGIONAL::AGUA BOA,2023,27,1.0,2023-S27
REGIONAL::AGUA BOA,2023,28,0.0,2023-S28
REGIONAL::AGUA BOA,2023,29,2.0,2023-S29
REGIONAL::AGUA BOA,2023,30,2.0,2023-S30
REGIONAL::AGUA BOA,2023,31,1.0,2023-S31
REGIONAL::AGUA BOA,2023,32,0.0,2023-S32
REGIONAL::AGUA BOA,2023,33,2.0,2023-S33
REGIONAL::AGUA BOA,2023,34,0.0,2023-S34
REGIONAL::AGUA BOA,2023,35,1.0,2023-S35
REGIONAL::AGUA BOA,2023,36,0.0,2023-S36
REGIONAL::AGUA BOA,2023,37,0.0,2023-S37
REGIONAL::AGUA BOA,2023,38,0.0,2023-S38
REGIONAL::AGUA BOA,2023,39,0.0,2023-S39
REGIONAL::AGUA BOA,2023,40,0.0,2023-S40
REGIONAL::AGUA BOA,2023,41,0.0,2023-S41
REGIONAL::AGUA BOA,2023,42,1.0,2023-S42
REGIONAL::AGUA BOA,2023,43,0.0,2023-S43
REGIONAL::AGUA BOA,2023,44,0.0,2023-S44
REGIONAL::AGUA BOA,2023,45,0.0,2023-S45
REGIONAL::AGUA BOA,2023,46,0.0,2023-S46
REGIONAL::AGUA BOA,2023,47,0.0,2023-S47
REGIONAL::AGUA BOA,2023,48,1.0,2023-S48
REGIONAL::AGUA BOA,2023,49,0.0,2023-S49
REGIONAL::AGUA BOA,2023,50,1.0,2023-S50
REGIONAL::AGUA BOA,2023,51,0.0,2023-S51
REGIONAL::AGUA BOA,2023,52,1.0,2023-S52
REGIONAL::AGUA BOA,2024,1,0.0,2024-S01
REGIONAL::AGUA BOA,2024,2,0.0,2024-S02
REGIONAL::AGUA BOA,2024,3,0.0,2024-S03
REGIONAL::AGUA BOA,2024,4,0.0,2024-S04
REGIONAL::AGUA BOA,2024,5,0.0,2024-S05
REGIONAL::AGUA BOA,2024,6,1.0,2024-S06
REGIONAL::AGUA BOA,2024,7,0.0,2024-S07
REGIONAL::AGUA BOA,2024,8,1.0,2024-S08
REGIONAL::AGUA BOA,2024,9,0.0,2024-S09
REGIONAL::AGUA BOA,2024,10,0.0,2024-S10
REGIONAL::AGUA BOA,2024,11,1.0,2024-S11
REGIONAL::AGUA BOA,2024,12,0.0,2024-S12
REGIONAL::AGUA BOA,2024,13,0.0,2024-S13
REGIONAL::AGUA BOA,2024,14,0.0,2024-S14
REGIONAL::AGUA BOA,2024,15,0.0,2024-S15
REGIONAL::AGUA BOA,2024,16,0.0,2024-S16
REGIONAL::AGUA BOA,2024,17,0.0,2024-S17
REGIONAL::AGUA BOA,2024,18,0.0,2024-S18
REGIONAL::AGUA BOA,2024,19,0.0,2024-S19
REGIONAL::AGUA BOA,2024,20,1.0,2024-S20
REGIONAL::AGUA BOA,2024,21,0.0,2024-S21
REGIONAL::AGUA BOA,2024,22,1.0,2024-S22
REGIONAL::AGUA BOA,2024,23,0.0,2024-S23
REGIONAL::AGUA BOA,2024,24,1.0,2024-S24
REGIONAL::AGUA BOA,2024,25,2.0,2024-S25
REGIONAL::AGUA BOA,2024,26,0.0,2024-S26
REGIONAL::AGUA BOA,2024,27,1.0,2024-S27
REGIONAL::AGUA BOA,2024,28,0.0,2024-S28
REGIONAL::AGUA BOA,2024,29,0.0,2024-S29
REGIONAL::AGUA BOA,2024,30,0.0,2024-S30
REGIONAL::AGUA BOA,2024,31,2.0,2024-S31
REGIONAL::AGUA BOA,2024,32,0.0,2024-S32
REGIONAL::AGUA BOA,2024,33,1.0,2024-S33
REGIONAL::AGUA BOA,2024,34,0.0,2024-S34
REGIONAL::AGUA BOA,2024,35,0.0,2024-S35
REGIONAL::AGUA BOA,2024,36,0.0,2024-S36
REGIONAL::AGUA BOA,2024,37,0.0,2024-S37
REGIONAL::AGUA BOA,2024,38,2.0,2024-S38
REGIONAL::AGUA BOA,2024,39,0.0,2024-S39
REGIONAL::AGUA BOA,2024,40,0.0,2024-S40
REGIONAL::AGUA BOA,2024,41,0.0,2024-S41
REGIONAL::AGUA BOA,2024,42,0.0,2024-S42
REGIONAL::AGUA BOA,2024,43,0.0,2024-S43
REGIONAL::AGUA BOA,2024,44,0.0,2024-S44
REGIONAL::AGUA BOA,2024,45,0.0,2024-S45
REGIONAL::AGUA BOA,2024,46,1.0,2024-S46
REGIONAL::AGUA BOA,2024,47,0.0,2024-S47
REGIONAL::AGUA BOA,2024,48,0.0,2024-S48
REGIONAL::AGUA BOA,2024,49,0.0,2024-S49
REGIONAL::AGUA BOA,2024,50,0.0,2024-S50
REGIONAL::AGUA BOA,2024,51,0.0,2024-S51
REGIONAL::AGUA BOA,2024,52,1.0,2024-S52
REGIONAL::AGUA BOA,2025,1,0.0,2025-S01
REGIONAL::AGUA BOA,2025,2,0.0,2025-S02
REGIONAL::AGUA BOA,2025,3,0.0,2025-S03
REGIONAL::AGUA BOA,2025,4,0.0,2025-S04
REGIONAL::AGUA BOA,2025,5,0.0,2025-S05
REGIONAL::AGUA BOA,2025,6,0.0,2025-S06
REGIONAL::AGUA BOA,2025,7,1.0,2025-S07
REGIONAL::AGUA BOA,2025,8,1.0,2025-S08
REGIONAL::AGUA BOA,2025,9,1.0,2025-S09
REGIONAL::AGUA BOA,2025,10,0.0,2025-S10
REGIONAL::AGUA BOA,2025,11,0.0,2025-S11
REGIONAL::AGUA BOA,2025,12,0.0,2025-S12
REGIONAL::AGUA BOA,2025,13,0.0,2025-S13
REGIONAL::AGUA BOA,2025,14,0.0,2025-S14
REGIONAL::AGUA BOA,2025,15,1.0,2025-S15
REGIONAL::AGUA BOA,2025,16,0.0,2025-S16
REGIONAL::AGUA BOA,2025,17,0.0,2025-S17
REGIONAL::AGUA BOA,2025,18,0.0,2025-S18
REGIONAL::AGUA BOA,2025,19,0.0,2025-S19
REGIONAL::AGUA BOA,2025,20,0.0,2025-S20
REGIONAL::AGUA BOA,2025,21,0.0,2025-S21
REGIONAL::AGUA BOA,2025,22,0.0,2025-S22
REGIONAL::AGUA BOA,2025,23,1.0,2025-S23
REGIONAL::AGUA BOA,2025,24,0.0,2025-S24
REGIONAL::AGUA BOA,2025,25,0.0,2025-S25
REGIONAL::AGUA BOA,2025,26,0.0,2025-S26
REGIONAL::AGUA BOA,2025,27,0.0,2025-S27
REGIONAL::AGUA BOA,2025,28,0.0,2025-S28
REGIONAL::AGUA BOA,2025,29,0.0,2025-S29
REGIONAL::AGUA BOA,2025,30,0.0,2025-S30
REGIONAL::AGUA BOA,2025,31,0.0,2025-S31
REGIONAL::AGUA BOA,2025,32,1.0,2025-S32
REGIONAL::AGUA BOA,2025,33,0.0,2025-S33
REGIONAL::AGUA BOA,2025,34,0.0,2025-S34
REGIONAL::AGUA BOA,2025,35,0.0,2025-S35
REGIONAL::AGUA BOA,2025,36,0.0,2025-S36
REGIONAL::AGUA BOA,2025,37,0.0,2025-S37
REGIONAL::AGUA BOA,2025,38,0.0,2025-S38
REGIONAL::AGUA BOA,2025,39,0.0,2025-S39
REGIONAL::AGUA BOA,2025,40,0.0,2025-S40
REGIONAL::AGUA BOA,2025,41,0.0,2025-S41
REGIONAL::AGUA BOA,2025,42,0.0,2025-S42
REGIONAL::AGUA BOA,2025,43,0.0,2025-S43
REGIONAL::AGUA BOA,2025,44,0.0,2025-S44
REGIONAL::AGUA BOA,2025,45,0.0,2025-S45
REGIONAL::AGUA BOA,2025,46,0.0,2025-S46
REGIONAL::AGUA BOA,2025,47,0.0,2025-S47
REGIONAL::AGUA BOA,2025,48,0.0,2025-S48
REGIONAL::AGUA BOA,2025,49,0.0,2025-S49
REGIONAL::AGUA BOA,2025,50,0.0,2025-S50
REGIONAL::AGUA BOA,2025,51,0.0,2025-S51
REGIONAL::AGUA BOA,2025,52,0.0,2025-S52
REGIONAL::AGUA BOA,2026,1,1.0,2026-S01
REGIONAL::AGUA BOA,2026,2,0.0,2026-S02
REGIONAL::AGUA BOA,2026,3,1.0,2026-S03
REGIONAL::AGUA BOA,2026,4,0.0,2026-S04
REGIONAL::AGUA BOA,2026,5,0.0,2026-S05
REGIONAL::AGUA BOA,2026,6,0.0,2026-S06
REGIONAL::AGUA BOA,2026,7,0.0,2026-S07
REGIONAL::AGUA BOA,2026,8,0.0,2026-S08
REGIONAL::AGUA BOA,2026,9,0.0,2026-S09
REGIONAL::AGUA BOA,2026,10,0.0,2026-S10
REGIONAL::AGUA BOA,2026,11,0.0,2026-S11
REGIONAL::AGUA BOA,2026,12,0.0,2026-S12
REGIONAL::AGUA BOA,2026,13,0.0,2026-S13
REGIONAL::AGUA BOA,2026,14,0.0,2026-S14
REGIONAL::AGUA BOA,2026,15,0.0,2026-S15
REGIONAL::AGUA BOA,2026,16,0.0,2026-S16
REGIONAL::AGUA BOA,2026,17,0.0,2026-S17
REGIONAL::AGUA BOA,2026,18,2.0,2026-S18
REGIONAL::AGUA BOA,2026,19,1.0,2026-S19
REGIONAL::AGUA BOA,2026,20,0.0,2026-S20
REGIONAL::AGUA BOA,2026,21,0.0,2026-S21
REGIONAL::AGUA BOA,2026,22,0.0,2026-S22
REGIONAL::AGUA BOA,2026,23,0.0,2026-S23
REGIONAL::AGUA BOA,2026,24,0.0,2026-S24
REGIONAL::AGUA BOA,2026,25,0.0,2026-S25
REGIONAL::AGUA BOA,2026,26,0.0,2026-S26
REGIONAL::AGUA BOA,2026,27,0.0,2026-S27
REGIONAL::AGUA BOA,2026,28,0.0,2026-S28
REGIONAL::AGUA BOA,2026,29,0.0,2026-S29
REGIONAL::AGUA BOA,2026,30,0.0,2026-S30
REGIONAL::AGUA BOA,2026,31,0.0,2026-S31
REGIONAL::ALTA FLORESTA,2007,4,1.0,2007-S04
REGIONAL::ALTA FLORESTA,2007,5,1.0,2007-S05
REGIONAL::ALTA FLORESTA,2007,6,1.0,2007-S06
REGIONAL::ALTA FLORESTA,2007,7,0.0,2007-S07
REGIONAL::ALTA FLORESTA,2007,8,1.0,2007-S08
REGIONAL::ALTA FLORESTA,2007,9,0.0,2007-S09
REGIONAL::ALTA FLORESTA,2007,10,0.0,2007-S10
REGIONAL::ALTA FLORESTA,2007,11,0.0,2007-S11
REGIONAL::ALTA FLORESTA,2007,12,0.0,2007-S12
REGIONAL::ALTA FLORESTA,2007,13,0.0,2007-S13
REGIONAL::ALTA FLORESTA,2007,14,0.0,2007-S14
REGIONAL::ALTA FLORESTA,2007,15,2.0,2007-S15
REGIONAL::ALTA FLORESTA,2007,16,0.0,2007-S16
REGIONAL::ALTA FLORESTA,2007,17,0.0,2007-S17
REGIONAL::ALTA FLORESTA,2007,18,0.0,2007-S18
REGIONAL::ALTA FLORESTA,2007,19,1.0,2007-S19
REGIONAL::ALTA FLORESTA,2007,20,0.0,2007-S20
REGIONAL::ALTA FLORESTA,2007,21,2.0,2007-S21
REGIONAL::ALTA FLORESTA,2007,22,2.0,2007-S22
REGIONAL::ALTA FLORESTA,2007,23,2.0,2007-S23
REGIONAL::ALTA FLORESTA,2007,24,1.0,2007-S24
REGIONAL::ALTA FLORESTA,2007,25,0.0,2007-S25
REGIONAL::ALTA FLORESTA,2007,26,0.0,2007-S26
REGIONAL::ALTA FLORESTA,2007,27,1.0,2007-S27
REGIONAL::ALTA FLORESTA,2007,28,1.0,2007-S28
REGIONAL::ALTA FLORESTA,2007,29,1.0,2007-S29
REGIONAL::ALTA FLORESTA,2007,30,0.0,2007-S30
REGIONAL::ALTA FLORESTA,2007,31,0.0,2007-S31
REGIONAL::ALTA FLORESTA,2007,32,1.0,2007-S32
REGIONAL::ALTA FLORESTA,2007,33,0.0,2007-S33
REGIONAL::ALTA FLORESTA,2007,34,0.0,2007-S34
REGIONAL::ALTA FLORESTA,2007,35,0.0,2007-S35
REGIONAL::ALTA FLORESTA,2007,36,2.0,2007-S36
REGIONAL::ALTA FLORESTA,2007,37,1.0,2007-S37
REGIONAL::ALTA FLORESTA,2007,38,0.0,2007-S38
REGIONAL::ALTA FLORESTA,2007,39,0.0,2007-S39
REGIONAL::ALTA FLORESTA,2007,40,1.0,2007-S40
REGIONAL::ALTA FLORESTA,2007,41,0.0,2007-S41
REGIONAL::ALTA FLORESTA,2007,42,1.0,2007-S42
REGIONAL::ALTA FLORESTA,2007,43,1.0,2007-S43
REGIONAL::ALTA FLORESTA,2007,44,0.0,2007-S44
REGIONAL::ALTA FLORESTA,2007,45,1.0,2007-S45
REGIONAL::ALTA FLORESTA,2007,46,0.0,2007-S46
REGIONAL::ALTA FLORESTA,2007,47,0.0,2007-S47
REGIONAL::ALTA FLORESTA,2007,48,0.0,2007-S48
REGIONAL::ALTA FLORESTA,2007,49,1.0,2007-S49
REGIONAL::ALTA FLORESTA,2007,50,0.0,2007-S50
REGIONAL::ALTA FLORESTA,2007,51,0.0,2007-S51
REGIONAL::ALTA FLORESTA,2007,52,0.0,2007-S52
REGIONAL::ALTA FLORESTA,2008,1,0.0,2008-S01
REGIONAL::ALTA FLORESTA,2008,2,0.0,2008-S02
REGIONAL::ALTA FLORESTA,2008,3,0.0,2008-S03
REGIONAL::ALTA FLORESTA,2008,4,0.0,2008-S04
REGIONAL::ALTA FLORESTA,2008,5,0.0,2008-S05
REGIONAL::ALTA FLORESTA,2008,6,0.0,2008-S06
REGIONAL::ALTA FLORESTA,2008,7,0.0,2008-S07
REGIONAL::ALTA FLORESTA,2008,8,0.0,2008-S08
REGIONAL::ALTA FLORESTA,2008,9,0.0,2008-S09
REGIONAL::ALTA FLORESTA,2008,10,0.0,2008-S10
REGIONAL::ALTA FLORESTA,2008,11,0.0,2008-S11
REGIONAL::ALTA FLORESTA,2008,12,0.0,2008-S12
REGIONAL::ALTA FLORESTA,2008,13,0.0,2008-S13
REGIONAL::ALTA FLORESTA,2008,14,1.0,2008-S14
REGIONAL::ALTA FLORESTA,2008,15,0.0,2008-S15
REGIONAL::ALTA FLORESTA,2008,16,0.0,2008-S16
REGIONAL::ALTA FLORESTA,2008,17,0.0,2008-S17
REGIONAL::ALTA FLORESTA,2008,18,0.0,2008-S18
REGIONAL::ALTA FLORESTA,2008,19,0.0,2008-S19
REGIONAL::ALTA FLORESTA,2008,20,0.0,2008-S20
REGIONAL::ALTA FLORESTA,2008,21,0.0,2008-S21
REGIONAL::ALTA FLORESTA,2008,22,0.0,2008-S22
REGIONAL::ALTA FLORESTA,2008,23,0.0,2008-S23
REGIONAL::ALTA FLORESTA,2008,24,0.0,2008-S24
REGIONAL::ALTA FLORESTA,2008,25,0.0,2008-S25
REGIONAL::ALTA FLORESTA,2008,26,1.0,2008-S26
REGIONAL::ALTA FLORESTA,2008,27,2.0,2008-S27
REGIONAL::ALTA FLORESTA,2008,28,0.0,2008-S28
REGIONAL::ALTA FLORESTA,2008,29,0.0,2008-S29
REGIONAL::ALTA FLORESTA,2008,30,0.0,2008-S30
REGIONAL::ALTA FLORESTA,2008,31,0.0,2008-S31
REGIONAL::ALTA FLORESTA,2008,32,0.0,2008-S32
REGIONAL::ALTA FLORESTA,2008,33,0.0,2008-S33
REGIONAL::ALTA FLORESTA,2008,34,0.0,2008-S34
REGIONAL::ALTA FLORESTA,2008,35,0.0,2008-S35
REGIONAL::ALTA FLORESTA,2008,36,0.0,2008-S36
REGIONAL::ALTA FLORESTA,2008,37,0.0,2008-S37
REGIONAL::ALTA FLORESTA,2008,38,0.0,2008-S38
REGIONAL::ALTA FLORESTA,2008,39,0.0,2008-S39
REGIONAL::ALTA FLORESTA,2008,40,0.0,2008-S40
REGIONAL::ALTA FLORESTA,2008,41,0.0,2008-S41
REGIONAL::ALTA FLORESTA,2008,42,0.0,2008-S42
REGIONAL::ALTA FLORESTA,2008,43,0.0,2008-S43
REGIONAL::ALTA FLORESTA,2008,44,0.0,2008-S44
REGIONAL::ALTA FLORESTA,2008,45,0.0,2008-S45
REGIONAL::ALTA FLORESTA,2008,46,1.0,2008-S46
REGIONAL::ALTA FLORESTA,2008,47,0.0,2008-S47
REGIONAL::ALTA FLORESTA,2008,48,0.0,2008-S48
REGIONAL::ALTA FLORESTA,2008,49,0.0,2008-S49
REGIONAL::ALTA FLORESTA,2008,50,0.0,2008-S50
REGIONAL::ALTA FLORESTA,2008,51,0.0,2008-S51
REGIONAL::ALTA FLORESTA,2008,52,1.0,2008-S52
REGIONAL::ALTA FLORESTA,2009,1,0.0,2009-S01
REGIONAL::ALTA FLORESTA,2009,2,0.0,2009-S02
REGIONAL::ALTA FLORESTA,2009,3,0.0,2009-S03
REGIONAL::ALTA FLORESTA,2009,4,0.0,2009-S04
REGIONAL::ALTA FLORESTA,2009,5,0.0,2009-S05
REGIONAL::ALTA FLORESTA,2009,6,0.0,2009-S06
REGIONAL::ALTA FLORESTA,2009,7,0.0,2009-S07
REGIONAL::ALTA FLORESTA,2009,8,0.0,2009-S08
REGIONAL::ALTA FLORESTA,2009,9,0.0,2009-S09
REGIONAL::ALTA FLORESTA,2009,10,0.0,2009-S10
REGIONAL::ALTA FLORESTA,2009,11,1.0,2009-S11
REGIONAL::ALTA FLORESTA,2009,12,0.0,2009-S12
REGIONAL::ALTA FLORESTA,2009,13,0.0,2009-S13
REGIONAL::ALTA FLORESTA,2009,14,1.0,2009-S14
REGIONAL::ALTA FLORESTA,2009,15,1.0,2009-S15
REGIONAL::ALTA FLORESTA,2009,16,0.0,2009-S16
REGIONAL::ALTA FLORESTA,2009,17,1.0,2009-S17
REGIONAL::ALTA FLORESTA,2009,18,1.0,2009-S18
REGIONAL::ALTA FLORESTA,2009,19,0.0,2009-S19
REGIONAL::ALTA FLORESTA,2009,20,0.0,2009-S20
REGIONAL::ALTA FLORESTA,2009,21,0.0,2009-S21
REGIONAL::ALTA FLORESTA,2009,22,0.0,2009-S22
REGIONAL::ALTA FLORESTA,2009,23,0.0,2009-S23
REGIONAL::ALTA FLORESTA,2009,24,0.0,2009-S24
REGIONAL::ALTA FLORESTA,2009,25,0.0,2009-S25
REGIONAL::ALTA FLORESTA,2009,26,0.0,2009-S26
REGIONAL::ALTA FLORESTA,2009,27,0.0,2009-S27
REGIONAL::ALTA FLORESTA,2009,28,1.0,2009-S28
REGIONAL::ALTA FLORESTA,2009,29,0.0,2009-S29
REGIONAL::ALTA FLORESTA,2009,30,1.0,2009-S30
REGIONAL::ALTA FLORESTA,2009,31,1.0,2009-S31
REGIONAL::ALTA FLORESTA,2009,32,0.0,2009-S32
REGIONAL::ALTA FLORESTA,2009,33,0.0,2009-S33
REGIONAL::ALTA FLORESTA,2009,34,1.0,2009-S34
REGIONAL::ALTA FLORESTA,2009,35,0.0,2009-S35
REGIONAL::ALTA FLORESTA,2009,36,0.0,2009-S36
REGIONAL::ALTA FLORESTA,2009,37,1.0,2009-S37
REGIONAL::ALTA FLORESTA,2009,38,0.0,2009-S38
REGIONAL::ALTA FLORESTA,2009,39,0.0,2009-S39
REGIONAL::ALTA FLORESTA,2009,40,0.0,2009-S40
REGIONAL::ALTA FLORESTA,2009,41,0.0,2009-S41
REGIONAL::ALTA FLORESTA,2009,42,1.0,2009-S42
REGIONAL::ALTA FLORESTA,2009,43,0.0,2009-S43
REGIONAL::ALTA FLORESTA,2009,44,0.0,2009-S44
REGIONAL::ALTA FLORESTA,2009,45,0.0,2009-S45
REGIONAL::ALTA FLORESTA,2009,46,0.0,2009-S46
REGIONAL::ALTA FLORESTA,2009,47,0.0,2009-S47
REGIONAL::ALTA FLORESTA,2009,48,0.0,2009-S48
REGIONAL::ALTA FLORESTA,2009,49,0.0,2009-S49
REGIONAL::ALTA FLORESTA,2009,50,0.0,2009-S50
REGIONAL::ALTA FLORESTA,2009,51,0.0,2009-S51
REGIONAL::ALTA FLORESTA,2009,52,0.0,2009-S52
REGIONAL::ALTA FLORESTA,2010,1,0.0,2010-S01
REGIONAL::ALTA FLORESTA,2010,2,0.0,2010-S02
REGIONAL::ALTA FLORESTA,2010,3,1.0,2010-S03
REGIONAL::ALTA FLORESTA,2010,4,0.0,2010-S04
REGIONAL::ALTA FLORESTA,2010,5,0.0,2010-S05
REGIONAL::ALTA FLORESTA,2010,6,0.0,2010-S06
REGIONAL::ALTA FLORESTA,2010,7,1.0,2010-S07
REGIONAL::ALTA FLORESTA,2010,8,0.0,2010-S08
REGIONAL::ALTA FLORESTA,2010,9,0.0,2010-S09
REGIONAL::ALTA FLORESTA,2010,10,0.0,2010-S10
REGIONAL::ALTA FLORESTA,2010,11,0.0,2010-S11
REGIONAL::ALTA FLORESTA,2010,12,0.0,2010-S12
REGIONAL::ALTA FLORESTA,2010,13,0.0,2010-S13
REGIONAL::ALTA FLORESTA,2010,14,0.0,2010-S14
REGIONAL::ALTA FLORESTA,2010,15,0.0,2010-S15
REGIONAL::ALTA FLORESTA,2010,16,0.0,2010-S16
REGIONAL::ALTA FLORESTA,2010,17,0.0,2010-S17
REGIONAL::ALTA FLORESTA,2010,18,0.0,2010-S18
REGIONAL::ALTA FLORESTA,2010,19,0.0,2010-S19
REGIONAL::ALTA FLORESTA,2010,20,0.0,2010-S20
REGIONAL::ALTA FLORESTA,2010,21,0.0,2010-S21
REGIONAL::ALTA FLORESTA,2010,22,1.0,2010-S22
REGIONAL::ALTA FLORESTA,2010,23,0.0,2010-S23
REGIONAL::ALTA FLORESTA,2010,24,0.0,2010-S24
REGIONAL::ALTA FLORESTA,2010,25,0.0,2010-S25
REGIONAL::ALTA FLORESTA,2010,26,1.0,2010-S26
REGIONAL::ALTA FLORESTA,2010,27,0.0,2010-S27
REGIONAL::ALTA FLORESTA,2010,28,1.0,2010-S28
REGIONAL::ALTA FLORESTA,2010,29,0.0,2010-S29
REGIONAL::ALTA FLORESTA,2010,30,0.0,2010-S30
REGIONAL::ALTA FLORESTA,2010,31,0.0,2010-S31
REGIONAL::ALTA FLORESTA,2010,32,0.0,2010-S32
REGIONAL::ALTA FLORESTA,2010,33,0.0,2010-S33
REGIONAL::ALTA FLORESTA,2010,34,0.0,2010-S34
REGIONAL::ALTA FLORESTA,2010,35,0.0,2010-S35
REGIONAL::ALTA FLORESTA,2010,36,0.0,2010-S36
REGIONAL::ALTA FLORESTA,2010,37,0.0,2010-S37
REGIONAL::ALTA FLORESTA,2010,38,0.0,2010-S38
REGIONAL::ALTA FLORESTA,2010,39,2.0,2010-S39
REGIONAL::ALTA FLORESTA,2010,40,0.0,2010-S40
REGIONAL::ALTA FLORESTA,2010,41,0.0,2010-S41
REGIONAL::ALTA FLORESTA,2010,42,0.0,2010-S42
REGIONAL::ALTA FLORESTA,2010,43,0.0,2010-S43
REGIONAL::ALTA FLORESTA,2010,44,0.0,2010-S44
REGIONAL::ALTA FLORESTA,2010,45,0.0,2010-S45
REGIONAL::ALTA FLORESTA,2010,46,0.0,2010-S46
REGIONAL::ALTA FLORESTA,2010,47,0.0,2010-S47
REGIONAL::ALTA FLORESTA,2010,48,0.0,2010-S48
REGIONAL::ALTA FLORESTA,2010,49,0.0,2010-S49
REGIONAL::ALTA FLORESTA,2010,50,0.0,2010-S50
REGIONAL::ALTA FLORESTA,2010,51,0.0,2010-S51
REGIONAL::ALTA FLORESTA,2010,52,0.0,2010-S52
REGIONAL::ALTA FLORESTA,2011,1,0.0,2011-S01
REGIONAL::ALTA FLORESTA,2011,2,0.0,2011-S02
REGIONAL::ALTA FLORESTA,2011,3,0.0,2011-S03
REGIONAL::ALTA FLORESTA,2011,4,1.0,2011-S04
REGIONAL::ALTA FLORESTA,2011,5,0.0,2011-S05
REGIONAL::ALTA FLORESTA,2011,6,0.0,2011-S06
REGIONAL::ALTA FLORESTA,2011,7,0.0,2011-S07
REGIONAL::ALTA FLORESTA,2011,8,0.0,2011-S08
REGIONAL::ALTA FLORESTA,2011,9,0.0,2011-S09
REGIONAL::ALTA FLORESTA,2011,10,0.0,2011-S10
REGIONAL::ALTA FLORESTA,2011,11,0.0,2011-S11
REGIONAL::ALTA FLORESTA,2011,12,0.0,2011-S12
REGIONAL::ALTA FLORESTA,2011,13,0.0,2011-S13
REGIONAL::ALTA FLORESTA,2011,14,0.0,2011-S14
REGIONAL::ALTA FLORESTA,2011,15,0.0,2011-S15
REGIONAL::ALTA FLORESTA,2011,16,0.0,2011-S16
REGIONAL::ALTA FLORESTA,2011,17,0.0,2011-S17
REGIONAL::ALTA FLORESTA,2011,18,0.0,2011-S18
REGIONAL::ALTA FLORESTA,2011,19,0.0,2011-S19
REGIONAL::ALTA FLORESTA,2011,20,0.0,2011-S20
REGIONAL::ALTA FLORESTA,2011,21,0.0,2011-S21
REGIONAL::ALTA FLORESTA,2011,22,0.0,2011-S22
REGIONAL::ALTA FLORESTA,2011,23,0.0,2011-S23
REGIONAL::ALTA FLORESTA,2011,24,0.0,2011-S24
REGIONAL::ALTA FLORESTA,2011,25,0.0,2011-S25
REGIONAL::ALTA FLORESTA,2011,26,0.0,2011-S26
REGIONAL::ALTA FLORESTA,2011,27,1.0,2011-S27
REGIONAL::ALTA FLORESTA,2011,28,0.0,2011-S28
REGIONAL::ALTA FLORESTA,2011,29,0.0,2011-S29
REGIONAL::ALTA FLORESTA,2011,30,0.0,2011-S30
REGIONAL::ALTA FLORESTA,2011,31,0.0,2011-S31
REGIONAL::ALTA FLORESTA,2011,32,0.0,2011-S32
REGIONAL::ALTA FLORESTA,2011,33,0.0,2011-S33
REGIONAL::ALTA FLORESTA,2011,34,0.0,2011-S34
REGIONAL::ALTA FLORESTA,2011,35,0.0,2011-S35
REGIONAL::ALTA FLORESTA,2011,36,0.0,2011-S36
REGIONAL::ALTA FLORESTA,2011,37,0.0,2011-S37
REGIONAL::ALTA FLORESTA,2011,38,0.0,2011-S38
REGIONAL::ALTA FLORESTA,2011,39,0.0,2011-S39
REGIONAL::ALTA FLORESTA,2011,40,0.0,2011-S40
REGIONAL::ALTA FLORESTA,2011,41,0.0,2011-S41
REGIONAL::ALTA FLORESTA,2011,42,0.0,2011-S42
REGIONAL::ALTA FLORESTA,2011,43,1.0,2011-S43
REGIONAL::ALTA FLORESTA,2011,44,0.0,2011-S44
REGIONAL::ALTA FLORESTA,2011,45,0.0,2011-S45
REGIONAL::ALTA FLORESTA,2011,46,0.0,2011-S46
REGIONAL::ALTA FLORESTA,2011,47,0.0,2011-S47
REGIONAL::ALTA FLORESTA,2011,48,0.0,2011-S48
REGIONAL::ALTA FLORESTA,2011,49,0.0,2011-S49
REGIONAL::ALTA FLORESTA,2011,50,0.0,2011-S50
REGIONAL::ALTA FLORESTA,2011,51,0.0,2011-S51
REGIONAL::ALTA FLORESTA,2011,52,0.0,2011-S52
REGIONAL::ALTA FLORESTA,2012,1,1.0,2012-S01
REGIONAL::ALTA FLORESTA,2012,2,0.0,2012-S02
REGIONAL::ALTA FLORESTA,2012,3,0.0,2012-S03
REGIONAL::ALTA FLORESTA,2012,4,0.0,2012-S04
REGIONAL::ALTA FLORESTA,2012,5,0.0,2012-S05
REGIONAL::ALTA FLORESTA,2012,6,0.0,2012-S06
REGIONAL::ALTA FLORESTA,2012,7,1.0,2012-S07
REGIONAL::ALTA FLORESTA,2012,8,0.0,2012-S08
REGIONAL::ALTA FLORESTA,2012,9,0.0,2012-S09
REGIONAL::ALTA FLORESTA,2012,10,0.0,2012-S10
REGIONAL::ALTA FLORESTA,2012,11,0.0,2012-S11
REGIONAL::ALTA FLORESTA,2012,12,1.0,2012-S12
REGIONAL::ALTA FLORESTA,2012,13,0.0,2012-S13
REGIONAL::ALTA FLORESTA,2012,14,0.0,2012-S14
REGIONAL::ALTA FLORESTA,2012,15,0.0,2012-S15
REGIONAL::ALTA FLORESTA,2012,16,0.0,2012-S16
REGIONAL::ALTA FLORESTA,2012,17,1.0,2012-S17
REGIONAL::ALTA FLORESTA,2012,18,0.0,2012-S18
REGIONAL::ALTA FLORESTA,2012,19,0.0,2012-S19
REGIONAL::ALTA FLORESTA,2012,20,0.0,2012-S20
REGIONAL::ALTA FLORESTA,2012,21,1.0,2012-S21
REGIONAL::ALTA FLORESTA,2012,22,0.0,2012-S22
REGIONAL::ALTA FLORESTA,2012,23,1.0,2012-S23
REGIONAL::ALTA FLORESTA,2012,24,0.0,2012-S24
REGIONAL::ALTA FLORESTA,2012,25,1.0,2012-S25
REGIONAL::ALTA FLORESTA,2012,26,0.0,2012-S26
REGIONAL::ALTA FLORESTA,2012,27,0.0,2012-S27
REGIONAL::ALTA FLORESTA,2012,28,0.0,2012-S28
REGIONAL::ALTA FLORESTA,2012,29,0.0,2012-S29
REGIONAL::ALTA FLORESTA,2012,30,1.0,2012-S30
REGIONAL::ALTA FLORESTA,2012,31,0.0,2012-S31
REGIONAL::ALTA FLORESTA,2012,32,0.0,2012-S32
REGIONAL::ALTA FLORESTA,2012,33,0.0,2012-S33
REGIONAL::ALTA FLORESTA,2012,34,1.0,2012-S34
REGIONAL::ALTA FLORESTA,2012,35,0.0,2012-S35
REGIONAL::ALTA FLORESTA,2012,36,0.0,2012-S36
REGIONAL::ALTA FLORESTA,2012,37,1.0,2012-S37
REGIONAL::ALTA FLORESTA,2012,38,0.0,2012-S38
REGIONAL::ALTA FLORESTA,2012,39,0.0,2012-S39
REGIONAL::ALTA FLORESTA,2012,40,0.0,2012-S40
REGIONAL::ALTA FLORESTA,2012,41,0.0,2012-S41
REGIONAL::ALTA FLORESTA,2012,42,1.0,2012-S42
REGIONAL::ALTA FLORESTA,2012,43,0.0,2012-S43
REGIONAL::ALTA FLORESTA,2012,44,0.0,2012-S44
REGIONAL::ALTA FLORESTA,2012,45,0.0,2012-S45
REGIONAL::ALTA FLORESTA,2012,46,0.0,2012-S46
REGIONAL::ALTA FLORESTA,2012,47,0.0,2012-S47
REGIONAL::ALTA FLORESTA,2012,48,0.0,2012-S48
REGIONAL::ALTA FLORESTA,2012,49,0.0,2012-S49
REGIONAL::ALTA FLORESTA,2012,50,0.0,2012-S50
REGIONAL::ALTA FLORESTA,2012,51,0.0,2012-S51
REGIONAL::ALTA FLORESTA,2012,52,0.0,2012-S52
REGIONAL::ALTA FLORESTA,2013,1,0.0,2013-S01
REGIONAL::ALTA FLORESTA,2013,2,0.0,2013-S02
REGIONAL::ALTA FLORESTA,2013,3,0.0,2013-S03
REGIONAL::ALTA FLORESTA,2013,4,0.0,2013-S04
REGIONAL::ALTA FLORESTA,2013,5,0.0,2013-S05
REGIONAL::ALTA FLORESTA,2013,6,0.0,2013-S06
REGIONAL::ALTA FLORESTA,2013,7,0.0,2013-S07
REGIONAL::ALTA FLORESTA,2013,8,0.0,2013-S08
REGIONAL::ALTA FLORESTA,2013,9,1.0,2013-S09
REGIONAL::ALTA FLORESTA,2013,10,0.0,2013-S10
REGIONAL::ALTA FLORESTA,2013,11,1.0,2013-S11
REGIONAL::ALTA FLORESTA,2013,12,0.0,2013-S12
REGIONAL::ALTA FLORESTA,2013,13,0.0,2013-S13
REGIONAL::ALTA FLORESTA,2013,14,0.0,2013-S14
REGIONAL::ALTA FLORESTA,2013,15,0.0,2013-S15
REGIONAL::ALTA FLORESTA,2013,16,0.0,2013-S16
REGIONAL::ALTA FLORESTA,2013,17,0.0,2013-S17
REGIONAL::ALTA FLORESTA,2013,18,0.0,2013-S18
REGIONAL::ALTA FLORESTA,2013,19,0.0,2013-S19
REGIONAL::ALTA FLORESTA,2013,20,2.0,2013-S20
REGIONAL::ALTA FLORESTA,2013,21,0.0,2013-S21
REGIONAL::ALTA FLORESTA,2013,22,0.0,2013-S22
REGIONAL::ALTA FLORESTA,2013,23,0.0,2013-S23
REGIONAL::ALTA FLORESTA,2013,24,0.0,2013-S24
REGIONAL::ALTA FLORESTA,2013,25,0.0,2013-S25
REGIONAL::ALTA FLORESTA,2013,26,0.0,2013-S26
REGIONAL::ALTA FLORESTA,2013,27,0.0,2013-S27
REGIONAL::ALTA FLORESTA,2013,28,0.0,2013-S28
REGIONAL::ALTA FLORESTA,2013,29,0.0,2013-S29
REGIONAL::ALTA FLORESTA,2013,30,0.0,2013-S30
REGIONAL::ALTA FLORESTA,2013,31,0.0,2013-S31
REGIONAL::ALTA FLORESTA,2013,32,0.0,2013-S32
REGIONAL::ALTA FLORESTA,2013,33,0.0,2013-S33
REGIONAL::ALTA FLORESTA,2013,34,0.0,2013-S34
REGIONAL::ALTA FLORESTA,2013,35,0.0,2013-S35
REGIONAL::ALTA FLORESTA,2013,36,0.0,2013-S36
REGIONAL::ALTA FLORESTA,2013,37,1.0,2013-S37
REGIONAL::ALTA FLORESTA,2013,38,0.0,2013-S38
REGIONAL::ALTA FLORESTA,2013,39,0.0,2013-S39
REGIONAL::ALTA FLORESTA,2013,40,0.0,2013-S40
REGIONAL::ALTA FLORESTA,2013,41,0.0,2013-S41
REGIONAL::ALTA FLORESTA,2013,42,0.0,2013-S42
REGIONAL::ALTA FLORESTA,2013,43,0.0,2013-S43
REGIONAL::ALTA FLORESTA,2013,44,0.0,2013-S44
REGIONAL::ALTA FLORESTA,2013,45,0.0,2013-S45
REGIONAL::ALTA FLORESTA,2013,46,0.0,2013-S46
REGIONAL::ALTA FLORESTA,2013,47,0.0,2013-S47
REGIONAL::ALTA FLORESTA,2013,48,0.0,2013-S48
REGIONAL::ALTA FLORESTA,2013,49,0.0,2013-S49
REGIONAL::ALTA FLORESTA,2013,50,0.0,2013-S50
REGIONAL::ALTA FLORESTA,2013,51,0.0,2013-S51
REGIONAL::ALTA FLORESTA,2013,52,0.0,2013-S52
REGIONAL::ALTA FLORESTA,2014,1,0.0,2014-S01
REGIONAL::ALTA FLORESTA,2014,2,0.0,2014-S02
REGIONAL::ALTA FLORESTA,2014,3,0.0,2014-S03
REGIONAL::ALTA FLORESTA,2014,4,0.0,2014-S04
REGIONAL::ALTA FLORESTA,2014,5,0.0,2014-S05
REGIONAL::ALTA FLORESTA,2014,6,0.0,2014-S06
REGIONAL::ALTA FLORESTA,2014,7,0.0,2014-S07
REGIONAL::ALTA FLORESTA,2014,8,0.0,2014-S08
REGIONAL::ALTA FLORESTA,2014,9,0.0,2014-S09
REGIONAL::ALTA FLORESTA,2014,10,0.0,2014-S10
REGIONAL::ALTA FLORESTA,2014,11,0.0,2014-S11
REGIONAL::ALTA FLORESTA,2014,12,0.0,2014-S12
REGIONAL::ALTA FLORESTA,2014,13,0.0,2014-S13
REGIONAL::ALTA FLORESTA,2014,14,0.0,2014-S14
REGIONAL::ALTA FLORESTA,2014,15,0.0,2014-S15
REGIONAL::ALTA FLORESTA,2014,16,1.0,2014-S16
REGIONAL::ALTA FLORESTA,2014,17,0.0,2014-S17
REGIONAL::ALTA FLORESTA,2014,18,0.0,2014-S18
REGIONAL::ALTA FLORESTA,2014,19,1.0,2014-S19
REGIONAL::ALTA FLORESTA,2014,20,0.0,2014-S20
REGIONAL::ALTA FLORESTA,2014,21,0.0,2014-S21
REGIONAL::ALTA FLORESTA,2014,22,0.0,2014-S22
REGIONAL::ALTA FLORESTA,2014,23,0.0,2014-S23
REGIONAL::ALTA FLORESTA,2014,24,0.0,2014-S24
REGIONAL::ALTA FLORESTA,2014,25,0.0,2014-S25
REGIONAL::ALTA FLORESTA,2014,26,0.0,2014-S26
REGIONAL::ALTA FLORESTA,2014,27,1.0,2014-S27
REGIONAL::ALTA FLORESTA,2014,28,0.0,2014-S28
REGIONAL::ALTA FLORESTA,2014,29,0.0,2014-S29
REGIONAL::ALTA FLORESTA,2014,30,0.0,2014-S30
REGIONAL::ALTA FLORESTA,2014,31,0.0,2014-S31
REGIONAL::ALTA FLORESTA,2014,32,0.0,2014-S32
REGIONAL::ALTA FLORESTA,2014,33,0.0,2014-S33
REGIONAL::ALTA FLORESTA,2014,34,0.0,2014-S34
REGIONAL::ALTA FLORESTA,2014,35,0.0,2014-S35
REGIONAL::ALTA FLORESTA,2014,36,0.0,2014-S36
REGIONAL::ALTA FLORESTA,2014,37,0.0,2014-S37
REGIONAL::ALTA FLORESTA,2014,38,0.0,2014-S38
REGIONAL::ALTA FLORESTA,2014,39,0.0,2014-S39
REGIONAL::ALTA FLORESTA,2014,40,0.0,2014-S40
REGIONAL::ALTA FLORESTA,2014,41,0.0,2014-S41
REGIONAL::ALTA FLORESTA,2014,42,0.0,2014-S42
REGIONAL::ALTA FLORESTA,2014,43,0.0,2014-S43
REGIONAL::ALTA FLORESTA,2014,44,0.0,2014-S44
REGIONAL::ALTA FLORESTA,2014,45,0.0,2014-S45
REGIONAL::ALTA FLORESTA,2014,46,1.0,2014-S46
REGIONAL::ALTA FLORESTA,2014,47,0.0,2014-S47
REGIONAL::ALTA FLORESTA,2014,48,0.0,2014-S48
REGIONAL::ALTA FLORESTA,2014,49,0.0,2014-S49
REGIONAL::ALTA FLORESTA,2014,50,0.0,2014-S50
REGIONAL::ALTA FLORESTA,2014,51,0.0,2014-S51
REGIONAL::ALTA FLORESTA,2014,52,0.0,2014-S52
REGIONAL::ALTA FLORESTA,2015,1,0.0,2015-S01
REGIONAL::ALTA FLORESTA,2015,2,0.0,2015-S02
REGIONAL::ALTA FLORESTA,2015,3,0.0,2015-S03
REGIONAL::ALTA FLORESTA,2015,4,0.0,2015-S04
REGIONAL::ALTA FLORESTA,2015,5,0.0,2015-S05
REGIONAL::ALTA FLORESTA,2015,6,0.0,2015-S06
REGIONAL::ALTA FLORESTA,2015,7,0.0,2015-S07
REGIONAL::ALTA FLORESTA,2015,8,0.0,2015-S08
REGIONAL::ALTA FLORESTA,2015,9,0.0,2015-S09
REGIONAL::ALTA FLORESTA,2015,10,0.0,2015-S10
REGIONAL::ALTA FLORESTA,2015,11,0.0,2015-S11
REGIONAL::ALTA FLORESTA,2015,12,0.0,2015-S12
REGIONAL::ALTA FLORESTA,2015,13,0.0,2015-S13
REGIONAL::ALTA FLORESTA,2015,14,0.0,2015-S14
REGIONAL::ALTA FLORESTA,2015,15,0.0,2015-S15
REGIONAL::ALTA FLORESTA,2015,16,0.0,2015-S16
REGIONAL::ALTA FLORESTA,2015,17,0.0,2015-S17
REGIONAL::ALTA FLORESTA,2015,18,0.0,2015-S18
REGIONAL::ALTA FLORESTA,2015,19,0.0,2015-S19
REGIONAL::ALTA FLORESTA,2015,20,0.0,2015-S20
REGIONAL::ALTA FLORESTA,2015,21,0.0,2015-S21
REGIONAL::ALTA FLORESTA,2015,22,0.0,2015-S22
REGIONAL::ALTA FLORESTA,2015,23,1.0,2015-S23
REGIONAL::ALTA FLORESTA,2015,24,0.0,2015-S24
REGIONAL::ALTA FLORESTA,2015,25,0.0,2015-S25
REGIONAL::ALTA FLORESTA,2015,26,0.0,2015-S26
REGIONAL::ALTA FLORESTA,2015,27,0.0,2015-S27
REGIONAL::ALTA FLORESTA,2015,28,1.0,2015-S28
REGIONAL::ALTA FLORESTA,2015,29,2.0,2015-S29
REGIONAL::ALTA FLORESTA,2015,30,0.0,2015-S30
REGIONAL::ALTA FLORESTA,2015,31,0.0,2015-S31
REGIONAL::ALTA FLORESTA,2015,32,0.0,2015-S32
REGIONAL::ALTA FLORESTA,2015,33,0.0,2015-S33
REGIONAL::ALTA FLORESTA,2015,34,0.0,2015-S34
REGIONAL::ALTA FLORESTA,2015,35,1.0,2015-S35
REGIONAL::ALTA FLORESTA,2015,36,0.0,2015-S36
REGIONAL::ALTA FLORESTA,2015,37,0.0,2015-S37
REGIONAL::ALTA FLORESTA,2015,38,0.0,2015-S38
REGIONAL::ALTA FLORESTA,2015,39,0.0,2015-S39
REGIONAL::ALTA FLORESTA,2015,40,0.0,2015-S40
REGIONAL::ALTA FLORESTA,2015,41,0.0,2015-S41
REGIONAL::ALTA FLORESTA,2015,42,0.0,2015-S42
REGIONAL::ALTA FLORESTA,2015,43,0.0,2015-S43
REGIONAL::ALTA FLORESTA,2015,44,0.0,2015-S44
REGIONAL::ALTA FLORESTA,2015,45,0.0,2015-S45
REGIONAL::ALTA FLORESTA,2015,46,0.0,2015-S46
REGIONAL::ALTA FLORESTA,2015,47,1.0,2015-S47
REGIONAL::ALTA FLORESTA,2015,48,0.0,2015-S48
REGIONAL::ALTA FLORESTA,2015,49,0.0,2015-S49
REGIONAL::ALTA FLORESTA,2015,50,0.0,2015-S50
REGIONAL::ALTA FLORESTA,2015,51,0.0,2015-S51
REGIONAL::ALTA FLORESTA,2015,52,0.0,2015-S52
REGIONAL::ALTA FLORESTA,2016,1,0.0,2016-S01
REGIONAL::ALTA FLORESTA,2016,2,0.0,2016-S02
REGIONAL::ALTA FLORESTA,2016,3,0.0,2016-S03
REGIONAL::ALTA FLORESTA,2016,4,0.0,2016-S04
REGIONAL::ALTA FLORESTA,2016,5,1.0,2016-S05
REGIONAL::ALTA FLORESTA,2016,6,0.0,2016-S06
REGIONAL::ALTA FLORESTA,2016,7,0.0,2016-S07
REGIONAL::ALTA FLORESTA,2016,8,0.0,2016-S08
REGIONAL::ALTA FLORESTA,2016,9,0.0,2016-S09
REGIONAL::ALTA FLORESTA,2016,10,0.0,2016-S10
REGIONAL::ALTA FLORESTA,2016,11,0.0,2016-S11
REGIONAL::ALTA FLORESTA,2016,12,0.0,2016-S12
REGIONAL::ALTA FLORESTA,2016,13,0.0,2016-S13
REGIONAL::ALTA FLORESTA,2016,14,0.0,2016-S14
REGIONAL::ALTA FLORESTA,2016,15,0.0,2016-S15
REGIONAL::ALTA FLORESTA,2016,16,0.0,2016-S16
REGIONAL::ALTA FLORESTA,2016,17,0.0,2016-S17
REGIONAL::ALTA FLORESTA,2016,18,0.0,2016-S18
REGIONAL::ALTA FLORESTA,2016,19,0.0,2016-S19
REGIONAL::ALTA FLORESTA,2016,20,0.0,2016-S20
REGIONAL::ALTA FLORESTA,2016,21,0.0,2016-S21
REGIONAL::ALTA FLORESTA,2016,22,0.0,2016-S22
REGIONAL::ALTA FLORESTA,2016,23,0.0,2016-S23
REGIONAL::ALTA FLORESTA,2016,24,0.0,2016-S24
REGIONAL::ALTA FLORESTA,2016,25,0.0,2016-S25
REGIONAL::ALTA FLORESTA,2016,26,0.0,2016-S26
REGIONAL::ALTA FLORESTA,2016,27,0.0,2016-S27
REGIONAL::ALTA FLORESTA,2016,28,0.0,2016-S28
REGIONAL::ALTA FLORESTA,2016,29,1.0,2016-S29
REGIONAL::ALTA FLORESTA,2016,30,1.0,2016-S30
REGIONAL::ALTA FLORESTA,2016,31,0.0,2016-S31
REGIONAL::ALTA FLORESTA,2016,32,0.0,2016-S32
REGIONAL::ALTA FLORESTA,2016,33,0.0,2016-S33
REGIONAL::ALTA FLORESTA,2016,34,0.0,2016-S34
REGIONAL::ALTA FLORESTA,2016,35,0.0,2016-S35
REGIONAL::ALTA FLORESTA,2016,36,0.0,2016-S36
REGIONAL::ALTA FLORESTA,2016,37,0.0,2016-S37
REGIONAL::ALTA FLORESTA,2016,38,0.0,2016-S38
REGIONAL::ALTA FLORESTA,2016,39,0.0,2016-S39
REGIONAL::ALTA FLORESTA,2016,40,0.0,2016-S40
REGIONAL::ALTA FLORESTA,2016,41,0.0,2016-S41
REGIONAL::ALTA FLORESTA,2016,42,0.0,2016-S42
REGIONAL::ALTA FLORESTA,2016,43,0.0,2016-S43
REGIONAL::ALTA FLORESTA,2016,44,0.0,2016-S44
REGIONAL::ALTA FLORESTA,2016,45,1.0,2016-S45
REGIONAL::ALTA FLORESTA,2016,46,0.0,2016-S46
REGIONAL::ALTA FLORESTA,2016,47,0.0,2016-S47
REGIONAL::ALTA FLORESTA,2016,48,0.0,2016-S48
REGIONAL::ALTA FLORESTA,2016,49,1.0,2016-S49
REGIONAL::ALTA FLORESTA,2016,50,0.0,2016-S50
REGIONAL::ALTA FLORESTA,2016,51,0.0,2016-S51
REGIONAL::ALTA FLORESTA,2016,52,0.0,2016-S52
REGIONAL::ALTA FLORESTA,2017,1,0.0,2017-S01
REGIONAL::ALTA FLORESTA,2017,2,0.0,2017-S02
REGIONAL::ALTA FLORESTA,2017,3,0.0,2017-S03
REGIONAL::ALTA FLORESTA,2017,4,0.0,2017-S04
REGIONAL::ALTA FLORESTA,2017,5,0.0,2017-S05
REGIONAL::ALTA FLORESTA,2017,6,0.0,2017-S06
REGIONAL::ALTA FLORESTA,2017,7,0.0,2017-S07
REGIONAL::ALTA FLORESTA,2017,8,0.0,2017-S08
REGIONAL::ALTA FLORESTA,2017,9,0.0,2017-S09
REGIONAL::ALTA FLORESTA,2017,10,0.0,2017-S10
REGIONAL::ALTA FLORESTA,2017,11,1.0,2017-S11
REGIONAL::ALTA FLORESTA,2017,12,0.0,2017-S12
REGIONAL::ALTA FLORESTA,2017,13,0.0,2017-S13
REGIONAL::ALTA FLORESTA,2017,14,0.0,2017-S14
REGIONAL::ALTA FLORESTA,2017,15,1.0,2017-S15
REGIONAL::ALTA FLORESTA,2017,16,0.0,2017-S16
REGIONAL::ALTA FLORESTA,2017,17,0.0,2017-S17
REGIONAL::ALTA FLORESTA,2017,18,0.0,2017-S18
REGIONAL::ALTA FLORESTA,2017,19,0.0,2017-S19
REGIONAL::ALTA FLORESTA,2017,20,0.0,2017-S20
REGIONAL::ALTA FLORESTA,2017,21,0.0,2017-S21
REGIONAL::ALTA FLORESTA,2017,22,0.0,2017-S22
REGIONAL::ALTA FLORESTA,2017,23,0.0,2017-S23
REGIONAL::ALTA FLORESTA,2017,24,0.0,2017-S24
REGIONAL::ALTA FLORESTA,2017,25,0.0,2017-S25
REGIONAL::ALTA FLORESTA,2017,26,0.0,2017-S26
REGIONAL::ALTA FLORESTA,2017,27,0.0,2017-S27
REGIONAL::ALTA FLORESTA,2017,28,0.0,2017-S28
REGIONAL::ALTA FLORESTA,2017,29,0.0,2017-S29
REGIONAL::ALTA FLORESTA,2017,30,0.0,2017-S30
REGIONAL::ALTA FLORESTA,2017,31,0.0,2017-S31
REGIONAL::ALTA FLORESTA,2017,32,0.0,2017-S32
REGIONAL::ALTA FLORESTA,2017,33,0.0,2017-S33
REGIONAL::ALTA FLORESTA,2017,34,0.0,2017-S34
REGIONAL::ALTA FLORESTA,2017,35,0.0,2017-S35
REGIONAL::ALTA FLORESTA,2017,36,0.0,2017-S36
REGIONAL::ALTA FLORESTA,2017,37,0.0,2017-S37
REGIONAL::ALTA FLORESTA,2017,38,1.0,2017-S38
REGIONAL::ALTA FLORESTA,2017,39,0.0,2017-S39
REGIONAL::ALTA FLORESTA,2017,40,0.0,2017-S40
REGIONAL::ALTA FLORESTA,2017,41,0.0,2017-S41
REGIONAL::ALTA FLORESTA,2017,42,0.0,2017-S42
REGIONAL::ALTA FLORESTA,2017,43,0.0,2017-S43
REGIONAL::ALTA FLORESTA,2017,44,0.0,2017-S44
REGIONAL::ALTA FLORESTA,2017,45,0.0,2017-S45
REGIONAL::ALTA FLORESTA,2017,46,0.0,2017-S46
REGIONAL::ALTA FLORESTA,2017,47,0.0,2017-S47
REGIONAL::ALTA FLORESTA,2017,48,1.0,2017-S48
REGIONAL::ALTA FLORESTA,2017,49,0.0,2017-S49
REGIONAL::ALTA FLORESTA,2017,50,1.0,2017-S50
REGIONAL::ALTA FLORESTA,2017,51,0.0,2017-S51
REGIONAL::ALTA FLORESTA,2017,52,0.0,2017-S52
REGIONAL::ALTA FLORESTA,2018,1,0.0,2018-S01
REGIONAL::ALTA FLORESTA,2018,2,0.0,2018-S02
REGIONAL::ALTA FLORESTA,2018,3,0.0,2018-S03
REGIONAL::ALTA FLORESTA,2018,4,0.0,2018-S04
REGIONAL::ALTA FLORESTA,2018,5,0.0,2018-S05
REGIONAL::ALTA FLORESTA,2018,6,0.0,2018-S06
REGIONAL::ALTA FLORESTA,2018,7,0.0,2018-S07
REGIONAL::ALTA FLORESTA,2018,8,0.0,2018-S08
REGIONAL::ALTA FLORESTA,2018,9,0.0,2018-S09
REGIONAL::ALTA FLORESTA,2018,10,0.0,2018-S10
REGIONAL::ALTA FLORESTA,2018,11,0.0,2018-S11
REGIONAL::ALTA FLORESTA,2018,12,0.0,2018-S12
REGIONAL::ALTA FLORESTA,2018,13,0.0,2018-S13
REGIONAL::ALTA FLORESTA,2018,14,0.0,2018-S14
REGIONAL::ALTA FLORESTA,2018,15,0.0,2018-S15
REGIONAL::ALTA FLORESTA,2018,16,0.0,2018-S16
REGIONAL::ALTA FLORESTA,2018,17,0.0,2018-S17
REGIONAL::ALTA FLORESTA,2018,18,0.0,2018-S18
REGIONAL::ALTA FLORESTA,2018,19,0.0,2018-S19
REGIONAL::ALTA FLORESTA,2018,20,0.0,2018-S20
REGIONAL::ALTA FLORESTA,2018,21,0.0,2018-S21
REGIONAL::ALTA FLORESTA,2018,22,0.0,2018-S22
REGIONAL::ALTA FLORESTA,2018,23,0.0,2018-S23
REGIONAL::ALTA FLORESTA,2018,24,1.0,2018-S24
REGIONAL::ALTA FLORESTA,2018,25,1.0,2018-S25
REGIONAL::ALTA FLORESTA,2018,26,0.0,2018-S26
REGIONAL::ALTA FLORESTA,2018,27,0.0,2018-S27
REGIONAL::ALTA FLORESTA,2018,28,1.0,2018-S28
REGIONAL::ALTA FLORESTA,2018,29,0.0,2018-S29
REGIONAL::ALTA FLORESTA,2018,30,2.0,2018-S30
REGIONAL::ALTA FLORESTA,2018,31,0.0,2018-S31
REGIONAL::ALTA FLORESTA,2018,32,0.0,2018-S32
REGIONAL::ALTA FLORESTA,2018,33,0.0,2018-S33
REGIONAL::ALTA FLORESTA,2018,34,0.0,2018-S34
REGIONAL::ALTA FLORESTA,2018,35,0.0,2018-S35
REGIONAL::ALTA FLORESTA,2018,36,0.0,2018-S36
REGIONAL::ALTA FLORESTA,2018,37,0.0,2018-S37
REGIONAL::ALTA FLORESTA,2018,38,0.0,2018-S38
REGIONAL::ALTA FLORESTA,2018,39,0.0,2018-S39
REGIONAL::ALTA FLORESTA,2018,40,0.0,2018-S40
REGIONAL::ALTA FLORESTA,2018,41,0.0,2018-S41
REGIONAL::ALTA FLORESTA,2018,42,0.0,2018-S42
REGIONAL::ALTA FLORESTA,2018,43,0.0,2018-S43
REGIONAL::ALTA FLORESTA,2018,44,0.0,2018-S44
REGIONAL::ALTA FLORESTA,2018,45,0.0,2018-S45
REGIONAL::ALTA FLORESTA,2018,46,0.0,2018-S46
REGIONAL::ALTA FLORESTA,2018,47,0.0,2018-S47
REGIONAL::ALTA FLORESTA,2018,48,0.0,2018-S48
REGIONAL::ALTA FLORESTA,2018,49,0.0,2018-S49
REGIONAL::ALTA FLORESTA,2018,50,0.0,2018-S50
REGIONAL::ALTA FLORESTA,2018,51,0.0,2018-S51
REGIONAL::ALTA FLORESTA,2018,52,0.0,2018-S52
REGIONAL::ALTA FLORESTA,2019,1,0.0,2019-S01
REGIONAL::ALTA FLORESTA,2019,2,0.0,2019-S02
REGIONAL::ALTA FLORESTA,2019,3,0.0,2019-S03
REGIONAL::ALTA FLORESTA,2019,4,0.0,2019-S04
REGIONAL::ALTA FLORESTA,2019,5,0.0,2019-S05
REGIONAL::ALTA FLORESTA,2019,6,0.0,2019-S06
REGIONAL::ALTA FLORESTA,2019,7,0.0,2019-S07
REGIONAL::ALTA FLORESTA,2019,8,0.0,2019-S08
REGIONAL::ALTA FLORESTA,2019,9,0.0,2019-S09
REGIONAL::ALTA FLORESTA,2019,10,1.0,2019-S10
REGIONAL::ALTA FLORESTA,2019,11,0.0,2019-S11
REGIONAL::ALTA FLORESTA,2019,12,0.0,2019-S12
REGIONAL::ALTA FLORESTA,2019,13,0.0,2019-S13
REGIONAL::ALTA FLORESTA,2019,14,0.0,2019-S14
REGIONAL::ALTA FLORESTA,2019,15,0.0,2019-S15
REGIONAL::ALTA FLORESTA,2019,16,0.0,2019-S16
REGIONAL::ALTA FLORESTA,2019,17,0.0,2019-S17
REGIONAL::ALTA FLORESTA,2019,18,0.0,2019-S18
REGIONAL::ALTA FLORESTA,2019,19,0.0,2019-S19
REGIONAL::ALTA FLORESTA,2019,20,0.0,2019-S20
REGIONAL::ALTA FLORESTA,2019,21,0.0,2019-S21
REGIONAL::ALTA FLORESTA,2019,22,0.0,2019-S22
REGIONAL::ALTA FLORESTA,2019,23,0.0,2019-S23
REGIONAL::ALTA FLORESTA,2019,24,0.0,2019-S24
REGIONAL::ALTA FLORESTA,2019,25,0.0,2019-S25
REGIONAL::ALTA FLORESTA,2019,26,0.0,2019-S26
REGIONAL::ALTA FLORESTA,2019,27,0.0,2019-S27
REGIONAL::ALTA FLORESTA,2019,28,0.0,2019-S28
REGIONAL::ALTA FLORESTA,2019,29,0.0,2019-S29
REGIONAL::ALTA FLORESTA,2019,30,0.0,2019-S30
REGIONAL::ALTA FLORESTA,2019,31,0.0,2019-S31
REGIONAL::ALTA FLORESTA,2019,32,0.0,2019-S32
REGIONAL::ALTA FLORESTA,2019,33,0.0,2019-S33
REGIONAL::ALTA FLORESTA,2019,34,0.0,2019-S34
REGIONAL::ALTA FLORESTA,2019,35,0.0,2019-S35
REGIONAL::ALTA FLORESTA,2019,36,0.0,2019-S36
REGIONAL::ALTA FLORESTA,2019,37,0.0,2019-S37
REGIONAL::ALTA FLORESTA,2019,38,0.0,2019-S38
REGIONAL::ALTA FLORESTA,2019,39,0.0,2019-S39
REGIONAL::ALTA FLORESTA,2019,40,0.0,2019-S40
REGIONAL::ALTA FLORESTA,2019,41,0.0,2019-S41
REGIONAL::ALTA FLORESTA,2019,42,0.0,2019-S42
REGIONAL::ALTA FLORESTA,2019,43,0.0,2019-S43
REGIONAL::ALTA FLORESTA,2019,44,0.0,2019-S44
REGIONAL::ALTA FLORESTA,2019,45,0.0,2019-S45
REGIONAL::ALTA FLORESTA,2019,46,0.0,2019-S46
REGIONAL::ALTA FLORESTA,2019,47,0.0,2019-S47
REGIONAL::ALTA FLORESTA,2019,48,1.0,2019-S48
REGIONAL::ALTA FLORESTA,2019,49,0.0,2019-S49
REGIONAL::ALTA FLORESTA,2019,50,0.0,2019-S50
REGIONAL::ALTA FLORESTA,2019,51,0.0,2019-S51
REGIONAL::ALTA FLORESTA,2019,52,0.0,2019-S52
REGIONAL::ALTA FLORESTA,2020,1,0.0,2020-S01
REGIONAL::ALTA FLORESTA,2020,2,0.0,2020-S02
REGIONAL::ALTA FLORESTA,2020,3,0.0,2020-S03
REGIONAL::ALTA FLORESTA,2020,4,0.0,2020-S04
REGIONAL::ALTA FLORESTA,2020,5,0.0,2020-S05
REGIONAL::ALTA FLORESTA,2020,6,0.0,2020-S06
REGIONAL::ALTA FLORESTA,2020,7,0.0,2020-S07
REGIONAL::ALTA FLORESTA,2020,8,0.0,2020-S08
REGIONAL::ALTA FLORESTA,2020,9,0.0,2020-S09
REGIONAL::ALTA FLORESTA,2020,10,0.0,2020-S10
REGIONAL::ALTA FLORESTA,2020,11,0.0,2020-S11
REGIONAL::ALTA FLORESTA,2020,12,0.0,2020-S12
REGIONAL::ALTA FLORESTA,2020,13,0.0,2020-S13
REGIONAL::ALTA FLORESTA,2020,14,0.0,2020-S14
REGIONAL::ALTA FLORESTA,2020,15,0.0,2020-S15
REGIONAL::ALTA FLORESTA,2020,16,0.0,2020-S16
REGIONAL::ALTA FLORESTA,2020,17,0.0,2020-S17
REGIONAL::ALTA FLORESTA,2020,18,0.0,2020-S18
REGIONAL::ALTA FLORESTA,2020,19,0.0,2020-S19
REGIONAL::ALTA FLORESTA,2020,20,0.0,2020-S20
REGIONAL::ALTA FLORESTA,2020,21,0.0,2020-S21
REGIONAL::ALTA FLORESTA,2020,22,0.0,2020-S22
REGIONAL::ALTA FLORESTA,2020,23,0.0,2020-S23
REGIONAL::ALTA FLORESTA,2020,24,0.0,2020-S24
REGIONAL::ALTA FLORESTA,2020,25,0.0,2020-S25
REGIONAL::ALTA FLORESTA,2020,26,0.0,2020-S26
REGIONAL::ALTA FLORESTA,2020,27,0.0,2020-S27
REGIONAL::ALTA FLORESTA,2020,28,0.0,2020-S28
REGIONAL::ALTA FLORESTA,2020,29,0.0,2020-S29
REGIONAL::ALTA FLORESTA,2020,30,0.0,2020-S30
REGIONAL::ALTA FLORESTA,2020,31,0.0,2020-S31
REGIONAL::ALTA FLORESTA,2020,32,1.0,2020-S32
REGIONAL::ALTA FLORESTA,2020,33,0.0,2020-S33
REGIONAL::ALTA FLORESTA,2020,34,0.0,2020-S34
REGIONAL::ALTA FLORESTA,2020,35,0.0,2020-S35
REGIONAL::ALTA FLORESTA,2020,36,0.0,2020-S36
REGIONAL::ALTA FLORESTA,2020,37,0.0,2020-S37
REGIONAL::ALTA FLORESTA,2020,38,0.0,2020-S38
REGIONAL::ALTA FLORESTA,2020,39,2.0,2020-S39
REGIONAL::ALTA FLORESTA,2020,40,0.0,2020-S40
REGIONAL::ALTA FLORESTA,2020,41,0.0,2020-S41
REGIONAL::ALTA FLORESTA,2020,42,1.0,2020-S42
REGIONAL::ALTA FLORESTA,2020,43,0.0,2020-S43
REGIONAL::ALTA FLORESTA,2020,44,0.0,2020-S44
REGIONAL::ALTA FLORESTA,2020,45,0.0,2020-S45
REGIONAL::ALTA FLORESTA,2020,46,0.0,2020-S46
REGIONAL::ALTA FLORESTA,2020,47,0.0,2020-S47
REGIONAL::ALTA FLORESTA,2020,48,0.0,2020-S48
REGIONAL::ALTA FLORESTA,2020,49,0.0,2020-S49
REGIONAL::ALTA FLORESTA,2020,50,0.0,2020-S50
REGIONAL::ALTA FLORESTA,2020,51,0.0,2020-S51
REGIONAL::ALTA FLORESTA,2020,52,0.0,2020-S52
REGIONAL::ALTA FLORESTA,2021,1,0.0,2021-S01
REGIONAL::ALTA FLORESTA,2021,2,0.0,2021-S02
REGIONAL::ALTA FLORESTA,2021,3,0.0,2021-S03
REGIONAL::ALTA FLORESTA,2021,4,0.0,2021-S04
REGIONAL::ALTA FLORESTA,2021,5,0.0,2021-S05
REGIONAL::ALTA FLORESTA,2021,6,0.0,2021-S06
REGIONAL::ALTA FLORESTA,2021,7,0.0,2021-S07
REGIONAL::ALTA FLORESTA,2021,8,0.0,2021-S08
REGIONAL::ALTA FLORESTA,2021,9,0.0,2021-S09
REGIONAL::ALTA FLORESTA,2021,10,0.0,2021-S10
REGIONAL::ALTA FLORESTA,2021,11,0.0,2021-S11
REGIONAL::ALTA FLORESTA,2021,12,0.0,2021-S12
REGIONAL::ALTA FLORESTA,2021,13,1.0,2021-S13
REGIONAL::ALTA FLORESTA,2021,14,0.0,2021-S14
REGIONAL::ALTA FLORESTA,2021,15,0.0,2021-S15
REGIONAL::ALTA FLORESTA,2021,16,0.0,2021-S16
REGIONAL::ALTA FLORESTA,2021,17,0.0,2021-S17
REGIONAL::ALTA FLORESTA,2021,18,0.0,2021-S18
REGIONAL::ALTA FLORESTA,2021,19,0.0,2021-S19
REGIONAL::ALTA FLORESTA,2021,20,0.0,2021-S20
REGIONAL::ALTA FLORESTA,2021,21,0.0,2021-S21
REGIONAL::ALTA FLORESTA,2021,22,0.0,2021-S22
REGIONAL::ALTA FLORESTA,2021,23,0.0,2021-S23
REGIONAL::ALTA FLORESTA,2021,24,0.0,2021-S24
REGIONAL::ALTA FLORESTA,2021,25,0.0,2021-S25
REGIONAL::ALTA FLORESTA,2021,26,0.0,2021-S26
REGIONAL::ALTA FLORESTA,2021,27,0.0,2021-S27
REGIONAL::ALTA FLORESTA,2021,28,0.0,2021-S28
REGIONAL::ALTA FLORESTA,2021,29,0.0,2021-S29
REGIONAL::ALTA FLORESTA,2021,30,0.0,2021-S30
REGIONAL::ALTA FLORESTA,2021,31,0.0,2021-S31
REGIONAL::ALTA FLORESTA,2021,32,0.0,2021-S32
REGIONAL::ALTA FLORESTA,2021,33,0.0,2021-S33
REGIONAL::ALTA FLORESTA,2021,34,0.0,2021-S34
REGIONAL::ALTA FLORESTA,2021,35,0.0,2021-S35
REGIONAL::ALTA FLORESTA,2021,36,0.0,2021-S36
REGIONAL::ALTA FLORESTA,2021,37,0.0,2021-S37
REGIONAL::ALTA FLORESTA,2021,38,0.0,2021-S38
REGIONAL::ALTA FLORESTA,2021,39,0.0,2021-S39
REGIONAL::ALTA FLORESTA,2021,40,0.0,2021-S40
REGIONAL::ALTA FLORESTA,2021,41,0.0,2021-S41
REGIONAL::ALTA FLORESTA,2021,42,0.0,2021-S42
REGIONAL::ALTA FLORESTA,2021,43,0.0,2021-S43
REGIONAL::ALTA FLORESTA,2021,44,0.0,2021-S44
REGIONAL::ALTA FLORESTA,2021,45,0.0,2021-S45
REGIONAL::ALTA FLORESTA,2021,46,0.0,2021-S46
REGIONAL::ALTA FLORESTA,2021,47,0.0,2021-S47
REGIONAL::ALTA FLORESTA,2021,48,0.0,2021-S48
REGIONAL::ALTA FLORESTA,2021,49,0.0,2021-S49
REGIONAL::ALTA FLORESTA,2021,50,0.0,2021-S50
REGIONAL::ALTA FLORESTA,2021,51,0.0,2021-S51
REGIONAL::ALTA FLORESTA,2021,52,0.0,2021-S52
REGIONAL::ALTA FLORESTA,2022,1,0.0,2022-S01
REGIONAL::ALTA FLORESTA,2022,2,0.0,2022-S02
REGIONAL::ALTA FLORESTA,2022,3,0.0,2022-S03
REGIONAL::ALTA FLORESTA,2022,4,0.0,2022-S04
REGIONAL::ALTA FLORESTA,2022,5,0.0,2022-S05
REGIONAL::ALTA FLORESTA,2022,6,0.0,2022-S06
REGIONAL::ALTA FLORESTA,2022,7,0.0,2022-S07
REGIONAL::ALTA FLORESTA,2022,8,0.0,2022-S08
REGIONAL::ALTA FLORESTA,2022,9,0.0,2022-S09
REGIONAL::ALTA FLORESTA,2022,10,0.0,2022-S10
REGIONAL::ALTA FLORESTA,2022,11,0.0,2022-S11
REGIONAL::ALTA FLORESTA,2022,12,0.0,2022-S12
REGIONAL::ALTA FLORESTA,2022,13,0.0,2022-S13
REGIONAL::ALTA FLORESTA,2022,14,0.0,2022-S14
REGIONAL::ALTA FLORESTA,2022,15,1.0,2022-S15
REGIONAL::ALTA FLORESTA,2022,16,0.0,2022-S16
REGIONAL::ALTA FLORESTA,2022,17,0.0,2022-S17
REGIONAL::ALTA FLORESTA,2022,18,0.0,2022-S18
REGIONAL::ALTA FLORESTA,2022,19,0.0,2022-S19
REGIONAL::ALTA FLORESTA,2022,20,0.0,2022-S20
REGIONAL::ALTA FLORESTA,2022,21,1.0,2022-S21
REGIONAL::ALTA FLORESTA,2022,22,0.0,2022-S22
REGIONAL::ALTA FLORESTA,2022,23,0.0,2022-S23
REGIONAL::ALTA FLORESTA,2022,24,0.0,2022-S24
REGIONAL::ALTA FLORESTA,2022,25,0.0,2022-S25
REGIONAL::ALTA FLORESTA,2022,26,1.0,2022-S26
REGIONAL::ALTA FLORESTA,2022,27,0.0,2022-S27
REGIONAL::ALTA FLORESTA,2022,28,0.0,2022-S28
REGIONAL::ALTA FLORESTA,2022,29,0.0,2022-S29
REGIONAL::ALTA FLORESTA,2022,30,0.0,2022-S30
REGIONAL::ALTA FLORESTA,2022,31,0.0,2022-S31
REGIONAL::ALTA FLORESTA,2022,32,0.0,2022-S32
REGIONAL::ALTA FLORESTA,2022,33,0.0,2022-S33
REGIONAL::ALTA FLORESTA,2022,34,0.0,2022-S34
REGIONAL::ALTA FLORESTA,2022,35,0.0,2022-S35
REGIONAL::ALTA FLORESTA,2022,36,0.0,2022-S36
REGIONAL::ALTA FLORESTA,2022,37,0.0,2022-S37
REGIONAL::ALTA FLORESTA,2022,38,0.0,2022-S38
REGIONAL::ALTA FLORESTA,2022,39,0.0,2022-S39
REGIONAL::ALTA FLORESTA,2022,40,0.0,2022-S40
REGIONAL::ALTA FLORESTA,2022,41,0.0,2022-S41
REGIONAL::ALTA FLORESTA,2022,42,0.0,2022-S42
REGIONAL::ALTA FLORESTA,2022,43,0.0,2022-S43
REGIONAL::ALTA FLORESTA,2022,44,0.0,2022-S44
REGIONAL::ALTA FLORESTA,2022,45,0.0,2022-S45
REGIONAL::ALTA FLORESTA,2022,46,0.0,2022-S46
REGIONAL::ALTA FLORESTA,2022,47,1.0,2022-S47
REGIONAL::ALTA FLORESTA,2022,48,0.0,2022-S48
REGIONAL::ALTA FLORESTA,2022,49,0.0,2022-S49
REGIONAL::ALTA FLORESTA,2022,50,1.0,2022-S50
REGIONAL::ALTA FLORESTA,2022,51,0.0,2022-S51
REGIONAL::ALTA FLORESTA,2022,52,0.0,2022-S52
REGIONAL::ALTA FLORESTA,2023,1,0.0,2023-S01
REGIONAL::ALTA FLORESTA,2023,2,0.0,2023-S02
REGIONAL::ALTA FLORESTA,2023,3,0.0,2023-S03
REGIONAL::ALTA FLORESTA,2023,4,0.0,2023-S04
REGIONAL::ALTA FLORESTA,2023,5,0.0,2023-S05
REGIONAL::ALTA FLORESTA,2023,6,0.0,2023-S06
REGIONAL::ALTA FLORESTA,2023,7,1.0,2023-S07
REGIONAL::ALTA FLORESTA,2023,8,0.0,2023-S08
REGIONAL::ALTA FLORESTA,2023,9,1.0,2023-S09
REGIONAL::ALTA FLORESTA,2023,10,0.0,2023-S10
REGIONAL::ALTA FLORESTA,2023,11,0.0,2023-S11
REGIONAL::ALTA FLORESTA,2023,12,0.0,2023-S12
REGIONAL::ALTA FLORESTA,2023,13,0.0,2023-S13
REGIONAL::ALTA FLORESTA,2023,14,0.0,2023-S14
REGIONAL::ALTA FLORESTA,2023,15,0.0,2023-S15
REGIONAL::ALTA FLORESTA,2023,16,0.0,2023-S16
REGIONAL::ALTA FLORESTA,2023,17,0.0,2023-S17
REGIONAL::ALTA FLORESTA,2023,18,0.0,2023-S18
REGIONAL::ALTA FLORESTA,2023,19,0.0,2023-S19
REGIONAL::ALTA FLORESTA,2023,20,0.0,2023-S20
REGIONAL::ALTA FLORESTA,2023,21,0.0,2023-S21
REGIONAL::ALTA FLORESTA,2023,22,0.0,2023-S22
REGIONAL::ALTA FLORESTA,2023,23,0.0,2023-S23
REGIONAL::ALTA FLORESTA,2023,24,0.0,2023-S24
REGIONAL::ALTA FLORESTA,2023,25,0.0,2023-S25
REGIONAL::ALTA FLORESTA,2023,26,0.0,2023-S26
REGIONAL::ALTA FLORESTA,2023,27,0.0,2023-S27
REGIONAL::ALTA FLORESTA,2023,28,0.0,2023-S28
REGIONAL::ALTA FLORESTA,2023,29,0.0,2023-S29
REGIONAL::ALTA FLORESTA,2023,30,0.0,2023-S30
REGIONAL::ALTA FLORESTA,2023,31,0.0,2023-S31
REGIONAL::ALTA FLORESTA,2023,32,0.0,2023-S32
REGIONAL::ALTA FLORESTA,2023,33,0.0,2023-S33
REGIONAL::ALTA FLORESTA,2023,34,0.0,2023-S34
REGIONAL::ALTA FLORESTA,2023,35,0.0,2023-S35
REGIONAL::ALTA FLORESTA,2023,36,0.0,2023-S36
REGIONAL::ALTA FLORESTA,2023,37,0.0,2023-S37
REGIONAL::ALTA FLORESTA,2023,38,0.0,2023-S38
REGIONAL::ALTA FLORESTA,2023,39,0.0,2023-S39
REGIONAL::ALTA FLORESTA,2023,40,0.0,2023-S40
REGIONAL::ALTA FLORESTA,2023,41,0.0,2023-S41
REGIONAL::ALTA FLORESTA,2023,42,0.0,2023-S42
REGIONAL::ALTA FLORESTA,2023,43,0.0,2023-S43
REGIONAL::ALTA FLORESTA,2023,44,0.0,2023-S44
REGIONAL::ALTA FLORESTA,2023,45,0.0,2023-S45
REGIONAL::ALTA FLORESTA,2023,46,0.0,2023-S46
REGIONAL::ALTA FLORESTA,2023,47,0.0,2023-S47
REGIONAL::ALTA FLORESTA,2023,48,1.0,2023-S48
REGIONAL::ALTA FLORESTA,2023,49,0.0,2023-S49
REGIONAL::ALTA FLORESTA,2023,50,0.0,2023-S50
REGIONAL::ALTA FLORESTA,2023,51,0.0,2023-S51
REGIONAL::ALTA FLORESTA,2023,52,0.0,2023-S52
REGIONAL::ALTA FLORESTA,2024,1,1.0,2024-S01
REGIONAL::ALTA FLORESTA,2024,2,0.0,2024-S02
REGIONAL::ALTA FLORESTA,2024,3,0.0,2024-S03
REGIONAL::ALTA FLORESTA,2024,4,0.0,2024-S04
REGIONAL::ALTA FLORESTA,2024,5,0.0,2024-S05
REGIONAL::ALTA FLORESTA,2024,6,0.0,2024-S06
REGIONAL::ALTA FLORESTA,2024,7,0.0,2024-S07
REGIONAL::ALTA FLORESTA,2024,8,0.0,2024-S08
REGIONAL::ALTA FLORESTA,2024,9,0.0,2024-S09
REGIONAL::ALTA FLORESTA,2024,10,0.0,2024-S10
REGIONAL::ALTA FLORESTA,2024,11,0.0,2024-S11
REGIONAL::ALTA FLORESTA,2024,12,0.0,2024-S12
REGIONAL::ALTA FLORESTA,2024,13,0.0,2024-S13
REGIONAL::ALTA FLORESTA,2024,14,0.0,2024-S14
REGIONAL::ALTA FLORESTA,2024,15,0.0,2024-S15
REGIONAL::ALTA FLORESTA,2024,16,0.0,2024-S16
REGIONAL::ALTA FLORESTA,2024,17,0.0,2024-S17
REGIONAL::ALTA FLORESTA,2024,18,0.0,2024-S18
REGIONAL::ALTA FLORESTA,2024,19,0.0,2024-S19
REGIONAL::ALTA FLORESTA,2024,20,0.0,2024-S20
REGIONAL::ALTA FLORESTA,2024,21,0.0,2024-S21
REGIONAL::ALTA FLORESTA,2024,22,0.0,2024-S22
REGIONAL::ALTA FLORESTA,2024,23,0.0,2024-S23
REGIONAL::ALTA FLORESTA,2024,24,0.0,2024-S24
REGIONAL::ALTA FLORESTA,2024,25,0.0,2024-S25
REGIONAL::ALTA FLORESTA,2024,26,0.0,2024-S26
REGIONAL::ALTA FLORESTA,2024,27,1.0,2024-S27
REGIONAL::ALTA FLORESTA,2024,28,0.0,2024-S28
REGIONAL::ALTA FLORESTA,2024,29,0.0,2024-S29
REGIONAL::ALTA FLORESTA,2024,30,0.0,2024-S30
REGIONAL::ALTA FLORESTA,2024,31,0.0,2024-S31
REGIONAL::ALTA FLORESTA,2024,32,0.0,2024-S32
REGIONAL::ALTA FLORESTA,2024,33,0.0,2024-S33
REGIONAL::ALTA FLORESTA,2024,34,0.0,2024-S34
REGIONAL::ALTA FLORESTA,2024,35,0.0,2024-S35
REGIONAL::ALTA FLORESTA,2024,36,0.0,2024-S36
REGIONAL::ALTA FLORESTA,2024,37,0.0,2024-S37
REGIONAL::ALTA FLORESTA,2024,38,0.0,2024-S38
REGIONAL::ALTA FLORESTA,2024,39,0.0,2024-S39
REGIONAL::ALTA FLORESTA,2024,40,0.0,2024-S40
REGIONAL::ALTA FLORESTA,2024,41,0.0,2024-S41
REGIONAL::ALTA FLORESTA,2024,42,0.0,2024-S42
REGIONAL::ALTA FLORESTA,2024,43,0.0,2024-S43
REGIONAL::ALTA FLORESTA,2024,44,0.0,2024-S44
REGIONAL::ALTA FLORESTA,2024,45,0.0,2024-S45
REGIONAL::ALTA FLORESTA,2024,46,0.0,2024-S46
REGIONAL::ALTA FLORESTA,2024,47,0.0,2024-S47
REGIONAL::ALTA FLORESTA,2024,48,0.0,2024-S48
REGIONAL::ALTA FLORESTA,2024,49,0.0,2024-S49
REGIONAL::ALTA FLORESTA,2024,50,0.0,2024-S50
REGIONAL::ALTA FLORESTA,2024,51,1.0,2024-S51
REGIONAL::ALTA FLORESTA,2024,52,0.0,2024-S52
REGIONAL::ALTA FLORESTA,2025,1,0.0,2025-S01
REGIONAL::ALTA FLORESTA,2025,2,0.0,2025-S02
REGIONAL::ALTA FLORESTA,2025,3,0.0,2025-S03
REGIONAL::ALTA FLORESTA,2025,4,0.0,2025-S04
REGIONAL::ALTA FLORESTA,2025,5,0.0,2025-S05
REGIONAL::ALTA FLORESTA,2025,6,0.0,2025-S06
REGIONAL::ALTA FLORESTA,2025,7,0.0,2025-S07
REGIONAL::ALTA FLORESTA,2025,8,1.0,2025-S08
REGIONAL::ALTA FLORESTA,2025,9,1.0,2025-S09
REGIONAL::ALTA FLORESTA,2025,10,1.0,2025-S10
REGIONAL::ALTA FLORESTA,2025,11,0.0,2025-S11
REGIONAL::ALTA FLORESTA,2025,12,0.0,2025-S12
REGIONAL::ALTA FLORESTA,2025,13,0.0,2025-S13
REGIONAL::ALTA FLORESTA,2025,14,0.0,2025-S14
REGIONAL::ALTA FLORESTA,2025,15,0.0,2025-S15
REGIONAL::ALTA FLORESTA,2025,16,0.0,2025-S16
REGIONAL::ALTA FLORESTA,2025,17,0.0,2025-S17
REGIONAL::ALTA FLORESTA,2025,18,0.0,2025-S18
REGIONAL::ALTA FLORESTA,2025,19,0.0,2025-S19
REGIONAL::ALTA FLORESTA,2025,20,0.0,2025-S20
REGIONAL::ALTA FLORESTA,2025,21,0.0,2025-S21
REGIONAL::ALTA FLORESTA,2025,22,0.0,2025-S22
REGIONAL::ALTA FLORESTA,2025,23,0.0,2025-S23
REGIONAL::ALTA FLORESTA,2025,24,0.0,2025-S24
REGIONAL::ALTA FLORESTA,2025,25,0.0,2025-S25
REGIONAL::ALTA FLORESTA,2025,26,0.0,2025-S26
REGIONAL::ALTA FLORESTA,2025,27,0.0,2025-S27
REGIONAL::ALTA FLORESTA,2025,28,0.0,2025-S28
REGIONAL::ALTA FLORESTA,2025,29,0.0,2025-S29
REGIONAL::ALTA FLORESTA,2025,30,0.0,2025-S30
REGIONAL::ALTA FLORESTA,2025,31,0.0,2025-S31
REGIONAL::ALTA FLORESTA,2025,32,0.0,2025-S32
REGIONAL::ALTA FLORESTA,2025,33,0.0,2025-S33
REGIONAL::ALTA FLORESTA,2025,34,0.0,2025-S34
REGIONAL::ALTA FLORESTA,2025,35,0.0,2025-S35
REGIONAL::ALTA FLORESTA,2025,36,0.0,2025-S36
REGIONAL::ALTA FLORESTA,2025,37,0.0,2025-S37
REGIONAL::ALTA FLORESTA,2025,38,0.0,2025-S38
REGIONAL::ALTA FLORESTA,2025,39,0.0,2025-S39
REGIONAL::ALTA FLORESTA,2025,40,0.0,2025-S40
REGIONAL::ALTA FLORESTA,2025,41,0.0,2025-S41
REGIONAL::ALTA FLORESTA,2025,42,0.0,2025-S42
REGIONAL::ALTA FLORESTA,2025,43,0.0,2025-S43
REGIONAL::ALTA FLORESTA,2025,44,0.0,2025-S44
REGIONAL::ALTA FLORESTA,2025,45,0.0,2025-S45
REGIONAL::ALTA FLORESTA,2025,46,1.0,2025-S46
REGIONAL::ALTA FLORESTA,2025,47,0.0,2025-S47
REGIONAL::ALTA FLORESTA,2025,48,0.0,2025-S48
REGIONAL::ALTA FLORESTA,2025,49,0.0,2025-S49
REGIONAL::ALTA FLORESTA,2025,50,0.0,2025-S50
REGIONAL::ALTA FLORESTA,2025,51,0.0,2025-S51
REGIONAL::ALTA FLORESTA,2025,52,0.0,2025-S52
REGIONAL::ALTA FLORESTA,2026,1,1.0,2026-S01
REGIONAL::ALTA FLORESTA,2026,2,0.0,2026-S02
REGIONAL::ALTA FLORESTA,2026,3,0.0,2026-S03
REGIONAL::ALTA FLORESTA,2026,4,0.0,2026-S04
REGIONAL::ALTA FLORESTA,2026,5,2.0,2026-S05
REGIONAL::ALTA FLORESTA,2026,6,0.0,2026-S06
REGIONAL::ALTA FLORESTA,2026,7,0.0,2026-S07
REGIONAL::ALTA FLORESTA,2026,8,0.0,2026-S08
REGIONAL::ALTA FLORESTA,2026,9,0.0,2026-S09
REGIONAL::ALTA FLORESTA,2026,10,0.0,2026-S10
REGIONAL::ALTA FLORESTA,2026,11,0.0,2026-S11
REGIONAL::ALTA FLORESTA,2026,12,0.0,2026-S12
REGIONAL::ALTA FLORESTA,2026,13,0.0,2026-S13
REGIONAL::ALTA FLORESTA,2026,14,0.0,2026-S14
REGIONAL::ALTA FLORESTA,2026,15,0.0,2026-S15
REGIONAL::ALTA FLORESTA,2026,16,0.0,2026-S16
REGIONAL::ALTA FLORESTA,2026,17,0.0,2026-S17
REGIONAL::ALTA FLORESTA,2026,18,1.0,2026-S18
REGIONAL::ALTA FLORESTA,2026,19,0.0,2026-S19
REGIONAL::ALTA FLORESTA,2026,20,0.0,2026-S20
REGIONAL::ALTA FLORESTA,2026,21,0.0,2026-S21
REGIONAL::ALTA FLORESTA,2026,22,0.0,2026-S22
REGIONAL::ALTA FLORESTA,2026,23,0.0,2026-S23
REGIONAL::ALTA FLORESTA,2026,24,0.0,2026-S24
REGIONAL::ALTA FLORESTA,2026,25,0.0,2026-S25
REGIONAL::ALTA FLORESTA,2026,26,0.0,2026-S26
REGIONAL::ALTA FLORESTA,2026,27,0.0,2026-S27
REGIONAL::ALTA FLORESTA,2026,28,0.0,2026-S28
REGIONAL::ALTA FLORESTA,2026,29,0.0,2026-S29
REGIONAL::ALTA FLORESTA,2026,30,0.0,2026-S30
REGIONAL::ALTA FLORESTA,2026,31,0.0,2026-S31
REGIONAL::BARRA DO GARCAS,2007,18,1.0,2007-S18
REGIONAL::BARRA DO GARCAS,2007,19,0.0,2007-S19
REGIONAL::BARRA DO GARCAS,2007,20,1.0,2007-S20
REGIONAL::BARRA DO GARCAS,2007,21,0.0,2007-S21
REGIONAL::BARRA DO GARCAS,2007,22,1.0,2007-S22
REGIONAL::BARRA DO GARCAS,2007,23,1.0,2007-S23
REGIONAL::BARRA DO GARCAS,2007,24,0.0,2007-S24
REGIONAL::BARRA DO GARCAS,2007,25,1.0,2007-S25
REGIONAL::BARRA DO GARCAS,2007,26,0.0,2007-S26
REGIONAL::BARRA DO GARCAS,2007,27,0.0,2007-S27
REGIONAL::BARRA DO GARCAS,2007,28,0.0,2007-S28
REGIONAL::BARRA DO GARCAS,2007,29,0.0,2007-S29
REGIONAL::BARRA DO GARCAS,2007,30,1.0,2007-S30
REGIONAL::BARRA DO GARCAS,2007,31,0.0,2007-S31
REGIONAL::BARRA DO GARCAS,2007,32,0.0,2007-S32
REGIONAL::BARRA DO GARCAS,2007,33,0.0,2007-S33
REGIONAL::BARRA DO GARCAS,2007,34,1.0,2007-S34
REGIONAL::BARRA DO GARCAS,2007,35,0.0,2007-S35
REGIONAL::BARRA DO GARCAS,2007,36,0.0,2007-S36
REGIONAL::BARRA DO GARCAS,2007,37,0.0,2007-S37
REGIONAL::BARRA DO GARCAS,2007,38,0.0,2007-S38
REGIONAL::BARRA DO GARCAS,2007,39,0.0,2007-S39
REGIONAL::BARRA DO GARCAS,2007,40,0.0,2007-S40
REGIONAL::BARRA DO GARCAS,2007,41,0.0,2007-S41
REGIONAL::BARRA DO GARCAS,2007,42,1.0,2007-S42
REGIONAL::BARRA DO GARCAS,2007,43,0.0,2007-S43
REGIONAL::BARRA DO GARCAS,2007,44,1.0,2007-S44
REGIONAL::BARRA DO GARCAS,2007,45,0.0,2007-S45
REGIONAL::BARRA DO GARCAS,2007,46,2.0,2007-S46
REGIONAL::BARRA DO GARCAS,2007,47,0.0,2007-S47
REGIONAL::BARRA DO GARCAS,2007,48,0.0,2007-S48
REGIONAL::BARRA DO GARCAS,2007,49,0.0,2007-S49
REGIONAL::BARRA DO GARCAS,2007,50,0.0,2007-S50
REGIONAL::BARRA DO GARCAS,2007,51,0.0,2007-S51
REGIONAL::BARRA DO GARCAS,2007,52,1.0,2007-S52
REGIONAL::BARRA DO GARCAS,2008,1,0.0,2008-S01
REGIONAL::BARRA DO GARCAS,2008,2,0.0,2008-S02
REGIONAL::BARRA DO GARCAS,2008,3,0.0,2008-S03
REGIONAL::BARRA DO GARCAS,2008,4,0.0,2008-S04
REGIONAL::BARRA DO GARCAS,2008,5,0.0,2008-S05
REGIONAL::BARRA DO GARCAS,2008,6,0.0,2008-S06
REGIONAL::BARRA DO GARCAS,2008,7,1.0,2008-S07
REGIONAL::BARRA DO GARCAS,2008,8,0.0,2008-S08
REGIONAL::BARRA DO GARCAS,2008,9,0.0,2008-S09
REGIONAL::BARRA DO GARCAS,2008,10,0.0,2008-S10
REGIONAL::BARRA DO GARCAS,2008,11,0.0,2008-S11
REGIONAL::BARRA DO GARCAS,2008,12,0.0,2008-S12
REGIONAL::BARRA DO GARCAS,2008,13,0.0,2008-S13
REGIONAL::BARRA DO GARCAS,2008,14,0.0,2008-S14
REGIONAL::BARRA DO GARCAS,2008,15,0.0,2008-S15
REGIONAL::BARRA DO GARCAS,2008,16,0.0,2008-S16
REGIONAL::BARRA DO GARCAS,2008,17,0.0,2008-S17
REGIONAL::BARRA DO GARCAS,2008,18,0.0,2008-S18
REGIONAL::BARRA DO GARCAS,2008,19,0.0,2008-S19
REGIONAL::BARRA DO GARCAS,2008,20,0.0,2008-S20
REGIONAL::BARRA DO GARCAS,2008,21,0.0,2008-S21
REGIONAL::BARRA DO GARCAS,2008,22,0.0,2008-S22
REGIONAL::BARRA DO GARCAS,2008,23,0.0,2008-S23
REGIONAL::BARRA DO GARCAS,2008,24,0.0,2008-S24
REGIONAL::BARRA DO GARCAS,2008,25,0.0,2008-S25
REGIONAL::BARRA DO GARCAS,2008,26,0.0,2008-S26
REGIONAL::BARRA DO GARCAS,2008,27,0.0,2008-S27
REGIONAL::BARRA DO GARCAS,2008,28,0.0,2008-S28
REGIONAL::BARRA DO GARCAS,2008,29,0.0,2008-S29
REGIONAL::BARRA DO GARCAS,2008,30,0.0,2008-S30
REGIONAL::BARRA DO GARCAS,2008,31,0.0,2008-S31
REGIONAL::BARRA DO GARCAS,2008,32,1.0,2008-S32
REGIONAL::BARRA DO GARCAS,2008,33,0.0,2008-S33
REGIONAL::BARRA DO GARCAS,2008,34,0.0,2008-S34
REGIONAL::BARRA DO GARCAS,2008,35,0.0,2008-S35
REGIONAL::BARRA DO GARCAS,2008,36,2.0,2008-S36
REGIONAL::BARRA DO GARCAS,2008,37,0.0,2008-S37
REGIONAL::BARRA DO GARCAS,2008,38,0.0,2008-S38
REGIONAL::BARRA DO GARCAS,2008,39,0.0,2008-S39
REGIONAL::BARRA DO GARCAS,2008,40,0.0,2008-S40
REGIONAL::BARRA DO GARCAS,2008,41,0.0,2008-S41
REGIONAL::BARRA DO GARCAS,2008,42,0.0,2008-S42
REGIONAL::BARRA DO GARCAS,2008,43,0.0,2008-S43
REGIONAL::BARRA DO GARCAS,2008,44,0.0,2008-S44
REGIONAL::BARRA DO GARCAS,2008,45,0.0,2008-S45
REGIONAL::BARRA DO GARCAS,2008,46,0.0,2008-S46
REGIONAL::BARRA DO GARCAS,2008,47,0.0,2008-S47
REGIONAL::BARRA DO GARCAS,2008,48,0.0,2008-S48
REGIONAL::BARRA DO GARCAS,2008,49,0.0,2008-S49
REGIONAL::BARRA DO GARCAS,2008,50,1.0,2008-S50
REGIONAL::BARRA DO GARCAS,2008,51,0.0,2008-S51
REGIONAL::BARRA DO GARCAS,2008,52,0.0,2008-S52
REGIONAL::BARRA DO GARCAS,2009,1,0.0,2009-S01
REGIONAL::BARRA DO GARCAS,2009,2,0.0,2009-S02
REGIONAL::BARRA DO GARCAS,2009,3,0.0,2009-S03
REGIONAL::BARRA DO GARCAS,2009,4,0.0,2009-S04
REGIONAL::BARRA DO GARCAS,2009,5,0.0,2009-S05
REGIONAL::BARRA DO GARCAS,2009,6,0.0,2009-S06
REGIONAL::BARRA DO GARCAS,2009,7,0.0,2009-S07
REGIONAL::BARRA DO GARCAS,2009,8,0.0,2009-S08
REGIONAL::BARRA DO GARCAS,2009,9,0.0,2009-S09
REGIONAL::BARRA DO GARCAS,2009,10,0.0,2009-S10
REGIONAL::BARRA DO GARCAS,2009,11,0.0,2009-S11
REGIONAL::BARRA DO GARCAS,2009,12,0.0,2009-S12
REGIONAL::BARRA DO GARCAS,2009,13,0.0,2009-S13
REGIONAL::BARRA DO GARCAS,2009,14,0.0,2009-S14
REGIONAL::BARRA DO GARCAS,2009,15,0.0,2009-S15
REGIONAL::BARRA DO GARCAS,2009,16,0.0,2009-S16
REGIONAL::BARRA DO GARCAS,2009,17,0.0,2009-S17
REGIONAL::BARRA DO GARCAS,2009,18,0.0,2009-S18
REGIONAL::BARRA DO GARCAS,2009,19,0.0,2009-S19
REGIONAL::BARRA DO GARCAS,2009,20,0.0,2009-S20
REGIONAL::BARRA DO GARCAS,2009,21,0.0,2009-S21
REGIONAL::BARRA DO GARCAS,2009,22,0.0,2009-S22
REGIONAL::BARRA DO GARCAS,2009,23,0.0,2009-S23
REGIONAL::BARRA DO GARCAS,2009,24,0.0,2009-S24
REGIONAL::BARRA DO GARCAS,2009,25,0.0,2009-S25
REGIONAL::BARRA DO GARCAS,2009,26,0.0,2009-S26
REGIONAL::BARRA DO GARCAS,2009,27,0.0,2009-S27
REGIONAL::BARRA DO GARCAS,2009,28,0.0,2009-S28
REGIONAL::BARRA DO GARCAS,2009,29,0.0,2009-S29
REGIONAL::BARRA DO GARCAS,2009,30,0.0,2009-S30
REGIONAL::BARRA DO GARCAS,2009,31,1.0,2009-S31
REGIONAL::BARRA DO GARCAS,2009,32,0.0,2009-S32
REGIONAL::BARRA DO GARCAS,2009,33,0.0,2009-S33
REGIONAL::BARRA DO GARCAS,2009,34,0.0,2009-S34
REGIONAL::BARRA DO GARCAS,2009,35,0.0,2009-S35
REGIONAL::BARRA DO GARCAS,2009,36,2.0,2009-S36
REGIONAL::BARRA DO GARCAS,2009,37,0.0,2009-S37
REGIONAL::BARRA DO GARCAS,2009,38,0.0,2009-S38
REGIONAL::BARRA DO GARCAS,2009,39,0.0,2009-S39
REGIONAL::BARRA DO GARCAS,2009,40,0.0,2009-S40
REGIONAL::BARRA DO GARCAS,2009,41,0.0,2009-S41
REGIONAL::BARRA DO GARCAS,2009,42,0.0,2009-S42
REGIONAL::BARRA DO GARCAS,2009,43,0.0,2009-S43
REGIONAL::BARRA DO GARCAS,2009,44,0.0,2009-S44
REGIONAL::BARRA DO GARCAS,2009,45,0.0,2009-S45
REGIONAL::BARRA DO GARCAS,2009,46,0.0,2009-S46
REGIONAL::BARRA DO GARCAS,2009,47,1.0,2009-S47
REGIONAL::BARRA DO GARCAS,2009,48,0.0,2009-S48
REGIONAL::BARRA DO GARCAS,2009,49,0.0,2009-S49
REGIONAL::BARRA DO GARCAS,2009,50,0.0,2009-S50
REGIONAL::BARRA DO GARCAS,2009,51,0.0,2009-S51
REGIONAL::BARRA DO GARCAS,2009,52,0.0,2009-S52
REGIONAL::BARRA DO GARCAS,2010,1,1.0,2010-S01
REGIONAL::BARRA DO GARCAS,2010,2,0.0,2010-S02
REGIONAL::BARRA DO GARCAS,2010,3,0.0,2010-S03
REGIONAL::BARRA DO GARCAS,2010,4,0.0,2010-S04
REGIONAL::BARRA DO GARCAS,2010,5,0.0,2010-S05
REGIONAL::BARRA DO GARCAS,2010,6,0.0,2010-S06
REGIONAL::BARRA DO GARCAS,2010,7,0.0,2010-S07
REGIONAL::BARRA DO GARCAS,2010,8,1.0,2010-S08
REGIONAL::BARRA DO GARCAS,2010,9,0.0,2010-S09
REGIONAL::BARRA DO GARCAS,2010,10,0.0,2010-S10
REGIONAL::BARRA DO GARCAS,2010,11,0.0,2010-S11
REGIONAL::BARRA DO GARCAS,2010,12,0.0,2010-S12
REGIONAL::BARRA DO GARCAS,2010,13,0.0,2010-S13
REGIONAL::BARRA DO GARCAS,2010,14,0.0,2010-S14
REGIONAL::BARRA DO GARCAS,2010,15,1.0,2010-S15
REGIONAL::BARRA DO GARCAS,2010,16,0.0,2010-S16
REGIONAL::BARRA DO GARCAS,2010,17,0.0,2010-S17
REGIONAL::BARRA DO GARCAS,2010,18,0.0,2010-S18
REGIONAL::BARRA DO GARCAS,2010,19,0.0,2010-S19
REGIONAL::BARRA DO GARCAS,2010,20,0.0,2010-S20
REGIONAL::BARRA DO GARCAS,2010,21,1.0,2010-S21
REGIONAL::BARRA DO GARCAS,2010,22,0.0,2010-S22
REGIONAL::BARRA DO GARCAS,2010,23,0.0,2010-S23
REGIONAL::BARRA DO GARCAS,2010,24,1.0,2010-S24
REGIONAL::BARRA DO GARCAS,2010,25,0.0,2010-S25
REGIONAL::BARRA DO GARCAS,2010,26,0.0,2010-S26
REGIONAL::BARRA DO GARCAS,2010,27,0.0,2010-S27
REGIONAL::BARRA DO GARCAS,2010,28,0.0,2010-S28
REGIONAL::BARRA DO GARCAS,2010,29,0.0,2010-S29
REGIONAL::BARRA DO GARCAS,2010,30,0.0,2010-S30
REGIONAL::BARRA DO GARCAS,2010,31,0.0,2010-S31
REGIONAL::BARRA DO GARCAS,2010,32,0.0,2010-S32
REGIONAL::BARRA DO GARCAS,2010,33,0.0,2010-S33
REGIONAL::BARRA DO GARCAS,2010,34,0.0,2010-S34
REGIONAL::BARRA DO GARCAS,2010,35,0.0,2010-S35
REGIONAL::BARRA DO GARCAS,2010,36,1.0,2010-S36
REGIONAL::BARRA DO GARCAS,2010,37,1.0,2010-S37
REGIONAL::BARRA DO GARCAS,2010,38,0.0,2010-S38
REGIONAL::BARRA DO GARCAS,2010,39,0.0,2010-S39
REGIONAL::BARRA DO GARCAS,2010,40,0.0,2010-S40
REGIONAL::BARRA DO GARCAS,2010,41,0.0,2010-S41
REGIONAL::BARRA DO GARCAS,2010,42,0.0,2010-S42
REGIONAL::BARRA DO GARCAS,2010,43,0.0,2010-S43
REGIONAL::BARRA DO GARCAS,2010,44,0.0,2010-S44
REGIONAL::BARRA DO GARCAS,2010,45,1.0,2010-S45
REGIONAL::BARRA DO GARCAS,2010,46,0.0,2010-S46
REGIONAL::BARRA DO GARCAS,2010,47,0.0,2010-S47
REGIONAL::BARRA DO GARCAS,2010,48,0.0,2010-S48
REGIONAL::BARRA DO GARCAS,2010,49,0.0,2010-S49
REGIONAL::BARRA DO GARCAS,2010,50,0.0,2010-S50
REGIONAL::BARRA DO GARCAS,2010,51,1.0,2010-S51
REGIONAL::BARRA DO GARCAS,2010,52,1.0,2010-S52
REGIONAL::BARRA DO GARCAS,2011,1,0.0,2011-S01
REGIONAL::BARRA DO GARCAS,2011,2,0.0,2011-S02
REGIONAL::BARRA DO GARCAS,2011,3,0.0,2011-S03
REGIONAL::BARRA DO GARCAS,2011,4,0.0,2011-S04
REGIONAL::BARRA DO GARCAS,2011,5,0.0,2011-S05
REGIONAL::BARRA DO GARCAS,2011,6,0.0,2011-S06
REGIONAL::BARRA DO GARCAS,2011,7,0.0,2011-S07
REGIONAL::BARRA DO GARCAS,2011,8,0.0,2011-S08
REGIONAL::BARRA DO GARCAS,2011,9,0.0,2011-S09
REGIONAL::BARRA DO GARCAS,2011,10,0.0,2011-S10
REGIONAL::BARRA DO GARCAS,2011,11,0.0,2011-S11
REGIONAL::BARRA DO GARCAS,2011,12,0.0,2011-S12
REGIONAL::BARRA DO GARCAS,2011,13,0.0,2011-S13
REGIONAL::BARRA DO GARCAS,2011,14,0.0,2011-S14
REGIONAL::BARRA DO GARCAS,2011,15,0.0,2011-S15
REGIONAL::BARRA DO GARCAS,2011,16,0.0,2011-S16
REGIONAL::BARRA DO GARCAS,2011,17,0.0,2011-S17
REGIONAL::BARRA DO GARCAS,2011,18,0.0,2011-S18
REGIONAL::BARRA DO GARCAS,2011,19,0.0,2011-S19
REGIONAL::BARRA DO GARCAS,2011,20,1.0,2011-S20
REGIONAL::BARRA DO GARCAS,2011,21,0.0,2011-S21
REGIONAL::BARRA DO GARCAS,2011,22,0.0,2011-S22
REGIONAL::BARRA DO GARCAS,2011,23,0.0,2011-S23
REGIONAL::BARRA DO GARCAS,2011,24,1.0,2011-S24
REGIONAL::BARRA DO GARCAS,2011,25,0.0,2011-S25
REGIONAL::BARRA DO GARCAS,2011,26,0.0,2011-S26
REGIONAL::BARRA DO GARCAS,2011,27,0.0,2011-S27
REGIONAL::BARRA DO GARCAS,2011,28,1.0,2011-S28
REGIONAL::BARRA DO GARCAS,2011,29,1.0,2011-S29
REGIONAL::BARRA DO GARCAS,2011,30,0.0,2011-S30
REGIONAL::BARRA DO GARCAS,2011,31,0.0,2011-S31
REGIONAL::BARRA DO GARCAS,2011,32,0.0,2011-S32
REGIONAL::BARRA DO GARCAS,2011,33,0.0,2011-S33
REGIONAL::BARRA DO GARCAS,2011,34,0.0,2011-S34
REGIONAL::BARRA DO GARCAS,2011,35,0.0,2011-S35
REGIONAL::BARRA DO GARCAS,2011,36,0.0,2011-S36
REGIONAL::BARRA DO GARCAS,2011,37,0.0,2011-S37
REGIONAL::BARRA DO GARCAS,2011,38,0.0,2011-S38
REGIONAL::BARRA DO GARCAS,2011,39,0.0,2011-S39
REGIONAL::BARRA DO GARCAS,2011,40,0.0,2011-S40
REGIONAL::BARRA DO GARCAS,2011,41,0.0,2011-S41
REGIONAL::BARRA DO GARCAS,2011,42,0.0,2011-S42
REGIONAL::BARRA DO GARCAS,2011,43,1.0,2011-S43
REGIONAL::BARRA DO GARCAS,2011,44,0.0,2011-S44
REGIONAL::BARRA DO GARCAS,2011,45,0.0,2011-S45
REGIONAL::BARRA DO GARCAS,2011,46,0.0,2011-S46
REGIONAL::BARRA DO GARCAS,2011,47,0.0,2011-S47
REGIONAL::BARRA DO GARCAS,2011,48,0.0,2011-S48
REGIONAL::BARRA DO GARCAS,2011,49,1.0,2011-S49
REGIONAL::BARRA DO GARCAS,2011,50,1.0,2011-S50
REGIONAL::BARRA DO GARCAS,2011,51,1.0,2011-S51
REGIONAL::BARRA DO GARCAS,2011,52,0.0,2011-S52
REGIONAL::BARRA DO GARCAS,2012,1,1.0,2012-S01
REGIONAL::BARRA DO GARCAS,2012,2,0.0,2012-S02
REGIONAL::BARRA DO GARCAS,2012,3,0.0,2012-S03
REGIONAL::BARRA DO GARCAS,2012,4,0.0,2012-S04
REGIONAL::BARRA DO GARCAS,2012,5,0.0,2012-S05
REGIONAL::BARRA DO GARCAS,2012,6,0.0,2012-S06
REGIONAL::BARRA DO GARCAS,2012,7,1.0,2012-S07
REGIONAL::BARRA DO GARCAS,2012,8,0.0,2012-S08
REGIONAL::BARRA DO GARCAS,2012,9,2.0,2012-S09
REGIONAL::BARRA DO GARCAS,2012,10,0.0,2012-S10
REGIONAL::BARRA DO GARCAS,2012,11,0.0,2012-S11
REGIONAL::BARRA DO GARCAS,2012,12,0.0,2012-S12
REGIONAL::BARRA DO GARCAS,2012,13,0.0,2012-S13
REGIONAL::BARRA DO GARCAS,2012,14,0.0,2012-S14
REGIONAL::BARRA DO GARCAS,2012,15,0.0,2012-S15
REGIONAL::BARRA DO GARCAS,2012,16,1.0,2012-S16
REGIONAL::BARRA DO GARCAS,2012,17,0.0,2012-S17
REGIONAL::BARRA DO GARCAS,2012,18,0.0,2012-S18
REGIONAL::BARRA DO GARCAS,2012,19,0.0,2012-S19
REGIONAL::BARRA DO GARCAS,2012,20,1.0,2012-S20
REGIONAL::BARRA DO GARCAS,2012,21,2.0,2012-S21
REGIONAL::BARRA DO GARCAS,2012,22,0.0,2012-S22
REGIONAL::BARRA DO GARCAS,2012,23,2.0,2012-S23
REGIONAL::BARRA DO GARCAS,2012,24,0.0,2012-S24
REGIONAL::BARRA DO GARCAS,2012,25,1.0,2012-S25
REGIONAL::BARRA DO GARCAS,2012,26,0.0,2012-S26
REGIONAL::BARRA DO GARCAS,2012,27,1.0,2012-S27
REGIONAL::BARRA DO GARCAS,2012,28,0.0,2012-S28
REGIONAL::BARRA DO GARCAS,2012,29,0.0,2012-S29
REGIONAL::BARRA DO GARCAS,2012,30,0.0,2012-S30
REGIONAL::BARRA DO GARCAS,2012,31,1.0,2012-S31
REGIONAL::BARRA DO GARCAS,2012,32,0.0,2012-S32
REGIONAL::BARRA DO GARCAS,2012,33,0.0,2012-S33
REGIONAL::BARRA DO GARCAS,2012,34,0.0,2012-S34
REGIONAL::BARRA DO GARCAS,2012,35,1.0,2012-S35
REGIONAL::BARRA DO GARCAS,2012,36,0.0,2012-S36
REGIONAL::BARRA DO GARCAS,2012,37,0.0,2012-S37
REGIONAL::BARRA DO GARCAS,2012,38,0.0,2012-S38
REGIONAL::BARRA DO GARCAS,2012,39,1.0,2012-S39
REGIONAL::BARRA DO GARCAS,2012,40,2.0,2012-S40
REGIONAL::BARRA DO GARCAS,2012,41,1.0,2012-S41
REGIONAL::BARRA DO GARCAS,2012,42,0.0,2012-S42
REGIONAL::BARRA DO GARCAS,2012,43,1.0,2012-S43
REGIONAL::BARRA DO GARCAS,2012,44,0.0,2012-S44
REGIONAL::BARRA DO GARCAS,2012,45,1.0,2012-S45
REGIONAL::BARRA DO GARCAS,2012,46,1.0,2012-S46
REGIONAL::BARRA DO GARCAS,2012,47,1.0,2012-S47
REGIONAL::BARRA DO GARCAS,2012,48,0.0,2012-S48
REGIONAL::BARRA DO GARCAS,2012,49,0.0,2012-S49
REGIONAL::BARRA DO GARCAS,2012,50,0.0,2012-S50
REGIONAL::BARRA DO GARCAS,2012,51,1.0,2012-S51
REGIONAL::BARRA DO GARCAS,2012,52,0.0,2012-S52
REGIONAL::BARRA DO GARCAS,2013,1,0.0,2013-S01
REGIONAL::BARRA DO GARCAS,2013,2,2.0,2013-S02
REGIONAL::BARRA DO GARCAS,2013,3,0.0,2013-S03
REGIONAL::BARRA DO GARCAS,2013,4,1.0,2013-S04
REGIONAL::BARRA DO GARCAS,2013,5,0.0,2013-S05
REGIONAL::BARRA DO GARCAS,2013,6,0.0,2013-S06
REGIONAL::BARRA DO GARCAS,2013,7,0.0,2013-S07
REGIONAL::BARRA DO GARCAS,2013,8,0.0,2013-S08
REGIONAL::BARRA DO GARCAS,2013,9,2.0,2013-S09
REGIONAL::BARRA DO GARCAS,2013,10,1.0,2013-S10
REGIONAL::BARRA DO GARCAS,2013,11,0.0,2013-S11
REGIONAL::BARRA DO GARCAS,2013,12,0.0,2013-S12
REGIONAL::BARRA DO GARCAS,2013,13,0.0,2013-S13
REGIONAL::BARRA DO GARCAS,2013,14,2.0,2013-S14
REGIONAL::BARRA DO GARCAS,2013,15,1.0,2013-S15
REGIONAL::BARRA DO GARCAS,2013,16,0.0,2013-S16
REGIONAL::BARRA DO GARCAS,2013,17,0.0,2013-S17
REGIONAL::BARRA DO GARCAS,2013,18,0.0,2013-S18
REGIONAL::BARRA DO GARCAS,2013,19,0.0,2013-S19
REGIONAL::BARRA DO GARCAS,2013,20,0.0,2013-S20
REGIONAL::BARRA DO GARCAS,2013,21,1.0,2013-S21
REGIONAL::BARRA DO GARCAS,2013,22,0.0,2013-S22
REGIONAL::BARRA DO GARCAS,2013,23,0.0,2013-S23
REGIONAL::BARRA DO GARCAS,2013,24,0.0,2013-S24
REGIONAL::BARRA DO GARCAS,2013,25,0.0,2013-S25
REGIONAL::BARRA DO GARCAS,2013,26,0.0,2013-S26
REGIONAL::BARRA DO GARCAS,2013,27,0.0,2013-S27
REGIONAL::BARRA DO GARCAS,2013,28,0.0,2013-S28
REGIONAL::BARRA DO GARCAS,2013,29,1.0,2013-S29
REGIONAL::BARRA DO GARCAS,2013,30,0.0,2013-S30
REGIONAL::BARRA DO GARCAS,2013,31,0.0,2013-S31
REGIONAL::BARRA DO GARCAS,2013,32,1.0,2013-S32
REGIONAL::BARRA DO GARCAS,2013,33,1.0,2013-S33
REGIONAL::BARRA DO GARCAS,2013,34,0.0,2013-S34
REGIONAL::BARRA DO GARCAS,2013,35,1.0,2013-S35
REGIONAL::BARRA DO GARCAS,2013,36,0.0,2013-S36
REGIONAL::BARRA DO GARCAS,2013,37,0.0,2013-S37
REGIONAL::BARRA DO GARCAS,2013,38,1.0,2013-S38
REGIONAL::BARRA DO GARCAS,2013,39,1.0,2013-S39
REGIONAL::BARRA DO GARCAS,2013,40,1.0,2013-S40
REGIONAL::BARRA DO GARCAS,2013,41,0.0,2013-S41
REGIONAL::BARRA DO GARCAS,2013,42,0.0,2013-S42
REGIONAL::BARRA DO GARCAS,2013,43,0.0,2013-S43
REGIONAL::BARRA DO GARCAS,2013,44,0.0,2013-S44
REGIONAL::BARRA DO GARCAS,2013,45,1.0,2013-S45
REGIONAL::BARRA DO GARCAS,2013,46,1.0,2013-S46
REGIONAL::BARRA DO GARCAS,2013,47,0.0,2013-S47
REGIONAL::BARRA DO GARCAS,2013,48,0.0,2013-S48
REGIONAL::BARRA DO GARCAS,2013,49,0.0,2013-S49
REGIONAL::BARRA DO GARCAS,2013,50,1.0,2013-S50
REGIONAL::BARRA DO GARCAS,2013,51,0.0,2013-S51
REGIONAL::BARRA DO GARCAS,2013,52,1.0,2013-S52
REGIONAL::BARRA DO GARCAS,2014,1,0.0,2014-S01
REGIONAL::BARRA DO GARCAS,2014,2,1.0,2014-S02
REGIONAL::BARRA DO GARCAS,2014,3,0.0,2014-S03
REGIONAL::BARRA DO GARCAS,2014,4,0.0,2014-S04
REGIONAL::BARRA DO GARCAS,2014,5,0.0,2014-S05
REGIONAL::BARRA DO GARCAS,2014,6,0.0,2014-S06
REGIONAL::BARRA DO GARCAS,2014,7,1.0,2014-S07
REGIONAL::BARRA DO GARCAS,2014,8,0.0,2014-S08
REGIONAL::BARRA DO GARCAS,2014,9,0.0,2014-S09
REGIONAL::BARRA DO GARCAS,2014,10,0.0,2014-S10
REGIONAL::BARRA DO GARCAS,2014,11,2.0,2014-S11
REGIONAL::BARRA DO GARCAS,2014,12,0.0,2014-S12
REGIONAL::BARRA DO GARCAS,2014,13,0.0,2014-S13
REGIONAL::BARRA DO GARCAS,2014,14,0.0,2014-S14
REGIONAL::BARRA DO GARCAS,2014,15,0.0,2014-S15
REGIONAL::BARRA DO GARCAS,2014,16,0.0,2014-S16
REGIONAL::BARRA DO GARCAS,2014,17,0.0,2014-S17
REGIONAL::BARRA DO GARCAS,2014,18,1.0,2014-S18
REGIONAL::BARRA DO GARCAS,2014,19,0.0,2014-S19
REGIONAL::BARRA DO GARCAS,2014,20,0.0,2014-S20
REGIONAL::BARRA DO GARCAS,2014,21,0.0,2014-S21
REGIONAL::BARRA DO GARCAS,2014,22,0.0,2014-S22
REGIONAL::BARRA DO GARCAS,2014,23,0.0,2014-S23
REGIONAL::BARRA DO GARCAS,2014,24,1.0,2014-S24
REGIONAL::BARRA DO GARCAS,2014,25,0.0,2014-S25
REGIONAL::BARRA DO GARCAS,2014,26,0.0,2014-S26
REGIONAL::BARRA DO GARCAS,2014,27,0.0,2014-S27
REGIONAL::BARRA DO GARCAS,2014,28,0.0,2014-S28
REGIONAL::BARRA DO GARCAS,2014,29,0.0,2014-S29
REGIONAL::BARRA DO GARCAS,2014,30,0.0,2014-S30
REGIONAL::BARRA DO GARCAS,2014,31,0.0,2014-S31
REGIONAL::BARRA DO GARCAS,2014,32,0.0,2014-S32
REGIONAL::BARRA DO GARCAS,2014,33,0.0,2014-S33
REGIONAL::BARRA DO GARCAS,2014,34,0.0,2014-S34
REGIONAL::BARRA DO GARCAS,2014,35,0.0,2014-S35
REGIONAL::BARRA DO GARCAS,2014,36,0.0,2014-S36
REGIONAL::BARRA DO GARCAS,2014,37,0.0,2014-S37
REGIONAL::BARRA DO GARCAS,2014,38,0.0,2014-S38
REGIONAL::BARRA DO GARCAS,2014,39,0.0,2014-S39
REGIONAL::BARRA DO GARCAS,2014,40,2.0,2014-S40
REGIONAL::BARRA DO GARCAS,2014,41,0.0,2014-S41
REGIONAL::BARRA DO GARCAS,2014,42,0.0,2014-S42
REGIONAL::BARRA DO GARCAS,2014,43,0.0,2014-S43
REGIONAL::BARRA DO GARCAS,2014,44,0.0,2014-S44
REGIONAL::BARRA DO GARCAS,2014,45,0.0,2014-S45
REGIONAL::BARRA DO GARCAS,2014,46,0.0,2014-S46
REGIONAL::BARRA DO GARCAS,2014,47,0.0,2014-S47
REGIONAL::BARRA DO GARCAS,2014,48,1.0,2014-S48
REGIONAL::BARRA DO GARCAS,2014,49,2.0,2014-S49
REGIONAL::BARRA DO GARCAS,2014,50,1.0,2014-S50
REGIONAL::BARRA DO GARCAS,2014,51,0.0,2014-S51
REGIONAL::BARRA DO GARCAS,2014,52,1.0,2014-S52
REGIONAL::BARRA DO GARCAS,2015,1,0.0,2015-S01
REGIONAL::BARRA DO GARCAS,2015,2,0.0,2015-S02
REGIONAL::BARRA DO GARCAS,2015,3,0.0,2015-S03
REGIONAL::BARRA DO GARCAS,2015,4,1.0,2015-S04
REGIONAL::BARRA DO GARCAS,2015,5,0.0,2015-S05
REGIONAL::BARRA DO GARCAS,2015,6,0.0,2015-S06
REGIONAL::BARRA DO GARCAS,2015,7,0.0,2015-S07
REGIONAL::BARRA DO GARCAS,2015,8,0.0,2015-S08
REGIONAL::BARRA DO GARCAS,2015,9,0.0,2015-S09
REGIONAL::BARRA DO GARCAS,2015,10,1.0,2015-S10
REGIONAL::BARRA DO GARCAS,2015,11,0.0,2015-S11
REGIONAL::BARRA DO GARCAS,2015,12,0.0,2015-S12
REGIONAL::BARRA DO GARCAS,2015,13,0.0,2015-S13
REGIONAL::BARRA DO GARCAS,2015,14,0.0,2015-S14
REGIONAL::BARRA DO GARCAS,2015,15,0.0,2015-S15
REGIONAL::BARRA DO GARCAS,2015,16,0.0,2015-S16
REGIONAL::BARRA DO GARCAS,2015,17,0.0,2015-S17
REGIONAL::BARRA DO GARCAS,2015,18,0.0,2015-S18
REGIONAL::BARRA DO GARCAS,2015,19,1.0,2015-S19
REGIONAL::BARRA DO GARCAS,2015,20,0.0,2015-S20
REGIONAL::BARRA DO GARCAS,2015,21,0.0,2015-S21
REGIONAL::BARRA DO GARCAS,2015,22,0.0,2015-S22
REGIONAL::BARRA DO GARCAS,2015,23,0.0,2015-S23
REGIONAL::BARRA DO GARCAS,2015,24,0.0,2015-S24
REGIONAL::BARRA DO GARCAS,2015,25,0.0,2015-S25
REGIONAL::BARRA DO GARCAS,2015,26,0.0,2015-S26
REGIONAL::BARRA DO GARCAS,2015,27,0.0,2015-S27
REGIONAL::BARRA DO GARCAS,2015,28,0.0,2015-S28
REGIONAL::BARRA DO GARCAS,2015,29,0.0,2015-S29
REGIONAL::BARRA DO GARCAS,2015,30,0.0,2015-S30
REGIONAL::BARRA DO GARCAS,2015,31,0.0,2015-S31
REGIONAL::BARRA DO GARCAS,2015,32,0.0,2015-S32
REGIONAL::BARRA DO GARCAS,2015,33,1.0,2015-S33
REGIONAL::BARRA DO GARCAS,2015,34,0.0,2015-S34
REGIONAL::BARRA DO GARCAS,2015,35,0.0,2015-S35
REGIONAL::BARRA DO GARCAS,2015,36,0.0,2015-S36
REGIONAL::BARRA DO GARCAS,2015,37,0.0,2015-S37
REGIONAL::BARRA DO GARCAS,2015,38,0.0,2015-S38
REGIONAL::BARRA DO GARCAS,2015,39,0.0,2015-S39
REGIONAL::BARRA DO GARCAS,2015,40,0.0,2015-S40
REGIONAL::BARRA DO GARCAS,2015,41,0.0,2015-S41
REGIONAL::BARRA DO GARCAS,2015,42,2.0,2015-S42
REGIONAL::BARRA DO GARCAS,2015,43,2.0,2015-S43
REGIONAL::BARRA DO GARCAS,2015,44,0.0,2015-S44
REGIONAL::BARRA DO GARCAS,2015,45,0.0,2015-S45
REGIONAL::BARRA DO GARCAS,2015,46,2.0,2015-S46
REGIONAL::BARRA DO GARCAS,2015,47,0.0,2015-S47
REGIONAL::BARRA DO GARCAS,2015,48,1.0,2015-S48
REGIONAL::BARRA DO GARCAS,2015,49,0.0,2015-S49
REGIONAL::BARRA DO GARCAS,2015,50,0.0,2015-S50
REGIONAL::BARRA DO GARCAS,2015,51,0.0,2015-S51
REGIONAL::BARRA DO GARCAS,2015,52,0.0,2015-S52
REGIONAL::BARRA DO GARCAS,2016,1,0.0,2016-S01
REGIONAL::BARRA DO GARCAS,2016,2,0.0,2016-S02
REGIONAL::BARRA DO GARCAS,2016,3,0.0,2016-S03
REGIONAL::BARRA DO GARCAS,2016,4,0.0,2016-S04
REGIONAL::BARRA DO GARCAS,2016,5,1.0,2016-S05
REGIONAL::BARRA DO GARCAS,2016,6,0.0,2016-S06
REGIONAL::BARRA DO GARCAS,2016,7,0.0,2016-S07
REGIONAL::BARRA DO GARCAS,2016,8,0.0,2016-S08
REGIONAL::BARRA DO GARCAS,2016,9,0.0,2016-S09
REGIONAL::BARRA DO GARCAS,2016,10,0.0,2016-S10
REGIONAL::BARRA DO GARCAS,2016,11,0.0,2016-S11
REGIONAL::BARRA DO GARCAS,2016,12,0.0,2016-S12
REGIONAL::BARRA DO GARCAS,2016,13,1.0,2016-S13
REGIONAL::BARRA DO GARCAS,2016,14,1.0,2016-S14
REGIONAL::BARRA DO GARCAS,2016,15,1.0,2016-S15
REGIONAL::BARRA DO GARCAS,2016,16,0.0,2016-S16
REGIONAL::BARRA DO GARCAS,2016,17,0.0,2016-S17
REGIONAL::BARRA DO GARCAS,2016,18,1.0,2016-S18
REGIONAL::BARRA DO GARCAS,2016,19,0.0,2016-S19
REGIONAL::BARRA DO GARCAS,2016,20,0.0,2016-S20
REGIONAL::BARRA DO GARCAS,2016,21,0.0,2016-S21
REGIONAL::BARRA DO GARCAS,2016,22,0.0,2016-S22
REGIONAL::BARRA DO GARCAS,2016,23,0.0,2016-S23
REGIONAL::BARRA DO GARCAS,2016,24,0.0,2016-S24
REGIONAL::BARRA DO GARCAS,2016,25,1.0,2016-S25
REGIONAL::BARRA DO GARCAS,2016,26,0.0,2016-S26
REGIONAL::BARRA DO GARCAS,2016,27,1.0,2016-S27
REGIONAL::BARRA DO GARCAS,2016,28,1.0,2016-S28
REGIONAL::BARRA DO GARCAS,2016,29,0.0,2016-S29
REGIONAL::BARRA DO GARCAS,2016,30,0.0,2016-S30
REGIONAL::BARRA DO GARCAS,2016,31,0.0,2016-S31
REGIONAL::BARRA DO GARCAS,2016,32,0.0,2016-S32
REGIONAL::BARRA DO GARCAS,2016,33,1.0,2016-S33
REGIONAL::BARRA DO GARCAS,2016,34,0.0,2016-S34
REGIONAL::BARRA DO GARCAS,2016,35,0.0,2016-S35
REGIONAL::BARRA DO GARCAS,2016,36,0.0,2016-S36
REGIONAL::BARRA DO GARCAS,2016,37,1.0,2016-S37
REGIONAL::BARRA DO GARCAS,2016,38,0.0,2016-S38
REGIONAL::BARRA DO GARCAS,2016,39,0.0,2016-S39
REGIONAL::BARRA DO GARCAS,2016,40,2.0,2016-S40
REGIONAL::BARRA DO GARCAS,2016,41,0.0,2016-S41
REGIONAL::BARRA DO GARCAS,2016,42,0.0,2016-S42
REGIONAL::BARRA DO GARCAS,2016,43,1.0,2016-S43
REGIONAL::BARRA DO GARCAS,2016,44,0.0,2016-S44
REGIONAL::BARRA DO GARCAS,2016,45,0.0,2016-S45
REGIONAL::BARRA DO GARCAS,2016,46,0.0,2016-S46
REGIONAL::BARRA DO GARCAS,2016,47,0.0,2016-S47
REGIONAL::BARRA DO GARCAS,2016,48,1.0,2016-S48
REGIONAL::BARRA DO GARCAS,2016,49,1.0,2016-S49
REGIONAL::BARRA DO GARCAS,2016,50,0.0,2016-S50
REGIONAL::BARRA DO GARCAS,2016,51,0.0,2016-S51
REGIONAL::BARRA DO GARCAS,2016,52,0.0,2016-S52
REGIONAL::BARRA DO GARCAS,2017,1,0.0,2017-S01
REGIONAL::BARRA DO GARCAS,2017,2,2.0,2017-S02
REGIONAL::BARRA DO GARCAS,2017,3,0.0,2017-S03
REGIONAL::BARRA DO GARCAS,2017,4,1.0,2017-S04
REGIONAL::BARRA DO GARCAS,2017,5,0.0,2017-S05
REGIONAL::BARRA DO GARCAS,2017,6,0.0,2017-S06
REGIONAL::BARRA DO GARCAS,2017,7,2.0,2017-S07
REGIONAL::BARRA DO GARCAS,2017,8,0.0,2017-S08
REGIONAL::BARRA DO GARCAS,2017,9,0.0,2017-S09
REGIONAL::BARRA DO GARCAS,2017,10,0.0,2017-S10
REGIONAL::BARRA DO GARCAS,2017,11,0.0,2017-S11
REGIONAL::BARRA DO GARCAS,2017,12,0.0,2017-S12
REGIONAL::BARRA DO GARCAS,2017,13,1.0,2017-S13
REGIONAL::BARRA DO GARCAS,2017,14,0.0,2017-S14
REGIONAL::BARRA DO GARCAS,2017,15,2.0,2017-S15
REGIONAL::BARRA DO GARCAS,2017,16,0.0,2017-S16
REGIONAL::BARRA DO GARCAS,2017,17,0.0,2017-S17
REGIONAL::BARRA DO GARCAS,2017,18,0.0,2017-S18
REGIONAL::BARRA DO GARCAS,2017,19,2.0,2017-S19
REGIONAL::BARRA DO GARCAS,2017,20,1.0,2017-S20
REGIONAL::BARRA DO GARCAS,2017,21,1.0,2017-S21
REGIONAL::BARRA DO GARCAS,2017,22,1.0,2017-S22
REGIONAL::BARRA DO GARCAS,2017,23,0.0,2017-S23
REGIONAL::BARRA DO GARCAS,2017,24,0.0,2017-S24
REGIONAL::BARRA DO GARCAS,2017,25,0.0,2017-S25
REGIONAL::BARRA DO GARCAS,2017,26,0.0,2017-S26
REGIONAL::BARRA DO GARCAS,2017,27,1.0,2017-S27
REGIONAL::BARRA DO GARCAS,2017,28,1.0,2017-S28
REGIONAL::BARRA DO GARCAS,2017,29,0.0,2017-S29
REGIONAL::BARRA DO GARCAS,2017,30,0.0,2017-S30
REGIONAL::BARRA DO GARCAS,2017,31,0.0,2017-S31
REGIONAL::BARRA DO GARCAS,2017,32,0.0,2017-S32
REGIONAL::BARRA DO GARCAS,2017,33,0.0,2017-S33
REGIONAL::BARRA DO GARCAS,2017,34,1.0,2017-S34
REGIONAL::BARRA DO GARCAS,2017,35,2.0,2017-S35
REGIONAL::BARRA DO GARCAS,2017,36,0.0,2017-S36
REGIONAL::BARRA DO GARCAS,2017,37,0.0,2017-S37
REGIONAL::BARRA DO GARCAS,2017,38,0.0,2017-S38
REGIONAL::BARRA DO GARCAS,2017,39,0.0,2017-S39
REGIONAL::BARRA DO GARCAS,2017,40,0.0,2017-S40
REGIONAL::BARRA DO GARCAS,2017,41,1.0,2017-S41
REGIONAL::BARRA DO GARCAS,2017,42,1.0,2017-S42
REGIONAL::BARRA DO GARCAS,2017,43,0.0,2017-S43
REGIONAL::BARRA DO GARCAS,2017,44,0.0,2017-S44
REGIONAL::BARRA DO GARCAS,2017,45,0.0,2017-S45
REGIONAL::BARRA DO GARCAS,2017,46,0.0,2017-S46
REGIONAL::BARRA DO GARCAS,2017,47,1.0,2017-S47
REGIONAL::BARRA DO GARCAS,2017,48,0.0,2017-S48
REGIONAL::BARRA DO GARCAS,2017,49,1.0,2017-S49
REGIONAL::BARRA DO GARCAS,2017,50,1.0,2017-S50
REGIONAL::BARRA DO GARCAS,2017,51,0.0,2017-S51
REGIONAL::BARRA DO GARCAS,2017,52,1.0,2017-S52
REGIONAL::BARRA DO GARCAS,2018,1,1.0,2018-S01
REGIONAL::BARRA DO GARCAS,2018,2,0.0,2018-S02
REGIONAL::BARRA DO GARCAS,2018,3,1.0,2018-S03
REGIONAL::BARRA DO GARCAS,2018,4,0.0,2018-S04
REGIONAL::BARRA DO GARCAS,2018,5,0.0,2018-S05
REGIONAL::BARRA DO GARCAS,2018,6,1.0,2018-S06
REGIONAL::BARRA DO GARCAS,2018,7,1.0,2018-S07
REGIONAL::BARRA DO GARCAS,2018,8,0.0,2018-S08
REGIONAL::BARRA DO GARCAS,2018,9,1.0,2018-S09
REGIONAL::BARRA DO GARCAS,2018,10,1.0,2018-S10
REGIONAL::BARRA DO GARCAS,2018,11,2.0,2018-S11
REGIONAL::BARRA DO GARCAS,2018,12,1.0,2018-S12
REGIONAL::BARRA DO GARCAS,2018,13,0.0,2018-S13
REGIONAL::BARRA DO GARCAS,2018,14,0.0,2018-S14
REGIONAL::BARRA DO GARCAS,2018,15,0.0,2018-S15
REGIONAL::BARRA DO GARCAS,2018,16,0.0,2018-S16
REGIONAL::BARRA DO GARCAS,2018,17,2.0,2018-S17
REGIONAL::BARRA DO GARCAS,2018,18,1.0,2018-S18
REGIONAL::BARRA DO GARCAS,2018,19,1.0,2018-S19
REGIONAL::BARRA DO GARCAS,2018,20,0.0,2018-S20
REGIONAL::BARRA DO GARCAS,2018,21,1.0,2018-S21
REGIONAL::BARRA DO GARCAS,2018,22,1.0,2018-S22
REGIONAL::BARRA DO GARCAS,2018,23,0.0,2018-S23
REGIONAL::BARRA DO GARCAS,2018,24,0.0,2018-S24
REGIONAL::BARRA DO GARCAS,2018,25,0.0,2018-S25
REGIONAL::BARRA DO GARCAS,2018,26,0.0,2018-S26
REGIONAL::BARRA DO GARCAS,2018,27,1.0,2018-S27
REGIONAL::BARRA DO GARCAS,2018,28,0.0,2018-S28
REGIONAL::BARRA DO GARCAS,2018,29,1.0,2018-S29
REGIONAL::BARRA DO GARCAS,2018,30,1.0,2018-S30
REGIONAL::BARRA DO GARCAS,2018,31,0.0,2018-S31
REGIONAL::BARRA DO GARCAS,2018,32,1.0,2018-S32
REGIONAL::BARRA DO GARCAS,2018,33,0.0,2018-S33
REGIONAL::BARRA DO GARCAS,2018,34,1.0,2018-S34
REGIONAL::BARRA DO GARCAS,2018,35,1.0,2018-S35
REGIONAL::BARRA DO GARCAS,2018,36,1.0,2018-S36
REGIONAL::BARRA DO GARCAS,2018,37,0.0,2018-S37
REGIONAL::BARRA DO GARCAS,2018,38,0.0,2018-S38
REGIONAL::BARRA DO GARCAS,2018,39,1.0,2018-S39
REGIONAL::BARRA DO GARCAS,2018,40,1.0,2018-S40
REGIONAL::BARRA DO GARCAS,2018,41,0.0,2018-S41
REGIONAL::BARRA DO GARCAS,2018,42,0.0,2018-S42
REGIONAL::BARRA DO GARCAS,2018,43,1.0,2018-S43
REGIONAL::BARRA DO GARCAS,2018,44,0.0,2018-S44
REGIONAL::BARRA DO GARCAS,2018,45,0.0,2018-S45
REGIONAL::BARRA DO GARCAS,2018,46,0.0,2018-S46
REGIONAL::BARRA DO GARCAS,2018,47,0.0,2018-S47
REGIONAL::BARRA DO GARCAS,2018,48,0.0,2018-S48
REGIONAL::BARRA DO GARCAS,2018,49,1.0,2018-S49
REGIONAL::BARRA DO GARCAS,2018,50,0.0,2018-S50
REGIONAL::BARRA DO GARCAS,2018,51,0.0,2018-S51
REGIONAL::BARRA DO GARCAS,2018,52,0.0,2018-S52
REGIONAL::BARRA DO GARCAS,2019,1,1.0,2019-S01
REGIONAL::BARRA DO GARCAS,2019,2,1.0,2019-S02
REGIONAL::BARRA DO GARCAS,2019,3,0.0,2019-S03
REGIONAL::BARRA DO GARCAS,2019,4,0.0,2019-S04
REGIONAL::BARRA DO GARCAS,2019,5,1.0,2019-S05
REGIONAL::BARRA DO GARCAS,2019,6,0.0,2019-S06
REGIONAL::BARRA DO GARCAS,2019,7,0.0,2019-S07
REGIONAL::BARRA DO GARCAS,2019,8,0.0,2019-S08
REGIONAL::BARRA DO GARCAS,2019,9,0.0,2019-S09
REGIONAL::BARRA DO GARCAS,2019,10,1.0,2019-S10
REGIONAL::BARRA DO GARCAS,2019,11,0.0,2019-S11
REGIONAL::BARRA DO GARCAS,2019,12,0.0,2019-S12
REGIONAL::BARRA DO GARCAS,2019,13,1.0,2019-S13
REGIONAL::BARRA DO GARCAS,2019,14,0.0,2019-S14
REGIONAL::BARRA DO GARCAS,2019,15,0.0,2019-S15
REGIONAL::BARRA DO GARCAS,2019,16,0.0,2019-S16
REGIONAL::BARRA DO GARCAS,2019,17,0.0,2019-S17
REGIONAL::BARRA DO GARCAS,2019,18,0.0,2019-S18
REGIONAL::BARRA DO GARCAS,2019,19,1.0,2019-S19
REGIONAL::BARRA DO GARCAS,2019,20,0.0,2019-S20
REGIONAL::BARRA DO GARCAS,2019,21,0.0,2019-S21
REGIONAL::BARRA DO GARCAS,2019,22,0.0,2019-S22
REGIONAL::BARRA DO GARCAS,2019,23,0.0,2019-S23
REGIONAL::BARRA DO GARCAS,2019,24,2.0,2019-S24
REGIONAL::BARRA DO GARCAS,2019,25,1.0,2019-S25
REGIONAL::BARRA DO GARCAS,2019,26,0.0,2019-S26
REGIONAL::BARRA DO GARCAS,2019,27,1.0,2019-S27
REGIONAL::BARRA DO GARCAS,2019,28,4.0,2019-S28
REGIONAL::BARRA DO GARCAS,2019,29,0.0,2019-S29
REGIONAL::BARRA DO GARCAS,2019,30,0.0,2019-S30
REGIONAL::BARRA DO GARCAS,2019,31,1.0,2019-S31
REGIONAL::BARRA DO GARCAS,2019,32,0.0,2019-S32
REGIONAL::BARRA DO GARCAS,2019,33,0.0,2019-S33
REGIONAL::BARRA DO GARCAS,2019,34,0.0,2019-S34
REGIONAL::BARRA DO GARCAS,2019,35,0.0,2019-S35
REGIONAL::BARRA DO GARCAS,2019,36,0.0,2019-S36
REGIONAL::BARRA DO GARCAS,2019,37,2.0,2019-S37
REGIONAL::BARRA DO GARCAS,2019,38,1.0,2019-S38
REGIONAL::BARRA DO GARCAS,2019,39,1.0,2019-S39
REGIONAL::BARRA DO GARCAS,2019,40,0.0,2019-S40
REGIONAL::BARRA DO GARCAS,2019,41,0.0,2019-S41
REGIONAL::BARRA DO GARCAS,2019,42,0.0,2019-S42
REGIONAL::BARRA DO GARCAS,2019,43,0.0,2019-S43
REGIONAL::BARRA DO GARCAS,2019,44,0.0,2019-S44
REGIONAL::BARRA DO GARCAS,2019,45,0.0,2019-S45
REGIONAL::BARRA DO GARCAS,2019,46,0.0,2019-S46
REGIONAL::BARRA DO GARCAS,2019,47,0.0,2019-S47
REGIONAL::BARRA DO GARCAS,2019,48,1.0,2019-S48
REGIONAL::BARRA DO GARCAS,2019,49,0.0,2019-S49
REGIONAL::BARRA DO GARCAS,2019,50,0.0,2019-S50
REGIONAL::BARRA DO GARCAS,2019,51,1.0,2019-S51
REGIONAL::BARRA DO GARCAS,2019,52,0.0,2019-S52
REGIONAL::BARRA DO GARCAS,2020,1,0.0,2020-S01
REGIONAL::BARRA DO GARCAS,2020,2,0.0,2020-S02
REGIONAL::BARRA DO GARCAS,2020,3,0.0,2020-S03
REGIONAL::BARRA DO GARCAS,2020,4,0.0,2020-S04
REGIONAL::BARRA DO GARCAS,2020,5,0.0,2020-S05
REGIONAL::BARRA DO GARCAS,2020,6,0.0,2020-S06
REGIONAL::BARRA DO GARCAS,2020,7,0.0,2020-S07
REGIONAL::BARRA DO GARCAS,2020,8,0.0,2020-S08
REGIONAL::BARRA DO GARCAS,2020,9,0.0,2020-S09
REGIONAL::BARRA DO GARCAS,2020,10,0.0,2020-S10
REGIONAL::BARRA DO GARCAS,2020,11,0.0,2020-S11
REGIONAL::BARRA DO GARCAS,2020,12,0.0,2020-S12
REGIONAL::BARRA DO GARCAS,2020,13,0.0,2020-S13
REGIONAL::BARRA DO GARCAS,2020,14,0.0,2020-S14
REGIONAL::BARRA DO GARCAS,2020,15,0.0,2020-S15
REGIONAL::BARRA DO GARCAS,2020,16,1.0,2020-S16
REGIONAL::BARRA DO GARCAS,2020,17,0.0,2020-S17
REGIONAL::BARRA DO GARCAS,2020,18,0.0,2020-S18
REGIONAL::BARRA DO GARCAS,2020,19,0.0,2020-S19
REGIONAL::BARRA DO GARCAS,2020,20,0.0,2020-S20
REGIONAL::BARRA DO GARCAS,2020,21,0.0,2020-S21
REGIONAL::BARRA DO GARCAS,2020,22,0.0,2020-S22
REGIONAL::BARRA DO GARCAS,2020,23,0.0,2020-S23
REGIONAL::BARRA DO GARCAS,2020,24,0.0,2020-S24
REGIONAL::BARRA DO GARCAS,2020,25,0.0,2020-S25
REGIONAL::BARRA DO GARCAS,2020,26,0.0,2020-S26
REGIONAL::BARRA DO GARCAS,2020,27,0.0,2020-S27
REGIONAL::BARRA DO GARCAS,2020,28,0.0,2020-S28
REGIONAL::BARRA DO GARCAS,2020,29,1.0,2020-S29
REGIONAL::BARRA DO GARCAS,2020,30,0.0,2020-S30
REGIONAL::BARRA DO GARCAS,2020,31,0.0,2020-S31
REGIONAL::BARRA DO GARCAS,2020,32,0.0,2020-S32
REGIONAL::BARRA DO GARCAS,2020,33,0.0,2020-S33
REGIONAL::BARRA DO GARCAS,2020,34,0.0,2020-S34
REGIONAL::BARRA DO GARCAS,2020,35,0.0,2020-S35
REGIONAL::BARRA DO GARCAS,2020,36,0.0,2020-S36
REGIONAL::BARRA DO GARCAS,2020,37,0.0,2020-S37
REGIONAL::BARRA DO GARCAS,2020,38,1.0,2020-S38
REGIONAL::BARRA DO GARCAS,2020,39,1.0,2020-S39
REGIONAL::BARRA DO GARCAS,2020,40,0.0,2020-S40
REGIONAL::BARRA DO GARCAS,2020,41,1.0,2020-S41
REGIONAL::BARRA DO GARCAS,2020,42,0.0,2020-S42
REGIONAL::BARRA DO GARCAS,2020,43,0.0,2020-S43
REGIONAL::BARRA DO GARCAS,2020,44,0.0,2020-S44
REGIONAL::BARRA DO GARCAS,2020,45,0.0,2020-S45
REGIONAL::BARRA DO GARCAS,2020,46,0.0,2020-S46
REGIONAL::BARRA DO GARCAS,2020,47,0.0,2020-S47
REGIONAL::BARRA DO GARCAS,2020,48,0.0,2020-S48
REGIONAL::BARRA DO GARCAS,2020,49,1.0,2020-S49
REGIONAL::BARRA DO GARCAS,2020,50,0.0,2020-S50
REGIONAL::BARRA DO GARCAS,2020,51,0.0,2020-S51
REGIONAL::BARRA DO GARCAS,2020,52,0.0,2020-S52
REGIONAL::BARRA DO GARCAS,2021,1,0.0,2021-S01
REGIONAL::BARRA DO GARCAS,2021,2,0.0,2021-S02
REGIONAL::BARRA DO GARCAS,2021,3,0.0,2021-S03
REGIONAL::BARRA DO GARCAS,2021,4,0.0,2021-S04
REGIONAL::BARRA DO GARCAS,2021,5,1.0,2021-S05
REGIONAL::BARRA DO GARCAS,2021,6,0.0,2021-S06
REGIONAL::BARRA DO GARCAS,2021,7,0.0,2021-S07
REGIONAL::BARRA DO GARCAS,2021,8,0.0,2021-S08
REGIONAL::BARRA DO GARCAS,2021,9,0.0,2021-S09
REGIONAL::BARRA DO GARCAS,2021,10,1.0,2021-S10
REGIONAL::BARRA DO GARCAS,2021,11,0.0,2021-S11
REGIONAL::BARRA DO GARCAS,2021,12,0.0,2021-S12
REGIONAL::BARRA DO GARCAS,2021,13,0.0,2021-S13
REGIONAL::BARRA DO GARCAS,2021,14,0.0,2021-S14
REGIONAL::BARRA DO GARCAS,2021,15,0.0,2021-S15
REGIONAL::BARRA DO GARCAS,2021,16,0.0,2021-S16
REGIONAL::BARRA DO GARCAS,2021,17,0.0,2021-S17
REGIONAL::BARRA DO GARCAS,2021,18,0.0,2021-S18
REGIONAL::BARRA DO GARCAS,2021,19,1.0,2021-S19
REGIONAL::BARRA DO GARCAS,2021,20,0.0,2021-S20
REGIONAL::BARRA DO GARCAS,2021,21,0.0,2021-S21
REGIONAL::BARRA DO GARCAS,2021,22,0.0,2021-S22
REGIONAL::BARRA DO GARCAS,2021,23,0.0,2021-S23
REGIONAL::BARRA DO GARCAS,2021,24,1.0,2021-S24
REGIONAL::BARRA DO GARCAS,2021,25,0.0,2021-S25
REGIONAL::BARRA DO GARCAS,2021,26,0.0,2021-S26
REGIONAL::BARRA DO GARCAS,2021,27,1.0,2021-S27
REGIONAL::BARRA DO GARCAS,2021,28,0.0,2021-S28
REGIONAL::BARRA DO GARCAS,2021,29,0.0,2021-S29
REGIONAL::BARRA DO GARCAS,2021,30,0.0,2021-S30
REGIONAL::BARRA DO GARCAS,2021,31,0.0,2021-S31
REGIONAL::BARRA DO GARCAS,2021,32,0.0,2021-S32
REGIONAL::BARRA DO GARCAS,2021,33,0.0,2021-S33
REGIONAL::BARRA DO GARCAS,2021,34,0.0,2021-S34
REGIONAL::BARRA DO GARCAS,2021,35,0.0,2021-S35
REGIONAL::BARRA DO GARCAS,2021,36,2.0,2021-S36
REGIONAL::BARRA DO GARCAS,2021,37,0.0,2021-S37
REGIONAL::BARRA DO GARCAS,2021,38,0.0,2021-S38
REGIONAL::BARRA DO GARCAS,2021,39,0.0,2021-S39
REGIONAL::BARRA DO GARCAS,2021,40,0.0,2021-S40
REGIONAL::BARRA DO GARCAS,2021,41,0.0,2021-S41
REGIONAL::BARRA DO GARCAS,2021,42,0.0,2021-S42
REGIONAL::BARRA DO GARCAS,2021,43,0.0,2021-S43
REGIONAL::BARRA DO GARCAS,2021,44,0.0,2021-S44
REGIONAL::BARRA DO GARCAS,2021,45,0.0,2021-S45
REGIONAL::BARRA DO GARCAS,2021,46,0.0,2021-S46
REGIONAL::BARRA DO GARCAS,2021,47,0.0,2021-S47
REGIONAL::BARRA DO GARCAS,2021,48,0.0,2021-S48
REGIONAL::BARRA DO GARCAS,2021,49,0.0,2021-S49
REGIONAL::BARRA DO GARCAS,2021,50,0.0,2021-S50
REGIONAL::BARRA DO GARCAS,2021,51,0.0,2021-S51
REGIONAL::BARRA DO GARCAS,2021,52,0.0,2021-S52
REGIONAL::BARRA DO GARCAS,2022,1,0.0,2022-S01
REGIONAL::BARRA DO GARCAS,2022,2,0.0,2022-S02
REGIONAL::BARRA DO GARCAS,2022,3,0.0,2022-S03
REGIONAL::BARRA DO GARCAS,2022,4,0.0,2022-S04
REGIONAL::BARRA DO GARCAS,2022,5,0.0,2022-S05
REGIONAL::BARRA DO GARCAS,2022,6,0.0,2022-S06
REGIONAL::BARRA DO GARCAS,2022,7,0.0,2022-S07
REGIONAL::BARRA DO GARCAS,2022,8,0.0,2022-S08
REGIONAL::BARRA DO GARCAS,2022,9,0.0,2022-S09
REGIONAL::BARRA DO GARCAS,2022,10,0.0,2022-S10
REGIONAL::BARRA DO GARCAS,2022,11,0.0,2022-S11
REGIONAL::BARRA DO GARCAS,2022,12,0.0,2022-S12
REGIONAL::BARRA DO GARCAS,2022,13,0.0,2022-S13
REGIONAL::BARRA DO GARCAS,2022,14,0.0,2022-S14
REGIONAL::BARRA DO GARCAS,2022,15,0.0,2022-S15
REGIONAL::BARRA DO GARCAS,2022,16,0.0,2022-S16
REGIONAL::BARRA DO GARCAS,2022,17,0.0,2022-S17
REGIONAL::BARRA DO GARCAS,2022,18,0.0,2022-S18
REGIONAL::BARRA DO GARCAS,2022,19,1.0,2022-S19
REGIONAL::BARRA DO GARCAS,2022,20,0.0,2022-S20
REGIONAL::BARRA DO GARCAS,2022,21,1.0,2022-S21
REGIONAL::BARRA DO GARCAS,2022,22,0.0,2022-S22
REGIONAL::BARRA DO GARCAS,2022,23,1.0,2022-S23
REGIONAL::BARRA DO GARCAS,2022,24,0.0,2022-S24
REGIONAL::BARRA DO GARCAS,2022,25,0.0,2022-S25
REGIONAL::BARRA DO GARCAS,2022,26,0.0,2022-S26
REGIONAL::BARRA DO GARCAS,2022,27,0.0,2022-S27
REGIONAL::BARRA DO GARCAS,2022,28,0.0,2022-S28
REGIONAL::BARRA DO GARCAS,2022,29,1.0,2022-S29
REGIONAL::BARRA DO GARCAS,2022,30,1.0,2022-S30
REGIONAL::BARRA DO GARCAS,2022,31,0.0,2022-S31
REGIONAL::BARRA DO GARCAS,2022,32,0.0,2022-S32
REGIONAL::BARRA DO GARCAS,2022,33,0.0,2022-S33
REGIONAL::BARRA DO GARCAS,2022,34,0.0,2022-S34
REGIONAL::BARRA DO GARCAS,2022,35,0.0,2022-S35
REGIONAL::BARRA DO GARCAS,2022,36,0.0,2022-S36
REGIONAL::BARRA DO GARCAS,2022,37,0.0,2022-S37
REGIONAL::BARRA DO GARCAS,2022,38,1.0,2022-S38
REGIONAL::BARRA DO GARCAS,2022,39,1.0,2022-S39
REGIONAL::BARRA DO GARCAS,2022,40,0.0,2022-S40
REGIONAL::BARRA DO GARCAS,2022,41,0.0,2022-S41
REGIONAL::BARRA DO GARCAS,2022,42,0.0,2022-S42
REGIONAL::BARRA DO GARCAS,2022,43,0.0,2022-S43
REGIONAL::BARRA DO GARCAS,2022,44,0.0,2022-S44
REGIONAL::BARRA DO GARCAS,2022,45,0.0,2022-S45
REGIONAL::BARRA DO GARCAS,2022,46,0.0,2022-S46
REGIONAL::BARRA DO GARCAS,2022,47,0.0,2022-S47
REGIONAL::BARRA DO GARCAS,2022,48,0.0,2022-S48
REGIONAL::BARRA DO GARCAS,2022,49,0.0,2022-S49
REGIONAL::BARRA DO GARCAS,2022,50,0.0,2022-S50
REGIONAL::BARRA DO GARCAS,2022,51,0.0,2022-S51
REGIONAL::BARRA DO GARCAS,2022,52,0.0,2022-S52
REGIONAL::BARRA DO GARCAS,2023,1,0.0,2023-S01
REGIONAL::BARRA DO GARCAS,2023,2,0.0,2023-S02
REGIONAL::BARRA DO GARCAS,2023,3,0.0,2023-S03
REGIONAL::BARRA DO GARCAS,2023,4,0.0,2023-S04
REGIONAL::BARRA DO GARCAS,2023,5,0.0,2023-S05
REGIONAL::BARRA DO GARCAS,2023,6,0.0,2023-S06
REGIONAL::BARRA DO GARCAS,2023,7,0.0,2023-S07
REGIONAL::BARRA DO GARCAS,2023,8,0.0,2023-S08
REGIONAL::BARRA DO GARCAS,2023,9,0.0,2023-S09
REGIONAL::BARRA DO GARCAS,2023,10,0.0,2023-S10
REGIONAL::BARRA DO GARCAS,2023,11,0.0,2023-S11
REGIONAL::BARRA DO GARCAS,2023,12,0.0,2023-S12
REGIONAL::BARRA DO GARCAS,2023,13,1.0,2023-S13
REGIONAL::BARRA DO GARCAS,2023,14,2.0,2023-S14
REGIONAL::BARRA DO GARCAS,2023,15,0.0,2023-S15
REGIONAL::BARRA DO GARCAS,2023,16,0.0,2023-S16
REGIONAL::BARRA DO GARCAS,2023,17,1.0,2023-S17
REGIONAL::BARRA DO GARCAS,2023,18,0.0,2023-S18
REGIONAL::BARRA DO GARCAS,2023,19,0.0,2023-S19
REGIONAL::BARRA DO GARCAS,2023,20,0.0,2023-S20
REGIONAL::BARRA DO GARCAS,2023,21,0.0,2023-S21
REGIONAL::BARRA DO GARCAS,2023,22,0.0,2023-S22
REGIONAL::BARRA DO GARCAS,2023,23,0.0,2023-S23
REGIONAL::BARRA DO GARCAS,2023,24,0.0,2023-S24
REGIONAL::BARRA DO GARCAS,2023,25,0.0,2023-S25
REGIONAL::BARRA DO GARCAS,2023,26,0.0,2023-S26
REGIONAL::BARRA DO GARCAS,2023,27,1.0,2023-S27
REGIONAL::BARRA DO GARCAS,2023,28,0.0,2023-S28
REGIONAL::BARRA DO GARCAS,2023,29,1.0,2023-S29
REGIONAL::BARRA DO GARCAS,2023,30,0.0,2023-S30
REGIONAL::BARRA DO GARCAS,2023,31,0.0,2023-S31
REGIONAL::BARRA DO GARCAS,2023,32,1.0,2023-S32
REGIONAL::BARRA DO GARCAS,2023,33,0.0,2023-S33
REGIONAL::BARRA DO GARCAS,2023,34,0.0,2023-S34
REGIONAL::BARRA DO GARCAS,2023,35,0.0,2023-S35
REGIONAL::BARRA DO GARCAS,2023,36,1.0,2023-S36
REGIONAL::BARRA DO GARCAS,2023,37,0.0,2023-S37
REGIONAL::BARRA DO GARCAS,2023,38,2.0,2023-S38
REGIONAL::BARRA DO GARCAS,2023,39,0.0,2023-S39
REGIONAL::BARRA DO GARCAS,2023,40,0.0,2023-S40
REGIONAL::BARRA DO GARCAS,2023,41,0.0,2023-S41
REGIONAL::BARRA DO GARCAS,2023,42,0.0,2023-S42
REGIONAL::BARRA DO GARCAS,2023,43,0.0,2023-S43
REGIONAL::BARRA DO GARCAS,2023,44,1.0,2023-S44
REGIONAL::BARRA DO GARCAS,2023,45,1.0,2023-S45
REGIONAL::BARRA DO GARCAS,2023,46,0.0,2023-S46
REGIONAL::BARRA DO GARCAS,2023,47,0.0,2023-S47
REGIONAL::BARRA DO GARCAS,2023,48,0.0,2023-S48
REGIONAL::BARRA DO GARCAS,2023,49,1.0,2023-S49
REGIONAL::BARRA DO GARCAS,2023,50,2.0,2023-S50
REGIONAL::BARRA DO GARCAS,2023,51,0.0,2023-S51
REGIONAL::BARRA DO GARCAS,2023,52,0.0,2023-S52
REGIONAL::BARRA DO GARCAS,2024,1,0.0,2024-S01
REGIONAL::BARRA DO GARCAS,2024,2,0.0,2024-S02
REGIONAL::BARRA DO GARCAS,2024,3,0.0,2024-S03
REGIONAL::BARRA DO GARCAS,2024,4,1.0,2024-S04
REGIONAL::BARRA DO GARCAS,2024,5,0.0,2024-S05
REGIONAL::BARRA DO GARCAS,2024,6,0.0,2024-S06
REGIONAL::BARRA DO GARCAS,2024,7,0.0,2024-S07
REGIONAL::BARRA DO GARCAS,2024,8,0.0,2024-S08
REGIONAL::BARRA DO GARCAS,2024,9,0.0,2024-S09
REGIONAL::BARRA DO GARCAS,2024,10,1.0,2024-S10
REGIONAL::BARRA DO GARCAS,2024,11,0.0,2024-S11
REGIONAL::BARRA DO GARCAS,2024,12,1.0,2024-S12
REGIONAL::BARRA DO GARCAS,2024,13,1.0,2024-S13
REGIONAL::BARRA DO GARCAS,2024,14,0.0,2024-S14
REGIONAL::BARRA DO GARCAS,2024,15,0.0,2024-S15
REGIONAL::BARRA DO GARCAS,2024,16,0.0,2024-S16
REGIONAL::BARRA DO GARCAS,2024,17,0.0,2024-S17
REGIONAL::BARRA DO GARCAS,2024,18,0.0,2024-S18
REGIONAL::BARRA DO GARCAS,2024,19,1.0,2024-S19
REGIONAL::BARRA DO GARCAS,2024,20,0.0,2024-S20
REGIONAL::BARRA DO GARCAS,2024,21,0.0,2024-S21
REGIONAL::BARRA DO GARCAS,2024,22,0.0,2024-S22
REGIONAL::BARRA DO GARCAS,2024,23,1.0,2024-S23
REGIONAL::BARRA DO GARCAS,2024,24,0.0,2024-S24
REGIONAL::BARRA DO GARCAS,2024,25,1.0,2024-S25
REGIONAL::BARRA DO GARCAS,2024,26,0.0,2024-S26
REGIONAL::BARRA DO GARCAS,2024,27,0.0,2024-S27
REGIONAL::BARRA DO GARCAS,2024,28,0.0,2024-S28
REGIONAL::BARRA DO GARCAS,2024,29,0.0,2024-S29
REGIONAL::BARRA DO GARCAS,2024,30,0.0,2024-S30
REGIONAL::BARRA DO GARCAS,2024,31,0.0,2024-S31
REGIONAL::BARRA DO GARCAS,2024,32,0.0,2024-S32
REGIONAL::BARRA DO GARCAS,2024,33,0.0,2024-S33
REGIONAL::BARRA DO GARCAS,2024,34,0.0,2024-S34
REGIONAL::BARRA DO GARCAS,2024,35,0.0,2024-S35
REGIONAL::BARRA DO GARCAS,2024,36,0.0,2024-S36
REGIONAL::BARRA DO GARCAS,2024,37,0.0,2024-S37
REGIONAL::BARRA DO GARCAS,2024,38,0.0,2024-S38
REGIONAL::BARRA DO GARCAS,2024,39,1.0,2024-S39
REGIONAL::BARRA DO GARCAS,2024,40,0.0,2024-S40
REGIONAL::BARRA DO GARCAS,2024,41,0.0,2024-S41
REGIONAL::BARRA DO GARCAS,2024,42,0.0,2024-S42
REGIONAL::BARRA DO GARCAS,2024,43,0.0,2024-S43
REGIONAL::BARRA DO GARCAS,2024,44,0.0,2024-S44
REGIONAL::BARRA DO GARCAS,2024,45,1.0,2024-S45
REGIONAL::BARRA DO GARCAS,2024,46,0.0,2024-S46
REGIONAL::BARRA DO GARCAS,2024,47,0.0,2024-S47
REGIONAL::BARRA DO GARCAS,2024,48,0.0,2024-S48
REGIONAL::BARRA DO GARCAS,2024,49,0.0,2024-S49
REGIONAL::BARRA DO GARCAS,2024,50,0.0,2024-S50
REGIONAL::BARRA DO GARCAS,2024,51,0.0,2024-S51
REGIONAL::BARRA DO GARCAS,2024,52,0.0,2024-S52
REGIONAL::BARRA DO GARCAS,2025,1,0.0,2025-S01
REGIONAL::BARRA DO GARCAS,2025,2,0.0,2025-S02
REGIONAL::BARRA DO GARCAS,2025,3,0.0,2025-S03
REGIONAL::BARRA DO GARCAS,2025,4,1.0,2025-S04
REGIONAL::BARRA DO GARCAS,2025,5,0.0,2025-S05
REGIONAL::BARRA DO GARCAS,2025,6,0.0,2025-S06
REGIONAL::BARRA DO GARCAS,2025,7,0.0,2025-S07
REGIONAL::BARRA DO GARCAS,2025,8,0.0,2025-S08
REGIONAL::BARRA DO GARCAS,2025,9,0.0,2025-S09
REGIONAL::BARRA DO GARCAS,2025,10,0.0,2025-S10
REGIONAL::BARRA DO GARCAS,2025,11,0.0,2025-S11
REGIONAL::BARRA DO GARCAS,2025,12,0.0,2025-S12
REGIONAL::BARRA DO GARCAS,2025,13,0.0,2025-S13
REGIONAL::BARRA DO GARCAS,2025,14,0.0,2025-S14
REGIONAL::BARRA DO GARCAS,2025,15,0.0,2025-S15
REGIONAL::BARRA DO GARCAS,2025,16,0.0,2025-S16
REGIONAL::BARRA DO GARCAS,2025,17,0.0,2025-S17
REGIONAL::BARRA DO GARCAS,2025,18,0.0,2025-S18
REGIONAL::BARRA DO GARCAS,2025,19,0.0,2025-S19
REGIONAL::BARRA DO GARCAS,2025,20,0.0,2025-S20
REGIONAL::BARRA DO GARCAS,2025,21,0.0,2025-S21
REGIONAL::BARRA DO GARCAS,2025,22,0.0,2025-S22
REGIONAL::BARRA DO GARCAS,2025,23,0.0,2025-S23
REGIONAL::BARRA DO GARCAS,2025,24,0.0,2025-S24
REGIONAL::BARRA DO GARCAS,2025,25,1.0,2025-S25
REGIONAL::BARRA DO GARCAS,2025,26,0.0,2025-S26
REGIONAL::BARRA DO GARCAS,2025,27,0.0,2025-S27
REGIONAL::BARRA DO GARCAS,2025,28,1.0,2025-S28
REGIONAL::BARRA DO GARCAS,2025,29,0.0,2025-S29
REGIONAL::BARRA DO GARCAS,2025,30,0.0,2025-S30
REGIONAL::BARRA DO GARCAS,2025,31,0.0,2025-S31
REGIONAL::BARRA DO GARCAS,2025,32,0.0,2025-S32
REGIONAL::BARRA DO GARCAS,2025,33,0.0,2025-S33
REGIONAL::BARRA DO GARCAS,2025,34,0.0,2025-S34
REGIONAL::BARRA DO GARCAS,2025,35,1.0,2025-S35
REGIONAL::BARRA DO GARCAS,2025,36,0.0,2025-S36
REGIONAL::BARRA DO GARCAS,2025,37,1.0,2025-S37
REGIONAL::BARRA DO GARCAS,2025,38,0.0,2025-S38
REGIONAL::BARRA DO GARCAS,2025,39,1.0,2025-S39
REGIONAL::BARRA DO GARCAS,2025,40,1.0,2025-S40
REGIONAL::BARRA DO GARCAS,2025,41,0.0,2025-S41
REGIONAL::BARRA DO GARCAS,2025,42,0.0,2025-S42
REGIONAL::BARRA DO GARCAS,2025,43,0.0,2025-S43
REGIONAL::BARRA DO GARCAS,2025,44,1.0,2025-S44
REGIONAL::BARRA DO GARCAS,2025,45,0.0,2025-S45
REGIONAL::BARRA DO GARCAS,2025,46,0.0,2025-S46
REGIONAL::BARRA DO GARCAS,2025,47,0.0,2025-S47
REGIONAL::BARRA DO GARCAS,2025,48,0.0,2025-S48
REGIONAL::BARRA DO GARCAS,2025,49,0.0,2025-S49
REGIONAL::BARRA DO GARCAS,2025,50,0.0,2025-S50
REGIONAL::BARRA DO GARCAS,2025,51,0.0,2025-S51
REGIONAL::BARRA DO GARCAS,2025,52,0.0,2025-S52
REGIONAL::BARRA DO GARCAS,2026,1,0.0,2026-S01
REGIONAL::BARRA DO GARCAS,2026,2,0.0,2026-S02
REGIONAL::BARRA DO GARCAS,2026,3,0.0,2026-S03
REGIONAL::BARRA DO GARCAS,2026,4,0.0,2026-S04
REGIONAL::BARRA DO GARCAS,2026,5,0.0,2026-S05
REGIONAL::BARRA DO GARCAS,2026,6,2.0,2026-S06
REGIONAL::BARRA DO GARCAS,2026,7,0.0,2026-S07
REGIONAL::BARRA DO GARCAS,2026,8,0.0,2026-S08
REGIONAL::BARRA DO GARCAS,2026,9,0.0,2026-S09
REGIONAL::BARRA DO GARCAS,2026,10,0.0,2026-S10
REGIONAL::BARRA DO GARCAS,2026,11,0.0,2026-S11
REGIONAL::BARRA DO GARCAS,2026,12,0.0,2026-S12
REGIONAL::BARRA DO GARCAS,2026,13,1.0,2026-S13
REGIONAL::BARRA DO GARCAS,2026,14,0.0,2026-S14
REGIONAL::BARRA DO GARCAS,2026,15,0.0,2026-S15
REGIONAL::BARRA DO GARCAS,2026,16,0.0,2026-S16
REGIONAL::BARRA DO GARCAS,2026,17,0.0,2026-S17
REGIONAL::BARRA DO GARCAS,2026,18,1.0,2026-S18
REGIONAL::BARRA DO GARCAS,2026,19,0.0,2026-S19
REGIONAL::BARRA DO GARCAS,2026,20,0.0,2026-S20
REGIONAL::BARRA DO GARCAS,2026,21,0.0,2026-S21
REGIONAL::BARRA DO GARCAS,2026,22,0.0,2026-S22
REGIONAL::BARRA DO GARCAS,2026,23,0.0,2026-S23
REGIONAL::BARRA DO GARCAS,2026,24,0.0,2026-S24
REGIONAL::BARRA DO GARCAS,2026,25,1.0,2026-S25
REGIONAL::BARRA DO GARCAS,2026,26,3.0,2026-S26
REGIONAL::BARRA DO GARCAS,2026,27,0.0,2026-S27
REGIONAL::BARRA DO GARCAS,2026,28,0.0,2026-S28
REGIONAL::BARRA DO GARCAS,2026,29,0.0,2026-S29
REGIONAL::BARRA DO GARCAS,2026,30,0.0,2026-S30
REGIONAL::BARRA DO GARCAS,2026,31,0.0,2026-S31
REGIONAL::CACERES,2007,1,1.0,2007-S01
REGIONAL::CACERES,2007,2,1.0,2007-S02
REGIONAL::CACERES,2007,3,0.0,2007-S03
REGIONAL::CACERES,2007,4,0.0,2007-S04
REGIONAL::CACERES,2007,5,0.0,2007-S05
REGIONAL::CACERES,2007,6,0.0,2007-S06
REGIONAL::CACERES,2007,7,0.0,2007-S07
REGIONAL::CACERES,2007,8,0.0,2007-S08
REGIONAL::CACERES,2007,9,0.0,2007-S09
REGIONAL::CACERES,2007,10,0.0,2007-S10
REGIONAL::CACERES,2007,11,2.0,2007-S11
REGIONAL::CACERES,2007,12,0.0,2007-S12
REGIONAL::CACERES,2007,13,2.0,2007-S13
REGIONAL::CACERES,2007,14,0.0,2007-S14
REGIONAL::CACERES,2007,15,1.0,2007-S15
REGIONAL::CACERES,2007,16,0.0,2007-S16
REGIONAL::CACERES,2007,17,4.0,2007-S17
REGIONAL::CACERES,2007,18,0.0,2007-S18
REGIONAL::CACERES,2007,19,1.0,2007-S19
REGIONAL::CACERES,2007,20,0.0,2007-S20
REGIONAL::CACERES,2007,21,3.0,2007-S21
REGIONAL::CACERES,2007,22,0.0,2007-S22
REGIONAL::CACERES,2007,23,0.0,2007-S23
REGIONAL::CACERES,2007,24,1.0,2007-S24
REGIONAL::CACERES,2007,25,0.0,2007-S25
REGIONAL::CACERES,2007,26,3.0,2007-S26
REGIONAL::CACERES,2007,27,0.0,2007-S27
REGIONAL::CACERES,2007,28,0.0,2007-S28
REGIONAL::CACERES,2007,29,0.0,2007-S29
REGIONAL::CACERES,2007,30,0.0,2007-S30
REGIONAL::CACERES,2007,31,0.0,2007-S31
REGIONAL::CACERES,2007,32,1.0,2007-S32
REGIONAL::CACERES,2007,33,0.0,2007-S33
REGIONAL::CACERES,2007,34,3.0,2007-S34
REGIONAL::CACERES,2007,35,0.0,2007-S35
REGIONAL::CACERES,2007,36,0.0,2007-S36
REGIONAL::CACERES,2007,37,1.0,2007-S37
REGIONAL::CACERES,2007,38,0.0,2007-S38
REGIONAL::CACERES,2007,39,0.0,2007-S39
REGIONAL::CACERES,2007,40,0.0,2007-S40
REGIONAL::CACERES,2007,41,1.0,2007-S41
REGIONAL::CACERES,2007,42,0.0,2007-S42
REGIONAL::CACERES,2007,43,0.0,2007-S43
REGIONAL::CACERES,2007,44,0.0,2007-S44
REGIONAL::CACERES,2007,45,0.0,2007-S45
REGIONAL::CACERES,2007,46,0.0,2007-S46
REGIONAL::CACERES,2007,47,0.0,2007-S47
REGIONAL::CACERES,2007,48,0.0,2007-S48
REGIONAL::CACERES,2007,49,0.0,2007-S49
REGIONAL::CACERES,2007,50,0.0,2007-S50
REGIONAL::CACERES,2007,51,0.0,2007-S51
REGIONAL::CACERES,2007,52,0.0,2007-S52
REGIONAL::CACERES,2008,1,0.0,2008-S01
REGIONAL::CACERES,2008,2,0.0,2008-S02
REGIONAL::CACERES,2008,3,0.0,2008-S03
REGIONAL::CACERES,2008,4,1.0,2008-S04
REGIONAL::CACERES,2008,5,0.0,2008-S05
REGIONAL::CACERES,2008,6,0.0,2008-S06
REGIONAL::CACERES,2008,7,0.0,2008-S07
REGIONAL::CACERES,2008,8,1.0,2008-S08
REGIONAL::CACERES,2008,9,1.0,2008-S09
REGIONAL::CACERES,2008,10,0.0,2008-S10
REGIONAL::CACERES,2008,11,0.0,2008-S11
REGIONAL::CACERES,2008,12,1.0,2008-S12
REGIONAL::CACERES,2008,13,0.0,2008-S13
REGIONAL::CACERES,2008,14,2.0,2008-S14
REGIONAL::CACERES,2008,15,0.0,2008-S15
REGIONAL::CACERES,2008,16,1.0,2008-S16
REGIONAL::CACERES,2008,17,1.0,2008-S17
REGIONAL::CACERES,2008,18,1.0,2008-S18
REGIONAL::CACERES,2008,19,1.0,2008-S19
REGIONAL::CACERES,2008,20,0.0,2008-S20
REGIONAL::CACERES,2008,21,0.0,2008-S21
REGIONAL::CACERES,2008,22,0.0,2008-S22
REGIONAL::CACERES,2008,23,1.0,2008-S23
REGIONAL::CACERES,2008,24,1.0,2008-S24
REGIONAL::CACERES,2008,25,0.0,2008-S25
REGIONAL::CACERES,2008,26,0.0,2008-S26
REGIONAL::CACERES,2008,27,0.0,2008-S27
REGIONAL::CACERES,2008,28,0.0,2008-S28
REGIONAL::CACERES,2008,29,1.0,2008-S29
REGIONAL::CACERES,2008,30,0.0,2008-S30
REGIONAL::CACERES,2008,31,0.0,2008-S31
REGIONAL::CACERES,2008,32,2.0,2008-S32
REGIONAL::CACERES,2008,33,0.0,2008-S33
REGIONAL::CACERES,2008,34,0.0,2008-S34
REGIONAL::CACERES,2008,35,0.0,2008-S35
REGIONAL::CACERES,2008,36,1.0,2008-S36
REGIONAL::CACERES,2008,37,0.0,2008-S37
REGIONAL::CACERES,2008,38,0.0,2008-S38
REGIONAL::CACERES,2008,39,0.0,2008-S39
REGIONAL::CACERES,2008,40,2.0,2008-S40
REGIONAL::CACERES,2008,41,0.0,2008-S41
REGIONAL::CACERES,2008,42,1.0,2008-S42
REGIONAL::CACERES,2008,43,0.0,2008-S43
REGIONAL::CACERES,2008,44,0.0,2008-S44
REGIONAL::CACERES,2008,45,0.0,2008-S45
REGIONAL::CACERES,2008,46,2.0,2008-S46
REGIONAL::CACERES,2008,47,1.0,2008-S47
REGIONAL::CACERES,2008,48,0.0,2008-S48
REGIONAL::CACERES,2008,49,0.0,2008-S49
REGIONAL::CACERES,2008,50,0.0,2008-S50
REGIONAL::CACERES,2008,51,0.0,2008-S51
REGIONAL::CACERES,2008,52,0.0,2008-S52
REGIONAL::CACERES,2009,1,0.0,2009-S01
REGIONAL::CACERES,2009,2,0.0,2009-S02
REGIONAL::CACERES,2009,3,0.0,2009-S03
REGIONAL::CACERES,2009,4,2.0,2009-S04
REGIONAL::CACERES,2009,5,0.0,2009-S05
REGIONAL::CACERES,2009,6,0.0,2009-S06
REGIONAL::CACERES,2009,7,0.0,2009-S07
REGIONAL::CACERES,2009,8,0.0,2009-S08
REGIONAL::CACERES,2009,9,0.0,2009-S09
REGIONAL::CACERES,2009,10,2.0,2009-S10
REGIONAL::CACERES,2009,11,0.0,2009-S11
REGIONAL::CACERES,2009,12,0.0,2009-S12
REGIONAL::CACERES,2009,13,0.0,2009-S13
REGIONAL::CACERES,2009,14,0.0,2009-S14
REGIONAL::CACERES,2009,15,0.0,2009-S15
REGIONAL::CACERES,2009,16,0.0,2009-S16
REGIONAL::CACERES,2009,17,0.0,2009-S17
REGIONAL::CACERES,2009,18,0.0,2009-S18
REGIONAL::CACERES,2009,19,0.0,2009-S19
REGIONAL::CACERES,2009,20,0.0,2009-S20
REGIONAL::CACERES,2009,21,0.0,2009-S21
REGIONAL::CACERES,2009,22,0.0,2009-S22
REGIONAL::CACERES,2009,23,1.0,2009-S23
REGIONAL::CACERES,2009,24,0.0,2009-S24
REGIONAL::CACERES,2009,25,1.0,2009-S25
REGIONAL::CACERES,2009,26,1.0,2009-S26
REGIONAL::CACERES,2009,27,1.0,2009-S27
REGIONAL::CACERES,2009,28,0.0,2009-S28
REGIONAL::CACERES,2009,29,0.0,2009-S29
REGIONAL::CACERES,2009,30,0.0,2009-S30
REGIONAL::CACERES,2009,31,0.0,2009-S31
REGIONAL::CACERES,2009,32,0.0,2009-S32
REGIONAL::CACERES,2009,33,0.0,2009-S33
REGIONAL::CACERES,2009,34,1.0,2009-S34
REGIONAL::CACERES,2009,35,0.0,2009-S35
REGIONAL::CACERES,2009,36,0.0,2009-S36
REGIONAL::CACERES,2009,37,0.0,2009-S37
REGIONAL::CACERES,2009,38,0.0,2009-S38
REGIONAL::CACERES,2009,39,0.0,2009-S39
REGIONAL::CACERES,2009,40,0.0,2009-S40
REGIONAL::CACERES,2009,41,0.0,2009-S41
REGIONAL::CACERES,2009,42,0.0,2009-S42
REGIONAL::CACERES,2009,43,0.0,2009-S43
REGIONAL::CACERES,2009,44,0.0,2009-S44
REGIONAL::CACERES,2009,45,0.0,2009-S45
REGIONAL::CACERES,2009,46,0.0,2009-S46
REGIONAL::CACERES,2009,47,0.0,2009-S47
REGIONAL::CACERES,2009,48,0.0,2009-S48
REGIONAL::CACERES,2009,49,0.0,2009-S49
REGIONAL::CACERES,2009,50,0.0,2009-S50
REGIONAL::CACERES,2009,51,0.0,2009-S51
REGIONAL::CACERES,2009,52,0.0,2009-S52
REGIONAL::CACERES,2010,1,0.0,2010-S01
REGIONAL::CACERES,2010,2,0.0,2010-S02
REGIONAL::CACERES,2010,3,0.0,2010-S03
REGIONAL::CACERES,2010,4,1.0,2010-S04
REGIONAL::CACERES,2010,5,0.0,2010-S05
REGIONAL::CACERES,2010,6,0.0,2010-S06
REGIONAL::CACERES,2010,7,0.0,2010-S07
REGIONAL::CACERES,2010,8,0.0,2010-S08
REGIONAL::CACERES,2010,9,0.0,2010-S09
REGIONAL::CACERES,2010,10,0.0,2010-S10
REGIONAL::CACERES,2010,11,0.0,2010-S11
REGIONAL::CACERES,2010,12,0.0,2010-S12
REGIONAL::CACERES,2010,13,0.0,2010-S13
REGIONAL::CACERES,2010,14,0.0,2010-S14
REGIONAL::CACERES,2010,15,0.0,2010-S15
REGIONAL::CACERES,2010,16,0.0,2010-S16
REGIONAL::CACERES,2010,17,2.0,2010-S17
REGIONAL::CACERES,2010,18,1.0,2010-S18
REGIONAL::CACERES,2010,19,1.0,2010-S19
REGIONAL::CACERES,2010,20,0.0,2010-S20
REGIONAL::CACERES,2010,21,0.0,2010-S21
REGIONAL::CACERES,2010,22,0.0,2010-S22
REGIONAL::CACERES,2010,23,0.0,2010-S23
REGIONAL::CACERES,2010,24,1.0,2010-S24
REGIONAL::CACERES,2010,25,0.0,2010-S25
REGIONAL::CACERES,2010,26,1.0,2010-S26
REGIONAL::CACERES,2010,27,1.0,2010-S27
REGIONAL::CACERES,2010,28,1.0,2010-S28
REGIONAL::CACERES,2010,29,0.0,2010-S29
REGIONAL::CACERES,2010,30,0.0,2010-S30
REGIONAL::CACERES,2010,31,0.0,2010-S31
REGIONAL::CACERES,2010,32,0.0,2010-S32
REGIONAL::CACERES,2010,33,1.0,2010-S33
REGIONAL::CACERES,2010,34,0.0,2010-S34
REGIONAL::CACERES,2010,35,0.0,2010-S35
REGIONAL::CACERES,2010,36,0.0,2010-S36
REGIONAL::CACERES,2010,37,0.0,2010-S37
REGIONAL::CACERES,2010,38,1.0,2010-S38
REGIONAL::CACERES,2010,39,0.0,2010-S39
REGIONAL::CACERES,2010,40,0.0,2010-S40
REGIONAL::CACERES,2010,41,0.0,2010-S41
REGIONAL::CACERES,2010,42,0.0,2010-S42
REGIONAL::CACERES,2010,43,0.0,2010-S43
REGIONAL::CACERES,2010,44,1.0,2010-S44
REGIONAL::CACERES,2010,45,2.0,2010-S45
REGIONAL::CACERES,2010,46,0.0,2010-S46
REGIONAL::CACERES,2010,47,0.0,2010-S47
REGIONAL::CACERES,2010,48,0.0,2010-S48
REGIONAL::CACERES,2010,49,0.0,2010-S49
REGIONAL::CACERES,2010,50,0.0,2010-S50
REGIONAL::CACERES,2010,51,0.0,2010-S51
REGIONAL::CACERES,2010,52,0.0,2010-S52
REGIONAL::CACERES,2011,1,0.0,2011-S01
REGIONAL::CACERES,2011,2,0.0,2011-S02
REGIONAL::CACERES,2011,3,0.0,2011-S03
REGIONAL::CACERES,2011,4,0.0,2011-S04
REGIONAL::CACERES,2011,5,0.0,2011-S05
REGIONAL::CACERES,2011,6,1.0,2011-S06
REGIONAL::CACERES,2011,7,0.0,2011-S07
REGIONAL::CACERES,2011,8,0.0,2011-S08
REGIONAL::CACERES,2011,9,0.0,2011-S09
REGIONAL::CACERES,2011,10,0.0,2011-S10
REGIONAL::CACERES,2011,11,0.0,2011-S11
REGIONAL::CACERES,2011,12,0.0,2011-S12
REGIONAL::CACERES,2011,13,0.0,2011-S13
REGIONAL::CACERES,2011,14,0.0,2011-S14
REGIONAL::CACERES,2011,15,1.0,2011-S15
REGIONAL::CACERES,2011,16,1.0,2011-S16
REGIONAL::CACERES,2011,17,1.0,2011-S17
REGIONAL::CACERES,2011,18,1.0,2011-S18
REGIONAL::CACERES,2011,19,0.0,2011-S19
REGIONAL::CACERES,2011,20,1.0,2011-S20
REGIONAL::CACERES,2011,21,1.0,2011-S21
REGIONAL::CACERES,2011,22,0.0,2011-S22
REGIONAL::CACERES,2011,23,1.0,2011-S23
REGIONAL::CACERES,2011,24,1.0,2011-S24
REGIONAL::CACERES,2011,25,0.0,2011-S25
REGIONAL::CACERES,2011,26,0.0,2011-S26
REGIONAL::CACERES,2011,27,0.0,2011-S27
REGIONAL::CACERES,2011,28,0.0,2011-S28
REGIONAL::CACERES,2011,29,0.0,2011-S29
REGIONAL::CACERES,2011,30,0.0,2011-S30
REGIONAL::CACERES,2011,31,0.0,2011-S31
REGIONAL::CACERES,2011,32,0.0,2011-S32
REGIONAL::CACERES,2011,33,0.0,2011-S33
REGIONAL::CACERES,2011,34,0.0,2011-S34
REGIONAL::CACERES,2011,35,0.0,2011-S35
REGIONAL::CACERES,2011,36,1.0,2011-S36
REGIONAL::CACERES,2011,37,2.0,2011-S37
REGIONAL::CACERES,2011,38,1.0,2011-S38
REGIONAL::CACERES,2011,39,1.0,2011-S39
REGIONAL::CACERES,2011,40,0.0,2011-S40
REGIONAL::CACERES,2011,41,0.0,2011-S41
REGIONAL::CACERES,2011,42,1.0,2011-S42
REGIONAL::CACERES,2011,43,0.0,2011-S43
REGIONAL::CACERES,2011,44,0.0,2011-S44
REGIONAL::CACERES,2011,45,1.0,2011-S45
REGIONAL::CACERES,2011,46,1.0,2011-S46
REGIONAL::CACERES,2011,47,0.0,2011-S47
REGIONAL::CACERES,2011,48,0.0,2011-S48
REGIONAL::CACERES,2011,49,0.0,2011-S49
REGIONAL::CACERES,2011,50,0.0,2011-S50
REGIONAL::CACERES,2011,51,0.0,2011-S51
REGIONAL::CACERES,2011,52,2.0,2011-S52
REGIONAL::CACERES,2012,1,0.0,2012-S01
REGIONAL::CACERES,2012,2,1.0,2012-S02
REGIONAL::CACERES,2012,3,0.0,2012-S03
REGIONAL::CACERES,2012,4,0.0,2012-S04
REGIONAL::CACERES,2012,5,0.0,2012-S05
REGIONAL::CACERES,2012,6,0.0,2012-S06
REGIONAL::CACERES,2012,7,1.0,2012-S07
REGIONAL::CACERES,2012,8,1.0,2012-S08
REGIONAL::CACERES,2012,9,1.0,2012-S09
REGIONAL::CACERES,2012,10,0.0,2012-S10
REGIONAL::CACERES,2012,11,0.0,2012-S11
REGIONAL::CACERES,2012,12,1.0,2012-S12
REGIONAL::CACERES,2012,13,0.0,2012-S13
REGIONAL::CACERES,2012,14,0.0,2012-S14
REGIONAL::CACERES,2012,15,0.0,2012-S15
REGIONAL::CACERES,2012,16,0.0,2012-S16
REGIONAL::CACERES,2012,17,1.0,2012-S17
REGIONAL::CACERES,2012,18,0.0,2012-S18
REGIONAL::CACERES,2012,19,0.0,2012-S19
REGIONAL::CACERES,2012,20,0.0,2012-S20
REGIONAL::CACERES,2012,21,1.0,2012-S21
REGIONAL::CACERES,2012,22,0.0,2012-S22
REGIONAL::CACERES,2012,23,2.0,2012-S23
REGIONAL::CACERES,2012,24,2.0,2012-S24
REGIONAL::CACERES,2012,25,0.0,2012-S25
REGIONAL::CACERES,2012,26,0.0,2012-S26
REGIONAL::CACERES,2012,27,1.0,2012-S27
REGIONAL::CACERES,2012,28,0.0,2012-S28
REGIONAL::CACERES,2012,29,0.0,2012-S29
REGIONAL::CACERES,2012,30,2.0,2012-S30
REGIONAL::CACERES,2012,31,0.0,2012-S31
REGIONAL::CACERES,2012,32,0.0,2012-S32
REGIONAL::CACERES,2012,33,1.0,2012-S33
REGIONAL::CACERES,2012,34,0.0,2012-S34
REGIONAL::CACERES,2012,35,0.0,2012-S35
REGIONAL::CACERES,2012,36,0.0,2012-S36
REGIONAL::CACERES,2012,37,0.0,2012-S37
REGIONAL::CACERES,2012,38,0.0,2012-S38
REGIONAL::CACERES,2012,39,0.0,2012-S39
REGIONAL::CACERES,2012,40,0.0,2012-S40
REGIONAL::CACERES,2012,41,1.0,2012-S41
REGIONAL::CACERES,2012,42,1.0,2012-S42
REGIONAL::CACERES,2012,43,1.0,2012-S43
REGIONAL::CACERES,2012,44,1.0,2012-S44
REGIONAL::CACERES,2012,45,0.0,2012-S45
REGIONAL::CACERES,2012,46,0.0,2012-S46
REGIONAL::CACERES,2012,47,0.0,2012-S47
REGIONAL::CACERES,2012,48,0.0,2012-S48
REGIONAL::CACERES,2012,49,1.0,2012-S49
REGIONAL::CACERES,2012,50,0.0,2012-S50
REGIONAL::CACERES,2012,51,2.0,2012-S51
REGIONAL::CACERES,2012,52,0.0,2012-S52
REGIONAL::CACERES,2013,1,0.0,2013-S01
REGIONAL::CACERES,2013,2,0.0,2013-S02
REGIONAL::CACERES,2013,3,2.0,2013-S03
REGIONAL::CACERES,2013,4,0.0,2013-S04
REGIONAL::CACERES,2013,5,0.0,2013-S05
REGIONAL::CACERES,2013,6,1.0,2013-S06
REGIONAL::CACERES,2013,7,0.0,2013-S07
REGIONAL::CACERES,2013,8,0.0,2013-S08
REGIONAL::CACERES,2013,9,1.0,2013-S09
REGIONAL::CACERES,2013,10,0.0,2013-S10
REGIONAL::CACERES,2013,11,1.0,2013-S11
REGIONAL::CACERES,2013,12,1.0,2013-S12
REGIONAL::CACERES,2013,13,0.0,2013-S13
REGIONAL::CACERES,2013,14,0.0,2013-S14
REGIONAL::CACERES,2013,15,0.0,2013-S15
REGIONAL::CACERES,2013,16,0.0,2013-S16
REGIONAL::CACERES,2013,17,0.0,2013-S17
REGIONAL::CACERES,2013,18,1.0,2013-S18
REGIONAL::CACERES,2013,19,1.0,2013-S19
REGIONAL::CACERES,2013,20,0.0,2013-S20
REGIONAL::CACERES,2013,21,0.0,2013-S21
REGIONAL::CACERES,2013,22,3.0,2013-S22
REGIONAL::CACERES,2013,23,1.0,2013-S23
REGIONAL::CACERES,2013,24,1.0,2013-S24
REGIONAL::CACERES,2013,25,5.0,2013-S25
REGIONAL::CACERES,2013,26,0.0,2013-S26
REGIONAL::CACERES,2013,27,3.0,2013-S27
REGIONAL::CACERES,2013,28,0.0,2013-S28
REGIONAL::CACERES,2013,29,0.0,2013-S29
REGIONAL::CACERES,2013,30,0.0,2013-S30
REGIONAL::CACERES,2013,31,0.0,2013-S31
REGIONAL::CACERES,2013,32,1.0,2013-S32
REGIONAL::CACERES,2013,33,1.0,2013-S33
REGIONAL::CACERES,2013,34,0.0,2013-S34
REGIONAL::CACERES,2013,35,0.0,2013-S35
REGIONAL::CACERES,2013,36,0.0,2013-S36
REGIONAL::CACERES,2013,37,0.0,2013-S37
REGIONAL::CACERES,2013,38,1.0,2013-S38
REGIONAL::CACERES,2013,39,0.0,2013-S39
REGIONAL::CACERES,2013,40,0.0,2013-S40
REGIONAL::CACERES,2013,41,1.0,2013-S41
REGIONAL::CACERES,2013,42,1.0,2013-S42
REGIONAL::CACERES,2013,43,0.0,2013-S43
REGIONAL::CACERES,2013,44,2.0,2013-S44
REGIONAL::CACERES,2013,45,1.0,2013-S45
REGIONAL::CACERES,2013,46,3.0,2013-S46
REGIONAL::CACERES,2013,47,1.0,2013-S47
REGIONAL::CACERES,2013,48,1.0,2013-S48
REGIONAL::CACERES,2013,49,0.0,2013-S49
REGIONAL::CACERES,2013,50,1.0,2013-S50
REGIONAL::CACERES,2013,51,3.0,2013-S51
REGIONAL::CACERES,2013,52,2.0,2013-S52
REGIONAL::CACERES,2014,1,0.0,2014-S01
REGIONAL::CACERES,2014,2,1.0,2014-S02
REGIONAL::CACERES,2014,3,1.0,2014-S03
REGIONAL::CACERES,2014,4,0.0,2014-S04
REGIONAL::CACERES,2014,5,1.0,2014-S05
REGIONAL::CACERES,2014,6,0.0,2014-S06
REGIONAL::CACERES,2014,7,2.0,2014-S07
REGIONAL::CACERES,2014,8,1.0,2014-S08
REGIONAL::CACERES,2014,9,0.0,2014-S09
REGIONAL::CACERES,2014,10,0.0,2014-S10
REGIONAL::CACERES,2014,11,0.0,2014-S11
REGIONAL::CACERES,2014,12,0.0,2014-S12
REGIONAL::CACERES,2014,13,0.0,2014-S13
REGIONAL::CACERES,2014,14,0.0,2014-S14
REGIONAL::CACERES,2014,15,1.0,2014-S15
REGIONAL::CACERES,2014,16,1.0,2014-S16
REGIONAL::CACERES,2014,17,0.0,2014-S17
REGIONAL::CACERES,2014,18,0.0,2014-S18
REGIONAL::CACERES,2014,19,1.0,2014-S19
REGIONAL::CACERES,2014,20,1.0,2014-S20
REGIONAL::CACERES,2014,21,0.0,2014-S21
REGIONAL::CACERES,2014,22,0.0,2014-S22
REGIONAL::CACERES,2014,23,1.0,2014-S23
REGIONAL::CACERES,2014,24,1.0,2014-S24
REGIONAL::CACERES,2014,25,2.0,2014-S25
REGIONAL::CACERES,2014,26,0.0,2014-S26
REGIONAL::CACERES,2014,27,0.0,2014-S27
REGIONAL::CACERES,2014,28,0.0,2014-S28
REGIONAL::CACERES,2014,29,2.0,2014-S29
REGIONAL::CACERES,2014,30,0.0,2014-S30
REGIONAL::CACERES,2014,31,0.0,2014-S31
REGIONAL::CACERES,2014,32,0.0,2014-S32
REGIONAL::CACERES,2014,33,1.0,2014-S33
REGIONAL::CACERES,2014,34,0.0,2014-S34
REGIONAL::CACERES,2014,35,0.0,2014-S35
REGIONAL::CACERES,2014,36,0.0,2014-S36
REGIONAL::CACERES,2014,37,2.0,2014-S37
REGIONAL::CACERES,2014,38,0.0,2014-S38
REGIONAL::CACERES,2014,39,0.0,2014-S39
REGIONAL::CACERES,2014,40,0.0,2014-S40
REGIONAL::CACERES,2014,41,0.0,2014-S41
REGIONAL::CACERES,2014,42,0.0,2014-S42
REGIONAL::CACERES,2014,43,0.0,2014-S43
REGIONAL::CACERES,2014,44,1.0,2014-S44
REGIONAL::CACERES,2014,45,2.0,2014-S45
REGIONAL::CACERES,2014,46,1.0,2014-S46
REGIONAL::CACERES,2014,47,0.0,2014-S47
REGIONAL::CACERES,2014,48,2.0,2014-S48
REGIONAL::CACERES,2014,49,1.0,2014-S49
REGIONAL::CACERES,2014,50,0.0,2014-S50
REGIONAL::CACERES,2014,51,1.0,2014-S51
REGIONAL::CACERES,2014,52,0.0,2014-S52
REGIONAL::CACERES,2015,1,0.0,2015-S01
REGIONAL::CACERES,2015,2,1.0,2015-S02
REGIONAL::CACERES,2015,3,0.0,2015-S03
REGIONAL::CACERES,2015,4,0.0,2015-S04
REGIONAL::CACERES,2015,5,0.0,2015-S05
REGIONAL::CACERES,2015,6,2.0,2015-S06
REGIONAL::CACERES,2015,7,1.0,2015-S07
REGIONAL::CACERES,2015,8,0.0,2015-S08
REGIONAL::CACERES,2015,9,0.0,2015-S09
REGIONAL::CACERES,2015,10,0.0,2015-S10
REGIONAL::CACERES,2015,11,0.0,2015-S11
REGIONAL::CACERES,2015,12,0.0,2015-S12
REGIONAL::CACERES,2015,13,0.0,2015-S13
REGIONAL::CACERES,2015,14,0.0,2015-S14
REGIONAL::CACERES,2015,15,0.0,2015-S15
REGIONAL::CACERES,2015,16,1.0,2015-S16
REGIONAL::CACERES,2015,17,0.0,2015-S17
REGIONAL::CACERES,2015,18,2.0,2015-S18
REGIONAL::CACERES,2015,19,0.0,2015-S19
REGIONAL::CACERES,2015,20,0.0,2015-S20
REGIONAL::CACERES,2015,21,0.0,2015-S21
REGIONAL::CACERES,2015,22,0.0,2015-S22
REGIONAL::CACERES,2015,23,0.0,2015-S23
REGIONAL::CACERES,2015,24,0.0,2015-S24
REGIONAL::CACERES,2015,25,0.0,2015-S25
REGIONAL::CACERES,2015,26,0.0,2015-S26
REGIONAL::CACERES,2015,27,0.0,2015-S27
REGIONAL::CACERES,2015,28,0.0,2015-S28
REGIONAL::CACERES,2015,29,1.0,2015-S29
REGIONAL::CACERES,2015,30,1.0,2015-S30
REGIONAL::CACERES,2015,31,1.0,2015-S31
REGIONAL::CACERES,2015,32,1.0,2015-S32
REGIONAL::CACERES,2015,33,0.0,2015-S33
REGIONAL::CACERES,2015,34,1.0,2015-S34
REGIONAL::CACERES,2015,35,1.0,2015-S35
REGIONAL::CACERES,2015,36,0.0,2015-S36
REGIONAL::CACERES,2015,37,1.0,2015-S37
REGIONAL::CACERES,2015,38,1.0,2015-S38
REGIONAL::CACERES,2015,39,0.0,2015-S39
REGIONAL::CACERES,2015,40,0.0,2015-S40
REGIONAL::CACERES,2015,41,1.0,2015-S41
REGIONAL::CACERES,2015,42,0.0,2015-S42
REGIONAL::CACERES,2015,43,0.0,2015-S43
REGIONAL::CACERES,2015,44,0.0,2015-S44
REGIONAL::CACERES,2015,45,1.0,2015-S45
REGIONAL::CACERES,2015,46,2.0,2015-S46
REGIONAL::CACERES,2015,47,0.0,2015-S47
REGIONAL::CACERES,2015,48,0.0,2015-S48
REGIONAL::CACERES,2015,49,1.0,2015-S49
REGIONAL::CACERES,2015,50,1.0,2015-S50
REGIONAL::CACERES,2015,51,1.0,2015-S51
REGIONAL::CACERES,2015,52,1.0,2015-S52
REGIONAL::CACERES,2016,1,0.0,2016-S01
REGIONAL::CACERES,2016,2,2.0,2016-S02
REGIONAL::CACERES,2016,3,1.0,2016-S03
REGIONAL::CACERES,2016,4,2.0,2016-S04
REGIONAL::CACERES,2016,5,0.0,2016-S05
REGIONAL::CACERES,2016,6,0.0,2016-S06
REGIONAL::CACERES,2016,7,0.0,2016-S07
REGIONAL::CACERES,2016,8,0.0,2016-S08
REGIONAL::CACERES,2016,9,1.0,2016-S09
REGIONAL::CACERES,2016,10,0.0,2016-S10
REGIONAL::CACERES,2016,11,0.0,2016-S11
REGIONAL::CACERES,2016,12,0.0,2016-S12
REGIONAL::CACERES,2016,13,3.0,2016-S13
REGIONAL::CACERES,2016,14,0.0,2016-S14
REGIONAL::CACERES,2016,15,1.0,2016-S15
REGIONAL::CACERES,2016,16,0.0,2016-S16
REGIONAL::CACERES,2016,17,0.0,2016-S17
REGIONAL::CACERES,2016,18,1.0,2016-S18
REGIONAL::CACERES,2016,19,1.0,2016-S19
REGIONAL::CACERES,2016,20,0.0,2016-S20
REGIONAL::CACERES,2016,21,0.0,2016-S21
REGIONAL::CACERES,2016,22,2.0,2016-S22
REGIONAL::CACERES,2016,23,1.0,2016-S23
REGIONAL::CACERES,2016,24,1.0,2016-S24
REGIONAL::CACERES,2016,25,2.0,2016-S25
REGIONAL::CACERES,2016,26,2.0,2016-S26
REGIONAL::CACERES,2016,27,1.0,2016-S27
REGIONAL::CACERES,2016,28,0.0,2016-S28
REGIONAL::CACERES,2016,29,1.0,2016-S29
REGIONAL::CACERES,2016,30,0.0,2016-S30
REGIONAL::CACERES,2016,31,0.0,2016-S31
REGIONAL::CACERES,2016,32,1.0,2016-S32
REGIONAL::CACERES,2016,33,0.0,2016-S33
REGIONAL::CACERES,2016,34,1.0,2016-S34
REGIONAL::CACERES,2016,35,0.0,2016-S35
REGIONAL::CACERES,2016,36,0.0,2016-S36
REGIONAL::CACERES,2016,37,1.0,2016-S37
REGIONAL::CACERES,2016,38,0.0,2016-S38
REGIONAL::CACERES,2016,39,0.0,2016-S39
REGIONAL::CACERES,2016,40,1.0,2016-S40
REGIONAL::CACERES,2016,41,0.0,2016-S41
REGIONAL::CACERES,2016,42,2.0,2016-S42
REGIONAL::CACERES,2016,43,0.0,2016-S43
REGIONAL::CACERES,2016,44,1.0,2016-S44
REGIONAL::CACERES,2016,45,1.0,2016-S45
REGIONAL::CACERES,2016,46,1.0,2016-S46
REGIONAL::CACERES,2016,47,1.0,2016-S47
REGIONAL::CACERES,2016,48,0.0,2016-S48
REGIONAL::CACERES,2016,49,1.0,2016-S49
REGIONAL::CACERES,2016,50,2.0,2016-S50
REGIONAL::CACERES,2016,51,1.0,2016-S51
REGIONAL::CACERES,2016,52,0.0,2016-S52
REGIONAL::CACERES,2017,1,1.0,2017-S01
REGIONAL::CACERES,2017,2,3.0,2017-S02
REGIONAL::CACERES,2017,3,0.0,2017-S03
REGIONAL::CACERES,2017,4,0.0,2017-S04
REGIONAL::CACERES,2017,5,0.0,2017-S05
REGIONAL::CACERES,2017,6,2.0,2017-S06
REGIONAL::CACERES,2017,7,0.0,2017-S07
REGIONAL::CACERES,2017,8,0.0,2017-S08
REGIONAL::CACERES,2017,9,1.0,2017-S09
REGIONAL::CACERES,2017,10,0.0,2017-S10
REGIONAL::CACERES,2017,11,0.0,2017-S11
REGIONAL::CACERES,2017,12,0.0,2017-S12
REGIONAL::CACERES,2017,13,1.0,2017-S13
REGIONAL::CACERES,2017,14,0.0,2017-S14
REGIONAL::CACERES,2017,15,0.0,2017-S15
REGIONAL::CACERES,2017,16,0.0,2017-S16
REGIONAL::CACERES,2017,17,0.0,2017-S17
REGIONAL::CACERES,2017,18,2.0,2017-S18
REGIONAL::CACERES,2017,19,1.0,2017-S19
REGIONAL::CACERES,2017,20,0.0,2017-S20
REGIONAL::CACERES,2017,21,0.0,2017-S21
REGIONAL::CACERES,2017,22,0.0,2017-S22
REGIONAL::CACERES,2017,23,1.0,2017-S23
REGIONAL::CACERES,2017,24,0.0,2017-S24
REGIONAL::CACERES,2017,25,0.0,2017-S25
REGIONAL::CACERES,2017,26,0.0,2017-S26
REGIONAL::CACERES,2017,27,0.0,2017-S27
REGIONAL::CACERES,2017,28,0.0,2017-S28
REGIONAL::CACERES,2017,29,0.0,2017-S29
REGIONAL::CACERES,2017,30,0.0,2017-S30
REGIONAL::CACERES,2017,31,0.0,2017-S31
REGIONAL::CACERES,2017,32,2.0,2017-S32
REGIONAL::CACERES,2017,33,1.0,2017-S33
REGIONAL::CACERES,2017,34,2.0,2017-S34
REGIONAL::CACERES,2017,35,0.0,2017-S35
REGIONAL::CACERES,2017,36,2.0,2017-S36
REGIONAL::CACERES,2017,37,0.0,2017-S37
REGIONAL::CACERES,2017,38,0.0,2017-S38
REGIONAL::CACERES,2017,39,0.0,2017-S39
REGIONAL::CACERES,2017,40,2.0,2017-S40
REGIONAL::CACERES,2017,41,0.0,2017-S41
REGIONAL::CACERES,2017,42,0.0,2017-S42
REGIONAL::CACERES,2017,43,0.0,2017-S43
REGIONAL::CACERES,2017,44,0.0,2017-S44
REGIONAL::CACERES,2017,45,0.0,2017-S45
REGIONAL::CACERES,2017,46,1.0,2017-S46
REGIONAL::CACERES,2017,47,4.0,2017-S47
REGIONAL::CACERES,2017,48,1.0,2017-S48
REGIONAL::CACERES,2017,49,2.0,2017-S49
REGIONAL::CACERES,2017,50,1.0,2017-S50
REGIONAL::CACERES,2017,51,0.0,2017-S51
REGIONAL::CACERES,2017,52,0.0,2017-S52
REGIONAL::CACERES,2018,1,1.0,2018-S01
REGIONAL::CACERES,2018,2,1.0,2018-S02
REGIONAL::CACERES,2018,3,0.0,2018-S03
REGIONAL::CACERES,2018,4,0.0,2018-S04
REGIONAL::CACERES,2018,5,0.0,2018-S05
REGIONAL::CACERES,2018,6,0.0,2018-S06
REGIONAL::CACERES,2018,7,0.0,2018-S07
REGIONAL::CACERES,2018,8,0.0,2018-S08
REGIONAL::CACERES,2018,9,0.0,2018-S09
REGIONAL::CACERES,2018,10,0.0,2018-S10
REGIONAL::CACERES,2018,11,0.0,2018-S11
REGIONAL::CACERES,2018,12,0.0,2018-S12
REGIONAL::CACERES,2018,13,1.0,2018-S13
REGIONAL::CACERES,2018,14,2.0,2018-S14
REGIONAL::CACERES,2018,15,0.0,2018-S15
REGIONAL::CACERES,2018,16,0.0,2018-S16
REGIONAL::CACERES,2018,17,0.0,2018-S17
REGIONAL::CACERES,2018,18,0.0,2018-S18
REGIONAL::CACERES,2018,19,0.0,2018-S19
REGIONAL::CACERES,2018,20,0.0,2018-S20
REGIONAL::CACERES,2018,21,1.0,2018-S21
REGIONAL::CACERES,2018,22,1.0,2018-S22
REGIONAL::CACERES,2018,23,2.0,2018-S23
REGIONAL::CACERES,2018,24,0.0,2018-S24
REGIONAL::CACERES,2018,25,0.0,2018-S25
REGIONAL::CACERES,2018,26,0.0,2018-S26
REGIONAL::CACERES,2018,27,0.0,2018-S27
REGIONAL::CACERES,2018,28,0.0,2018-S28
REGIONAL::CACERES,2018,29,1.0,2018-S29
REGIONAL::CACERES,2018,30,0.0,2018-S30
REGIONAL::CACERES,2018,31,0.0,2018-S31
REGIONAL::CACERES,2018,32,0.0,2018-S32
REGIONAL::CACERES,2018,33,0.0,2018-S33
REGIONAL::CACERES,2018,34,0.0,2018-S34
REGIONAL::CACERES,2018,35,0.0,2018-S35
REGIONAL::CACERES,2018,36,0.0,2018-S36
REGIONAL::CACERES,2018,37,0.0,2018-S37
REGIONAL::CACERES,2018,38,0.0,2018-S38
REGIONAL::CACERES,2018,39,2.0,2018-S39
REGIONAL::CACERES,2018,40,0.0,2018-S40
REGIONAL::CACERES,2018,41,0.0,2018-S41
REGIONAL::CACERES,2018,42,0.0,2018-S42
REGIONAL::CACERES,2018,43,0.0,2018-S43
REGIONAL::CACERES,2018,44,0.0,2018-S44
REGIONAL::CACERES,2018,45,0.0,2018-S45
REGIONAL::CACERES,2018,46,0.0,2018-S46
REGIONAL::CACERES,2018,47,0.0,2018-S47
REGIONAL::CACERES,2018,48,0.0,2018-S48
REGIONAL::CACERES,2018,49,0.0,2018-S49
REGIONAL::CACERES,2018,50,0.0,2018-S50
REGIONAL::CACERES,2018,51,0.0,2018-S51
REGIONAL::CACERES,2018,52,0.0,2018-S52
REGIONAL::CACERES,2019,1,0.0,2019-S01
REGIONAL::CACERES,2019,2,1.0,2019-S02
REGIONAL::CACERES,2019,3,0.0,2019-S03
REGIONAL::CACERES,2019,4,0.0,2019-S04
REGIONAL::CACERES,2019,5,0.0,2019-S05
REGIONAL::CACERES,2019,6,0.0,2019-S06
REGIONAL::CACERES,2019,7,0.0,2019-S07
REGIONAL::CACERES,2019,8,1.0,2019-S08
REGIONAL::CACERES,2019,9,0.0,2019-S09
REGIONAL::CACERES,2019,10,0.0,2019-S10
REGIONAL::CACERES,2019,11,1.0,2019-S11
REGIONAL::CACERES,2019,12,0.0,2019-S12
REGIONAL::CACERES,2019,13,0.0,2019-S13
REGIONAL::CACERES,2019,14,0.0,2019-S14
REGIONAL::CACERES,2019,15,0.0,2019-S15
REGIONAL::CACERES,2019,16,0.0,2019-S16
REGIONAL::CACERES,2019,17,0.0,2019-S17
REGIONAL::CACERES,2019,18,0.0,2019-S18
REGIONAL::CACERES,2019,19,0.0,2019-S19
REGIONAL::CACERES,2019,20,0.0,2019-S20
REGIONAL::CACERES,2019,21,1.0,2019-S21
REGIONAL::CACERES,2019,22,0.0,2019-S22
REGIONAL::CACERES,2019,23,0.0,2019-S23
REGIONAL::CACERES,2019,24,0.0,2019-S24
REGIONAL::CACERES,2019,25,0.0,2019-S25
REGIONAL::CACERES,2019,26,0.0,2019-S26
REGIONAL::CACERES,2019,27,0.0,2019-S27
REGIONAL::CACERES,2019,28,1.0,2019-S28
REGIONAL::CACERES,2019,29,0.0,2019-S29
REGIONAL::CACERES,2019,30,0.0,2019-S30
REGIONAL::CACERES,2019,31,0.0,2019-S31
REGIONAL::CACERES,2019,32,0.0,2019-S32
REGIONAL::CACERES,2019,33,0.0,2019-S33
REGIONAL::CACERES,2019,34,0.0,2019-S34
REGIONAL::CACERES,2019,35,0.0,2019-S35
REGIONAL::CACERES,2019,36,0.0,2019-S36
REGIONAL::CACERES,2019,37,0.0,2019-S37
REGIONAL::CACERES,2019,38,0.0,2019-S38
REGIONAL::CACERES,2019,39,0.0,2019-S39
REGIONAL::CACERES,2019,40,0.0,2019-S40
REGIONAL::CACERES,2019,41,0.0,2019-S41
REGIONAL::CACERES,2019,42,0.0,2019-S42
REGIONAL::CACERES,2019,43,0.0,2019-S43
REGIONAL::CACERES,2019,44,0.0,2019-S44
REGIONAL::CACERES,2019,45,0.0,2019-S45
REGIONAL::CACERES,2019,46,0.0,2019-S46
REGIONAL::CACERES,2019,47,1.0,2019-S47
REGIONAL::CACERES,2019,48,0.0,2019-S48
REGIONAL::CACERES,2019,49,0.0,2019-S49
REGIONAL::CACERES,2019,50,0.0,2019-S50
REGIONAL::CACERES,2019,51,0.0,2019-S51
REGIONAL::CACERES,2019,52,0.0,2019-S52
REGIONAL::CACERES,2020,1,0.0,2020-S01
REGIONAL::CACERES,2020,2,1.0,2020-S02
REGIONAL::CACERES,2020,3,0.0,2020-S03
REGIONAL::CACERES,2020,4,0.0,2020-S04
REGIONAL::CACERES,2020,5,0.0,2020-S05
REGIONAL::CACERES,2020,6,0.0,2020-S06
REGIONAL::CACERES,2020,7,0.0,2020-S07
REGIONAL::CACERES,2020,8,0.0,2020-S08
REGIONAL::CACERES,2020,9,0.0,2020-S09
REGIONAL::CACERES,2020,10,0.0,2020-S10
REGIONAL::CACERES,2020,11,0.0,2020-S11
REGIONAL::CACERES,2020,12,1.0,2020-S12
REGIONAL::CACERES,2020,13,0.0,2020-S13
REGIONAL::CACERES,2020,14,0.0,2020-S14
REGIONAL::CACERES,2020,15,0.0,2020-S15
REGIONAL::CACERES,2020,16,0.0,2020-S16
REGIONAL::CACERES,2020,17,0.0,2020-S17
REGIONAL::CACERES,2020,18,0.0,2020-S18
REGIONAL::CACERES,2020,19,0.0,2020-S19
REGIONAL::CACERES,2020,20,0.0,2020-S20
REGIONAL::CACERES,2020,21,0.0,2020-S21
REGIONAL::CACERES,2020,22,0.0,2020-S22
REGIONAL::CACERES,2020,23,0.0,2020-S23
REGIONAL::CACERES,2020,24,0.0,2020-S24
REGIONAL::CACERES,2020,25,0.0,2020-S25
REGIONAL::CACERES,2020,26,0.0,2020-S26
REGIONAL::CACERES,2020,27,0.0,2020-S27
REGIONAL::CACERES,2020,28,0.0,2020-S28
REGIONAL::CACERES,2020,29,0.0,2020-S29
REGIONAL::CACERES,2020,30,0.0,2020-S30
REGIONAL::CACERES,2020,31,0.0,2020-S31
REGIONAL::CACERES,2020,32,1.0,2020-S32
REGIONAL::CACERES,2020,33,0.0,2020-S33
REGIONAL::CACERES,2020,34,0.0,2020-S34
REGIONAL::CACERES,2020,35,0.0,2020-S35
REGIONAL::CACERES,2020,36,0.0,2020-S36
REGIONAL::CACERES,2020,37,0.0,2020-S37
REGIONAL::CACERES,2020,38,0.0,2020-S38
REGIONAL::CACERES,2020,39,0.0,2020-S39
REGIONAL::CACERES,2020,40,0.0,2020-S40
REGIONAL::CACERES,2020,41,0.0,2020-S41
REGIONAL::CACERES,2020,42,0.0,2020-S42
REGIONAL::CACERES,2020,43,0.0,2020-S43
REGIONAL::CACERES,2020,44,0.0,2020-S44
REGIONAL::CACERES,2020,45,0.0,2020-S45
REGIONAL::CACERES,2020,46,1.0,2020-S46
REGIONAL::CACERES,2020,47,1.0,2020-S47
REGIONAL::CACERES,2020,48,0.0,2020-S48
REGIONAL::CACERES,2020,49,0.0,2020-S49
REGIONAL::CACERES,2020,50,0.0,2020-S50
REGIONAL::CACERES,2020,51,0.0,2020-S51
REGIONAL::CACERES,2020,52,0.0,2020-S52
REGIONAL::CACERES,2021,1,0.0,2021-S01
REGIONAL::CACERES,2021,2,0.0,2021-S02
REGIONAL::CACERES,2021,3,0.0,2021-S03
REGIONAL::CACERES,2021,4,0.0,2021-S04
REGIONAL::CACERES,2021,5,0.0,2021-S05
REGIONAL::CACERES,2021,6,1.0,2021-S06
REGIONAL::CACERES,2021,7,0.0,2021-S07
REGIONAL::CACERES,2021,8,0.0,2021-S08
REGIONAL::CACERES,2021,9,0.0,2021-S09
REGIONAL::CACERES,2021,10,0.0,2021-S10
REGIONAL::CACERES,2021,11,0.0,2021-S11
REGIONAL::CACERES,2021,12,0.0,2021-S12
REGIONAL::CACERES,2021,13,0.0,2021-S13
REGIONAL::CACERES,2021,14,0.0,2021-S14
REGIONAL::CACERES,2021,15,0.0,2021-S15
REGIONAL::CACERES,2021,16,1.0,2021-S16
REGIONAL::CACERES,2021,17,0.0,2021-S17
REGIONAL::CACERES,2021,18,0.0,2021-S18
REGIONAL::CACERES,2021,19,1.0,2021-S19
REGIONAL::CACERES,2021,20,0.0,2021-S20
REGIONAL::CACERES,2021,21,0.0,2021-S21
REGIONAL::CACERES,2021,22,0.0,2021-S22
REGIONAL::CACERES,2021,23,0.0,2021-S23
REGIONAL::CACERES,2021,24,0.0,2021-S24
REGIONAL::CACERES,2021,25,0.0,2021-S25
REGIONAL::CACERES,2021,26,0.0,2021-S26
REGIONAL::CACERES,2021,27,0.0,2021-S27
REGIONAL::CACERES,2021,28,0.0,2021-S28
REGIONAL::CACERES,2021,29,0.0,2021-S29
REGIONAL::CACERES,2021,30,0.0,2021-S30
REGIONAL::CACERES,2021,31,0.0,2021-S31
REGIONAL::CACERES,2021,32,1.0,2021-S32
REGIONAL::CACERES,2021,33,0.0,2021-S33
REGIONAL::CACERES,2021,34,0.0,2021-S34
REGIONAL::CACERES,2021,35,1.0,2021-S35
REGIONAL::CACERES,2021,36,0.0,2021-S36
REGIONAL::CACERES,2021,37,0.0,2021-S37
REGIONAL::CACERES,2021,38,0.0,2021-S38
REGIONAL::CACERES,2021,39,0.0,2021-S39
REGIONAL::CACERES,2021,40,1.0,2021-S40
REGIONAL::CACERES,2021,41,0.0,2021-S41
REGIONAL::CACERES,2021,42,0.0,2021-S42
REGIONAL::CACERES,2021,43,0.0,2021-S43
REGIONAL::CACERES,2021,44,0.0,2021-S44
REGIONAL::CACERES,2021,45,0.0,2021-S45
REGIONAL::CACERES,2021,46,0.0,2021-S46
REGIONAL::CACERES,2021,47,0.0,2021-S47
REGIONAL::CACERES,2021,48,0.0,2021-S48
REGIONAL::CACERES,2021,49,0.0,2021-S49
REGIONAL::CACERES,2021,50,0.0,2021-S50
REGIONAL::CACERES,2021,51,0.0,2021-S51
REGIONAL::CACERES,2021,52,1.0,2021-S52
REGIONAL::CACERES,2022,1,0.0,2022-S01
REGIONAL::CACERES,2022,2,0.0,2022-S02
REGIONAL::CACERES,2022,3,2.0,2022-S03
REGIONAL::CACERES,2022,4,0.0,2022-S04
REGIONAL::CACERES,2022,5,0.0,2022-S05
REGIONAL::CACERES,2022,6,0.0,2022-S06
REGIONAL::CACERES,2022,7,0.0,2022-S07
REGIONAL::CACERES,2022,8,0.0,2022-S08
REGIONAL::CACERES,2022,9,0.0,2022-S09
REGIONAL::CACERES,2022,10,0.0,2022-S10
REGIONAL::CACERES,2022,11,0.0,2022-S11
REGIONAL::CACERES,2022,12,0.0,2022-S12
REGIONAL::CACERES,2022,13,1.0,2022-S13
REGIONAL::CACERES,2022,14,0.0,2022-S14
REGIONAL::CACERES,2022,15,0.0,2022-S15
REGIONAL::CACERES,2022,16,2.0,2022-S16
REGIONAL::CACERES,2022,17,1.0,2022-S17
REGIONAL::CACERES,2022,18,0.0,2022-S18
REGIONAL::CACERES,2022,19,1.0,2022-S19
REGIONAL::CACERES,2022,20,1.0,2022-S20
REGIONAL::CACERES,2022,21,0.0,2022-S21
REGIONAL::CACERES,2022,22,0.0,2022-S22
REGIONAL::CACERES,2022,23,0.0,2022-S23
REGIONAL::CACERES,2022,24,0.0,2022-S24
REGIONAL::CACERES,2022,25,1.0,2022-S25
REGIONAL::CACERES,2022,26,0.0,2022-S26
REGIONAL::CACERES,2022,27,0.0,2022-S27
REGIONAL::CACERES,2022,28,0.0,2022-S28
REGIONAL::CACERES,2022,29,0.0,2022-S29
REGIONAL::CACERES,2022,30,0.0,2022-S30
REGIONAL::CACERES,2022,31,0.0,2022-S31
REGIONAL::CACERES,2022,32,1.0,2022-S32
REGIONAL::CACERES,2022,33,0.0,2022-S33
REGIONAL::CACERES,2022,34,0.0,2022-S34
REGIONAL::CACERES,2022,35,0.0,2022-S35
REGIONAL::CACERES,2022,36,0.0,2022-S36
REGIONAL::CACERES,2022,37,0.0,2022-S37
REGIONAL::CACERES,2022,38,0.0,2022-S38
REGIONAL::CACERES,2022,39,0.0,2022-S39
REGIONAL::CACERES,2022,40,0.0,2022-S40
REGIONAL::CACERES,2022,41,1.0,2022-S41
REGIONAL::CACERES,2022,42,1.0,2022-S42
REGIONAL::CACERES,2022,43,2.0,2022-S43
REGIONAL::CACERES,2022,44,0.0,2022-S44
REGIONAL::CACERES,2022,45,0.0,2022-S45
REGIONAL::CACERES,2022,46,0.0,2022-S46
REGIONAL::CACERES,2022,47,0.0,2022-S47
REGIONAL::CACERES,2022,48,0.0,2022-S48
REGIONAL::CACERES,2022,49,1.0,2022-S49
REGIONAL::CACERES,2022,50,0.0,2022-S50
REGIONAL::CACERES,2022,51,0.0,2022-S51
REGIONAL::CACERES,2022,52,0.0,2022-S52
REGIONAL::CACERES,2023,1,1.0,2023-S01
REGIONAL::CACERES,2023,2,1.0,2023-S02
REGIONAL::CACERES,2023,3,0.0,2023-S03
REGIONAL::CACERES,2023,4,0.0,2023-S04
REGIONAL::CACERES,2023,5,0.0,2023-S05
REGIONAL::CACERES,2023,6,0.0,2023-S06
REGIONAL::CACERES,2023,7,0.0,2023-S07
REGIONAL::CACERES,2023,8,0.0,2023-S08
REGIONAL::CACERES,2023,9,0.0,2023-S09
REGIONAL::CACERES,2023,10,0.0,2023-S10
REGIONAL::CACERES,2023,11,0.0,2023-S11
REGIONAL::CACERES,2023,12,1.0,2023-S12
REGIONAL::CACERES,2023,13,0.0,2023-S13
REGIONAL::CACERES,2023,14,0.0,2023-S14
REGIONAL::CACERES,2023,15,1.0,2023-S15
REGIONAL::CACERES,2023,16,0.0,2023-S16
REGIONAL::CACERES,2023,17,0.0,2023-S17
REGIONAL::CACERES,2023,18,0.0,2023-S18
REGIONAL::CACERES,2023,19,0.0,2023-S19
REGIONAL::CACERES,2023,20,0.0,2023-S20
REGIONAL::CACERES,2023,21,0.0,2023-S21
REGIONAL::CACERES,2023,22,1.0,2023-S22
REGIONAL::CACERES,2023,23,0.0,2023-S23
REGIONAL::CACERES,2023,24,1.0,2023-S24
REGIONAL::CACERES,2023,25,1.0,2023-S25
REGIONAL::CACERES,2023,26,2.0,2023-S26
REGIONAL::CACERES,2023,27,0.0,2023-S27
REGIONAL::CACERES,2023,28,1.0,2023-S28
REGIONAL::CACERES,2023,29,1.0,2023-S29
REGIONAL::CACERES,2023,30,0.0,2023-S30
REGIONAL::CACERES,2023,31,0.0,2023-S31
REGIONAL::CACERES,2023,32,0.0,2023-S32
REGIONAL::CACERES,2023,33,0.0,2023-S33
REGIONAL::CACERES,2023,34,0.0,2023-S34
REGIONAL::CACERES,2023,35,0.0,2023-S35
REGIONAL::CACERES,2023,36,0.0,2023-S36
REGIONAL::CACERES,2023,37,1.0,2023-S37
REGIONAL::CACERES,2023,38,0.0,2023-S38
REGIONAL::CACERES,2023,39,0.0,2023-S39
REGIONAL::CACERES,2023,40,2.0,2023-S40
REGIONAL::CACERES,2023,41,1.0,2023-S41
REGIONAL::CACERES,2023,42,0.0,2023-S42
REGIONAL::CACERES,2023,43,0.0,2023-S43
REGIONAL::CACERES,2023,44,0.0,2023-S44
REGIONAL::CACERES,2023,45,1.0,2023-S45
REGIONAL::CACERES,2023,46,0.0,2023-S46
REGIONAL::CACERES,2023,47,0.0,2023-S47
REGIONAL::CACERES,2023,48,0.0,2023-S48
REGIONAL::CACERES,2023,49,0.0,2023-S49
REGIONAL::CACERES,2023,50,1.0,2023-S50
REGIONAL::CACERES,2023,51,0.0,2023-S51
REGIONAL::CACERES,2023,52,0.0,2023-S52
REGIONAL::CACERES,2024,1,0.0,2024-S01
REGIONAL::CACERES,2024,2,0.0,2024-S02
REGIONAL::CACERES,2024,3,0.0,2024-S03
REGIONAL::CACERES,2024,4,0.0,2024-S04
REGIONAL::CACERES,2024,5,0.0,2024-S05
REGIONAL::CACERES,2024,6,0.0,2024-S06
REGIONAL::CACERES,2024,7,1.0,2024-S07
REGIONAL::CACERES,2024,8,0.0,2024-S08
REGIONAL::CACERES,2024,9,0.0,2024-S09
REGIONAL::CACERES,2024,10,0.0,2024-S10
REGIONAL::CACERES,2024,11,0.0,2024-S11
REGIONAL::CACERES,2024,12,0.0,2024-S12
REGIONAL::CACERES,2024,13,0.0,2024-S13
REGIONAL::CACERES,2024,14,0.0,2024-S14
REGIONAL::CACERES,2024,15,0.0,2024-S15
REGIONAL::CACERES,2024,16,0.0,2024-S16
REGIONAL::CACERES,2024,17,0.0,2024-S17
REGIONAL::CACERES,2024,18,0.0,2024-S18
REGIONAL::CACERES,2024,19,0.0,2024-S19
REGIONAL::CACERES,2024,20,0.0,2024-S20
REGIONAL::CACERES,2024,21,1.0,2024-S21
REGIONAL::CACERES,2024,22,0.0,2024-S22
REGIONAL::CACERES,2024,23,0.0,2024-S23
REGIONAL::CACERES,2024,24,0.0,2024-S24
REGIONAL::CACERES,2024,25,0.0,2024-S25
REGIONAL::CACERES,2024,26,0.0,2024-S26
REGIONAL::CACERES,2024,27,0.0,2024-S27
REGIONAL::CACERES,2024,28,0.0,2024-S28
REGIONAL::CACERES,2024,29,0.0,2024-S29
REGIONAL::CACERES,2024,30,0.0,2024-S30
REGIONAL::CACERES,2024,31,0.0,2024-S31
REGIONAL::CACERES,2024,32,0.0,2024-S32
REGIONAL::CACERES,2024,33,0.0,2024-S33
REGIONAL::CACERES,2024,34,0.0,2024-S34
REGIONAL::CACERES,2024,35,0.0,2024-S35
REGIONAL::CACERES,2024,36,1.0,2024-S36
REGIONAL::CACERES,2024,37,0.0,2024-S37
REGIONAL::CACERES,2024,38,0.0,2024-S38
REGIONAL::CACERES,2024,39,1.0,2024-S39
REGIONAL::CACERES,2024,40,0.0,2024-S40
REGIONAL::CACERES,2024,41,1.0,2024-S41
REGIONAL::CACERES,2024,42,1.0,2024-S42
REGIONAL::CACERES,2024,43,1.0,2024-S43
REGIONAL::CACERES,2024,44,0.0,2024-S44
REGIONAL::CACERES,2024,45,2.0,2024-S45
REGIONAL::CACERES,2024,46,0.0,2024-S46
REGIONAL::CACERES,2024,47,0.0,2024-S47
REGIONAL::CACERES,2024,48,0.0,2024-S48
REGIONAL::CACERES,2024,49,0.0,2024-S49
REGIONAL::CACERES,2024,50,0.0,2024-S50
REGIONAL::CACERES,2024,51,0.0,2024-S51
REGIONAL::CACERES,2024,52,0.0,2024-S52
REGIONAL::CACERES,2025,1,0.0,2025-S01
REGIONAL::CACERES,2025,2,0.0,2025-S02
REGIONAL::CACERES,2025,3,0.0,2025-S03
REGIONAL::CACERES,2025,4,0.0,2025-S04
REGIONAL::CACERES,2025,5,0.0,2025-S05
REGIONAL::CACERES,2025,6,0.0,2025-S06
REGIONAL::CACERES,2025,7,0.0,2025-S07
REGIONAL::CACERES,2025,8,3.0,2025-S08
REGIONAL::CACERES,2025,9,0.0,2025-S09
REGIONAL::CACERES,2025,10,0.0,2025-S10
REGIONAL::CACERES,2025,11,1.0,2025-S11
REGIONAL::CACERES,2025,12,0.0,2025-S12
REGIONAL::CACERES,2025,13,0.0,2025-S13
REGIONAL::CACERES,2025,14,0.0,2025-S14
REGIONAL::CACERES,2025,15,0.0,2025-S15
REGIONAL::CACERES,2025,16,0.0,2025-S16
REGIONAL::CACERES,2025,17,0.0,2025-S17
REGIONAL::CACERES,2025,18,0.0,2025-S18
REGIONAL::CACERES,2025,19,0.0,2025-S19
REGIONAL::CACERES,2025,20,0.0,2025-S20
REGIONAL::CACERES,2025,21,1.0,2025-S21
REGIONAL::CACERES,2025,22,0.0,2025-S22
REGIONAL::CACERES,2025,23,0.0,2025-S23
REGIONAL::CACERES,2025,24,0.0,2025-S24
REGIONAL::CACERES,2025,25,1.0,2025-S25
REGIONAL::CACERES,2025,26,0.0,2025-S26
REGIONAL::CACERES,2025,27,0.0,2025-S27
REGIONAL::CACERES,2025,28,0.0,2025-S28
REGIONAL::CACERES,2025,29,0.0,2025-S29
REGIONAL::CACERES,2025,30,1.0,2025-S30
REGIONAL::CACERES,2025,31,0.0,2025-S31
REGIONAL::CACERES,2025,32,0.0,2025-S32
REGIONAL::CACERES,2025,33,0.0,2025-S33
REGIONAL::CACERES,2025,34,0.0,2025-S34
REGIONAL::CACERES,2025,35,0.0,2025-S35
REGIONAL::CACERES,2025,36,0.0,2025-S36
REGIONAL::CACERES,2025,37,0.0,2025-S37
REGIONAL::CACERES,2025,38,0.0,2025-S38
REGIONAL::CACERES,2025,39,0.0,2025-S39
REGIONAL::CACERES,2025,40,0.0,2025-S40
REGIONAL::CACERES,2025,41,1.0,2025-S41
REGIONAL::CACERES,2025,42,0.0,2025-S42
REGIONAL::CACERES,2025,43,0.0,2025-S43
REGIONAL::CACERES,2025,44,0.0,2025-S44
REGIONAL::CACERES,2025,45,0.0,2025-S45
REGIONAL::CACERES,2025,46,0.0,2025-S46
REGIONAL::CACERES,2025,47,0.0,2025-S47
REGIONAL::CACERES,2025,48,0.0,2025-S48
REGIONAL::CACERES,2025,49,0.0,2025-S49
REGIONAL::CACERES,2025,50,1.0,2025-S50
REGIONAL::CACERES,2025,51,2.0,2025-S51
REGIONAL::CACERES,2025,52,0.0,2025-S52
REGIONAL::CACERES,2026,1,0.0,2026-S01
REGIONAL::CACERES,2026,2,0.0,2026-S02
REGIONAL::CACERES,2026,3,0.0,2026-S03
REGIONAL::CACERES,2026,4,0.0,2026-S04
REGIONAL::CACERES,2026,5,0.0,2026-S05
REGIONAL::CACERES,2026,6,0.0,2026-S06
REGIONAL::CACERES,2026,7,1.0,2026-S07
REGIONAL::CACERES,2026,8,0.0,2026-S08
REGIONAL::CACERES,2026,9,1.0,2026-S09
REGIONAL::CACERES,2026,10,0.0,2026-S10
REGIONAL::CACERES,2026,11,0.0,2026-S11
REGIONAL::CACERES,2026,12,0.0,2026-S12
REGIONAL::CACERES,2026,13,0.0,2026-S13
REGIONAL::CACERES,2026,14,0.0,2026-S14
REGIONAL::CACERES,2026,15,1.0,2026-S15
REGIONAL::CACERES,2026,16,0.0,2026-S16
REGIONAL::CACERES,2026,17,0.0,2026-S17
REGIONAL::CACERES,2026,18,1.0,2026-S18
REGIONAL::CACERES,2026,19,0.0,2026-S19
REGIONAL::CACERES,2026,20,0.0,2026-S20
REGIONAL::CACERES,2026,21,1.0,2026-S21
REGIONAL::CACERES,2026,22,3.0,2026-S22
REGIONAL::CACERES,2026,23,0.0,2026-S23
REGIONAL::CACERES,2026,24,1.0,2026-S24
REGIONAL::CACERES,2026,25,0.0,2026-S25
REGIONAL::CACERES,2026,26,1.0,2026-S26
REGIONAL::CACERES,2026,27,0.0,2026-S27
REGIONAL::CACERES,2026,28,1.0,2026-S28
REGIONAL::CACERES,2026,29,0.0,2026-S29
REGIONAL::CACERES,2026,30,0.0,2026-S30
REGIONAL::CACERES,2026,31,0.0,2026-S31
REGIONAL::COLIDER,2007,2,1.0,2007-S02
REGIONAL::COLIDER,2007,3,0.0,2007-S03
REGIONAL::COLIDER,2007,4,1.0,2007-S04
REGIONAL::COLIDER,2007,5,1.0,2007-S05
REGIONAL::COLIDER,2007,6,0.0,2007-S06
REGIONAL::COLIDER,2007,7,0.0,2007-S07
REGIONAL::COLIDER,2007,8,0.0,2007-S08
REGIONAL::COLIDER,2007,9,0.0,2007-S09
REGIONAL::COLIDER,2007,10,0.0,2007-S10
REGIONAL::COLIDER,2007,11,0.0,2007-S11
REGIONAL::COLIDER,2007,12,1.0,2007-S12
REGIONAL::COLIDER,2007,13,0.0,2007-S13
REGIONAL::COLIDER,2007,14,0.0,2007-S14
REGIONAL::COLIDER,2007,15,0.0,2007-S15
REGIONAL::COLIDER,2007,16,0.0,2007-S16
REGIONAL::COLIDER,2007,17,0.0,2007-S17
REGIONAL::COLIDER,2007,18,0.0,2007-S18
REGIONAL::COLIDER,2007,19,0.0,2007-S19
REGIONAL::COLIDER,2007,20,1.0,2007-S20
REGIONAL::COLIDER,2007,21,0.0,2007-S21
REGIONAL::COLIDER,2007,22,0.0,2007-S22
REGIONAL::COLIDER,2007,23,0.0,2007-S23
REGIONAL::COLIDER,2007,24,1.0,2007-S24
REGIONAL::COLIDER,2007,25,0.0,2007-S25
REGIONAL::COLIDER,2007,26,0.0,2007-S26
REGIONAL::COLIDER,2007,27,0.0,2007-S27
REGIONAL::COLIDER,2007,28,0.0,2007-S28
REGIONAL::COLIDER,2007,29,0.0,2007-S29
REGIONAL::COLIDER,2007,30,0.0,2007-S30
REGIONAL::COLIDER,2007,31,1.0,2007-S31
REGIONAL::COLIDER,2007,32,0.0,2007-S32
REGIONAL::COLIDER,2007,33,0.0,2007-S33
REGIONAL::COLIDER,2007,34,0.0,2007-S34
REGIONAL::COLIDER,2007,35,0.0,2007-S35
REGIONAL::COLIDER,2007,36,0.0,2007-S36
REGIONAL::COLIDER,2007,37,0.0,2007-S37
REGIONAL::COLIDER,2007,38,1.0,2007-S38
REGIONAL::COLIDER,2007,39,0.0,2007-S39
REGIONAL::COLIDER,2007,40,0.0,2007-S40
REGIONAL::COLIDER,2007,41,0.0,2007-S41
REGIONAL::COLIDER,2007,42,0.0,2007-S42
REGIONAL::COLIDER,2007,43,0.0,2007-S43
REGIONAL::COLIDER,2007,44,0.0,2007-S44
REGIONAL::COLIDER,2007,45,0.0,2007-S45
REGIONAL::COLIDER,2007,46,0.0,2007-S46
REGIONAL::COLIDER,2007,47,1.0,2007-S47
REGIONAL::COLIDER,2007,48,0.0,2007-S48
REGIONAL::COLIDER,2007,49,0.0,2007-S49
REGIONAL::COLIDER,2007,50,0.0,2007-S50
REGIONAL::COLIDER,2007,51,1.0,2007-S51
REGIONAL::COLIDER,2007,52,0.0,2007-S52
REGIONAL::COLIDER,2008,1,0.0,2008-S01
REGIONAL::COLIDER,2008,2,0.0,2008-S02
REGIONAL::COLIDER,2008,3,0.0,2008-S03
REGIONAL::COLIDER,2008,4,0.0,2008-S04
REGIONAL::COLIDER,2008,5,0.0,2008-S05
REGIONAL::COLIDER,2008,6,0.0,2008-S06
REGIONAL::COLIDER,2008,7,1.0,2008-S07
REGIONAL::COLIDER,2008,8,3.0,2008-S08
REGIONAL::COLIDER,2008,9,1.0,2008-S09
REGIONAL::COLIDER,2008,10,0.0,2008-S10
REGIONAL::COLIDER,2008,11,0.0,2008-S11
REGIONAL::COLIDER,2008,12,0.0,2008-S12
REGIONAL::COLIDER,2008,13,0.0,2008-S13
REGIONAL::COLIDER,2008,14,0.0,2008-S14
REGIONAL::COLIDER,2008,15,0.0,2008-S15
REGIONAL::COLIDER,2008,16,0.0,2008-S16
REGIONAL::COLIDER,2008,17,0.0,2008-S17
REGIONAL::COLIDER,2008,18,0.0,2008-S18
REGIONAL::COLIDER,2008,19,0.0,2008-S19
REGIONAL::COLIDER,2008,20,0.0,2008-S20
REGIONAL::COLIDER,2008,21,0.0,2008-S21
REGIONAL::COLIDER,2008,22,0.0,2008-S22
REGIONAL::COLIDER,2008,23,0.0,2008-S23
REGIONAL::COLIDER,2008,24,0.0,2008-S24
REGIONAL::COLIDER,2008,25,0.0,2008-S25
REGIONAL::COLIDER,2008,26,0.0,2008-S26
REGIONAL::COLIDER,2008,27,0.0,2008-S27
REGIONAL::COLIDER,2008,28,1.0,2008-S28
REGIONAL::COLIDER,2008,29,0.0,2008-S29
REGIONAL::COLIDER,2008,30,0.0,2008-S30
REGIONAL::COLIDER,2008,31,1.0,2008-S31
REGIONAL::COLIDER,2008,32,1.0,2008-S32
REGIONAL::COLIDER,2008,33,0.0,2008-S33
REGIONAL::COLIDER,2008,34,0.0,2008-S34
REGIONAL::COLIDER,2008,35,0.0,2008-S35
REGIONAL::COLIDER,2008,36,0.0,2008-S36
REGIONAL::COLIDER,2008,37,0.0,2008-S37
REGIONAL::COLIDER,2008,38,0.0,2008-S38
REGIONAL::COLIDER,2008,39,0.0,2008-S39
REGIONAL::COLIDER,2008,40,0.0,2008-S40
REGIONAL::COLIDER,2008,41,0.0,2008-S41
REGIONAL::COLIDER,2008,42,0.0,2008-S42
REGIONAL::COLIDER,2008,43,0.0,2008-S43
REGIONAL::COLIDER,2008,44,0.0,2008-S44
REGIONAL::COLIDER,2008,45,1.0,2008-S45
REGIONAL::COLIDER,2008,46,0.0,2008-S46
REGIONAL::COLIDER,2008,47,0.0,2008-S47
REGIONAL::COLIDER,2008,48,0.0,2008-S48
REGIONAL::COLIDER,2008,49,0.0,2008-S49
REGIONAL::COLIDER,2008,50,0.0,2008-S50
REGIONAL::COLIDER,2008,51,0.0,2008-S51
REGIONAL::COLIDER,2008,52,0.0,2008-S52
REGIONAL::COLIDER,2009,1,0.0,2009-S01
REGIONAL::COLIDER,2009,2,0.0,2009-S02
REGIONAL::COLIDER,2009,3,0.0,2009-S03
REGIONAL::COLIDER,2009,4,0.0,2009-S04
REGIONAL::COLIDER,2009,5,0.0,2009-S05
REGIONAL::COLIDER,2009,6,0.0,2009-S06
REGIONAL::COLIDER,2009,7,0.0,2009-S07
REGIONAL::COLIDER,2009,8,1.0,2009-S08
REGIONAL::COLIDER,2009,9,0.0,2009-S09
REGIONAL::COLIDER,2009,10,0.0,2009-S10
REGIONAL::COLIDER,2009,11,0.0,2009-S11
REGIONAL::COLIDER,2009,12,0.0,2009-S12
REGIONAL::COLIDER,2009,13,0.0,2009-S13
REGIONAL::COLIDER,2009,14,0.0,2009-S14
REGIONAL::COLIDER,2009,15,0.0,2009-S15
REGIONAL::COLIDER,2009,16,0.0,2009-S16
REGIONAL::COLIDER,2009,17,0.0,2009-S17
REGIONAL::COLIDER,2009,18,0.0,2009-S18
REGIONAL::COLIDER,2009,19,0.0,2009-S19
REGIONAL::COLIDER,2009,20,0.0,2009-S20
REGIONAL::COLIDER,2009,21,0.0,2009-S21
REGIONAL::COLIDER,2009,22,0.0,2009-S22
REGIONAL::COLIDER,2009,23,0.0,2009-S23
REGIONAL::COLIDER,2009,24,0.0,2009-S24
REGIONAL::COLIDER,2009,25,0.0,2009-S25
REGIONAL::COLIDER,2009,26,0.0,2009-S26
REGIONAL::COLIDER,2009,27,0.0,2009-S27
REGIONAL::COLIDER,2009,28,0.0,2009-S28
REGIONAL::COLIDER,2009,29,0.0,2009-S29
REGIONAL::COLIDER,2009,30,0.0,2009-S30
REGIONAL::COLIDER,2009,31,0.0,2009-S31
REGIONAL::COLIDER,2009,32,0.0,2009-S32
REGIONAL::COLIDER,2009,33,0.0,2009-S33
REGIONAL::COLIDER,2009,34,0.0,2009-S34
REGIONAL::COLIDER,2009,35,0.0,2009-S35
REGIONAL::COLIDER,2009,36,0.0,2009-S36
REGIONAL::COLIDER,2009,37,0.0,2009-S37
REGIONAL::COLIDER,2009,38,0.0,2009-S38
REGIONAL::COLIDER,2009,39,0.0,2009-S39
REGIONAL::COLIDER,2009,40,0.0,2009-S40
REGIONAL::COLIDER,2009,41,0.0,2009-S41
REGIONAL::COLIDER,2009,42,0.0,2009-S42
REGIONAL::COLIDER,2009,43,0.0,2009-S43
REGIONAL::COLIDER,2009,44,0.0,2009-S44
REGIONAL::COLIDER,2009,45,0.0,2009-S45
REGIONAL::COLIDER,2009,46,0.0,2009-S46
REGIONAL::COLIDER,2009,47,0.0,2009-S47
REGIONAL::COLIDER,2009,48,0.0,2009-S48
REGIONAL::COLIDER,2009,49,0.0,2009-S49
REGIONAL::COLIDER,2009,50,0.0,2009-S50
REGIONAL::COLIDER,2009,51,0.0,2009-S51
REGIONAL::COLIDER,2009,52,0.0,2009-S52
REGIONAL::COLIDER,2010,1,0.0,2010-S01
REGIONAL::COLIDER,2010,2,0.0,2010-S02
REGIONAL::COLIDER,2010,3,0.0,2010-S03
REGIONAL::COLIDER,2010,4,0.0,2010-S04
REGIONAL::COLIDER,2010,5,0.0,2010-S05
REGIONAL::COLIDER,2010,6,0.0,2010-S06
REGIONAL::COLIDER,2010,7,0.0,2010-S07
REGIONAL::COLIDER,2010,8,0.0,2010-S08
REGIONAL::COLIDER,2010,9,0.0,2010-S09
REGIONAL::COLIDER,2010,10,0.0,2010-S10
REGIONAL::COLIDER,2010,11,0.0,2010-S11
REGIONAL::COLIDER,2010,12,0.0,2010-S12
REGIONAL::COLIDER,2010,13,0.0,2010-S13
REGIONAL::COLIDER,2010,14,0.0,2010-S14
REGIONAL::COLIDER,2010,15,0.0,2010-S15
REGIONAL::COLIDER,2010,16,0.0,2010-S16
REGIONAL::COLIDER,2010,17,1.0,2010-S17
REGIONAL::COLIDER,2010,18,1.0,2010-S18
REGIONAL::COLIDER,2010,19,1.0,2010-S19
REGIONAL::COLIDER,2010,20,0.0,2010-S20
REGIONAL::COLIDER,2010,21,0.0,2010-S21
REGIONAL::COLIDER,2010,22,0.0,2010-S22
REGIONAL::COLIDER,2010,23,0.0,2010-S23
REGIONAL::COLIDER,2010,24,0.0,2010-S24
REGIONAL::COLIDER,2010,25,1.0,2010-S25
REGIONAL::COLIDER,2010,26,0.0,2010-S26
REGIONAL::COLIDER,2010,27,0.0,2010-S27
REGIONAL::COLIDER,2010,28,0.0,2010-S28
REGIONAL::COLIDER,2010,29,0.0,2010-S29
REGIONAL::COLIDER,2010,30,0.0,2010-S30
REGIONAL::COLIDER,2010,31,0.0,2010-S31
REGIONAL::COLIDER,2010,32,0.0,2010-S32
REGIONAL::COLIDER,2010,33,0.0,2010-S33
REGIONAL::COLIDER,2010,34,0.0,2010-S34
REGIONAL::COLIDER,2010,35,0.0,2010-S35
REGIONAL::COLIDER,2010,36,0.0,2010-S36
REGIONAL::COLIDER,2010,37,0.0,2010-S37
REGIONAL::COLIDER,2010,38,0.0,2010-S38
REGIONAL::COLIDER,2010,39,0.0,2010-S39
REGIONAL::COLIDER,2010,40,0.0,2010-S40
REGIONAL::COLIDER,2010,41,0.0,2010-S41
REGIONAL::COLIDER,2010,42,0.0,2010-S42
REGIONAL::COLIDER,2010,43,0.0,2010-S43
REGIONAL::COLIDER,2010,44,0.0,2010-S44
REGIONAL::COLIDER,2010,45,0.0,2010-S45
REGIONAL::COLIDER,2010,46,1.0,2010-S46
REGIONAL::COLIDER,2010,47,0.0,2010-S47
REGIONAL::COLIDER,2010,48,0.0,2010-S48
REGIONAL::COLIDER,2010,49,0.0,2010-S49
REGIONAL::COLIDER,2010,50,0.0,2010-S50
REGIONAL::COLIDER,2010,51,0.0,2010-S51
REGIONAL::COLIDER,2010,52,0.0,2010-S52
REGIONAL::COLIDER,2011,1,0.0,2011-S01
REGIONAL::COLIDER,2011,2,0.0,2011-S02
REGIONAL::COLIDER,2011,3,0.0,2011-S03
REGIONAL::COLIDER,2011,4,0.0,2011-S04
REGIONAL::COLIDER,2011,5,0.0,2011-S05
REGIONAL::COLIDER,2011,6,0.0,2011-S06
REGIONAL::COLIDER,2011,7,0.0,2011-S07
REGIONAL::COLIDER,2011,8,0.0,2011-S08
REGIONAL::COLIDER,2011,9,0.0,2011-S09
REGIONAL::COLIDER,2011,10,0.0,2011-S10
REGIONAL::COLIDER,2011,11,0.0,2011-S11
REGIONAL::COLIDER,2011,12,0.0,2011-S12
REGIONAL::COLIDER,2011,13,1.0,2011-S13
REGIONAL::COLIDER,2011,14,0.0,2011-S14
REGIONAL::COLIDER,2011,15,0.0,2011-S15
REGIONAL::COLIDER,2011,16,0.0,2011-S16
REGIONAL::COLIDER,2011,17,0.0,2011-S17
REGIONAL::COLIDER,2011,18,0.0,2011-S18
REGIONAL::COLIDER,2011,19,0.0,2011-S19
REGIONAL::COLIDER,2011,20,0.0,2011-S20
REGIONAL::COLIDER,2011,21,0.0,2011-S21
REGIONAL::COLIDER,2011,22,0.0,2011-S22
REGIONAL::COLIDER,2011,23,0.0,2011-S23
REGIONAL::COLIDER,2011,24,0.0,2011-S24
REGIONAL::COLIDER,2011,25,0.0,2011-S25
REGIONAL::COLIDER,2011,26,0.0,2011-S26
REGIONAL::COLIDER,2011,27,0.0,2011-S27
REGIONAL::COLIDER,2011,28,0.0,2011-S28
REGIONAL::COLIDER,2011,29,0.0,2011-S29
REGIONAL::COLIDER,2011,30,0.0,2011-S30
REGIONAL::COLIDER,2011,31,0.0,2011-S31
REGIONAL::COLIDER,2011,32,0.0,2011-S32
REGIONAL::COLIDER,2011,33,0.0,2011-S33
REGIONAL::COLIDER,2011,34,0.0,2011-S34
REGIONAL::COLIDER,2011,35,0.0,2011-S35
REGIONAL::COLIDER,2011,36,0.0,2011-S36
REGIONAL::COLIDER,2011,37,0.0,2011-S37
REGIONAL::COLIDER,2011,38,0.0,2011-S38
REGIONAL::COLIDER,2011,39,0.0,2011-S39
REGIONAL::COLIDER,2011,40,0.0,2011-S40
REGIONAL::COLIDER,2011,41,0.0,2011-S41
REGIONAL::COLIDER,2011,42,0.0,2011-S42
REGIONAL::COLIDER,2011,43,0.0,2011-S43
REGIONAL::COLIDER,2011,44,0.0,2011-S44
REGIONAL::COLIDER,2011,45,1.0,2011-S45
REGIONAL::COLIDER,2011,46,0.0,2011-S46
REGIONAL::COLIDER,2011,47,0.0,2011-S47
REGIONAL::COLIDER,2011,48,0.0,2011-S48
REGIONAL::COLIDER,2011,49,0.0,2011-S49
REGIONAL::COLIDER,2011,50,0.0,2011-S50
REGIONAL::COLIDER,2011,51,1.0,2011-S51
REGIONAL::COLIDER,2011,52,0.0,2011-S52
REGIONAL::COLIDER,2012,1,0.0,2012-S01
REGIONAL::COLIDER,2012,2,0.0,2012-S02
REGIONAL::COLIDER,2012,3,0.0,2012-S03
REGIONAL::COLIDER,2012,4,0.0,2012-S04
REGIONAL::COLIDER,2012,5,0.0,2012-S05
REGIONAL::COLIDER,2012,6,0.0,2012-S06
REGIONAL::COLIDER,2012,7,0.0,2012-S07
REGIONAL::COLIDER,2012,8,0.0,2012-S08
REGIONAL::COLIDER,2012,9,0.0,2012-S09
REGIONAL::COLIDER,2012,10,0.0,2012-S10
REGIONAL::COLIDER,2012,11,0.0,2012-S11
REGIONAL::COLIDER,2012,12,0.0,2012-S12
REGIONAL::COLIDER,2012,13,0.0,2012-S13
REGIONAL::COLIDER,2012,14,0.0,2012-S14
REGIONAL::COLIDER,2012,15,0.0,2012-S15
REGIONAL::COLIDER,2012,16,0.0,2012-S16
REGIONAL::COLIDER,2012,17,0.0,2012-S17
REGIONAL::COLIDER,2012,18,0.0,2012-S18
REGIONAL::COLIDER,2012,19,0.0,2012-S19
REGIONAL::COLIDER,2012,20,0.0,2012-S20
REGIONAL::COLIDER,2012,21,0.0,2012-S21
REGIONAL::COLIDER,2012,22,0.0,2012-S22
REGIONAL::COLIDER,2012,23,0.0,2012-S23
REGIONAL::COLIDER,2012,24,0.0,2012-S24
REGIONAL::COLIDER,2012,25,0.0,2012-S25
REGIONAL::COLIDER,2012,26,0.0,2012-S26
REGIONAL::COLIDER,2012,27,0.0,2012-S27
REGIONAL::COLIDER,2012,28,0.0,2012-S28
REGIONAL::COLIDER,2012,29,0.0,2012-S29
REGIONAL::COLIDER,2012,30,0.0,2012-S30
REGIONAL::COLIDER,2012,31,0.0,2012-S31
REGIONAL::COLIDER,2012,32,0.0,2012-S32
REGIONAL::COLIDER,2012,33,0.0,2012-S33
REGIONAL::COLIDER,2012,34,0.0,2012-S34
REGIONAL::COLIDER,2012,35,0.0,2012-S35
REGIONAL::COLIDER,2012,36,0.0,2012-S36
REGIONAL::COLIDER,2012,37,0.0,2012-S37
REGIONAL::COLIDER,2012,38,0.0,2012-S38
REGIONAL::COLIDER,2012,39,0.0,2012-S39
REGIONAL::COLIDER,2012,40,0.0,2012-S40
REGIONAL::COLIDER,2012,41,0.0,2012-S41
REGIONAL::COLIDER,2012,42,0.0,2012-S42
REGIONAL::COLIDER,2012,43,0.0,2012-S43
REGIONAL::COLIDER,2012,44,0.0,2012-S44
REGIONAL::COLIDER,2012,45,0.0,2012-S45
REGIONAL::COLIDER,2012,46,0.0,2012-S46
REGIONAL::COLIDER,2012,47,0.0,2012-S47
REGIONAL::COLIDER,2012,48,1.0,2012-S48
REGIONAL::COLIDER,2012,49,0.0,2012-S49
REGIONAL::COLIDER,2012,50,0.0,2012-S50
REGIONAL::COLIDER,2012,51,0.0,2012-S51
REGIONAL::COLIDER,2012,52,0.0,2012-S52
REGIONAL::COLIDER,2013,1,0.0,2013-S01
REGIONAL::COLIDER,2013,2,0.0,2013-S02
REGIONAL::COLIDER,2013,3,0.0,2013-S03
REGIONAL::COLIDER,2013,4,0.0,2013-S04
REGIONAL::COLIDER,2013,5,0.0,2013-S05
REGIONAL::COLIDER,2013,6,0.0,2013-S06
REGIONAL::COLIDER,2013,7,0.0,2013-S07
REGIONAL::COLIDER,2013,8,0.0,2013-S08
REGIONAL::COLIDER,2013,9,0.0,2013-S09
REGIONAL::COLIDER,2013,10,1.0,2013-S10
REGIONAL::COLIDER,2013,11,0.0,2013-S11
REGIONAL::COLIDER,2013,12,0.0,2013-S12
REGIONAL::COLIDER,2013,13,0.0,2013-S13
REGIONAL::COLIDER,2013,14,0.0,2013-S14
REGIONAL::COLIDER,2013,15,0.0,2013-S15
REGIONAL::COLIDER,2013,16,0.0,2013-S16
REGIONAL::COLIDER,2013,17,0.0,2013-S17
REGIONAL::COLIDER,2013,18,0.0,2013-S18
REGIONAL::COLIDER,2013,19,0.0,2013-S19
REGIONAL::COLIDER,2013,20,1.0,2013-S20
REGIONAL::COLIDER,2013,21,1.0,2013-S21
REGIONAL::COLIDER,2013,22,0.0,2013-S22
REGIONAL::COLIDER,2013,23,0.0,2013-S23
REGIONAL::COLIDER,2013,24,0.0,2013-S24
REGIONAL::COLIDER,2013,25,0.0,2013-S25
REGIONAL::COLIDER,2013,26,1.0,2013-S26
REGIONAL::COLIDER,2013,27,0.0,2013-S27
REGIONAL::COLIDER,2013,28,1.0,2013-S28
REGIONAL::COLIDER,2013,29,0.0,2013-S29
REGIONAL::COLIDER,2013,30,0.0,2013-S30
REGIONAL::COLIDER,2013,31,0.0,2013-S31
REGIONAL::COLIDER,2013,32,0.0,2013-S32
REGIONAL::COLIDER,2013,33,0.0,2013-S33
REGIONAL::COLIDER,2013,34,0.0,2013-S34
REGIONAL::COLIDER,2013,35,0.0,2013-S35
REGIONAL::COLIDER,2013,36,0.0,2013-S36
REGIONAL::COLIDER,2013,37,0.0,2013-S37
REGIONAL::COLIDER,2013,38,0.0,2013-S38
REGIONAL::COLIDER,2013,39,0.0,2013-S39
REGIONAL::COLIDER,2013,40,0.0,2013-S40
REGIONAL::COLIDER,2013,41,0.0,2013-S41
REGIONAL::COLIDER,2013,42,0.0,2013-S42
REGIONAL::COLIDER,2013,43,0.0,2013-S43
REGIONAL::COLIDER,2013,44,0.0,2013-S44
REGIONAL::COLIDER,2013,45,1.0,2013-S45
REGIONAL::COLIDER,2013,46,0.0,2013-S46
REGIONAL::COLIDER,2013,47,0.0,2013-S47
REGIONAL::COLIDER,2013,48,0.0,2013-S48
REGIONAL::COLIDER,2013,49,1.0,2013-S49
REGIONAL::COLIDER,2013,50,0.0,2013-S50
REGIONAL::COLIDER,2013,51,0.0,2013-S51
REGIONAL::COLIDER,2013,52,0.0,2013-S52
REGIONAL::COLIDER,2014,1,0.0,2014-S01
REGIONAL::COLIDER,2014,2,0.0,2014-S02
REGIONAL::COLIDER,2014,3,0.0,2014-S03
REGIONAL::COLIDER,2014,4,0.0,2014-S04
REGIONAL::COLIDER,2014,5,1.0,2014-S05
REGIONAL::COLIDER,2014,6,0.0,2014-S06
REGIONAL::COLIDER,2014,7,0.0,2014-S07
REGIONAL::COLIDER,2014,8,0.0,2014-S08
REGIONAL::COLIDER,2014,9,0.0,2014-S09
REGIONAL::COLIDER,2014,10,0.0,2014-S10
REGIONAL::COLIDER,2014,11,0.0,2014-S11
REGIONAL::COLIDER,2014,12,0.0,2014-S12
REGIONAL::COLIDER,2014,13,0.0,2014-S13
REGIONAL::COLIDER,2014,14,0.0,2014-S14
REGIONAL::COLIDER,2014,15,0.0,2014-S15
REGIONAL::COLIDER,2014,16,0.0,2014-S16
REGIONAL::COLIDER,2014,17,0.0,2014-S17
REGIONAL::COLIDER,2014,18,0.0,2014-S18
REGIONAL::COLIDER,2014,19,0.0,2014-S19
REGIONAL::COLIDER,2014,20,0.0,2014-S20
REGIONAL::COLIDER,2014,21,1.0,2014-S21
REGIONAL::COLIDER,2014,22,0.0,2014-S22
REGIONAL::COLIDER,2014,23,0.0,2014-S23
REGIONAL::COLIDER,2014,24,0.0,2014-S24
REGIONAL::COLIDER,2014,25,0.0,2014-S25
REGIONAL::COLIDER,2014,26,0.0,2014-S26
REGIONAL::COLIDER,2014,27,0.0,2014-S27
REGIONAL::COLIDER,2014,28,0.0,2014-S28
REGIONAL::COLIDER,2014,29,0.0,2014-S29
REGIONAL::COLIDER,2014,30,0.0,2014-S30
REGIONAL::COLIDER,2014,31,0.0,2014-S31
REGIONAL::COLIDER,2014,32,0.0,2014-S32
REGIONAL::COLIDER,2014,33,0.0,2014-S33
REGIONAL::COLIDER,2014,34,0.0,2014-S34
REGIONAL::COLIDER,2014,35,0.0,2014-S35
REGIONAL::COLIDER,2014,36,0.0,2014-S36
REGIONAL::COLIDER,2014,37,0.0,2014-S37
REGIONAL::COLIDER,2014,38,0.0,2014-S38
REGIONAL::COLIDER,2014,39,0.0,2014-S39
REGIONAL::COLIDER,2014,40,1.0,2014-S40
REGIONAL::COLIDER,2014,41,0.0,2014-S41
REGIONAL::COLIDER,2014,42,0.0,2014-S42
REGIONAL::COLIDER,2014,43,1.0,2014-S43
REGIONAL::COLIDER,2014,44,1.0,2014-S44
REGIONAL::COLIDER,2014,45,0.0,2014-S45
REGIONAL::COLIDER,2014,46,0.0,2014-S46
REGIONAL::COLIDER,2014,47,0.0,2014-S47
REGIONAL::COLIDER,2014,48,0.0,2014-S48
REGIONAL::COLIDER,2014,49,0.0,2014-S49
REGIONAL::COLIDER,2014,50,0.0,2014-S50
REGIONAL::COLIDER,2014,51,0.0,2014-S51
REGIONAL::COLIDER,2014,52,0.0,2014-S52
REGIONAL::COLIDER,2015,1,0.0,2015-S01
REGIONAL::COLIDER,2015,2,0.0,2015-S02
REGIONAL::COLIDER,2015,3,0.0,2015-S03
REGIONAL::COLIDER,2015,4,0.0,2015-S04
REGIONAL::COLIDER,2015,5,0.0,2015-S05
REGIONAL::COLIDER,2015,6,0.0,2015-S06
REGIONAL::COLIDER,2015,7,0.0,2015-S07
REGIONAL::COLIDER,2015,8,0.0,2015-S08
REGIONAL::COLIDER,2015,9,0.0,2015-S09
REGIONAL::COLIDER,2015,10,0.0,2015-S10
REGIONAL::COLIDER,2015,11,0.0,2015-S11
REGIONAL::COLIDER,2015,12,0.0,2015-S12
REGIONAL::COLIDER,2015,13,0.0,2015-S13
REGIONAL::COLIDER,2015,14,0.0,2015-S14
REGIONAL::COLIDER,2015,15,0.0,2015-S15
REGIONAL::COLIDER,2015,16,0.0,2015-S16
REGIONAL::COLIDER,2015,17,1.0,2015-S17
REGIONAL::COLIDER,2015,18,0.0,2015-S18
REGIONAL::COLIDER,2015,19,0.0,2015-S19
REGIONAL::COLIDER,2015,20,0.0,2015-S20
REGIONAL::COLIDER,2015,21,0.0,2015-S21
REGIONAL::COLIDER,2015,22,0.0,2015-S22
REGIONAL::COLIDER,2015,23,0.0,2015-S23
REGIONAL::COLIDER,2015,24,0.0,2015-S24
REGIONAL::COLIDER,2015,25,0.0,2015-S25
REGIONAL::COLIDER,2015,26,0.0,2015-S26
REGIONAL::COLIDER,2015,27,1.0,2015-S27
REGIONAL::COLIDER,2015,28,0.0,2015-S28
REGIONAL::COLIDER,2015,29,0.0,2015-S29
REGIONAL::COLIDER,2015,30,0.0,2015-S30
REGIONAL::COLIDER,2015,31,0.0,2015-S31
REGIONAL::COLIDER,2015,32,0.0,2015-S32
REGIONAL::COLIDER,2015,33,0.0,2015-S33
REGIONAL::COLIDER,2015,34,0.0,2015-S34
REGIONAL::COLIDER,2015,35,0.0,2015-S35
REGIONAL::COLIDER,2015,36,0.0,2015-S36
REGIONAL::COLIDER,2015,37,0.0,2015-S37
REGIONAL::COLIDER,2015,38,0.0,2015-S38
REGIONAL::COLIDER,2015,39,0.0,2015-S39
REGIONAL::COLIDER,2015,40,0.0,2015-S40
REGIONAL::COLIDER,2015,41,0.0,2015-S41
REGIONAL::COLIDER,2015,42,0.0,2015-S42
REGIONAL::COLIDER,2015,43,1.0,2015-S43
REGIONAL::COLIDER,2015,44,0.0,2015-S44
REGIONAL::COLIDER,2015,45,0.0,2015-S45
REGIONAL::COLIDER,2015,46,0.0,2015-S46
REGIONAL::COLIDER,2015,47,0.0,2015-S47
REGIONAL::COLIDER,2015,48,0.0,2015-S48
REGIONAL::COLIDER,2015,49,0.0,2015-S49
REGIONAL::COLIDER,2015,50,0.0,2015-S50
REGIONAL::COLIDER,2015,51,0.0,2015-S51
REGIONAL::COLIDER,2015,52,0.0,2015-S52
REGIONAL::COLIDER,2016,1,0.0,2016-S01
REGIONAL::COLIDER,2016,2,0.0,2016-S02
REGIONAL::COLIDER,2016,3,0.0,2016-S03
REGIONAL::COLIDER,2016,4,0.0,2016-S04
REGIONAL::COLIDER,2016,5,0.0,2016-S05
REGIONAL::COLIDER,2016,6,0.0,2016-S06
REGIONAL::COLIDER,2016,7,0.0,2016-S07
REGIONAL::COLIDER,2016,8,0.0,2016-S08
REGIONAL::COLIDER,2016,9,0.0,2016-S09
REGIONAL::COLIDER,2016,10,1.0,2016-S10
REGIONAL::COLIDER,2016,11,0.0,2016-S11
REGIONAL::COLIDER,2016,12,0.0,2016-S12
REGIONAL::COLIDER,2016,13,0.0,2016-S13
REGIONAL::COLIDER,2016,14,0.0,2016-S14
REGIONAL::COLIDER,2016,15,0.0,2016-S15
REGIONAL::COLIDER,2016,16,0.0,2016-S16
REGIONAL::COLIDER,2016,17,0.0,2016-S17
REGIONAL::COLIDER,2016,18,0.0,2016-S18
REGIONAL::COLIDER,2016,19,0.0,2016-S19
REGIONAL::COLIDER,2016,20,0.0,2016-S20
REGIONAL::COLIDER,2016,21,0.0,2016-S21
REGIONAL::COLIDER,2016,22,0.0,2016-S22
REGIONAL::COLIDER,2016,23,0.0,2016-S23
REGIONAL::COLIDER,2016,24,0.0,2016-S24
REGIONAL::COLIDER,2016,25,0.0,2016-S25
REGIONAL::COLIDER,2016,26,0.0,2016-S26
REGIONAL::COLIDER,2016,27,0.0,2016-S27
REGIONAL::COLIDER,2016,28,0.0,2016-S28
REGIONAL::COLIDER,2016,29,0.0,2016-S29
REGIONAL::COLIDER,2016,30,0.0,2016-S30
REGIONAL::COLIDER,2016,31,0.0,2016-S31
REGIONAL::COLIDER,2016,32,0.0,2016-S32
REGIONAL::COLIDER,2016,33,0.0,2016-S33
REGIONAL::COLIDER,2016,34,0.0,2016-S34
REGIONAL::COLIDER,2016,35,0.0,2016-S35
REGIONAL::COLIDER,2016,36,0.0,2016-S36
REGIONAL::COLIDER,2016,37,0.0,2016-S37
REGIONAL::COLIDER,2016,38,0.0,2016-S38
REGIONAL::COLIDER,2016,39,0.0,2016-S39
REGIONAL::COLIDER,2016,40,0.0,2016-S40
REGIONAL::COLIDER,2016,41,0.0,2016-S41
REGIONAL::COLIDER,2016,42,0.0,2016-S42
REGIONAL::COLIDER,2016,43,0.0,2016-S43
REGIONAL::COLIDER,2016,44,0.0,2016-S44
REGIONAL::COLIDER,2016,45,0.0,2016-S45
REGIONAL::COLIDER,2016,46,0.0,2016-S46
REGIONAL::COLIDER,2016,47,0.0,2016-S47
REGIONAL::COLIDER,2016,48,1.0,2016-S48
REGIONAL::COLIDER,2016,49,0.0,2016-S49
REGIONAL::COLIDER,2016,50,0.0,2016-S50
REGIONAL::COLIDER,2016,51,0.0,2016-S51
REGIONAL::COLIDER,2016,52,0.0,2016-S52
REGIONAL::COLIDER,2017,1,0.0,2017-S01
REGIONAL::COLIDER,2017,2,0.0,2017-S02
REGIONAL::COLIDER,2017,3,0.0,2017-S03
REGIONAL::COLIDER,2017,4,1.0,2017-S04
REGIONAL::COLIDER,2017,5,0.0,2017-S05
REGIONAL::COLIDER,2017,6,3.0,2017-S06
REGIONAL::COLIDER,2017,7,0.0,2017-S07
REGIONAL::COLIDER,2017,8,0.0,2017-S08
REGIONAL::COLIDER,2017,9,0.0,2017-S09
REGIONAL::COLIDER,2017,10,0.0,2017-S10
REGIONAL::COLIDER,2017,11,0.0,2017-S11
REGIONAL::COLIDER,2017,12,0.0,2017-S12
REGIONAL::COLIDER,2017,13,1.0,2017-S13
REGIONAL::COLIDER,2017,14,0.0,2017-S14
REGIONAL::COLIDER,2017,15,1.0,2017-S15
REGIONAL::COLIDER,2017,16,0.0,2017-S16
REGIONAL::COLIDER,2017,17,0.0,2017-S17
REGIONAL::COLIDER,2017,18,0.0,2017-S18
REGIONAL::COLIDER,2017,19,0.0,2017-S19
REGIONAL::COLIDER,2017,20,0.0,2017-S20
REGIONAL::COLIDER,2017,21,0.0,2017-S21
REGIONAL::COLIDER,2017,22,0.0,2017-S22
REGIONAL::COLIDER,2017,23,0.0,2017-S23
REGIONAL::COLIDER,2017,24,0.0,2017-S24
REGIONAL::COLIDER,2017,25,1.0,2017-S25
REGIONAL::COLIDER,2017,26,0.0,2017-S26
REGIONAL::COLIDER,2017,27,0.0,2017-S27
REGIONAL::COLIDER,2017,28,0.0,2017-S28
REGIONAL::COLIDER,2017,29,0.0,2017-S29
REGIONAL::COLIDER,2017,30,0.0,2017-S30
REGIONAL::COLIDER,2017,31,1.0,2017-S31
REGIONAL::COLIDER,2017,32,0.0,2017-S32
REGIONAL::COLIDER,2017,33,0.0,2017-S33
REGIONAL::COLIDER,2017,34,0.0,2017-S34
REGIONAL::COLIDER,2017,35,0.0,2017-S35
REGIONAL::COLIDER,2017,36,0.0,2017-S36
REGIONAL::COLIDER,2017,37,0.0,2017-S37
REGIONAL::COLIDER,2017,38,0.0,2017-S38
REGIONAL::COLIDER,2017,39,0.0,2017-S39
REGIONAL::COLIDER,2017,40,0.0,2017-S40
REGIONAL::COLIDER,2017,41,1.0,2017-S41
REGIONAL::COLIDER,2017,42,0.0,2017-S42
REGIONAL::COLIDER,2017,43,0.0,2017-S43
REGIONAL::COLIDER,2017,44,0.0,2017-S44
REGIONAL::COLIDER,2017,45,0.0,2017-S45
REGIONAL::COLIDER,2017,46,0.0,2017-S46
REGIONAL::COLIDER,2017,47,0.0,2017-S47
REGIONAL::COLIDER,2017,48,0.0,2017-S48
REGIONAL::COLIDER,2017,49,0.0,2017-S49
REGIONAL::COLIDER,2017,50,0.0,2017-S50
REGIONAL::COLIDER,2017,51,0.0,2017-S51
REGIONAL::COLIDER,2017,52,0.0,2017-S52
REGIONAL::COLIDER,2018,1,0.0,2018-S01
REGIONAL::COLIDER,2018,2,0.0,2018-S02
REGIONAL::COLIDER,2018,3,0.0,2018-S03
REGIONAL::COLIDER,2018,4,0.0,2018-S04
REGIONAL::COLIDER,2018,5,0.0,2018-S05
REGIONAL::COLIDER,2018,6,0.0,2018-S06
REGIONAL::COLIDER,2018,7,0.0,2018-S07
REGIONAL::COLIDER,2018,8,0.0,2018-S08
REGIONAL::COLIDER,2018,9,0.0,2018-S09
REGIONAL::COLIDER,2018,10,0.0,2018-S10
REGIONAL::COLIDER,2018,11,1.0,2018-S11
REGIONAL::COLIDER,2018,12,0.0,2018-S12
REGIONAL::COLIDER,2018,13,0.0,2018-S13
REGIONAL::COLIDER,2018,14,0.0,2018-S14
REGIONAL::COLIDER,2018,15,0.0,2018-S15
REGIONAL::COLIDER,2018,16,0.0,2018-S16
REGIONAL::COLIDER,2018,17,0.0,2018-S17
REGIONAL::COLIDER,2018,18,0.0,2018-S18
REGIONAL::COLIDER,2018,19,0.0,2018-S19
REGIONAL::COLIDER,2018,20,0.0,2018-S20
REGIONAL::COLIDER,2018,21,0.0,2018-S21
REGIONAL::COLIDER,2018,22,0.0,2018-S22
REGIONAL::COLIDER,2018,23,0.0,2018-S23
REGIONAL::COLIDER,2018,24,0.0,2018-S24
REGIONAL::COLIDER,2018,25,0.0,2018-S25
REGIONAL::COLIDER,2018,26,0.0,2018-S26
REGIONAL::COLIDER,2018,27,1.0,2018-S27
REGIONAL::COLIDER,2018,28,0.0,2018-S28
REGIONAL::COLIDER,2018,29,0.0,2018-S29
REGIONAL::COLIDER,2018,30,0.0,2018-S30
REGIONAL::COLIDER,2018,31,0.0,2018-S31
REGIONAL::COLIDER,2018,32,0.0,2018-S32
REGIONAL::COLIDER,2018,33,0.0,2018-S33
REGIONAL::COLIDER,2018,34,0.0,2018-S34
REGIONAL::COLIDER,2018,35,0.0,2018-S35
REGIONAL::COLIDER,2018,36,0.0,2018-S36
REGIONAL::COLIDER,2018,37,0.0,2018-S37
REGIONAL::COLIDER,2018,38,0.0,2018-S38
REGIONAL::COLIDER,2018,39,0.0,2018-S39
REGIONAL::COLIDER,2018,40,0.0,2018-S40
REGIONAL::COLIDER,2018,41,0.0,2018-S41
REGIONAL::COLIDER,2018,42,0.0,2018-S42
REGIONAL::COLIDER,2018,43,0.0,2018-S43
REGIONAL::COLIDER,2018,44,1.0,2018-S44
REGIONAL::COLIDER,2018,45,0.0,2018-S45
REGIONAL::COLIDER,2018,46,0.0,2018-S46
REGIONAL::COLIDER,2018,47,0.0,2018-S47
REGIONAL::COLIDER,2018,48,0.0,2018-S48
REGIONAL::COLIDER,2018,49,0.0,2018-S49
REGIONAL::COLIDER,2018,50,1.0,2018-S50
REGIONAL::COLIDER,2018,51,0.0,2018-S51
REGIONAL::COLIDER,2018,52,0.0,2018-S52
REGIONAL::COLIDER,2019,1,0.0,2019-S01
REGIONAL::COLIDER,2019,2,0.0,2019-S02
REGIONAL::COLIDER,2019,3,1.0,2019-S03
REGIONAL::COLIDER,2019,4,0.0,2019-S04
REGIONAL::COLIDER,2019,5,0.0,2019-S05
REGIONAL::COLIDER,2019,6,0.0,2019-S06
REGIONAL::COLIDER,2019,7,0.0,2019-S07
REGIONAL::COLIDER,2019,8,0.0,2019-S08
REGIONAL::COLIDER,2019,9,0.0,2019-S09
REGIONAL::COLIDER,2019,10,0.0,2019-S10
REGIONAL::COLIDER,2019,11,0.0,2019-S11
REGIONAL::COLIDER,2019,12,0.0,2019-S12
REGIONAL::COLIDER,2019,13,0.0,2019-S13
REGIONAL::COLIDER,2019,14,0.0,2019-S14
REGIONAL::COLIDER,2019,15,1.0,2019-S15
REGIONAL::COLIDER,2019,16,0.0,2019-S16
REGIONAL::COLIDER,2019,17,0.0,2019-S17
REGIONAL::COLIDER,2019,18,0.0,2019-S18
REGIONAL::COLIDER,2019,19,0.0,2019-S19
REGIONAL::COLIDER,2019,20,0.0,2019-S20
REGIONAL::COLIDER,2019,21,0.0,2019-S21
REGIONAL::COLIDER,2019,22,0.0,2019-S22
REGIONAL::COLIDER,2019,23,1.0,2019-S23
REGIONAL::COLIDER,2019,24,0.0,2019-S24
REGIONAL::COLIDER,2019,25,0.0,2019-S25
REGIONAL::COLIDER,2019,26,0.0,2019-S26
REGIONAL::COLIDER,2019,27,0.0,2019-S27
REGIONAL::COLIDER,2019,28,0.0,2019-S28
REGIONAL::COLIDER,2019,29,0.0,2019-S29
REGIONAL::COLIDER,2019,30,1.0,2019-S30
REGIONAL::COLIDER,2019,31,0.0,2019-S31
REGIONAL::COLIDER,2019,32,0.0,2019-S32
REGIONAL::COLIDER,2019,33,0.0,2019-S33
REGIONAL::COLIDER,2019,34,0.0,2019-S34
REGIONAL::COLIDER,2019,35,0.0,2019-S35
REGIONAL::COLIDER,2019,36,0.0,2019-S36
REGIONAL::COLIDER,2019,37,0.0,2019-S37
REGIONAL::COLIDER,2019,38,0.0,2019-S38
REGIONAL::COLIDER,2019,39,0.0,2019-S39
REGIONAL::COLIDER,2019,40,0.0,2019-S40
REGIONAL::COLIDER,2019,41,0.0,2019-S41
REGIONAL::COLIDER,2019,42,0.0,2019-S42
REGIONAL::COLIDER,2019,43,0.0,2019-S43
REGIONAL::COLIDER,2019,44,0.0,2019-S44
REGIONAL::COLIDER,2019,45,0.0,2019-S45
REGIONAL::COLIDER,2019,46,0.0,2019-S46
REGIONAL::COLIDER,2019,47,0.0,2019-S47
REGIONAL::COLIDER,2019,48,0.0,2019-S48
REGIONAL::COLIDER,2019,49,0.0,2019-S49
REGIONAL::COLIDER,2019,50,0.0,2019-S50
REGIONAL::COLIDER,2019,51,0.0,2019-S51
REGIONAL::COLIDER,2019,52,0.0,2019-S52
REGIONAL::COLIDER,2020,1,0.0,2020-S01
REGIONAL::COLIDER,2020,2,0.0,2020-S02
REGIONAL::COLIDER,2020,3,0.0,2020-S03
REGIONAL::COLIDER,2020,4,0.0,2020-S04
REGIONAL::COLIDER,2020,5,0.0,2020-S05
REGIONAL::COLIDER,2020,6,0.0,2020-S06
REGIONAL::COLIDER,2020,7,0.0,2020-S07
REGIONAL::COLIDER,2020,8,0.0,2020-S08
REGIONAL::COLIDER,2020,9,0.0,2020-S09
REGIONAL::COLIDER,2020,10,0.0,2020-S10
REGIONAL::COLIDER,2020,11,0.0,2020-S11
REGIONAL::COLIDER,2020,12,0.0,2020-S12
REGIONAL::COLIDER,2020,13,1.0,2020-S13
REGIONAL::COLIDER,2020,14,0.0,2020-S14
REGIONAL::COLIDER,2020,15,0.0,2020-S15
REGIONAL::COLIDER,2020,16,0.0,2020-S16
REGIONAL::COLIDER,2020,17,0.0,2020-S17
REGIONAL::COLIDER,2020,18,0.0,2020-S18
REGIONAL::COLIDER,2020,19,0.0,2020-S19
REGIONAL::COLIDER,2020,20,0.0,2020-S20
REGIONAL::COLIDER,2020,21,0.0,2020-S21
REGIONAL::COLIDER,2020,22,0.0,2020-S22
REGIONAL::COLIDER,2020,23,0.0,2020-S23
REGIONAL::COLIDER,2020,24,0.0,2020-S24
REGIONAL::COLIDER,2020,25,0.0,2020-S25
REGIONAL::COLIDER,2020,26,0.0,2020-S26
REGIONAL::COLIDER,2020,27,0.0,2020-S27
REGIONAL::COLIDER,2020,28,0.0,2020-S28
REGIONAL::COLIDER,2020,29,0.0,2020-S29
REGIONAL::COLIDER,2020,30,0.0,2020-S30
REGIONAL::COLIDER,2020,31,0.0,2020-S31
REGIONAL::COLIDER,2020,32,0.0,2020-S32
REGIONAL::COLIDER,2020,33,0.0,2020-S33
REGIONAL::COLIDER,2020,34,0.0,2020-S34
REGIONAL::COLIDER,2020,35,0.0,2020-S35
REGIONAL::COLIDER,2020,36,1.0,2020-S36
REGIONAL::COLIDER,2020,37,0.0,2020-S37
REGIONAL::COLIDER,2020,38,0.0,2020-S38
REGIONAL::COLIDER,2020,39,0.0,2020-S39
REGIONAL::COLIDER,2020,40,0.0,2020-S40
REGIONAL::COLIDER,2020,41,0.0,2020-S41
REGIONAL::COLIDER,2020,42,0.0,2020-S42
REGIONAL::COLIDER,2020,43,0.0,2020-S43
REGIONAL::COLIDER,2020,44,0.0,2020-S44
REGIONAL::COLIDER,2020,45,0.0,2020-S45
REGIONAL::COLIDER,2020,46,0.0,2020-S46
REGIONAL::COLIDER,2020,47,0.0,2020-S47
REGIONAL::COLIDER,2020,48,0.0,2020-S48
REGIONAL::COLIDER,2020,49,0.0,2020-S49
REGIONAL::COLIDER,2020,50,0.0,2020-S50
REGIONAL::COLIDER,2020,51,0.0,2020-S51
REGIONAL::COLIDER,2020,52,0.0,2020-S52
REGIONAL::COLIDER,2021,1,0.0,2021-S01
REGIONAL::COLIDER,2021,2,1.0,2021-S02
REGIONAL::COLIDER,2021,3,0.0,2021-S03
REGIONAL::COLIDER,2021,4,0.0,2021-S04
REGIONAL::COLIDER,2021,5,0.0,2021-S05
REGIONAL::COLIDER,2021,6,0.0,2021-S06
REGIONAL::COLIDER,2021,7,0.0,2021-S07
REGIONAL::COLIDER,2021,8,0.0,2021-S08
REGIONAL::COLIDER,2021,9,0.0,2021-S09
REGIONAL::COLIDER,2021,10,0.0,2021-S10
REGIONAL::COLIDER,2021,11,0.0,2021-S11
REGIONAL::COLIDER,2021,12,0.0,2021-S12
REGIONAL::COLIDER,2021,13,0.0,2021-S13
REGIONAL::COLIDER,2021,14,0.0,2021-S14
REGIONAL::COLIDER,2021,15,0.0,2021-S15
REGIONAL::COLIDER,2021,16,0.0,2021-S16
REGIONAL::COLIDER,2021,17,0.0,2021-S17
REGIONAL::COLIDER,2021,18,0.0,2021-S18
REGIONAL::COLIDER,2021,19,0.0,2021-S19
REGIONAL::COLIDER,2021,20,0.0,2021-S20
REGIONAL::COLIDER,2021,21,0.0,2021-S21
REGIONAL::COLIDER,2021,22,1.0,2021-S22
REGIONAL::COLIDER,2021,23,0.0,2021-S23
REGIONAL::COLIDER,2021,24,0.0,2021-S24
REGIONAL::COLIDER,2021,25,0.0,2021-S25
REGIONAL::COLIDER,2021,26,0.0,2021-S26
REGIONAL::COLIDER,2021,27,0.0,2021-S27
REGIONAL::COLIDER,2021,28,0.0,2021-S28
REGIONAL::COLIDER,2021,29,0.0,2021-S29
REGIONAL::COLIDER,2021,30,0.0,2021-S30
REGIONAL::COLIDER,2021,31,0.0,2021-S31
REGIONAL::COLIDER,2021,32,0.0,2021-S32
REGIONAL::COLIDER,2021,33,0.0,2021-S33
REGIONAL::COLIDER,2021,34,0.0,2021-S34
REGIONAL::COLIDER,2021,35,0.0,2021-S35
REGIONAL::COLIDER,2021,36,0.0,2021-S36
REGIONAL::COLIDER,2021,37,0.0,2021-S37
REGIONAL::COLIDER,2021,38,0.0,2021-S38
REGIONAL::COLIDER,2021,39,0.0,2021-S39
REGIONAL::COLIDER,2021,40,1.0,2021-S40
REGIONAL::COLIDER,2021,41,0.0,2021-S41
REGIONAL::COLIDER,2021,42,0.0,2021-S42
REGIONAL::COLIDER,2021,43,0.0,2021-S43
REGIONAL::COLIDER,2021,44,0.0,2021-S44
REGIONAL::COLIDER,2021,45,0.0,2021-S45
REGIONAL::COLIDER,2021,46,0.0,2021-S46
REGIONAL::COLIDER,2021,47,0.0,2021-S47
REGIONAL::COLIDER,2021,48,0.0,2021-S48
REGIONAL::COLIDER,2021,49,1.0,2021-S49
REGIONAL::COLIDER,2021,50,0.0,2021-S50
REGIONAL::COLIDER,2021,51,0.0,2021-S51
REGIONAL::COLIDER,2021,52,0.0,2021-S52
REGIONAL::COLIDER,2022,1,0.0,2022-S01
REGIONAL::COLIDER,2022,2,0.0,2022-S02
REGIONAL::COLIDER,2022,3,0.0,2022-S03
REGIONAL::COLIDER,2022,4,0.0,2022-S04
REGIONAL::COLIDER,2022,5,0.0,2022-S05
REGIONAL::COLIDER,2022,6,0.0,2022-S06
REGIONAL::COLIDER,2022,7,0.0,2022-S07
REGIONAL::COLIDER,2022,8,0.0,2022-S08
REGIONAL::COLIDER,2022,9,0.0,2022-S09
REGIONAL::COLIDER,2022,10,0.0,2022-S10
REGIONAL::COLIDER,2022,11,0.0,2022-S11
REGIONAL::COLIDER,2022,12,0.0,2022-S12
REGIONAL::COLIDER,2022,13,0.0,2022-S13
REGIONAL::COLIDER,2022,14,0.0,2022-S14
REGIONAL::COLIDER,2022,15,0.0,2022-S15
REGIONAL::COLIDER,2022,16,0.0,2022-S16
REGIONAL::COLIDER,2022,17,0.0,2022-S17
REGIONAL::COLIDER,2022,18,0.0,2022-S18
REGIONAL::COLIDER,2022,19,0.0,2022-S19
REGIONAL::COLIDER,2022,20,0.0,2022-S20
REGIONAL::COLIDER,2022,21,0.0,2022-S21
REGIONAL::COLIDER,2022,22,0.0,2022-S22
REGIONAL::COLIDER,2022,23,0.0,2022-S23
REGIONAL::COLIDER,2022,24,0.0,2022-S24
REGIONAL::COLIDER,2022,25,0.0,2022-S25
REGIONAL::COLIDER,2022,26,0.0,2022-S26
REGIONAL::COLIDER,2022,27,0.0,2022-S27
REGIONAL::COLIDER,2022,28,0.0,2022-S28
REGIONAL::COLIDER,2022,29,0.0,2022-S29
REGIONAL::COLIDER,2022,30,0.0,2022-S30
REGIONAL::COLIDER,2022,31,0.0,2022-S31
REGIONAL::COLIDER,2022,32,1.0,2022-S32
REGIONAL::COLIDER,2022,33,0.0,2022-S33
REGIONAL::COLIDER,2022,34,0.0,2022-S34
REGIONAL::COLIDER,2022,35,0.0,2022-S35
REGIONAL::COLIDER,2022,36,0.0,2022-S36
REGIONAL::COLIDER,2022,37,0.0,2022-S37
REGIONAL::COLIDER,2022,38,0.0,2022-S38
REGIONAL::COLIDER,2022,39,0.0,2022-S39
REGIONAL::COLIDER,2022,40,0.0,2022-S40
REGIONAL::COLIDER,2022,41,0.0,2022-S41
REGIONAL::COLIDER,2022,42,0.0,2022-S42
REGIONAL::COLIDER,2022,43,0.0,2022-S43
REGIONAL::COLIDER,2022,44,0.0,2022-S44
REGIONAL::COLIDER,2022,45,0.0,2022-S45
REGIONAL::COLIDER,2022,46,0.0,2022-S46
REGIONAL::COLIDER,2022,47,0.0,2022-S47
REGIONAL::COLIDER,2022,48,1.0,2022-S48
REGIONAL::COLIDER,2022,49,0.0,2022-S49
REGIONAL::COLIDER,2022,50,0.0,2022-S50
REGIONAL::COLIDER,2022,51,0.0,2022-S51
REGIONAL::COLIDER,2022,52,0.0,2022-S52
REGIONAL::COLIDER,2023,1,0.0,2023-S01
REGIONAL::COLIDER,2023,2,0.0,2023-S02
REGIONAL::COLIDER,2023,3,0.0,2023-S03
REGIONAL::COLIDER,2023,4,0.0,2023-S04
REGIONAL::COLIDER,2023,5,0.0,2023-S05
REGIONAL::COLIDER,2023,6,0.0,2023-S06
REGIONAL::COLIDER,2023,7,0.0,2023-S07
REGIONAL::COLIDER,2023,8,0.0,2023-S08
REGIONAL::COLIDER,2023,9,0.0,2023-S09
REGIONAL::COLIDER,2023,10,0.0,2023-S10
REGIONAL::COLIDER,2023,11,0.0,2023-S11
REGIONAL::COLIDER,2023,12,0.0,2023-S12
REGIONAL::COLIDER,2023,13,0.0,2023-S13
REGIONAL::COLIDER,2023,14,0.0,2023-S14
REGIONAL::COLIDER,2023,15,0.0,2023-S15
REGIONAL::COLIDER,2023,16,0.0,2023-S16
REGIONAL::COLIDER,2023,17,0.0,2023-S17
REGIONAL::COLIDER,2023,18,0.0,2023-S18
REGIONAL::COLIDER,2023,19,0.0,2023-S19
REGIONAL::COLIDER,2023,20,0.0,2023-S20
REGIONAL::COLIDER,2023,21,0.0,2023-S21
REGIONAL::COLIDER,2023,22,0.0,2023-S22
REGIONAL::COLIDER,2023,23,0.0,2023-S23
REGIONAL::COLIDER,2023,24,0.0,2023-S24
REGIONAL::COLIDER,2023,25,0.0,2023-S25
REGIONAL::COLIDER,2023,26,0.0,2023-S26
REGIONAL::COLIDER,2023,27,0.0,2023-S27
REGIONAL::COLIDER,2023,28,0.0,2023-S28
REGIONAL::COLIDER,2023,29,0.0,2023-S29
REGIONAL::COLIDER,2023,30,0.0,2023-S30
REGIONAL::COLIDER,2023,31,0.0,2023-S31
REGIONAL::COLIDER,2023,32,0.0,2023-S32
REGIONAL::COLIDER,2023,33,0.0,2023-S33
REGIONAL::COLIDER,2023,34,0.0,2023-S34
REGIONAL::COLIDER,2023,35,0.0,2023-S35
REGIONAL::COLIDER,2023,36,0.0,2023-S36
REGIONAL::COLIDER,2023,37,0.0,2023-S37
REGIONAL::COLIDER,2023,38,1.0,2023-S38
REGIONAL::COLIDER,2023,39,0.0,2023-S39
REGIONAL::COLIDER,2023,40,0.0,2023-S40
REGIONAL::COLIDER,2023,41,0.0,2023-S41
REGIONAL::COLIDER,2023,42,0.0,2023-S42
REGIONAL::COLIDER,2023,43,0.0,2023-S43
REGIONAL::COLIDER,2023,44,0.0,2023-S44
REGIONAL::COLIDER,2023,45,0.0,2023-S45
REGIONAL::COLIDER,2023,46,0.0,2023-S46
REGIONAL::COLIDER,2023,47,0.0,2023-S47
REGIONAL::COLIDER,2023,48,0.0,2023-S48
REGIONAL::COLIDER,2023,49,0.0,2023-S49
REGIONAL::COLIDER,2023,50,0.0,2023-S50
REGIONAL::COLIDER,2023,51,0.0,2023-S51
REGIONAL::COLIDER,2023,52,0.0,2023-S52
REGIONAL::COLIDER,2024,1,0.0,2024-S01
REGIONAL::COLIDER,2024,2,0.0,2024-S02
REGIONAL::COLIDER,2024,3,0.0,2024-S03
REGIONAL::COLIDER,2024,4,0.0,2024-S04
REGIONAL::COLIDER,2024,5,1.0,2024-S05
REGIONAL::COLIDER,2024,6,0.0,2024-S06
REGIONAL::COLIDER,2024,7,0.0,2024-S07
REGIONAL::COLIDER,2024,8,0.0,2024-S08
REGIONAL::COLIDER,2024,9,0.0,2024-S09
REGIONAL::COLIDER,2024,10,0.0,2024-S10
REGIONAL::COLIDER,2024,11,0.0,2024-S11
REGIONAL::COLIDER,2024,12,0.0,2024-S12
REGIONAL::COLIDER,2024,13,0.0,2024-S13
REGIONAL::COLIDER,2024,14,0.0,2024-S14
REGIONAL::COLIDER,2024,15,0.0,2024-S15
REGIONAL::COLIDER,2024,16,0.0,2024-S16
REGIONAL::COLIDER,2024,17,0.0,2024-S17
REGIONAL::COLIDER,2024,18,1.0,2024-S18
REGIONAL::COLIDER,2024,19,0.0,2024-S19
REGIONAL::COLIDER,2024,20,0.0,2024-S20
REGIONAL::COLIDER,2024,21,0.0,2024-S21
REGIONAL::COLIDER,2024,22,0.0,2024-S22
REGIONAL::COLIDER,2024,23,0.0,2024-S23
REGIONAL::COLIDER,2024,24,0.0,2024-S24
REGIONAL::COLIDER,2024,25,2.0,2024-S25
REGIONAL::COLIDER,2024,26,1.0,2024-S26
REGIONAL::COLIDER,2024,27,0.0,2024-S27
REGIONAL::COLIDER,2024,28,0.0,2024-S28
REGIONAL::COLIDER,2024,29,0.0,2024-S29
REGIONAL::COLIDER,2024,30,0.0,2024-S30
REGIONAL::COLIDER,2024,31,0.0,2024-S31
REGIONAL::COLIDER,2024,32,0.0,2024-S32
REGIONAL::COLIDER,2024,33,0.0,2024-S33
REGIONAL::COLIDER,2024,34,0.0,2024-S34
REGIONAL::COLIDER,2024,35,0.0,2024-S35
REGIONAL::COLIDER,2024,36,0.0,2024-S36
REGIONAL::COLIDER,2024,37,0.0,2024-S37
REGIONAL::COLIDER,2024,38,0.0,2024-S38
REGIONAL::COLIDER,2024,39,0.0,2024-S39
REGIONAL::COLIDER,2024,40,0.0,2024-S40
REGIONAL::COLIDER,2024,41,0.0,2024-S41
REGIONAL::COLIDER,2024,42,0.0,2024-S42
REGIONAL::COLIDER,2024,43,0.0,2024-S43
REGIONAL::COLIDER,2024,44,0.0,2024-S44
REGIONAL::COLIDER,2024,45,0.0,2024-S45
REGIONAL::COLIDER,2024,46,0.0,2024-S46
REGIONAL::COLIDER,2024,47,0.0,2024-S47
REGIONAL::COLIDER,2024,48,0.0,2024-S48
REGIONAL::COLIDER,2024,49,0.0,2024-S49
REGIONAL::COLIDER,2024,50,0.0,2024-S50
REGIONAL::COLIDER,2024,51,0.0,2024-S51
REGIONAL::COLIDER,2024,52,0.0,2024-S52
REGIONAL::COLIDER,2025,1,0.0,2025-S01
REGIONAL::COLIDER,2025,2,0.0,2025-S02
REGIONAL::COLIDER,2025,3,0.0,2025-S03
REGIONAL::COLIDER,2025,4,0.0,2025-S04
REGIONAL::COLIDER,2025,5,0.0,2025-S05
REGIONAL::COLIDER,2025,6,0.0,2025-S06
REGIONAL::COLIDER,2025,7,0.0,2025-S07
REGIONAL::COLIDER,2025,8,0.0,2025-S08
REGIONAL::COLIDER,2025,9,0.0,2025-S09
REGIONAL::COLIDER,2025,10,0.0,2025-S10
REGIONAL::COLIDER,2025,11,0.0,2025-S11
REGIONAL::COLIDER,2025,12,0.0,2025-S12
REGIONAL::COLIDER,2025,13,0.0,2025-S13
REGIONAL::COLIDER,2025,14,0.0,2025-S14
REGIONAL::COLIDER,2025,15,0.0,2025-S15
REGIONAL::COLIDER,2025,16,0.0,2025-S16
REGIONAL::COLIDER,2025,17,0.0,2025-S17
REGIONAL::COLIDER,2025,18,0.0,2025-S18
REGIONAL::COLIDER,2025,19,0.0,2025-S19
REGIONAL::COLIDER,2025,20,0.0,2025-S20
REGIONAL::COLIDER,2025,21,0.0,2025-S21
REGIONAL::COLIDER,2025,22,0.0,2025-S22
REGIONAL::COLIDER,2025,23,0.0,2025-S23
REGIONAL::COLIDER,2025,24,0.0,2025-S24
REGIONAL::COLIDER,2025,25,0.0,2025-S25
REGIONAL::COLIDER,2025,26,0.0,2025-S26
REGIONAL::COLIDER,2025,27,0.0,2025-S27
REGIONAL::COLIDER,2025,28,0.0,2025-S28
REGIONAL::COLIDER,2025,29,0.0,2025-S29
REGIONAL::COLIDER,2025,30,0.0,2025-S30
REGIONAL::COLIDER,2025,31,0.0,2025-S31
REGIONAL::COLIDER,2025,32,0.0,2025-S32
REGIONAL::COLIDER,2025,33,0.0,2025-S33
REGIONAL::COLIDER,2025,34,0.0,2025-S34
REGIONAL::COLIDER,2025,35,0.0,2025-S35
REGIONAL::COLIDER,2025,36,0.0,2025-S36
REGIONAL::COLIDER,2025,37,0.0,2025-S37
REGIONAL::COLIDER,2025,38,0.0,2025-S38
REGIONAL::COLIDER,2025,39,0.0,2025-S39
REGIONAL::COLIDER,2025,40,0.0,2025-S40
REGIONAL::COLIDER,2025,41,0.0,2025-S41
REGIONAL::COLIDER,2025,42,0.0,2025-S42
REGIONAL::COLIDER,2025,43,2.0,2025-S43
REGIONAL::COLIDER,2025,44,0.0,2025-S44
REGIONAL::COLIDER,2025,45,0.0,2025-S45
REGIONAL::COLIDER,2025,46,0.0,2025-S46
REGIONAL::COLIDER,2025,47,0.0,2025-S47
REGIONAL::COLIDER,2025,48,0.0,2025-S48
REGIONAL::COLIDER,2025,49,0.0,2025-S49
REGIONAL::COLIDER,2025,50,1.0,2025-S50
REGIONAL::COLIDER,2025,51,0.0,2025-S51
REGIONAL::COLIDER,2025,52,3.0,2025-S52
REGIONAL::COLIDER,2026,1,0.0,2026-S01
REGIONAL::COLIDER,2026,2,1.0,2026-S02
REGIONAL::COLIDER,2026,3,1.0,2026-S03
REGIONAL::COLIDER,2026,4,1.0,2026-S04
REGIONAL::COLIDER,2026,5,0.0,2026-S05
REGIONAL::COLIDER,2026,6,0.0,2026-S06
REGIONAL::COLIDER,2026,7,0.0,2026-S07
REGIONAL::COLIDER,2026,8,0.0,2026-S08
REGIONAL::COLIDER,2026,9,0.0,2026-S09
REGIONAL::COLIDER,2026,10,0.0,2026-S10
REGIONAL::COLIDER,2026,11,0.0,2026-S11
REGIONAL::COLIDER,2026,12,0.0,2026-S12
REGIONAL::COLIDER,2026,13,1.0,2026-S13
REGIONAL::COLIDER,2026,14,0.0,2026-S14
REGIONAL::COLIDER,2026,15,0.0,2026-S15
REGIONAL::COLIDER,2026,16,0.0,2026-S16
REGIONAL::COLIDER,2026,17,0.0,2026-S17
REGIONAL::COLIDER,2026,18,1.0,2026-S18
REGIONAL::COLIDER,2026,19,1.0,2026-S19
REGIONAL::COLIDER,2026,20,0.0,2026-S20
REGIONAL::COLIDER,2026,21,0.0,2026-S21
REGIONAL::COLIDER,2026,22,0.0,2026-S22
REGIONAL::COLIDER,2026,23,0.0,2026-S23
REGIONAL::COLIDER,2026,24,0.0,2026-S24
REGIONAL::COLIDER,2026,25,0.0,2026-S25
REGIONAL::COLIDER,2026,26,0.0,2026-S26
REGIONAL::COLIDER,2026,27,0.0,2026-S27
REGIONAL::COLIDER,2026,28,0.0,2026-S28
REGIONAL::COLIDER,2026,29,0.0,2026-S29
REGIONAL::COLIDER,2026,30,0.0,2026-S30
REGIONAL::COLIDER,2026,31,0.0,2026-S31
REGIONAL::CUIABA,2007,1,5.0,2007-S01
REGIONAL::CUIABA,2007,2,8.0,2007-S02
REGIONAL::CUIABA,2007,3,3.0,2007-S03
REGIONAL::CUIABA,2007,4,3.0,2007-S04
REGIONAL::CUIABA,2007,5,9.0,2007-S05
REGIONAL::CUIABA,2007,6,7.0,2007-S06
REGIONAL::CUIABA,2007,7,4.0,2007-S07
REGIONAL::CUIABA,2007,8,4.0,2007-S08
REGIONAL::CUIABA,2007,9,6.0,2007-S09
REGIONAL::CUIABA,2007,10,12.0,2007-S10
REGIONAL::CUIABA,2007,11,3.0,2007-S11
REGIONAL::CUIABA,2007,12,4.0,2007-S12
REGIONAL::CUIABA,2007,13,2.0,2007-S13
REGIONAL::CUIABA,2007,14,6.0,2007-S14
REGIONAL::CUIABA,2007,15,11.0,2007-S15
REGIONAL::CUIABA,2007,16,10.0,2007-S16
REGIONAL::CUIABA,2007,17,5.0,2007-S17
REGIONAL::CUIABA,2007,18,5.0,2007-S18
REGIONAL::CUIABA,2007,19,6.0,2007-S19
REGIONAL::CUIABA,2007,20,6.0,2007-S20
REGIONAL::CUIABA,2007,21,2.0,2007-S21
REGIONAL::CUIABA,2007,22,3.0,2007-S22
REGIONAL::CUIABA,2007,23,5.0,2007-S23
REGIONAL::CUIABA,2007,24,5.0,2007-S24
REGIONAL::CUIABA,2007,25,7.0,2007-S25
REGIONAL::CUIABA,2007,26,7.0,2007-S26
REGIONAL::CUIABA,2007,27,8.0,2007-S27
REGIONAL::CUIABA,2007,28,3.0,2007-S28
REGIONAL::CUIABA,2007,29,5.0,2007-S29
REGIONAL::CUIABA,2007,30,1.0,2007-S30
REGIONAL::CUIABA,2007,31,3.0,2007-S31
REGIONAL::CUIABA,2007,32,3.0,2007-S32
REGIONAL::CUIABA,2007,33,5.0,2007-S33
REGIONAL::CUIABA,2007,34,2.0,2007-S34
REGIONAL::CUIABA,2007,35,5.0,2007-S35
REGIONAL::CUIABA,2007,36,2.0,2007-S36
REGIONAL::CUIABA,2007,37,2.0,2007-S37
REGIONAL::CUIABA,2007,38,2.0,2007-S38
REGIONAL::CUIABA,2007,39,6.0,2007-S39
REGIONAL::CUIABA,2007,40,3.0,2007-S40
REGIONAL::CUIABA,2007,41,3.0,2007-S41
REGIONAL::CUIABA,2007,42,9.0,2007-S42
REGIONAL::CUIABA,2007,43,5.0,2007-S43
REGIONAL::CUIABA,2007,44,5.0,2007-S44
REGIONAL::CUIABA,2007,45,10.0,2007-S45
REGIONAL::CUIABA,2007,46,1.0,2007-S46
REGIONAL::CUIABA,2007,47,1.0,2007-S47
REGIONAL::CUIABA,2007,48,7.0,2007-S48
REGIONAL::CUIABA,2007,49,5.0,2007-S49
REGIONAL::CUIABA,2007,50,5.0,2007-S50
REGIONAL::CUIABA,2007,51,11.0,2007-S51
REGIONAL::CUIABA,2007,52,9.0,2007-S52
REGIONAL::CUIABA,2008,1,4.0,2008-S01
REGIONAL::CUIABA,2008,2,10.0,2008-S02
REGIONAL::CUIABA,2008,3,5.0,2008-S03
REGIONAL::CUIABA,2008,4,6.0,2008-S04
REGIONAL::CUIABA,2008,5,2.0,2008-S05
REGIONAL::CUIABA,2008,6,3.0,2008-S06
REGIONAL::CUIABA,2008,7,3.0,2008-S07
REGIONAL::CUIABA,2008,8,5.0,2008-S08
REGIONAL::CUIABA,2008,9,5.0,2008-S09
REGIONAL::CUIABA,2008,10,1.0,2008-S10
REGIONAL::CUIABA,2008,11,7.0,2008-S11
REGIONAL::CUIABA,2008,12,2.0,2008-S12
REGIONAL::CUIABA,2008,13,4.0,2008-S13
REGIONAL::CUIABA,2008,14,4.0,2008-S14
REGIONAL::CUIABA,2008,15,5.0,2008-S15
REGIONAL::CUIABA,2008,16,3.0,2008-S16
REGIONAL::CUIABA,2008,17,3.0,2008-S17
REGIONAL::CUIABA,2008,18,3.0,2008-S18
REGIONAL::CUIABA,2008,19,4.0,2008-S19
REGIONAL::CUIABA,2008,20,7.0,2008-S20
REGIONAL::CUIABA,2008,21,1.0,2008-S21
REGIONAL::CUIABA,2008,22,5.0,2008-S22
REGIONAL::CUIABA,2008,23,3.0,2008-S23
REGIONAL::CUIABA,2008,24,5.0,2008-S24
REGIONAL::CUIABA,2008,25,4.0,2008-S25
REGIONAL::CUIABA,2008,26,2.0,2008-S26
REGIONAL::CUIABA,2008,27,4.0,2008-S27
REGIONAL::CUIABA,2008,28,5.0,2008-S28
REGIONAL::CUIABA,2008,29,3.0,2008-S29
REGIONAL::CUIABA,2008,30,7.0,2008-S30
REGIONAL::CUIABA,2008,31,1.0,2008-S31
REGIONAL::CUIABA,2008,32,7.0,2008-S32
REGIONAL::CUIABA,2008,33,2.0,2008-S33
REGIONAL::CUIABA,2008,34,2.0,2008-S34
REGIONAL::CUIABA,2008,35,2.0,2008-S35
REGIONAL::CUIABA,2008,36,0.0,2008-S36
REGIONAL::CUIABA,2008,37,5.0,2008-S37
REGIONAL::CUIABA,2008,38,5.0,2008-S38
REGIONAL::CUIABA,2008,39,4.0,2008-S39
REGIONAL::CUIABA,2008,40,3.0,2008-S40
REGIONAL::CUIABA,2008,41,1.0,2008-S41
REGIONAL::CUIABA,2008,42,3.0,2008-S42
REGIONAL::CUIABA,2008,43,3.0,2008-S43
REGIONAL::CUIABA,2008,44,0.0,2008-S44
REGIONAL::CUIABA,2008,45,1.0,2008-S45
REGIONAL::CUIABA,2008,46,2.0,2008-S46
REGIONAL::CUIABA,2008,47,1.0,2008-S47
REGIONAL::CUIABA,2008,48,4.0,2008-S48
REGIONAL::CUIABA,2008,49,3.0,2008-S49
REGIONAL::CUIABA,2008,50,6.0,2008-S50
REGIONAL::CUIABA,2008,51,2.0,2008-S51
REGIONAL::CUIABA,2008,52,2.0,2008-S52
REGIONAL::CUIABA,2009,1,4.0,2009-S01
REGIONAL::CUIABA,2009,2,3.0,2009-S02
REGIONAL::CUIABA,2009,3,2.0,2009-S03
REGIONAL::CUIABA,2009,4,5.0,2009-S04
REGIONAL::CUIABA,2009,5,3.0,2009-S05
REGIONAL::CUIABA,2009,6,2.0,2009-S06
REGIONAL::CUIABA,2009,7,1.0,2009-S07
REGIONAL::CUIABA,2009,8,1.0,2009-S08
REGIONAL::CUIABA,2009,9,0.0,2009-S09
REGIONAL::CUIABA,2009,10,2.0,2009-S10
REGIONAL::CUIABA,2009,11,0.0,2009-S11
REGIONAL::CUIABA,2009,12,5.0,2009-S12
REGIONAL::CUIABA,2009,13,2.0,2009-S13
REGIONAL::CUIABA,2009,14,6.0,2009-S14
REGIONAL::CUIABA,2009,15,5.0,2009-S15
REGIONAL::CUIABA,2009,16,2.0,2009-S16
REGIONAL::CUIABA,2009,17,1.0,2009-S17
REGIONAL::CUIABA,2009,18,0.0,2009-S18
REGIONAL::CUIABA,2009,19,2.0,2009-S19
REGIONAL::CUIABA,2009,20,1.0,2009-S20
REGIONAL::CUIABA,2009,21,2.0,2009-S21
REGIONAL::CUIABA,2009,22,0.0,2009-S22
REGIONAL::CUIABA,2009,23,2.0,2009-S23
REGIONAL::CUIABA,2009,24,7.0,2009-S24
REGIONAL::CUIABA,2009,25,4.0,2009-S25
REGIONAL::CUIABA,2009,26,0.0,2009-S26
REGIONAL::CUIABA,2009,27,4.0,2009-S27
REGIONAL::CUIABA,2009,28,2.0,2009-S28
REGIONAL::CUIABA,2009,29,1.0,2009-S29
REGIONAL::CUIABA,2009,30,0.0,2009-S30
REGIONAL::CUIABA,2009,31,9.0,2009-S31
REGIONAL::CUIABA,2009,32,5.0,2009-S32
REGIONAL::CUIABA,2009,33,4.0,2009-S33
REGIONAL::CUIABA,2009,34,1.0,2009-S34
REGIONAL::CUIABA,2009,35,3.0,2009-S35
REGIONAL::CUIABA,2009,36,1.0,2009-S36
REGIONAL::CUIABA,2009,37,2.0,2009-S37
REGIONAL::CUIABA,2009,38,1.0,2009-S38
REGIONAL::CUIABA,2009,39,2.0,2009-S39
REGIONAL::CUIABA,2009,40,2.0,2009-S40
REGIONAL::CUIABA,2009,41,1.0,2009-S41
REGIONAL::CUIABA,2009,42,0.0,2009-S42
REGIONAL::CUIABA,2009,43,2.0,2009-S43
REGIONAL::CUIABA,2009,44,2.0,2009-S44
REGIONAL::CUIABA,2009,45,6.0,2009-S45
REGIONAL::CUIABA,2009,46,3.0,2009-S46
REGIONAL::CUIABA,2009,47,2.0,2009-S47
REGIONAL::CUIABA,2009,48,2.0,2009-S48
REGIONAL::CUIABA,2009,49,1.0,2009-S49
REGIONAL::CUIABA,2009,50,3.0,2009-S50
REGIONAL::CUIABA,2009,51,2.0,2009-S51
REGIONAL::CUIABA,2009,52,0.0,2009-S52
REGIONAL::CUIABA,2010,1,0.0,2010-S01
REGIONAL::CUIABA,2010,2,1.0,2010-S02
REGIONAL::CUIABA,2010,3,1.0,2010-S03
REGIONAL::CUIABA,2010,4,2.0,2010-S04
REGIONAL::CUIABA,2010,5,2.0,2010-S05
REGIONAL::CUIABA,2010,6,0.0,2010-S06
REGIONAL::CUIABA,2010,7,6.0,2010-S07
REGIONAL::CUIABA,2010,8,0.0,2010-S08
REGIONAL::CUIABA,2010,9,1.0,2010-S09
REGIONAL::CUIABA,2010,10,5.0,2010-S10
REGIONAL::CUIABA,2010,11,0.0,2010-S11
REGIONAL::CUIABA,2010,12,3.0,2010-S12
REGIONAL::CUIABA,2010,13,2.0,2010-S13
REGIONAL::CUIABA,2010,14,3.0,2010-S14
REGIONAL::CUIABA,2010,15,1.0,2010-S15
REGIONAL::CUIABA,2010,16,2.0,2010-S16
REGIONAL::CUIABA,2010,17,3.0,2010-S17
REGIONAL::CUIABA,2010,18,3.0,2010-S18
REGIONAL::CUIABA,2010,19,3.0,2010-S19
REGIONAL::CUIABA,2010,20,0.0,2010-S20
REGIONAL::CUIABA,2010,21,2.0,2010-S21
REGIONAL::CUIABA,2010,22,2.0,2010-S22
REGIONAL::CUIABA,2010,23,6.0,2010-S23
REGIONAL::CUIABA,2010,24,2.0,2010-S24
REGIONAL::CUIABA,2010,25,2.0,2010-S25
REGIONAL::CUIABA,2010,26,1.0,2010-S26
REGIONAL::CUIABA,2010,27,0.0,2010-S27
REGIONAL::CUIABA,2010,28,2.0,2010-S28
REGIONAL::CUIABA,2010,29,3.0,2010-S29
REGIONAL::CUIABA,2010,30,4.0,2010-S30
REGIONAL::CUIABA,2010,31,2.0,2010-S31
REGIONAL::CUIABA,2010,32,2.0,2010-S32
REGIONAL::CUIABA,2010,33,3.0,2010-S33
REGIONAL::CUIABA,2010,34,3.0,2010-S34
REGIONAL::CUIABA,2010,35,4.0,2010-S35
REGIONAL::CUIABA,2010,36,3.0,2010-S36
REGIONAL::CUIABA,2010,37,3.0,2010-S37
REGIONAL::CUIABA,2010,38,0.0,2010-S38
REGIONAL::CUIABA,2010,39,3.0,2010-S39
REGIONAL::CUIABA,2010,40,0.0,2010-S40
REGIONAL::CUIABA,2010,41,1.0,2010-S41
REGIONAL::CUIABA,2010,42,4.0,2010-S42
REGIONAL::CUIABA,2010,43,1.0,2010-S43
REGIONAL::CUIABA,2010,44,1.0,2010-S44
REGIONAL::CUIABA,2010,45,2.0,2010-S45
REGIONAL::CUIABA,2010,46,3.0,2010-S46
REGIONAL::CUIABA,2010,47,1.0,2010-S47
REGIONAL::CUIABA,2010,48,5.0,2010-S48
REGIONAL::CUIABA,2010,49,2.0,2010-S49
REGIONAL::CUIABA,2010,50,1.0,2010-S50
REGIONAL::CUIABA,2010,51,4.0,2010-S51
REGIONAL::CUIABA,2010,52,3.0,2010-S52
REGIONAL::CUIABA,2011,1,5.0,2011-S01
REGIONAL::CUIABA,2011,2,5.0,2011-S02
REGIONAL::CUIABA,2011,3,0.0,2011-S03
REGIONAL::CUIABA,2011,4,1.0,2011-S04
REGIONAL::CUIABA,2011,5,5.0,2011-S05
REGIONAL::CUIABA,2011,6,3.0,2011-S06
REGIONAL::CUIABA,2011,7,1.0,2011-S07
REGIONAL::CUIABA,2011,8,2.0,2011-S08
REGIONAL::CUIABA,2011,9,2.0,2011-S09
REGIONAL::CUIABA,2011,10,5.0,2011-S10
REGIONAL::CUIABA,2011,11,0.0,2011-S11
REGIONAL::CUIABA,2011,12,1.0,2011-S12
REGIONAL::CUIABA,2011,13,4.0,2011-S13
REGIONAL::CUIABA,2011,14,5.0,2011-S14
REGIONAL::CUIABA,2011,15,2.0,2011-S15
REGIONAL::CUIABA,2011,16,3.0,2011-S16
REGIONAL::CUIABA,2011,17,2.0,2011-S17
REGIONAL::CUIABA,2011,18,3.0,2011-S18
REGIONAL::CUIABA,2011,19,1.0,2011-S19
REGIONAL::CUIABA,2011,20,3.0,2011-S20
REGIONAL::CUIABA,2011,21,0.0,2011-S21
REGIONAL::CUIABA,2011,22,0.0,2011-S22
REGIONAL::CUIABA,2011,23,3.0,2011-S23
REGIONAL::CUIABA,2011,24,2.0,2011-S24
REGIONAL::CUIABA,2011,25,3.0,2011-S25
REGIONAL::CUIABA,2011,26,1.0,2011-S26
REGIONAL::CUIABA,2011,27,1.0,2011-S27
REGIONAL::CUIABA,2011,28,1.0,2011-S28
REGIONAL::CUIABA,2011,29,5.0,2011-S29
REGIONAL::CUIABA,2011,30,2.0,2011-S30
REGIONAL::CUIABA,2011,31,2.0,2011-S31
REGIONAL::CUIABA,2011,32,5.0,2011-S32
REGIONAL::CUIABA,2011,33,5.0,2011-S33
REGIONAL::CUIABA,2011,34,2.0,2011-S34
REGIONAL::CUIABA,2011,35,1.0,2011-S35
REGIONAL::CUIABA,2011,36,3.0,2011-S36
REGIONAL::CUIABA,2011,37,0.0,2011-S37
REGIONAL::CUIABA,2011,38,2.0,2011-S38
REGIONAL::CUIABA,2011,39,1.0,2011-S39
REGIONAL::CUIABA,2011,40,1.0,2011-S40
REGIONAL::CUIABA,2011,41,2.0,2011-S41
REGIONAL::CUIABA,2011,42,0.0,2011-S42
REGIONAL::CUIABA,2011,43,3.0,2011-S43
REGIONAL::CUIABA,2011,44,4.0,2011-S44
REGIONAL::CUIABA,2011,45,3.0,2011-S45
REGIONAL::CUIABA,2011,46,3.0,2011-S46
REGIONAL::CUIABA,2011,47,2.0,2011-S47
REGIONAL::CUIABA,2011,48,2.0,2011-S48
REGIONAL::CUIABA,2011,49,5.0,2011-S49
REGIONAL::CUIABA,2011,50,4.0,2011-S50
REGIONAL::CUIABA,2011,51,1.0,2011-S51
REGIONAL::CUIABA,2011,52,1.0,2011-S52
REGIONAL::CUIABA,2012,1,3.0,2012-S01
REGIONAL::CUIABA,2012,2,1.0,2012-S02
REGIONAL::CUIABA,2012,3,7.0,2012-S03
REGIONAL::CUIABA,2012,4,3.0,2012-S04
REGIONAL::CUIABA,2012,5,3.0,2012-S05
REGIONAL::CUIABA,2012,6,4.0,2012-S06
REGIONAL::CUIABA,2012,7,1.0,2012-S07
REGIONAL::CUIABA,2012,8,1.0,2012-S08
REGIONAL::CUIABA,2012,9,2.0,2012-S09
REGIONAL::CUIABA,2012,10,3.0,2012-S10
REGIONAL::CUIABA,2012,11,3.0,2012-S11
REGIONAL::CUIABA,2012,12,2.0,2012-S12
REGIONAL::CUIABA,2012,13,3.0,2012-S13
REGIONAL::CUIABA,2012,14,1.0,2012-S14
REGIONAL::CUIABA,2012,15,2.0,2012-S15
REGIONAL::CUIABA,2012,16,4.0,2012-S16
REGIONAL::CUIABA,2012,17,3.0,2012-S17
REGIONAL::CUIABA,2012,18,4.0,2012-S18
REGIONAL::CUIABA,2012,19,2.0,2012-S19
REGIONAL::CUIABA,2012,20,4.0,2012-S20
REGIONAL::CUIABA,2012,21,4.0,2012-S21
REGIONAL::CUIABA,2012,22,0.0,2012-S22
REGIONAL::CUIABA,2012,23,3.0,2012-S23
REGIONAL::CUIABA,2012,24,6.0,2012-S24
REGIONAL::CUIABA,2012,25,1.0,2012-S25
REGIONAL::CUIABA,2012,26,2.0,2012-S26
REGIONAL::CUIABA,2012,27,3.0,2012-S27
REGIONAL::CUIABA,2012,28,7.0,2012-S28
REGIONAL::CUIABA,2012,29,1.0,2012-S29
REGIONAL::CUIABA,2012,30,3.0,2012-S30
REGIONAL::CUIABA,2012,31,5.0,2012-S31
REGIONAL::CUIABA,2012,32,1.0,2012-S32
REGIONAL::CUIABA,2012,33,5.0,2012-S33
REGIONAL::CUIABA,2012,34,1.0,2012-S34
REGIONAL::CUIABA,2012,35,4.0,2012-S35
REGIONAL::CUIABA,2012,36,1.0,2012-S36
REGIONAL::CUIABA,2012,37,3.0,2012-S37
REGIONAL::CUIABA,2012,38,1.0,2012-S38
REGIONAL::CUIABA,2012,39,1.0,2012-S39
REGIONAL::CUIABA,2012,40,2.0,2012-S40
REGIONAL::CUIABA,2012,41,1.0,2012-S41
REGIONAL::CUIABA,2012,42,3.0,2012-S42
REGIONAL::CUIABA,2012,43,3.0,2012-S43
REGIONAL::CUIABA,2012,44,2.0,2012-S44
REGIONAL::CUIABA,2012,45,1.0,2012-S45
REGIONAL::CUIABA,2012,46,2.0,2012-S46
REGIONAL::CUIABA,2012,47,0.0,2012-S47
REGIONAL::CUIABA,2012,48,1.0,2012-S48
REGIONAL::CUIABA,2012,49,4.0,2012-S49
REGIONAL::CUIABA,2012,50,1.0,2012-S50
REGIONAL::CUIABA,2012,51,2.0,2012-S51
REGIONAL::CUIABA,2012,52,4.0,2012-S52
REGIONAL::CUIABA,2013,1,1.0,2013-S01
REGIONAL::CUIABA,2013,2,3.0,2013-S02
REGIONAL::CUIABA,2013,3,2.0,2013-S03
REGIONAL::CUIABA,2013,4,1.0,2013-S04
REGIONAL::CUIABA,2013,5,3.0,2013-S05
REGIONAL::CUIABA,2013,6,3.0,2013-S06
REGIONAL::CUIABA,2013,7,1.0,2013-S07
REGIONAL::CUIABA,2013,8,1.0,2013-S08
REGIONAL::CUIABA,2013,9,3.0,2013-S09
REGIONAL::CUIABA,2013,10,6.0,2013-S10
REGIONAL::CUIABA,2013,11,3.0,2013-S11
REGIONAL::CUIABA,2013,12,3.0,2013-S12
REGIONAL::CUIABA,2013,13,1.0,2013-S13
REGIONAL::CUIABA,2013,14,3.0,2013-S14
REGIONAL::CUIABA,2013,15,4.0,2013-S15
REGIONAL::CUIABA,2013,16,0.0,2013-S16
REGIONAL::CUIABA,2013,17,2.0,2013-S17
REGIONAL::CUIABA,2013,18,2.0,2013-S18
REGIONAL::CUIABA,2013,19,1.0,2013-S19
REGIONAL::CUIABA,2013,20,1.0,2013-S20
REGIONAL::CUIABA,2013,21,5.0,2013-S21
REGIONAL::CUIABA,2013,22,1.0,2013-S22
REGIONAL::CUIABA,2013,23,5.0,2013-S23
REGIONAL::CUIABA,2013,24,3.0,2013-S24
REGIONAL::CUIABA,2013,25,7.0,2013-S25
REGIONAL::CUIABA,2013,26,2.0,2013-S26
REGIONAL::CUIABA,2013,27,1.0,2013-S27
REGIONAL::CUIABA,2013,28,4.0,2013-S28
REGIONAL::CUIABA,2013,29,3.0,2013-S29
REGIONAL::CUIABA,2013,30,3.0,2013-S30
REGIONAL::CUIABA,2013,31,2.0,2013-S31
REGIONAL::CUIABA,2013,32,4.0,2013-S32
REGIONAL::CUIABA,2013,33,6.0,2013-S33
REGIONAL::CUIABA,2013,34,2.0,2013-S34
REGIONAL::CUIABA,2013,35,2.0,2013-S35
REGIONAL::CUIABA,2013,36,1.0,2013-S36
REGIONAL::CUIABA,2013,37,1.0,2013-S37
REGIONAL::CUIABA,2013,38,4.0,2013-S38
REGIONAL::CUIABA,2013,39,2.0,2013-S39
REGIONAL::CUIABA,2013,40,1.0,2013-S40
REGIONAL::CUIABA,2013,41,2.0,2013-S41
REGIONAL::CUIABA,2013,42,2.0,2013-S42
REGIONAL::CUIABA,2013,43,1.0,2013-S43
REGIONAL::CUIABA,2013,44,1.0,2013-S44
REGIONAL::CUIABA,2013,45,4.0,2013-S45
REGIONAL::CUIABA,2013,46,5.0,2013-S46
REGIONAL::CUIABA,2013,47,3.0,2013-S47
REGIONAL::CUIABA,2013,48,4.0,2013-S48
REGIONAL::CUIABA,2013,49,2.0,2013-S49
REGIONAL::CUIABA,2013,50,5.0,2013-S50
REGIONAL::CUIABA,2013,51,2.0,2013-S51
REGIONAL::CUIABA,2013,52,6.0,2013-S52
REGIONAL::CUIABA,2014,1,5.0,2014-S01
REGIONAL::CUIABA,2014,2,3.0,2014-S02
REGIONAL::CUIABA,2014,3,0.0,2014-S03
REGIONAL::CUIABA,2014,4,5.0,2014-S04
REGIONAL::CUIABA,2014,5,3.0,2014-S05
REGIONAL::CUIABA,2014,6,4.0,2014-S06
REGIONAL::CUIABA,2014,7,6.0,2014-S07
REGIONAL::CUIABA,2014,8,6.0,2014-S08
REGIONAL::CUIABA,2014,9,2.0,2014-S09
REGIONAL::CUIABA,2014,10,2.0,2014-S10
REGIONAL::CUIABA,2014,11,1.0,2014-S11
REGIONAL::CUIABA,2014,12,5.0,2014-S12
REGIONAL::CUIABA,2014,13,1.0,2014-S13
REGIONAL::CUIABA,2014,14,1.0,2014-S14
REGIONAL::CUIABA,2014,15,3.0,2014-S15
REGIONAL::CUIABA,2014,16,3.0,2014-S16
REGIONAL::CUIABA,2014,17,5.0,2014-S17
REGIONAL::CUIABA,2014,18,3.0,2014-S18
REGIONAL::CUIABA,2014,19,2.0,2014-S19
REGIONAL::CUIABA,2014,20,4.0,2014-S20
REGIONAL::CUIABA,2014,21,1.0,2014-S21
REGIONAL::CUIABA,2014,22,0.0,2014-S22
REGIONAL::CUIABA,2014,23,1.0,2014-S23
REGIONAL::CUIABA,2014,24,2.0,2014-S24
REGIONAL::CUIABA,2014,25,2.0,2014-S25
REGIONAL::CUIABA,2014,26,4.0,2014-S26
REGIONAL::CUIABA,2014,27,1.0,2014-S27
REGIONAL::CUIABA,2014,28,3.0,2014-S28
REGIONAL::CUIABA,2014,29,3.0,2014-S29
REGIONAL::CUIABA,2014,30,3.0,2014-S30
REGIONAL::CUIABA,2014,31,3.0,2014-S31
REGIONAL::CUIABA,2014,32,6.0,2014-S32
REGIONAL::CUIABA,2014,33,1.0,2014-S33
REGIONAL::CUIABA,2014,34,1.0,2014-S34
REGIONAL::CUIABA,2014,35,1.0,2014-S35
REGIONAL::CUIABA,2014,36,1.0,2014-S36
REGIONAL::CUIABA,2014,37,4.0,2014-S37
REGIONAL::CUIABA,2014,38,3.0,2014-S38
REGIONAL::CUIABA,2014,39,4.0,2014-S39
REGIONAL::CUIABA,2014,40,2.0,2014-S40
REGIONAL::CUIABA,2014,41,3.0,2014-S41
REGIONAL::CUIABA,2014,42,1.0,2014-S42
REGIONAL::CUIABA,2014,43,8.0,2014-S43
REGIONAL::CUIABA,2014,44,1.0,2014-S44
REGIONAL::CUIABA,2014,45,1.0,2014-S45
REGIONAL::CUIABA,2014,46,3.0,2014-S46
REGIONAL::CUIABA,2014,47,3.0,2014-S47
REGIONAL::CUIABA,2014,48,2.0,2014-S48
REGIONAL::CUIABA,2014,49,2.0,2014-S49
REGIONAL::CUIABA,2014,50,3.0,2014-S50
REGIONAL::CUIABA,2014,51,1.0,2014-S51
REGIONAL::CUIABA,2014,52,2.0,2014-S52
REGIONAL::CUIABA,2015,1,0.0,2015-S01
REGIONAL::CUIABA,2015,2,0.0,2015-S02
REGIONAL::CUIABA,2015,3,1.0,2015-S03
REGIONAL::CUIABA,2015,4,0.0,2015-S04
REGIONAL::CUIABA,2015,5,1.0,2015-S05
REGIONAL::CUIABA,2015,6,1.0,2015-S06
REGIONAL::CUIABA,2015,7,4.0,2015-S07
REGIONAL::CUIABA,2015,8,1.0,2015-S08
REGIONAL::CUIABA,2015,9,1.0,2015-S09
REGIONAL::CUIABA,2015,10,3.0,2015-S10
REGIONAL::CUIABA,2015,11,3.0,2015-S11
REGIONAL::CUIABA,2015,12,1.0,2015-S12
REGIONAL::CUIABA,2015,13,4.0,2015-S13
REGIONAL::CUIABA,2015,14,1.0,2015-S14
REGIONAL::CUIABA,2015,15,3.0,2015-S15
REGIONAL::CUIABA,2015,16,3.0,2015-S16
REGIONAL::CUIABA,2015,17,6.0,2015-S17
REGIONAL::CUIABA,2015,18,2.0,2015-S18
REGIONAL::CUIABA,2015,19,2.0,2015-S19
REGIONAL::CUIABA,2015,20,1.0,2015-S20
REGIONAL::CUIABA,2015,21,3.0,2015-S21
REGIONAL::CUIABA,2015,22,2.0,2015-S22
REGIONAL::CUIABA,2015,23,2.0,2015-S23
REGIONAL::CUIABA,2015,24,2.0,2015-S24
REGIONAL::CUIABA,2015,25,2.0,2015-S25
REGIONAL::CUIABA,2015,26,3.0,2015-S26
REGIONAL::CUIABA,2015,27,5.0,2015-S27
REGIONAL::CUIABA,2015,28,4.0,2015-S28
REGIONAL::CUIABA,2015,29,0.0,2015-S29
REGIONAL::CUIABA,2015,30,2.0,2015-S30
REGIONAL::CUIABA,2015,31,2.0,2015-S31
REGIONAL::CUIABA,2015,32,1.0,2015-S32
REGIONAL::CUIABA,2015,33,3.0,2015-S33
REGIONAL::CUIABA,2015,34,1.0,2015-S34
REGIONAL::CUIABA,2015,35,3.0,2015-S35
REGIONAL::CUIABA,2015,36,1.0,2015-S36
REGIONAL::CUIABA,2015,37,3.0,2015-S37
REGIONAL::CUIABA,2015,38,2.0,2015-S38
REGIONAL::CUIABA,2015,39,2.0,2015-S39
REGIONAL::CUIABA,2015,40,2.0,2015-S40
REGIONAL::CUIABA,2015,41,1.0,2015-S41
REGIONAL::CUIABA,2015,42,5.0,2015-S42
REGIONAL::CUIABA,2015,43,0.0,2015-S43
REGIONAL::CUIABA,2015,44,5.0,2015-S44
REGIONAL::CUIABA,2015,45,3.0,2015-S45
REGIONAL::CUIABA,2015,46,1.0,2015-S46
REGIONAL::CUIABA,2015,47,1.0,2015-S47
REGIONAL::CUIABA,2015,48,3.0,2015-S48
REGIONAL::CUIABA,2015,49,3.0,2015-S49
REGIONAL::CUIABA,2015,50,0.0,2015-S50
REGIONAL::CUIABA,2015,51,0.0,2015-S51
REGIONAL::CUIABA,2015,52,1.0,2015-S52
REGIONAL::CUIABA,2016,1,2.0,2016-S01
REGIONAL::CUIABA,2016,2,1.0,2016-S02
REGIONAL::CUIABA,2016,3,1.0,2016-S03
REGIONAL::CUIABA,2016,4,3.0,2016-S04
REGIONAL::CUIABA,2016,5,1.0,2016-S05
REGIONAL::CUIABA,2016,6,2.0,2016-S06
REGIONAL::CUIABA,2016,7,2.0,2016-S07
REGIONAL::CUIABA,2016,8,1.0,2016-S08
REGIONAL::CUIABA,2016,9,2.0,2016-S09
REGIONAL::CUIABA,2016,10,3.0,2016-S10
REGIONAL::CUIABA,2016,11,3.0,2016-S11
REGIONAL::CUIABA,2016,12,0.0,2016-S12
REGIONAL::CUIABA,2016,13,5.0,2016-S13
REGIONAL::CUIABA,2016,14,3.0,2016-S14
REGIONAL::CUIABA,2016,15,2.0,2016-S15
REGIONAL::CUIABA,2016,16,4.0,2016-S16
REGIONAL::CUIABA,2016,17,4.0,2016-S17
REGIONAL::CUIABA,2016,18,3.0,2016-S18
REGIONAL::CUIABA,2016,19,2.0,2016-S19
REGIONAL::CUIABA,2016,20,4.0,2016-S20
REGIONAL::CUIABA,2016,21,3.0,2016-S21
REGIONAL::CUIABA,2016,22,1.0,2016-S22
REGIONAL::CUIABA,2016,23,4.0,2016-S23
REGIONAL::CUIABA,2016,24,2.0,2016-S24
REGIONAL::CUIABA,2016,25,1.0,2016-S25
REGIONAL::CUIABA,2016,26,2.0,2016-S26
REGIONAL::CUIABA,2016,27,2.0,2016-S27
REGIONAL::CUIABA,2016,28,0.0,2016-S28
REGIONAL::CUIABA,2016,29,1.0,2016-S29
REGIONAL::CUIABA,2016,30,3.0,2016-S30
REGIONAL::CUIABA,2016,31,2.0,2016-S31
REGIONAL::CUIABA,2016,32,5.0,2016-S32
REGIONAL::CUIABA,2016,33,2.0,2016-S33
REGIONAL::CUIABA,2016,34,2.0,2016-S34
REGIONAL::CUIABA,2016,35,3.0,2016-S35
REGIONAL::CUIABA,2016,36,1.0,2016-S36
REGIONAL::CUIABA,2016,37,5.0,2016-S37
REGIONAL::CUIABA,2016,38,5.0,2016-S38
REGIONAL::CUIABA,2016,39,1.0,2016-S39
REGIONAL::CUIABA,2016,40,3.0,2016-S40
REGIONAL::CUIABA,2016,41,3.0,2016-S41
REGIONAL::CUIABA,2016,42,2.0,2016-S42
REGIONAL::CUIABA,2016,43,0.0,2016-S43
REGIONAL::CUIABA,2016,44,1.0,2016-S44
REGIONAL::CUIABA,2016,45,1.0,2016-S45
REGIONAL::CUIABA,2016,46,2.0,2016-S46
REGIONAL::CUIABA,2016,47,5.0,2016-S47
REGIONAL::CUIABA,2016,48,1.0,2016-S48
REGIONAL::CUIABA,2016,49,3.0,2016-S49
REGIONAL::CUIABA,2016,50,0.0,2016-S50
REGIONAL::CUIABA,2016,51,3.0,2016-S51
REGIONAL::CUIABA,2016,52,1.0,2016-S52
REGIONAL::CUIABA,2017,1,0.0,2017-S01
REGIONAL::CUIABA,2017,2,3.0,2017-S02
REGIONAL::CUIABA,2017,3,3.0,2017-S03
REGIONAL::CUIABA,2017,4,1.0,2017-S04
REGIONAL::CUIABA,2017,5,1.0,2017-S05
REGIONAL::CUIABA,2017,6,6.0,2017-S06
REGIONAL::CUIABA,2017,7,2.0,2017-S07
REGIONAL::CUIABA,2017,8,3.0,2017-S08
REGIONAL::CUIABA,2017,9,2.0,2017-S09
REGIONAL::CUIABA,2017,10,4.0,2017-S10
REGIONAL::CUIABA,2017,11,5.0,2017-S11
REGIONAL::CUIABA,2017,12,1.0,2017-S12
REGIONAL::CUIABA,2017,13,6.0,2017-S13
REGIONAL::CUIABA,2017,14,2.0,2017-S14
REGIONAL::CUIABA,2017,15,0.0,2017-S15
REGIONAL::CUIABA,2017,16,2.0,2017-S16
REGIONAL::CUIABA,2017,17,2.0,2017-S17
REGIONAL::CUIABA,2017,18,3.0,2017-S18
REGIONAL::CUIABA,2017,19,5.0,2017-S19
REGIONAL::CUIABA,2017,20,3.0,2017-S20
REGIONAL::CUIABA,2017,21,2.0,2017-S21
REGIONAL::CUIABA,2017,22,4.0,2017-S22
REGIONAL::CUIABA,2017,23,3.0,2017-S23
REGIONAL::CUIABA,2017,24,2.0,2017-S24
REGIONAL::CUIABA,2017,25,2.0,2017-S25
REGIONAL::CUIABA,2017,26,3.0,2017-S26
REGIONAL::CUIABA,2017,27,1.0,2017-S27
REGIONAL::CUIABA,2017,28,1.0,2017-S28
REGIONAL::CUIABA,2017,29,2.0,2017-S29
REGIONAL::CUIABA,2017,30,1.0,2017-S30
REGIONAL::CUIABA,2017,31,2.0,2017-S31
REGIONAL::CUIABA,2017,32,1.0,2017-S32
REGIONAL::CUIABA,2017,33,1.0,2017-S33
REGIONAL::CUIABA,2017,34,0.0,2017-S34
REGIONAL::CUIABA,2017,35,0.0,2017-S35
REGIONAL::CUIABA,2017,36,1.0,2017-S36
REGIONAL::CUIABA,2017,37,5.0,2017-S37
REGIONAL::CUIABA,2017,38,3.0,2017-S38
REGIONAL::CUIABA,2017,39,2.0,2017-S39
REGIONAL::CUIABA,2017,40,3.0,2017-S40
REGIONAL::CUIABA,2017,41,4.0,2017-S41
REGIONAL::CUIABA,2017,42,2.0,2017-S42
REGIONAL::CUIABA,2017,43,4.0,2017-S43
REGIONAL::CUIABA,2017,44,3.0,2017-S44
REGIONAL::CUIABA,2017,45,2.0,2017-S45
REGIONAL::CUIABA,2017,46,3.0,2017-S46
REGIONAL::CUIABA,2017,47,2.0,2017-S47
REGIONAL::CUIABA,2017,48,3.0,2017-S48
REGIONAL::CUIABA,2017,49,4.0,2017-S49
REGIONAL::CUIABA,2017,50,2.0,2017-S50
REGIONAL::CUIABA,2017,51,1.0,2017-S51
REGIONAL::CUIABA,2017,52,7.0,2017-S52
REGIONAL::CUIABA,2018,1,3.0,2018-S01
REGIONAL::CUIABA,2018,2,1.0,2018-S02
REGIONAL::CUIABA,2018,3,1.0,2018-S03
REGIONAL::CUIABA,2018,4,3.0,2018-S04
REGIONAL::CUIABA,2018,5,0.0,2018-S05
REGIONAL::CUIABA,2018,6,4.0,2018-S06
REGIONAL::CUIABA,2018,7,3.0,2018-S07
REGIONAL::CUIABA,2018,8,2.0,2018-S08
REGIONAL::CUIABA,2018,9,1.0,2018-S09
REGIONAL::CUIABA,2018,10,3.0,2018-S10
REGIONAL::CUIABA,2018,11,2.0,2018-S11
REGIONAL::CUIABA,2018,12,5.0,2018-S12
REGIONAL::CUIABA,2018,13,6.0,2018-S13
REGIONAL::CUIABA,2018,14,1.0,2018-S14
REGIONAL::CUIABA,2018,15,2.0,2018-S15
REGIONAL::CUIABA,2018,16,1.0,2018-S16
REGIONAL::CUIABA,2018,17,1.0,2018-S17
REGIONAL::CUIABA,2018,18,2.0,2018-S18
REGIONAL::CUIABA,2018,19,1.0,2018-S19
REGIONAL::CUIABA,2018,20,1.0,2018-S20
REGIONAL::CUIABA,2018,21,0.0,2018-S21
REGIONAL::CUIABA,2018,22,0.0,2018-S22
REGIONAL::CUIABA,2018,23,1.0,2018-S23
REGIONAL::CUIABA,2018,24,1.0,2018-S24
REGIONAL::CUIABA,2018,25,2.0,2018-S25
REGIONAL::CUIABA,2018,26,3.0,2018-S26
REGIONAL::CUIABA,2018,27,4.0,2018-S27
REGIONAL::CUIABA,2018,28,4.0,2018-S28
REGIONAL::CUIABA,2018,29,3.0,2018-S29
REGIONAL::CUIABA,2018,30,1.0,2018-S30
REGIONAL::CUIABA,2018,31,2.0,2018-S31
REGIONAL::CUIABA,2018,32,2.0,2018-S32
REGIONAL::CUIABA,2018,33,2.0,2018-S33
REGIONAL::CUIABA,2018,34,1.0,2018-S34
REGIONAL::CUIABA,2018,35,0.0,2018-S35
REGIONAL::CUIABA,2018,36,0.0,2018-S36
REGIONAL::CUIABA,2018,37,1.0,2018-S37
REGIONAL::CUIABA,2018,38,4.0,2018-S38
REGIONAL::CUIABA,2018,39,4.0,2018-S39
REGIONAL::CUIABA,2018,40,1.0,2018-S40
REGIONAL::CUIABA,2018,41,1.0,2018-S41
REGIONAL::CUIABA,2018,42,0.0,2018-S42
REGIONAL::CUIABA,2018,43,3.0,2018-S43
REGIONAL::CUIABA,2018,44,2.0,2018-S44
REGIONAL::CUIABA,2018,45,3.0,2018-S45
REGIONAL::CUIABA,2018,46,6.0,2018-S46
REGIONAL::CUIABA,2018,47,4.0,2018-S47
REGIONAL::CUIABA,2018,48,6.0,2018-S48
REGIONAL::CUIABA,2018,49,4.0,2018-S49
REGIONAL::CUIABA,2018,50,0.0,2018-S50
REGIONAL::CUIABA,2018,51,1.0,2018-S51
REGIONAL::CUIABA,2018,52,1.0,2018-S52
REGIONAL::CUIABA,2019,1,2.0,2019-S01
REGIONAL::CUIABA,2019,2,3.0,2019-S02
REGIONAL::CUIABA,2019,3,1.0,2019-S03
REGIONAL::CUIABA,2019,4,2.0,2019-S04
REGIONAL::CUIABA,2019,5,2.0,2019-S05
REGIONAL::CUIABA,2019,6,0.0,2019-S06
REGIONAL::CUIABA,2019,7,2.0,2019-S07
REGIONAL::CUIABA,2019,8,1.0,2019-S08
REGIONAL::CUIABA,2019,9,1.0,2019-S09
REGIONAL::CUIABA,2019,10,6.0,2019-S10
REGIONAL::CUIABA,2019,11,1.0,2019-S11
REGIONAL::CUIABA,2019,12,2.0,2019-S12
REGIONAL::CUIABA,2019,13,3.0,2019-S13
REGIONAL::CUIABA,2019,14,2.0,2019-S14
REGIONAL::CUIABA,2019,15,4.0,2019-S15
REGIONAL::CUIABA,2019,16,3.0,2019-S16
REGIONAL::CUIABA,2019,17,2.0,2019-S17
REGIONAL::CUIABA,2019,18,3.0,2019-S18
REGIONAL::CUIABA,2019,19,1.0,2019-S19
REGIONAL::CUIABA,2019,20,6.0,2019-S20
REGIONAL::CUIABA,2019,21,2.0,2019-S21
REGIONAL::CUIABA,2019,22,4.0,2019-S22
REGIONAL::CUIABA,2019,23,1.0,2019-S23
REGIONAL::CUIABA,2019,24,3.0,2019-S24
REGIONAL::CUIABA,2019,25,0.0,2019-S25
REGIONAL::CUIABA,2019,26,0.0,2019-S26
REGIONAL::CUIABA,2019,27,1.0,2019-S27
REGIONAL::CUIABA,2019,28,2.0,2019-S28
REGIONAL::CUIABA,2019,29,2.0,2019-S29
REGIONAL::CUIABA,2019,30,0.0,2019-S30
REGIONAL::CUIABA,2019,31,7.0,2019-S31
REGIONAL::CUIABA,2019,32,2.0,2019-S32
REGIONAL::CUIABA,2019,33,4.0,2019-S33
REGIONAL::CUIABA,2019,34,2.0,2019-S34
REGIONAL::CUIABA,2019,35,1.0,2019-S35
REGIONAL::CUIABA,2019,36,3.0,2019-S36
REGIONAL::CUIABA,2019,37,1.0,2019-S37
REGIONAL::CUIABA,2019,38,0.0,2019-S38
REGIONAL::CUIABA,2019,39,0.0,2019-S39
REGIONAL::CUIABA,2019,40,2.0,2019-S40
REGIONAL::CUIABA,2019,41,1.0,2019-S41
REGIONAL::CUIABA,2019,42,0.0,2019-S42
REGIONAL::CUIABA,2019,43,0.0,2019-S43
REGIONAL::CUIABA,2019,44,1.0,2019-S44
REGIONAL::CUIABA,2019,45,1.0,2019-S45
REGIONAL::CUIABA,2019,46,0.0,2019-S46
REGIONAL::CUIABA,2019,47,2.0,2019-S47
REGIONAL::CUIABA,2019,48,1.0,2019-S48
REGIONAL::CUIABA,2019,49,5.0,2019-S49
REGIONAL::CUIABA,2019,50,1.0,2019-S50
REGIONAL::CUIABA,2019,51,1.0,2019-S51
REGIONAL::CUIABA,2019,52,0.0,2019-S52
REGIONAL::CUIABA,2020,1,0.0,2020-S01
REGIONAL::CUIABA,2020,2,3.0,2020-S02
REGIONAL::CUIABA,2020,3,2.0,2020-S03
REGIONAL::CUIABA,2020,4,3.0,2020-S04
REGIONAL::CUIABA,2020,5,1.0,2020-S05
REGIONAL::CUIABA,2020,6,0.0,2020-S06
REGIONAL::CUIABA,2020,7,2.0,2020-S07
REGIONAL::CUIABA,2020,8,3.0,2020-S08
REGIONAL::CUIABA,2020,9,2.0,2020-S09
REGIONAL::CUIABA,2020,10,1.0,2020-S10
REGIONAL::CUIABA,2020,11,0.0,2020-S11
REGIONAL::CUIABA,2020,12,0.0,2020-S12
REGIONAL::CUIABA,2020,13,2.0,2020-S13
REGIONAL::CUIABA,2020,14,0.0,2020-S14
REGIONAL::CUIABA,2020,15,2.0,2020-S15
REGIONAL::CUIABA,2020,16,0.0,2020-S16
REGIONAL::CUIABA,2020,17,0.0,2020-S17
REGIONAL::CUIABA,2020,18,1.0,2020-S18
REGIONAL::CUIABA,2020,19,0.0,2020-S19
REGIONAL::CUIABA,2020,20,1.0,2020-S20
REGIONAL::CUIABA,2020,21,1.0,2020-S21
REGIONAL::CUIABA,2020,22,1.0,2020-S22
REGIONAL::CUIABA,2020,23,0.0,2020-S23
REGIONAL::CUIABA,2020,24,0.0,2020-S24
REGIONAL::CUIABA,2020,25,0.0,2020-S25
REGIONAL::CUIABA,2020,26,0.0,2020-S26
REGIONAL::CUIABA,2020,27,0.0,2020-S27
REGIONAL::CUIABA,2020,28,0.0,2020-S28
REGIONAL::CUIABA,2020,29,0.0,2020-S29
REGIONAL::CUIABA,2020,30,1.0,2020-S30
REGIONAL::CUIABA,2020,31,1.0,2020-S31
REGIONAL::CUIABA,2020,32,2.0,2020-S32
REGIONAL::CUIABA,2020,33,0.0,2020-S33
REGIONAL::CUIABA,2020,34,2.0,2020-S34
REGIONAL::CUIABA,2020,35,1.0,2020-S35
REGIONAL::CUIABA,2020,36,2.0,2020-S36
REGIONAL::CUIABA,2020,37,0.0,2020-S37
REGIONAL::CUIABA,2020,38,0.0,2020-S38
REGIONAL::CUIABA,2020,39,0.0,2020-S39
REGIONAL::CUIABA,2020,40,2.0,2020-S40
REGIONAL::CUIABA,2020,41,2.0,2020-S41
REGIONAL::CUIABA,2020,42,0.0,2020-S42
REGIONAL::CUIABA,2020,43,1.0,2020-S43
REGIONAL::CUIABA,2020,44,2.0,2020-S44
REGIONAL::CUIABA,2020,45,0.0,2020-S45
REGIONAL::CUIABA,2020,46,3.0,2020-S46
REGIONAL::CUIABA,2020,47,0.0,2020-S47
REGIONAL::CUIABA,2020,48,2.0,2020-S48
REGIONAL::CUIABA,2020,49,0.0,2020-S49
REGIONAL::CUIABA,2020,50,0.0,2020-S50
REGIONAL::CUIABA,2020,51,1.0,2020-S51
REGIONAL::CUIABA,2020,52,0.0,2020-S52
REGIONAL::CUIABA,2021,1,0.0,2021-S01
REGIONAL::CUIABA,2021,2,2.0,2021-S02
REGIONAL::CUIABA,2021,3,2.0,2021-S03
REGIONAL::CUIABA,2021,4,1.0,2021-S04
REGIONAL::CUIABA,2021,5,1.0,2021-S05
REGIONAL::CUIABA,2021,6,0.0,2021-S06
REGIONAL::CUIABA,2021,7,1.0,2021-S07
REGIONAL::CUIABA,2021,8,1.0,2021-S08
REGIONAL::CUIABA,2021,9,0.0,2021-S09
REGIONAL::CUIABA,2021,10,0.0,2021-S10
REGIONAL::CUIABA,2021,11,2.0,2021-S11
REGIONAL::CUIABA,2021,12,2.0,2021-S12
REGIONAL::CUIABA,2021,13,0.0,2021-S13
REGIONAL::CUIABA,2021,14,0.0,2021-S14
REGIONAL::CUIABA,2021,15,1.0,2021-S15
REGIONAL::CUIABA,2021,16,0.0,2021-S16
REGIONAL::CUIABA,2021,17,0.0,2021-S17
REGIONAL::CUIABA,2021,18,0.0,2021-S18
REGIONAL::CUIABA,2021,19,1.0,2021-S19
REGIONAL::CUIABA,2021,20,0.0,2021-S20
REGIONAL::CUIABA,2021,21,1.0,2021-S21
REGIONAL::CUIABA,2021,22,1.0,2021-S22
REGIONAL::CUIABA,2021,23,0.0,2021-S23
REGIONAL::CUIABA,2021,24,0.0,2021-S24
REGIONAL::CUIABA,2021,25,1.0,2021-S25
REGIONAL::CUIABA,2021,26,0.0,2021-S26
REGIONAL::CUIABA,2021,27,0.0,2021-S27
REGIONAL::CUIABA,2021,28,0.0,2021-S28
REGIONAL::CUIABA,2021,29,0.0,2021-S29
REGIONAL::CUIABA,2021,30,2.0,2021-S30
REGIONAL::CUIABA,2021,31,1.0,2021-S31
REGIONAL::CUIABA,2021,32,0.0,2021-S32
REGIONAL::CUIABA,2021,33,0.0,2021-S33
REGIONAL::CUIABA,2021,34,0.0,2021-S34
REGIONAL::CUIABA,2021,35,1.0,2021-S35
REGIONAL::CUIABA,2021,36,1.0,2021-S36
REGIONAL::CUIABA,2021,37,0.0,2021-S37
REGIONAL::CUIABA,2021,38,0.0,2021-S38
REGIONAL::CUIABA,2021,39,1.0,2021-S39
REGIONAL::CUIABA,2021,40,1.0,2021-S40
REGIONAL::CUIABA,2021,41,1.0,2021-S41
REGIONAL::CUIABA,2021,42,2.0,2021-S42
REGIONAL::CUIABA,2021,43,1.0,2021-S43
REGIONAL::CUIABA,2021,44,1.0,2021-S44
REGIONAL::CUIABA,2021,45,1.0,2021-S45
REGIONAL::CUIABA,2021,46,0.0,2021-S46
REGIONAL::CUIABA,2021,47,2.0,2021-S47
REGIONAL::CUIABA,2021,48,0.0,2021-S48
REGIONAL::CUIABA,2021,49,2.0,2021-S49
REGIONAL::CUIABA,2021,50,0.0,2021-S50
REGIONAL::CUIABA,2021,51,0.0,2021-S51
REGIONAL::CUIABA,2021,52,2.0,2021-S52
REGIONAL::CUIABA,2022,1,2.0,2022-S01
REGIONAL::CUIABA,2022,2,1.0,2022-S02
REGIONAL::CUIABA,2022,3,0.0,2022-S03
REGIONAL::CUIABA,2022,4,3.0,2022-S04
REGIONAL::CUIABA,2022,5,0.0,2022-S05
REGIONAL::CUIABA,2022,6,0.0,2022-S06
REGIONAL::CUIABA,2022,7,2.0,2022-S07
REGIONAL::CUIABA,2022,8,3.0,2022-S08
REGIONAL::CUIABA,2022,9,0.0,2022-S09
REGIONAL::CUIABA,2022,10,0.0,2022-S10
REGIONAL::CUIABA,2022,11,3.0,2022-S11
REGIONAL::CUIABA,2022,12,1.0,2022-S12
REGIONAL::CUIABA,2022,13,3.0,2022-S13
REGIONAL::CUIABA,2022,14,0.0,2022-S14
REGIONAL::CUIABA,2022,15,2.0,2022-S15
REGIONAL::CUIABA,2022,16,2.0,2022-S16
REGIONAL::CUIABA,2022,17,1.0,2022-S17
REGIONAL::CUIABA,2022,18,1.0,2022-S18
REGIONAL::CUIABA,2022,19,2.0,2022-S19
REGIONAL::CUIABA,2022,20,2.0,2022-S20
REGIONAL::CUIABA,2022,21,1.0,2022-S21
REGIONAL::CUIABA,2022,22,1.0,2022-S22
REGIONAL::CUIABA,2022,23,1.0,2022-S23
REGIONAL::CUIABA,2022,24,2.0,2022-S24
REGIONAL::CUIABA,2022,25,4.0,2022-S25
REGIONAL::CUIABA,2022,26,2.0,2022-S26
REGIONAL::CUIABA,2022,27,4.0,2022-S27
REGIONAL::CUIABA,2022,28,2.0,2022-S28
REGIONAL::CUIABA,2022,29,0.0,2022-S29
REGIONAL::CUIABA,2022,30,2.0,2022-S30
REGIONAL::CUIABA,2022,31,3.0,2022-S31
REGIONAL::CUIABA,2022,32,0.0,2022-S32
REGIONAL::CUIABA,2022,33,0.0,2022-S33
REGIONAL::CUIABA,2022,34,1.0,2022-S34
REGIONAL::CUIABA,2022,35,0.0,2022-S35
REGIONAL::CUIABA,2022,36,0.0,2022-S36
REGIONAL::CUIABA,2022,37,2.0,2022-S37
REGIONAL::CUIABA,2022,38,0.0,2022-S38
REGIONAL::CUIABA,2022,39,1.0,2022-S39
REGIONAL::CUIABA,2022,40,6.0,2022-S40
REGIONAL::CUIABA,2022,41,0.0,2022-S41
REGIONAL::CUIABA,2022,42,1.0,2022-S42
REGIONAL::CUIABA,2022,43,0.0,2022-S43
REGIONAL::CUIABA,2022,44,2.0,2022-S44
REGIONAL::CUIABA,2022,45,2.0,2022-S45
REGIONAL::CUIABA,2022,46,0.0,2022-S46
REGIONAL::CUIABA,2022,47,0.0,2022-S47
REGIONAL::CUIABA,2022,48,3.0,2022-S48
REGIONAL::CUIABA,2022,49,1.0,2022-S49
REGIONAL::CUIABA,2022,50,3.0,2022-S50
REGIONAL::CUIABA,2022,51,2.0,2022-S51
REGIONAL::CUIABA,2022,52,1.0,2022-S52
REGIONAL::CUIABA,2023,1,1.0,2023-S01
REGIONAL::CUIABA,2023,2,2.0,2023-S02
REGIONAL::CUIABA,2023,3,0.0,2023-S03
REGIONAL::CUIABA,2023,4,1.0,2023-S04
REGIONAL::CUIABA,2023,5,1.0,2023-S05
REGIONAL::CUIABA,2023,6,1.0,2023-S06
REGIONAL::CUIABA,2023,7,3.0,2023-S07
REGIONAL::CUIABA,2023,8,3.0,2023-S08
REGIONAL::CUIABA,2023,9,2.0,2023-S09
REGIONAL::CUIABA,2023,10,1.0,2023-S10
REGIONAL::CUIABA,2023,11,6.0,2023-S11
REGIONAL::CUIABA,2023,12,5.0,2023-S12
REGIONAL::CUIABA,2023,13,0.0,2023-S13
REGIONAL::CUIABA,2023,14,1.0,2023-S14
REGIONAL::CUIABA,2023,15,3.0,2023-S15
REGIONAL::CUIABA,2023,16,0.0,2023-S16
REGIONAL::CUIABA,2023,17,3.0,2023-S17
REGIONAL::CUIABA,2023,18,3.0,2023-S18
REGIONAL::CUIABA,2023,19,2.0,2023-S19
REGIONAL::CUIABA,2023,20,3.0,2023-S20
REGIONAL::CUIABA,2023,21,3.0,2023-S21
REGIONAL::CUIABA,2023,22,2.0,2023-S22
REGIONAL::CUIABA,2023,23,5.0,2023-S23
REGIONAL::CUIABA,2023,24,3.0,2023-S24
REGIONAL::CUIABA,2023,25,6.0,2023-S25
REGIONAL::CUIABA,2023,26,0.0,2023-S26
REGIONAL::CUIABA,2023,27,0.0,2023-S27
REGIONAL::CUIABA,2023,28,1.0,2023-S28
REGIONAL::CUIABA,2023,29,2.0,2023-S29
REGIONAL::CUIABA,2023,30,3.0,2023-S30
REGIONAL::CUIABA,2023,31,4.0,2023-S31
REGIONAL::CUIABA,2023,32,2.0,2023-S32
REGIONAL::CUIABA,2023,33,2.0,2023-S33
REGIONAL::CUIABA,2023,34,2.0,2023-S34
REGIONAL::CUIABA,2023,35,1.0,2023-S35
REGIONAL::CUIABA,2023,36,4.0,2023-S36
REGIONAL::CUIABA,2023,37,0.0,2023-S37
REGIONAL::CUIABA,2023,38,2.0,2023-S38
REGIONAL::CUIABA,2023,39,0.0,2023-S39
REGIONAL::CUIABA,2023,40,2.0,2023-S40
REGIONAL::CUIABA,2023,41,1.0,2023-S41
REGIONAL::CUIABA,2023,42,2.0,2023-S42
REGIONAL::CUIABA,2023,43,1.0,2023-S43
REGIONAL::CUIABA,2023,44,2.0,2023-S44
REGIONAL::CUIABA,2023,45,0.0,2023-S45
REGIONAL::CUIABA,2023,46,2.0,2023-S46
REGIONAL::CUIABA,2023,47,1.0,2023-S47
REGIONAL::CUIABA,2023,48,0.0,2023-S48
REGIONAL::CUIABA,2023,49,3.0,2023-S49
REGIONAL::CUIABA,2023,50,1.0,2023-S50
REGIONAL::CUIABA,2023,51,0.0,2023-S51
REGIONAL::CUIABA,2023,52,2.0,2023-S52
REGIONAL::CUIABA,2024,1,0.0,2024-S01
REGIONAL::CUIABA,2024,2,0.0,2024-S02
REGIONAL::CUIABA,2024,3,3.0,2024-S03
REGIONAL::CUIABA,2024,4,1.0,2024-S04
REGIONAL::CUIABA,2024,5,0.0,2024-S05
REGIONAL::CUIABA,2024,6,2.0,2024-S06
REGIONAL::CUIABA,2024,7,1.0,2024-S07
REGIONAL::CUIABA,2024,8,0.0,2024-S08
REGIONAL::CUIABA,2024,9,2.0,2024-S09
REGIONAL::CUIABA,2024,10,0.0,2024-S10
REGIONAL::CUIABA,2024,11,1.0,2024-S11
REGIONAL::CUIABA,2024,12,4.0,2024-S12
REGIONAL::CUIABA,2024,13,2.0,2024-S13
REGIONAL::CUIABA,2024,14,1.0,2024-S14
REGIONAL::CUIABA,2024,15,1.0,2024-S15
REGIONAL::CUIABA,2024,16,1.0,2024-S16
REGIONAL::CUIABA,2024,17,1.0,2024-S17
REGIONAL::CUIABA,2024,18,4.0,2024-S18
REGIONAL::CUIABA,2024,19,1.0,2024-S19
REGIONAL::CUIABA,2024,20,4.0,2024-S20
REGIONAL::CUIABA,2024,21,3.0,2024-S21
REGIONAL::CUIABA,2024,22,2.0,2024-S22
REGIONAL::CUIABA,2024,23,0.0,2024-S23
REGIONAL::CUIABA,2024,24,0.0,2024-S24
REGIONAL::CUIABA,2024,25,0.0,2024-S25
REGIONAL::CUIABA,2024,26,1.0,2024-S26
REGIONAL::CUIABA,2024,27,2.0,2024-S27
REGIONAL::CUIABA,2024,28,0.0,2024-S28
REGIONAL::CUIABA,2024,29,4.0,2024-S29
REGIONAL::CUIABA,2024,30,1.0,2024-S30
REGIONAL::CUIABA,2024,31,4.0,2024-S31
REGIONAL::CUIABA,2024,32,1.0,2024-S32
REGIONAL::CUIABA,2024,33,1.0,2024-S33
REGIONAL::CUIABA,2024,34,2.0,2024-S34
REGIONAL::CUIABA,2024,35,1.0,2024-S35
REGIONAL::CUIABA,2024,36,1.0,2024-S36
REGIONAL::CUIABA,2024,37,2.0,2024-S37
REGIONAL::CUIABA,2024,38,0.0,2024-S38
REGIONAL::CUIABA,2024,39,3.0,2024-S39
REGIONAL::CUIABA,2024,40,1.0,2024-S40
REGIONAL::CUIABA,2024,41,2.0,2024-S41
REGIONAL::CUIABA,2024,42,3.0,2024-S42
REGIONAL::CUIABA,2024,43,1.0,2024-S43
REGIONAL::CUIABA,2024,44,1.0,2024-S44
REGIONAL::CUIABA,2024,45,2.0,2024-S45
REGIONAL::CUIABA,2024,46,1.0,2024-S46
REGIONAL::CUIABA,2024,47,3.0,2024-S47
REGIONAL::CUIABA,2024,48,0.0,2024-S48
REGIONAL::CUIABA,2024,49,3.0,2024-S49
REGIONAL::CUIABA,2024,50,1.0,2024-S50
REGIONAL::CUIABA,2024,51,1.0,2024-S51
REGIONAL::CUIABA,2024,52,0.0,2024-S52
REGIONAL::CUIABA,2025,1,2.0,2025-S01
REGIONAL::CUIABA,2025,2,0.0,2025-S02
REGIONAL::CUIABA,2025,3,0.0,2025-S03
REGIONAL::CUIABA,2025,4,0.0,2025-S04
REGIONAL::CUIABA,2025,5,0.0,2025-S05
REGIONAL::CUIABA,2025,6,1.0,2025-S06
REGIONAL::CUIABA,2025,7,2.0,2025-S07
REGIONAL::CUIABA,2025,8,0.0,2025-S08
REGIONAL::CUIABA,2025,9,3.0,2025-S09
REGIONAL::CUIABA,2025,10,2.0,2025-S10
REGIONAL::CUIABA,2025,11,0.0,2025-S11
REGIONAL::CUIABA,2025,12,5.0,2025-S12
REGIONAL::CUIABA,2025,13,1.0,2025-S13
REGIONAL::CUIABA,2025,14,1.0,2025-S14
REGIONAL::CUIABA,2025,15,1.0,2025-S15
REGIONAL::CUIABA,2025,16,0.0,2025-S16
REGIONAL::CUIABA,2025,17,2.0,2025-S17
REGIONAL::CUIABA,2025,18,0.0,2025-S18
REGIONAL::CUIABA,2025,19,1.0,2025-S19
REGIONAL::CUIABA,2025,20,3.0,2025-S20
REGIONAL::CUIABA,2025,21,1.0,2025-S21
REGIONAL::CUIABA,2025,22,3.0,2025-S22
REGIONAL::CUIABA,2025,23,3.0,2025-S23
REGIONAL::CUIABA,2025,24,1.0,2025-S24
REGIONAL::CUIABA,2025,25,5.0,2025-S25
REGIONAL::CUIABA,2025,26,4.0,2025-S26
REGIONAL::CUIABA,2025,27,5.0,2025-S27
REGIONAL::CUIABA,2025,28,2.0,2025-S28
REGIONAL::CUIABA,2025,29,7.0,2025-S29
REGIONAL::CUIABA,2025,30,2.0,2025-S30
REGIONAL::CUIABA,2025,31,1.0,2025-S31
REGIONAL::CUIABA,2025,32,4.0,2025-S32
REGIONAL::CUIABA,2025,33,1.0,2025-S33
REGIONAL::CUIABA,2025,34,1.0,2025-S34
REGIONAL::CUIABA,2025,35,2.0,2025-S35
REGIONAL::CUIABA,2025,36,3.0,2025-S36
REGIONAL::CUIABA,2025,37,1.0,2025-S37
REGIONAL::CUIABA,2025,38,8.0,2025-S38
REGIONAL::CUIABA,2025,39,0.0,2025-S39
REGIONAL::CUIABA,2025,40,2.0,2025-S40
REGIONAL::CUIABA,2025,41,4.0,2025-S41
REGIONAL::CUIABA,2025,42,1.0,2025-S42
REGIONAL::CUIABA,2025,43,3.0,2025-S43
REGIONAL::CUIABA,2025,44,2.0,2025-S44
REGIONAL::CUIABA,2025,45,4.0,2025-S45
REGIONAL::CUIABA,2025,46,2.0,2025-S46
REGIONAL::CUIABA,2025,47,2.0,2025-S47
REGIONAL::CUIABA,2025,48,2.0,2025-S48
REGIONAL::CUIABA,2025,49,2.0,2025-S49
REGIONAL::CUIABA,2025,50,2.0,2025-S50
REGIONAL::CUIABA,2025,51,1.0,2025-S51
REGIONAL::CUIABA,2025,52,2.0,2025-S52
REGIONAL::CUIABA,2026,1,0.0,2026-S01
REGIONAL::CUIABA,2026,2,3.0,2026-S02
REGIONAL::CUIABA,2026,3,1.0,2026-S03
REGIONAL::CUIABA,2026,4,2.0,2026-S04
REGIONAL::CUIABA,2026,5,2.0,2026-S05
REGIONAL::CUIABA,2026,6,2.0,2026-S06
REGIONAL::CUIABA,2026,7,3.0,2026-S07
REGIONAL::CUIABA,2026,8,0.0,2026-S08
REGIONAL::CUIABA,2026,9,2.0,2026-S09
REGIONAL::CUIABA,2026,10,4.0,2026-S10
REGIONAL::CUIABA,2026,11,3.0,2026-S11
REGIONAL::CUIABA,2026,12,1.0,2026-S12
REGIONAL::CUIABA,2026,13,4.0,2026-S13
REGIONAL::CUIABA,2026,14,1.0,2026-S14
REGIONAL::CUIABA,2026,15,1.0,2026-S15
REGIONAL::CUIABA,2026,16,1.0,2026-S16
REGIONAL::CUIABA,2026,17,2.0,2026-S17
REGIONAL::CUIABA,2026,18,6.0,2026-S18
REGIONAL::CUIABA,2026,19,5.0,2026-S19
REGIONAL::CUIABA,2026,20,1.0,2026-S20
REGIONAL::CUIABA,2026,21,3.0,2026-S21
REGIONAL::CUIABA,2026,22,1.0,2026-S22
REGIONAL::CUIABA,2026,23,3.0,2026-S23
REGIONAL::CUIABA,2026,24,4.0,2026-S24
REGIONAL::CUIABA,2026,25,0.0,2026-S25
REGIONAL::CUIABA,2026,26,1.0,2026-S26
REGIONAL::CUIABA,2026,27,0.0,2026-S27
REGIONAL::CUIABA,2026,28,0.0,2026-S28
REGIONAL::CUIABA,2026,29,0.0,2026-S29
REGIONAL::CUIABA,2026,30,0.0,2026-S30
REGIONAL::CUIABA,2026,31,0.0,2026-S31
REGIONAL::DIAMANTINO,2007,2,1.0,2007-S02
REGIONAL::DIAMANTINO,2007,3,0.0,2007-S03
REGIONAL::DIAMANTINO,2007,4,0.0,2007-S04
REGIONAL::DIAMANTINO,2007,5,0.0,2007-S05
REGIONAL::DIAMANTINO,2007,6,0.0,2007-S06
REGIONAL::DIAMANTINO,2007,7,0.0,2007-S07
REGIONAL::DIAMANTINO,2007,8,0.0,2007-S08
REGIONAL::DIAMANTINO,2007,9,0.0,2007-S09
REGIONAL::DIAMANTINO,2007,10,0.0,2007-S10
REGIONAL::DIAMANTINO,2007,11,0.0,2007-S11
REGIONAL::DIAMANTINO,2007,12,0.0,2007-S12
REGIONAL::DIAMANTINO,2007,13,0.0,2007-S13
REGIONAL::DIAMANTINO,2007,14,2.0,2007-S14
REGIONAL::DIAMANTINO,2007,15,0.0,2007-S15
REGIONAL::DIAMANTINO,2007,16,0.0,2007-S16
REGIONAL::DIAMANTINO,2007,17,0.0,2007-S17
REGIONAL::DIAMANTINO,2007,18,0.0,2007-S18
REGIONAL::DIAMANTINO,2007,19,0.0,2007-S19
REGIONAL::DIAMANTINO,2007,20,0.0,2007-S20
REGIONAL::DIAMANTINO,2007,21,0.0,2007-S21
REGIONAL::DIAMANTINO,2007,22,1.0,2007-S22
REGIONAL::DIAMANTINO,2007,23,0.0,2007-S23
REGIONAL::DIAMANTINO,2007,24,0.0,2007-S24
REGIONAL::DIAMANTINO,2007,25,1.0,2007-S25
REGIONAL::DIAMANTINO,2007,26,0.0,2007-S26
REGIONAL::DIAMANTINO,2007,27,0.0,2007-S27
REGIONAL::DIAMANTINO,2007,28,0.0,2007-S28
REGIONAL::DIAMANTINO,2007,29,0.0,2007-S29
REGIONAL::DIAMANTINO,2007,30,0.0,2007-S30
REGIONAL::DIAMANTINO,2007,31,0.0,2007-S31
REGIONAL::DIAMANTINO,2007,32,0.0,2007-S32
REGIONAL::DIAMANTINO,2007,33,0.0,2007-S33
REGIONAL::DIAMANTINO,2007,34,0.0,2007-S34
REGIONAL::DIAMANTINO,2007,35,0.0,2007-S35
REGIONAL::DIAMANTINO,2007,36,0.0,2007-S36
REGIONAL::DIAMANTINO,2007,37,0.0,2007-S37
REGIONAL::DIAMANTINO,2007,38,1.0,2007-S38
REGIONAL::DIAMANTINO,2007,39,0.0,2007-S39
REGIONAL::DIAMANTINO,2007,40,0.0,2007-S40
REGIONAL::DIAMANTINO,2007,41,0.0,2007-S41
REGIONAL::DIAMANTINO,2007,42,0.0,2007-S42
REGIONAL::DIAMANTINO,2007,43,1.0,2007-S43
REGIONAL::DIAMANTINO,2007,44,0.0,2007-S44
REGIONAL::DIAMANTINO,2007,45,0.0,2007-S45
REGIONAL::DIAMANTINO,2007,46,1.0,2007-S46
REGIONAL::DIAMANTINO,2007,47,0.0,2007-S47
REGIONAL::DIAMANTINO,2007,48,0.0,2007-S48
REGIONAL::DIAMANTINO,2007,49,0.0,2007-S49
REGIONAL::DIAMANTINO,2007,50,0.0,2007-S50
REGIONAL::DIAMANTINO,2007,51,2.0,2007-S51
REGIONAL::DIAMANTINO,2007,52,0.0,2007-S52
REGIONAL::DIAMANTINO,2008,1,0.0,2008-S01
REGIONAL::DIAMANTINO,2008,2,1.0,2008-S02
REGIONAL::DIAMANTINO,2008,3,0.0,2008-S03
REGIONAL::DIAMANTINO,2008,4,0.0,2008-S04
REGIONAL::DIAMANTINO,2008,5,0.0,2008-S05
REGIONAL::DIAMANTINO,2008,6,0.0,2008-S06
REGIONAL::DIAMANTINO,2008,7,0.0,2008-S07
REGIONAL::DIAMANTINO,2008,8,1.0,2008-S08
REGIONAL::DIAMANTINO,2008,9,0.0,2008-S09
REGIONAL::DIAMANTINO,2008,10,1.0,2008-S10
REGIONAL::DIAMANTINO,2008,11,0.0,2008-S11
REGIONAL::DIAMANTINO,2008,12,0.0,2008-S12
REGIONAL::DIAMANTINO,2008,13,0.0,2008-S13
REGIONAL::DIAMANTINO,2008,14,0.0,2008-S14
REGIONAL::DIAMANTINO,2008,15,0.0,2008-S15
REGIONAL::DIAMANTINO,2008,16,0.0,2008-S16
REGIONAL::DIAMANTINO,2008,17,1.0,2008-S17
REGIONAL::DIAMANTINO,2008,18,0.0,2008-S18
REGIONAL::DIAMANTINO,2008,19,1.0,2008-S19
REGIONAL::DIAMANTINO,2008,20,0.0,2008-S20
REGIONAL::DIAMANTINO,2008,21,1.0,2008-S21
REGIONAL::DIAMANTINO,2008,22,0.0,2008-S22
REGIONAL::DIAMANTINO,2008,23,0.0,2008-S23
REGIONAL::DIAMANTINO,2008,24,0.0,2008-S24
REGIONAL::DIAMANTINO,2008,25,0.0,2008-S25
REGIONAL::DIAMANTINO,2008,26,2.0,2008-S26
REGIONAL::DIAMANTINO,2008,27,1.0,2008-S27
REGIONAL::DIAMANTINO,2008,28,1.0,2008-S28
REGIONAL::DIAMANTINO,2008,29,2.0,2008-S29
REGIONAL::DIAMANTINO,2008,30,0.0,2008-S30
REGIONAL::DIAMANTINO,2008,31,0.0,2008-S31
REGIONAL::DIAMANTINO,2008,32,0.0,2008-S32
REGIONAL::DIAMANTINO,2008,33,0.0,2008-S33
REGIONAL::DIAMANTINO,2008,34,0.0,2008-S34
REGIONAL::DIAMANTINO,2008,35,0.0,2008-S35
REGIONAL::DIAMANTINO,2008,36,0.0,2008-S36
REGIONAL::DIAMANTINO,2008,37,0.0,2008-S37
REGIONAL::DIAMANTINO,2008,38,0.0,2008-S38
REGIONAL::DIAMANTINO,2008,39,2.0,2008-S39
REGIONAL::DIAMANTINO,2008,40,0.0,2008-S40
REGIONAL::DIAMANTINO,2008,41,0.0,2008-S41
REGIONAL::DIAMANTINO,2008,42,1.0,2008-S42
REGIONAL::DIAMANTINO,2008,43,0.0,2008-S43
REGIONAL::DIAMANTINO,2008,44,0.0,2008-S44
REGIONAL::DIAMANTINO,2008,45,0.0,2008-S45
REGIONAL::DIAMANTINO,2008,46,1.0,2008-S46
REGIONAL::DIAMANTINO,2008,47,0.0,2008-S47
REGIONAL::DIAMANTINO,2008,48,0.0,2008-S48
REGIONAL::DIAMANTINO,2008,49,0.0,2008-S49
REGIONAL::DIAMANTINO,2008,50,0.0,2008-S50
REGIONAL::DIAMANTINO,2008,51,0.0,2008-S51
REGIONAL::DIAMANTINO,2008,52,0.0,2008-S52
REGIONAL::DIAMANTINO,2009,1,0.0,2009-S01
REGIONAL::DIAMANTINO,2009,2,0.0,2009-S02
REGIONAL::DIAMANTINO,2009,3,1.0,2009-S03
REGIONAL::DIAMANTINO,2009,4,0.0,2009-S04
REGIONAL::DIAMANTINO,2009,5,0.0,2009-S05
REGIONAL::DIAMANTINO,2009,6,0.0,2009-S06
REGIONAL::DIAMANTINO,2009,7,0.0,2009-S07
REGIONAL::DIAMANTINO,2009,8,0.0,2009-S08
REGIONAL::DIAMANTINO,2009,9,0.0,2009-S09
REGIONAL::DIAMANTINO,2009,10,0.0,2009-S10
REGIONAL::DIAMANTINO,2009,11,0.0,2009-S11
REGIONAL::DIAMANTINO,2009,12,0.0,2009-S12
REGIONAL::DIAMANTINO,2009,13,0.0,2009-S13
REGIONAL::DIAMANTINO,2009,14,0.0,2009-S14
REGIONAL::DIAMANTINO,2009,15,0.0,2009-S15
REGIONAL::DIAMANTINO,2009,16,1.0,2009-S16
REGIONAL::DIAMANTINO,2009,17,0.0,2009-S17
REGIONAL::DIAMANTINO,2009,18,0.0,2009-S18
REGIONAL::DIAMANTINO,2009,19,0.0,2009-S19
REGIONAL::DIAMANTINO,2009,20,0.0,2009-S20
REGIONAL::DIAMANTINO,2009,21,1.0,2009-S21
REGIONAL::DIAMANTINO,2009,22,0.0,2009-S22
REGIONAL::DIAMANTINO,2009,23,0.0,2009-S23
REGIONAL::DIAMANTINO,2009,24,0.0,2009-S24
REGIONAL::DIAMANTINO,2009,25,0.0,2009-S25
REGIONAL::DIAMANTINO,2009,26,0.0,2009-S26
REGIONAL::DIAMANTINO,2009,27,0.0,2009-S27
REGIONAL::DIAMANTINO,2009,28,0.0,2009-S28
REGIONAL::DIAMANTINO,2009,29,0.0,2009-S29
REGIONAL::DIAMANTINO,2009,30,0.0,2009-S30
REGIONAL::DIAMANTINO,2009,31,0.0,2009-S31
REGIONAL::DIAMANTINO,2009,32,1.0,2009-S32
REGIONAL::DIAMANTINO,2009,33,0.0,2009-S33
REGIONAL::DIAMANTINO,2009,34,0.0,2009-S34
REGIONAL::DIAMANTINO,2009,35,0.0,2009-S35
REGIONAL::DIAMANTINO,2009,36,0.0,2009-S36
REGIONAL::DIAMANTINO,2009,37,1.0,2009-S37
REGIONAL::DIAMANTINO,2009,38,0.0,2009-S38
REGIONAL::DIAMANTINO,2009,39,0.0,2009-S39
REGIONAL::DIAMANTINO,2009,40,1.0,2009-S40
REGIONAL::DIAMANTINO,2009,41,0.0,2009-S41
REGIONAL::DIAMANTINO,2009,42,0.0,2009-S42
REGIONAL::DIAMANTINO,2009,43,0.0,2009-S43
REGIONAL::DIAMANTINO,2009,44,0.0,2009-S44
REGIONAL::DIAMANTINO,2009,45,0.0,2009-S45
REGIONAL::DIAMANTINO,2009,46,0.0,2009-S46
REGIONAL::DIAMANTINO,2009,47,0.0,2009-S47
REGIONAL::DIAMANTINO,2009,48,0.0,2009-S48
REGIONAL::DIAMANTINO,2009,49,0.0,2009-S49
REGIONAL::DIAMANTINO,2009,50,0.0,2009-S50
REGIONAL::DIAMANTINO,2009,51,0.0,2009-S51
REGIONAL::DIAMANTINO,2009,52,0.0,2009-S52
REGIONAL::DIAMANTINO,2010,1,0.0,2010-S01
REGIONAL::DIAMANTINO,2010,2,0.0,2010-S02
REGIONAL::DIAMANTINO,2010,3,0.0,2010-S03
REGIONAL::DIAMANTINO,2010,4,0.0,2010-S04
REGIONAL::DIAMANTINO,2010,5,0.0,2010-S05
REGIONAL::DIAMANTINO,2010,6,0.0,2010-S06
REGIONAL::DIAMANTINO,2010,7,0.0,2010-S07
REGIONAL::DIAMANTINO,2010,8,0.0,2010-S08
REGIONAL::DIAMANTINO,2010,9,0.0,2010-S09
REGIONAL::DIAMANTINO,2010,10,0.0,2010-S10
REGIONAL::DIAMANTINO,2010,11,0.0,2010-S11
REGIONAL::DIAMANTINO,2010,12,0.0,2010-S12
REGIONAL::DIAMANTINO,2010,13,0.0,2010-S13
REGIONAL::DIAMANTINO,2010,14,0.0,2010-S14
REGIONAL::DIAMANTINO,2010,15,0.0,2010-S15
REGIONAL::DIAMANTINO,2010,16,0.0,2010-S16
REGIONAL::DIAMANTINO,2010,17,0.0,2010-S17
REGIONAL::DIAMANTINO,2010,18,1.0,2010-S18
REGIONAL::DIAMANTINO,2010,19,0.0,2010-S19
REGIONAL::DIAMANTINO,2010,20,0.0,2010-S20
REGIONAL::DIAMANTINO,2010,21,0.0,2010-S21
REGIONAL::DIAMANTINO,2010,22,0.0,2010-S22
REGIONAL::DIAMANTINO,2010,23,0.0,2010-S23
REGIONAL::DIAMANTINO,2010,24,0.0,2010-S24
REGIONAL::DIAMANTINO,2010,25,0.0,2010-S25
REGIONAL::DIAMANTINO,2010,26,0.0,2010-S26
REGIONAL::DIAMANTINO,2010,27,0.0,2010-S27
REGIONAL::DIAMANTINO,2010,28,1.0,2010-S28
REGIONAL::DIAMANTINO,2010,29,0.0,2010-S29
REGIONAL::DIAMANTINO,2010,30,0.0,2010-S30
REGIONAL::DIAMANTINO,2010,31,0.0,2010-S31
REGIONAL::DIAMANTINO,2010,32,0.0,2010-S32
REGIONAL::DIAMANTINO,2010,33,0.0,2010-S33
REGIONAL::DIAMANTINO,2010,34,0.0,2010-S34
REGIONAL::DIAMANTINO,2010,35,0.0,2010-S35
REGIONAL::DIAMANTINO,2010,36,0.0,2010-S36
REGIONAL::DIAMANTINO,2010,37,0.0,2010-S37
REGIONAL::DIAMANTINO,2010,38,0.0,2010-S38
REGIONAL::DIAMANTINO,2010,39,0.0,2010-S39
REGIONAL::DIAMANTINO,2010,40,0.0,2010-S40
REGIONAL::DIAMANTINO,2010,41,0.0,2010-S41
REGIONAL::DIAMANTINO,2010,42,0.0,2010-S42
REGIONAL::DIAMANTINO,2010,43,0.0,2010-S43
REGIONAL::DIAMANTINO,2010,44,0.0,2010-S44
REGIONAL::DIAMANTINO,2010,45,0.0,2010-S45
REGIONAL::DIAMANTINO,2010,46,0.0,2010-S46
REGIONAL::DIAMANTINO,2010,47,0.0,2010-S47
REGIONAL::DIAMANTINO,2010,48,0.0,2010-S48
REGIONAL::DIAMANTINO,2010,49,0.0,2010-S49
REGIONAL::DIAMANTINO,2010,50,1.0,2010-S50
REGIONAL::DIAMANTINO,2010,51,0.0,2010-S51
REGIONAL::DIAMANTINO,2010,52,0.0,2010-S52
REGIONAL::DIAMANTINO,2011,1,0.0,2011-S01
REGIONAL::DIAMANTINO,2011,2,0.0,2011-S02
REGIONAL::DIAMANTINO,2011,3,0.0,2011-S03
REGIONAL::DIAMANTINO,2011,4,0.0,2011-S04
REGIONAL::DIAMANTINO,2011,5,0.0,2011-S05
REGIONAL::DIAMANTINO,2011,6,0.0,2011-S06
REGIONAL::DIAMANTINO,2011,7,0.0,2011-S07
REGIONAL::DIAMANTINO,2011,8,0.0,2011-S08
REGIONAL::DIAMANTINO,2011,9,0.0,2011-S09
REGIONAL::DIAMANTINO,2011,10,0.0,2011-S10
REGIONAL::DIAMANTINO,2011,11,0.0,2011-S11
REGIONAL::DIAMANTINO,2011,12,1.0,2011-S12
REGIONAL::DIAMANTINO,2011,13,0.0,2011-S13
REGIONAL::DIAMANTINO,2011,14,0.0,2011-S14
REGIONAL::DIAMANTINO,2011,15,0.0,2011-S15
REGIONAL::DIAMANTINO,2011,16,1.0,2011-S16
REGIONAL::DIAMANTINO,2011,17,0.0,2011-S17
REGIONAL::DIAMANTINO,2011,18,0.0,2011-S18
REGIONAL::DIAMANTINO,2011,19,0.0,2011-S19
REGIONAL::DIAMANTINO,2011,20,0.0,2011-S20
REGIONAL::DIAMANTINO,2011,21,0.0,2011-S21
REGIONAL::DIAMANTINO,2011,22,0.0,2011-S22
REGIONAL::DIAMANTINO,2011,23,0.0,2011-S23
REGIONAL::DIAMANTINO,2011,24,0.0,2011-S24
REGIONAL::DIAMANTINO,2011,25,0.0,2011-S25
REGIONAL::DIAMANTINO,2011,26,0.0,2011-S26
REGIONAL::DIAMANTINO,2011,27,0.0,2011-S27
REGIONAL::DIAMANTINO,2011,28,0.0,2011-S28
REGIONAL::DIAMANTINO,2011,29,0.0,2011-S29
REGIONAL::DIAMANTINO,2011,30,0.0,2011-S30
REGIONAL::DIAMANTINO,2011,31,0.0,2011-S31
REGIONAL::DIAMANTINO,2011,32,0.0,2011-S32
REGIONAL::DIAMANTINO,2011,33,0.0,2011-S33
REGIONAL::DIAMANTINO,2011,34,0.0,2011-S34
REGIONAL::DIAMANTINO,2011,35,0.0,2011-S35
REGIONAL::DIAMANTINO,2011,36,0.0,2011-S36
REGIONAL::DIAMANTINO,2011,37,0.0,2011-S37
REGIONAL::DIAMANTINO,2011,38,0.0,2011-S38
REGIONAL::DIAMANTINO,2011,39,0.0,2011-S39
REGIONAL::DIAMANTINO,2011,40,1.0,2011-S40
REGIONAL::DIAMANTINO,2011,41,0.0,2011-S41
REGIONAL::DIAMANTINO,2011,42,0.0,2011-S42
REGIONAL::DIAMANTINO,2011,43,1.0,2011-S43
REGIONAL::DIAMANTINO,2011,44,0.0,2011-S44
REGIONAL::DIAMANTINO,2011,45,0.0,2011-S45
REGIONAL::DIAMANTINO,2011,46,0.0,2011-S46
REGIONAL::DIAMANTINO,2011,47,1.0,2011-S47
REGIONAL::DIAMANTINO,2011,48,0.0,2011-S48
REGIONAL::DIAMANTINO,2011,49,0.0,2011-S49
REGIONAL::DIAMANTINO,2011,50,0.0,2011-S50
REGIONAL::DIAMANTINO,2011,51,0.0,2011-S51
REGIONAL::DIAMANTINO,2011,52,0.0,2011-S52
REGIONAL::DIAMANTINO,2012,1,0.0,2012-S01
REGIONAL::DIAMANTINO,2012,2,1.0,2012-S02
REGIONAL::DIAMANTINO,2012,3,1.0,2012-S03
REGIONAL::DIAMANTINO,2012,4,0.0,2012-S04
REGIONAL::DIAMANTINO,2012,5,0.0,2012-S05
REGIONAL::DIAMANTINO,2012,6,0.0,2012-S06
REGIONAL::DIAMANTINO,2012,7,0.0,2012-S07
REGIONAL::DIAMANTINO,2012,8,0.0,2012-S08
REGIONAL::DIAMANTINO,2012,9,0.0,2012-S09
REGIONAL::DIAMANTINO,2012,10,0.0,2012-S10
REGIONAL::DIAMANTINO,2012,11,0.0,2012-S11
REGIONAL::DIAMANTINO,2012,12,0.0,2012-S12
REGIONAL::DIAMANTINO,2012,13,0.0,2012-S13
REGIONAL::DIAMANTINO,2012,14,0.0,2012-S14
REGIONAL::DIAMANTINO,2012,15,0.0,2012-S15
REGIONAL::DIAMANTINO,2012,16,0.0,2012-S16
REGIONAL::DIAMANTINO,2012,17,0.0,2012-S17
REGIONAL::DIAMANTINO,2012,18,1.0,2012-S18
REGIONAL::DIAMANTINO,2012,19,0.0,2012-S19
REGIONAL::DIAMANTINO,2012,20,0.0,2012-S20
REGIONAL::DIAMANTINO,2012,21,0.0,2012-S21
REGIONAL::DIAMANTINO,2012,22,1.0,2012-S22
REGIONAL::DIAMANTINO,2012,23,0.0,2012-S23
REGIONAL::DIAMANTINO,2012,24,0.0,2012-S24
REGIONAL::DIAMANTINO,2012,25,0.0,2012-S25
REGIONAL::DIAMANTINO,2012,26,0.0,2012-S26
REGIONAL::DIAMANTINO,2012,27,0.0,2012-S27
REGIONAL::DIAMANTINO,2012,28,0.0,2012-S28
REGIONAL::DIAMANTINO,2012,29,0.0,2012-S29
REGIONAL::DIAMANTINO,2012,30,0.0,2012-S30
REGIONAL::DIAMANTINO,2012,31,0.0,2012-S31
REGIONAL::DIAMANTINO,2012,32,0.0,2012-S32
REGIONAL::DIAMANTINO,2012,33,0.0,2012-S33
REGIONAL::DIAMANTINO,2012,34,0.0,2012-S34
REGIONAL::DIAMANTINO,2012,35,0.0,2012-S35
REGIONAL::DIAMANTINO,2012,36,0.0,2012-S36
REGIONAL::DIAMANTINO,2012,37,0.0,2012-S37
REGIONAL::DIAMANTINO,2012,38,0.0,2012-S38
REGIONAL::DIAMANTINO,2012,39,0.0,2012-S39
REGIONAL::DIAMANTINO,2012,40,0.0,2012-S40
REGIONAL::DIAMANTINO,2012,41,0.0,2012-S41
REGIONAL::DIAMANTINO,2012,42,0.0,2012-S42
REGIONAL::DIAMANTINO,2012,43,0.0,2012-S43
REGIONAL::DIAMANTINO,2012,44,0.0,2012-S44
REGIONAL::DIAMANTINO,2012,45,0.0,2012-S45
REGIONAL::DIAMANTINO,2012,46,0.0,2012-S46
REGIONAL::DIAMANTINO,2012,47,0.0,2012-S47
REGIONAL::DIAMANTINO,2012,48,0.0,2012-S48
REGIONAL::DIAMANTINO,2012,49,0.0,2012-S49
REGIONAL::DIAMANTINO,2012,50,0.0,2012-S50
REGIONAL::DIAMANTINO,2012,51,0.0,2012-S51
REGIONAL::DIAMANTINO,2012,52,0.0,2012-S52
REGIONAL::DIAMANTINO,2013,1,0.0,2013-S01
REGIONAL::DIAMANTINO,2013,2,0.0,2013-S02
REGIONAL::DIAMANTINO,2013,3,1.0,2013-S03
REGIONAL::DIAMANTINO,2013,4,0.0,2013-S04
REGIONAL::DIAMANTINO,2013,5,0.0,2013-S05
REGIONAL::DIAMANTINO,2013,6,0.0,2013-S06
REGIONAL::DIAMANTINO,2013,7,0.0,2013-S07
REGIONAL::DIAMANTINO,2013,8,0.0,2013-S08
REGIONAL::DIAMANTINO,2013,9,0.0,2013-S09
REGIONAL::DIAMANTINO,2013,10,0.0,2013-S10
REGIONAL::DIAMANTINO,2013,11,0.0,2013-S11
REGIONAL::DIAMANTINO,2013,12,0.0,2013-S12
REGIONAL::DIAMANTINO,2013,13,0.0,2013-S13
REGIONAL::DIAMANTINO,2013,14,0.0,2013-S14
REGIONAL::DIAMANTINO,2013,15,0.0,2013-S15
REGIONAL::DIAMANTINO,2013,16,1.0,2013-S16
REGIONAL::DIAMANTINO,2013,17,0.0,2013-S17
REGIONAL::DIAMANTINO,2013,18,0.0,2013-S18
REGIONAL::DIAMANTINO,2013,19,0.0,2013-S19
REGIONAL::DIAMANTINO,2013,20,0.0,2013-S20
REGIONAL::DIAMANTINO,2013,21,0.0,2013-S21
REGIONAL::DIAMANTINO,2013,22,0.0,2013-S22
REGIONAL::DIAMANTINO,2013,23,0.0,2013-S23
REGIONAL::DIAMANTINO,2013,24,0.0,2013-S24
REGIONAL::DIAMANTINO,2013,25,0.0,2013-S25
REGIONAL::DIAMANTINO,2013,26,0.0,2013-S26
REGIONAL::DIAMANTINO,2013,27,0.0,2013-S27
REGIONAL::DIAMANTINO,2013,28,0.0,2013-S28
REGIONAL::DIAMANTINO,2013,29,0.0,2013-S29
REGIONAL::DIAMANTINO,2013,30,0.0,2013-S30
REGIONAL::DIAMANTINO,2013,31,0.0,2013-S31
REGIONAL::DIAMANTINO,2013,32,0.0,2013-S32
REGIONAL::DIAMANTINO,2013,33,0.0,2013-S33
REGIONAL::DIAMANTINO,2013,34,0.0,2013-S34
REGIONAL::DIAMANTINO,2013,35,0.0,2013-S35
REGIONAL::DIAMANTINO,2013,36,0.0,2013-S36
REGIONAL::DIAMANTINO,2013,37,0.0,2013-S37
REGIONAL::DIAMANTINO,2013,38,0.0,2013-S38
REGIONAL::DIAMANTINO,2013,39,0.0,2013-S39
REGIONAL::DIAMANTINO,2013,40,0.0,2013-S40
REGIONAL::DIAMANTINO,2013,41,0.0,2013-S41
REGIONAL::DIAMANTINO,2013,42,0.0,2013-S42
REGIONAL::DIAMANTINO,2013,43,0.0,2013-S43
REGIONAL::DIAMANTINO,2013,44,0.0,2013-S44
REGIONAL::DIAMANTINO,2013,45,0.0,2013-S45
REGIONAL::DIAMANTINO,2013,46,0.0,2013-S46
REGIONAL::DIAMANTINO,2013,47,0.0,2013-S47
REGIONAL::DIAMANTINO,2013,48,0.0,2013-S48
REGIONAL::DIAMANTINO,2013,49,0.0,2013-S49
REGIONAL::DIAMANTINO,2013,50,0.0,2013-S50
REGIONAL::DIAMANTINO,2013,51,0.0,2013-S51
REGIONAL::DIAMANTINO,2013,52,0.0,2013-S52
REGIONAL::DIAMANTINO,2014,1,1.0,2014-S01
REGIONAL::DIAMANTINO,2014,2,0.0,2014-S02
REGIONAL::DIAMANTINO,2014,3,0.0,2014-S03
REGIONAL::DIAMANTINO,2014,4,0.0,2014-S04
REGIONAL::DIAMANTINO,2014,5,0.0,2014-S05
REGIONAL::DIAMANTINO,2014,6,0.0,2014-S06
REGIONAL::DIAMANTINO,2014,7,0.0,2014-S07
REGIONAL::DIAMANTINO,2014,8,0.0,2014-S08
REGIONAL::DIAMANTINO,2014,9,0.0,2014-S09
REGIONAL::DIAMANTINO,2014,10,0.0,2014-S10
REGIONAL::DIAMANTINO,2014,11,0.0,2014-S11
REGIONAL::DIAMANTINO,2014,12,0.0,2014-S12
REGIONAL::DIAMANTINO,2014,13,0.0,2014-S13
REGIONAL::DIAMANTINO,2014,14,0.0,2014-S14
REGIONAL::DIAMANTINO,2014,15,0.0,2014-S15
REGIONAL::DIAMANTINO,2014,16,0.0,2014-S16
REGIONAL::DIAMANTINO,2014,17,0.0,2014-S17
REGIONAL::DIAMANTINO,2014,18,0.0,2014-S18
REGIONAL::DIAMANTINO,2014,19,0.0,2014-S19
REGIONAL::DIAMANTINO,2014,20,0.0,2014-S20
REGIONAL::DIAMANTINO,2014,21,0.0,2014-S21
REGIONAL::DIAMANTINO,2014,22,0.0,2014-S22
REGIONAL::DIAMANTINO,2014,23,0.0,2014-S23
REGIONAL::DIAMANTINO,2014,24,0.0,2014-S24
REGIONAL::DIAMANTINO,2014,25,0.0,2014-S25
REGIONAL::DIAMANTINO,2014,26,0.0,2014-S26
REGIONAL::DIAMANTINO,2014,27,0.0,2014-S27
REGIONAL::DIAMANTINO,2014,28,0.0,2014-S28
REGIONAL::DIAMANTINO,2014,29,0.0,2014-S29
REGIONAL::DIAMANTINO,2014,30,0.0,2014-S30
REGIONAL::DIAMANTINO,2014,31,0.0,2014-S31
REGIONAL::DIAMANTINO,2014,32,0.0,2014-S32
REGIONAL::DIAMANTINO,2014,33,0.0,2014-S33
REGIONAL::DIAMANTINO,2014,34,0.0,2014-S34
REGIONAL::DIAMANTINO,2014,35,0.0,2014-S35
REGIONAL::DIAMANTINO,2014,36,0.0,2014-S36
REGIONAL::DIAMANTINO,2014,37,0.0,2014-S37
REGIONAL::DIAMANTINO,2014,38,0.0,2014-S38
REGIONAL::DIAMANTINO,2014,39,0.0,2014-S39
REGIONAL::DIAMANTINO,2014,40,0.0,2014-S40
REGIONAL::DIAMANTINO,2014,41,0.0,2014-S41
REGIONAL::DIAMANTINO,2014,42,0.0,2014-S42
REGIONAL::DIAMANTINO,2014,43,0.0,2014-S43
REGIONAL::DIAMANTINO,2014,44,0.0,2014-S44
REGIONAL::DIAMANTINO,2014,45,0.0,2014-S45
REGIONAL::DIAMANTINO,2014,46,0.0,2014-S46
REGIONAL::DIAMANTINO,2014,47,0.0,2014-S47
REGIONAL::DIAMANTINO,2014,48,0.0,2014-S48
REGIONAL::DIAMANTINO,2014,49,0.0,2014-S49
REGIONAL::DIAMANTINO,2014,50,1.0,2014-S50
REGIONAL::DIAMANTINO,2014,51,0.0,2014-S51
REGIONAL::DIAMANTINO,2014,52,1.0,2014-S52
REGIONAL::DIAMANTINO,2015,1,0.0,2015-S01
REGIONAL::DIAMANTINO,2015,2,0.0,2015-S02
REGIONAL::DIAMANTINO,2015,3,0.0,2015-S03
REGIONAL::DIAMANTINO,2015,4,0.0,2015-S04
REGIONAL::DIAMANTINO,2015,5,1.0,2015-S05
REGIONAL::DIAMANTINO,2015,6,1.0,2015-S06
REGIONAL::DIAMANTINO,2015,7,0.0,2015-S07
REGIONAL::DIAMANTINO,2015,8,0.0,2015-S08
REGIONAL::DIAMANTINO,2015,9,0.0,2015-S09
REGIONAL::DIAMANTINO,2015,10,0.0,2015-S10
REGIONAL::DIAMANTINO,2015,11,0.0,2015-S11
REGIONAL::DIAMANTINO,2015,12,1.0,2015-S12
REGIONAL::DIAMANTINO,2015,13,0.0,2015-S13
REGIONAL::DIAMANTINO,2015,14,1.0,2015-S14
REGIONAL::DIAMANTINO,2015,15,0.0,2015-S15
REGIONAL::DIAMANTINO,2015,16,0.0,2015-S16
REGIONAL::DIAMANTINO,2015,17,0.0,2015-S17
REGIONAL::DIAMANTINO,2015,18,0.0,2015-S18
REGIONAL::DIAMANTINO,2015,19,0.0,2015-S19
REGIONAL::DIAMANTINO,2015,20,0.0,2015-S20
REGIONAL::DIAMANTINO,2015,21,0.0,2015-S21
REGIONAL::DIAMANTINO,2015,22,0.0,2015-S22
REGIONAL::DIAMANTINO,2015,23,0.0,2015-S23
REGIONAL::DIAMANTINO,2015,24,0.0,2015-S24
REGIONAL::DIAMANTINO,2015,25,0.0,2015-S25
REGIONAL::DIAMANTINO,2015,26,0.0,2015-S26
REGIONAL::DIAMANTINO,2015,27,0.0,2015-S27
REGIONAL::DIAMANTINO,2015,28,0.0,2015-S28
REGIONAL::DIAMANTINO,2015,29,0.0,2015-S29
REGIONAL::DIAMANTINO,2015,30,0.0,2015-S30
REGIONAL::DIAMANTINO,2015,31,0.0,2015-S31
REGIONAL::DIAMANTINO,2015,32,0.0,2015-S32
REGIONAL::DIAMANTINO,2015,33,0.0,2015-S33
REGIONAL::DIAMANTINO,2015,34,0.0,2015-S34
REGIONAL::DIAMANTINO,2015,35,0.0,2015-S35
REGIONAL::DIAMANTINO,2015,36,0.0,2015-S36
REGIONAL::DIAMANTINO,2015,37,0.0,2015-S37
REGIONAL::DIAMANTINO,2015,38,0.0,2015-S38
REGIONAL::DIAMANTINO,2015,39,0.0,2015-S39
REGIONAL::DIAMANTINO,2015,40,0.0,2015-S40
REGIONAL::DIAMANTINO,2015,41,0.0,2015-S41
REGIONAL::DIAMANTINO,2015,42,0.0,2015-S42
REGIONAL::DIAMANTINO,2015,43,0.0,2015-S43
REGIONAL::DIAMANTINO,2015,44,0.0,2015-S44
REGIONAL::DIAMANTINO,2015,45,0.0,2015-S45
REGIONAL::DIAMANTINO,2015,46,0.0,2015-S46
REGIONAL::DIAMANTINO,2015,47,0.0,2015-S47
REGIONAL::DIAMANTINO,2015,48,0.0,2015-S48
REGIONAL::DIAMANTINO,2015,49,0.0,2015-S49
REGIONAL::DIAMANTINO,2015,50,0.0,2015-S50
REGIONAL::DIAMANTINO,2015,51,0.0,2015-S51
REGIONAL::DIAMANTINO,2015,52,0.0,2015-S52
REGIONAL::DIAMANTINO,2016,1,1.0,2016-S01
REGIONAL::DIAMANTINO,2016,2,0.0,2016-S02
REGIONAL::DIAMANTINO,2016,3,0.0,2016-S03
REGIONAL::DIAMANTINO,2016,4,0.0,2016-S04
REGIONAL::DIAMANTINO,2016,5,0.0,2016-S05
REGIONAL::DIAMANTINO,2016,6,0.0,2016-S06
REGIONAL::DIAMANTINO,2016,7,0.0,2016-S07
REGIONAL::DIAMANTINO,2016,8,0.0,2016-S08
REGIONAL::DIAMANTINO,2016,9,0.0,2016-S09
REGIONAL::DIAMANTINO,2016,10,0.0,2016-S10
REGIONAL::DIAMANTINO,2016,11,0.0,2016-S11
REGIONAL::DIAMANTINO,2016,12,0.0,2016-S12
REGIONAL::DIAMANTINO,2016,13,0.0,2016-S13
REGIONAL::DIAMANTINO,2016,14,0.0,2016-S14
REGIONAL::DIAMANTINO,2016,15,0.0,2016-S15
REGIONAL::DIAMANTINO,2016,16,0.0,2016-S16
REGIONAL::DIAMANTINO,2016,17,0.0,2016-S17
REGIONAL::DIAMANTINO,2016,18,0.0,2016-S18
REGIONAL::DIAMANTINO,2016,19,0.0,2016-S19
REGIONAL::DIAMANTINO,2016,20,0.0,2016-S20
REGIONAL::DIAMANTINO,2016,21,0.0,2016-S21
REGIONAL::DIAMANTINO,2016,22,0.0,2016-S22
REGIONAL::DIAMANTINO,2016,23,0.0,2016-S23
REGIONAL::DIAMANTINO,2016,24,0.0,2016-S24
REGIONAL::DIAMANTINO,2016,25,0.0,2016-S25
REGIONAL::DIAMANTINO,2016,26,0.0,2016-S26
REGIONAL::DIAMANTINO,2016,27,0.0,2016-S27
REGIONAL::DIAMANTINO,2016,28,0.0,2016-S28
REGIONAL::DIAMANTINO,2016,29,0.0,2016-S29
REGIONAL::DIAMANTINO,2016,30,0.0,2016-S30
REGIONAL::DIAMANTINO,2016,31,0.0,2016-S31
REGIONAL::DIAMANTINO,2016,32,0.0,2016-S32
REGIONAL::DIAMANTINO,2016,33,0.0,2016-S33
REGIONAL::DIAMANTINO,2016,34,0.0,2016-S34
REGIONAL::DIAMANTINO,2016,35,0.0,2016-S35
REGIONAL::DIAMANTINO,2016,36,0.0,2016-S36
REGIONAL::DIAMANTINO,2016,37,0.0,2016-S37
REGIONAL::DIAMANTINO,2016,38,0.0,2016-S38
REGIONAL::DIAMANTINO,2016,39,0.0,2016-S39
REGIONAL::DIAMANTINO,2016,40,0.0,2016-S40
REGIONAL::DIAMANTINO,2016,41,0.0,2016-S41
REGIONAL::DIAMANTINO,2016,42,0.0,2016-S42
REGIONAL::DIAMANTINO,2016,43,0.0,2016-S43
REGIONAL::DIAMANTINO,2016,44,0.0,2016-S44
REGIONAL::DIAMANTINO,2016,45,0.0,2016-S45
REGIONAL::DIAMANTINO,2016,46,0.0,2016-S46
REGIONAL::DIAMANTINO,2016,47,0.0,2016-S47
REGIONAL::DIAMANTINO,2016,48,0.0,2016-S48
REGIONAL::DIAMANTINO,2016,49,0.0,2016-S49
REGIONAL::DIAMANTINO,2016,50,0.0,2016-S50
REGIONAL::DIAMANTINO,2016,51,0.0,2016-S51
REGIONAL::DIAMANTINO,2016,52,0.0,2016-S52
REGIONAL::DIAMANTINO,2017,1,0.0,2017-S01
REGIONAL::DIAMANTINO,2017,2,0.0,2017-S02
REGIONAL::DIAMANTINO,2017,3,0.0,2017-S03
REGIONAL::DIAMANTINO,2017,4,0.0,2017-S04
REGIONAL::DIAMANTINO,2017,5,1.0,2017-S05
REGIONAL::DIAMANTINO,2017,6,0.0,2017-S06
REGIONAL::DIAMANTINO,2017,7,0.0,2017-S07
REGIONAL::DIAMANTINO,2017,8,0.0,2017-S08
REGIONAL::DIAMANTINO,2017,9,1.0,2017-S09
REGIONAL::DIAMANTINO,2017,10,0.0,2017-S10
REGIONAL::DIAMANTINO,2017,11,0.0,2017-S11
REGIONAL::DIAMANTINO,2017,12,0.0,2017-S12
REGIONAL::DIAMANTINO,2017,13,0.0,2017-S13
REGIONAL::DIAMANTINO,2017,14,0.0,2017-S14
REGIONAL::DIAMANTINO,2017,15,0.0,2017-S15
REGIONAL::DIAMANTINO,2017,16,0.0,2017-S16
REGIONAL::DIAMANTINO,2017,17,0.0,2017-S17
REGIONAL::DIAMANTINO,2017,18,0.0,2017-S18
REGIONAL::DIAMANTINO,2017,19,1.0,2017-S19
REGIONAL::DIAMANTINO,2017,20,0.0,2017-S20
REGIONAL::DIAMANTINO,2017,21,0.0,2017-S21
REGIONAL::DIAMANTINO,2017,22,1.0,2017-S22
REGIONAL::DIAMANTINO,2017,23,1.0,2017-S23
REGIONAL::DIAMANTINO,2017,24,0.0,2017-S24
REGIONAL::DIAMANTINO,2017,25,0.0,2017-S25
REGIONAL::DIAMANTINO,2017,26,0.0,2017-S26
REGIONAL::DIAMANTINO,2017,27,1.0,2017-S27
REGIONAL::DIAMANTINO,2017,28,0.0,2017-S28
REGIONAL::DIAMANTINO,2017,29,1.0,2017-S29
REGIONAL::DIAMANTINO,2017,30,0.0,2017-S30
REGIONAL::DIAMANTINO,2017,31,1.0,2017-S31
REGIONAL::DIAMANTINO,2017,32,0.0,2017-S32
REGIONAL::DIAMANTINO,2017,33,0.0,2017-S33
REGIONAL::DIAMANTINO,2017,34,0.0,2017-S34
REGIONAL::DIAMANTINO,2017,35,0.0,2017-S35
REGIONAL::DIAMANTINO,2017,36,0.0,2017-S36
REGIONAL::DIAMANTINO,2017,37,0.0,2017-S37
REGIONAL::DIAMANTINO,2017,38,0.0,2017-S38
REGIONAL::DIAMANTINO,2017,39,0.0,2017-S39
REGIONAL::DIAMANTINO,2017,40,0.0,2017-S40
REGIONAL::DIAMANTINO,2017,41,0.0,2017-S41
REGIONAL::DIAMANTINO,2017,42,0.0,2017-S42
REGIONAL::DIAMANTINO,2017,43,0.0,2017-S43
REGIONAL::DIAMANTINO,2017,44,0.0,2017-S44
REGIONAL::DIAMANTINO,2017,45,0.0,2017-S45
REGIONAL::DIAMANTINO,2017,46,1.0,2017-S46
REGIONAL::DIAMANTINO,2017,47,0.0,2017-S47
REGIONAL::DIAMANTINO,2017,48,0.0,2017-S48
REGIONAL::DIAMANTINO,2017,49,0.0,2017-S49
REGIONAL::DIAMANTINO,2017,50,0.0,2017-S50
REGIONAL::DIAMANTINO,2017,51,0.0,2017-S51
REGIONAL::DIAMANTINO,2017,52,0.0,2017-S52
REGIONAL::DIAMANTINO,2018,1,1.0,2018-S01
REGIONAL::DIAMANTINO,2018,2,0.0,2018-S02
REGIONAL::DIAMANTINO,2018,3,0.0,2018-S03
REGIONAL::DIAMANTINO,2018,4,0.0,2018-S04
REGIONAL::DIAMANTINO,2018,5,0.0,2018-S05
REGIONAL::DIAMANTINO,2018,6,0.0,2018-S06
REGIONAL::DIAMANTINO,2018,7,0.0,2018-S07
REGIONAL::DIAMANTINO,2018,8,0.0,2018-S08
REGIONAL::DIAMANTINO,2018,9,0.0,2018-S09
REGIONAL::DIAMANTINO,2018,10,0.0,2018-S10
REGIONAL::DIAMANTINO,2018,11,0.0,2018-S11
REGIONAL::DIAMANTINO,2018,12,0.0,2018-S12
REGIONAL::DIAMANTINO,2018,13,1.0,2018-S13
REGIONAL::DIAMANTINO,2018,14,2.0,2018-S14
REGIONAL::DIAMANTINO,2018,15,0.0,2018-S15
REGIONAL::DIAMANTINO,2018,16,0.0,2018-S16
REGIONAL::DIAMANTINO,2018,17,0.0,2018-S17
REGIONAL::DIAMANTINO,2018,18,0.0,2018-S18
REGIONAL::DIAMANTINO,2018,19,0.0,2018-S19
REGIONAL::DIAMANTINO,2018,20,0.0,2018-S20
REGIONAL::DIAMANTINO,2018,21,0.0,2018-S21
REGIONAL::DIAMANTINO,2018,22,0.0,2018-S22
REGIONAL::DIAMANTINO,2018,23,0.0,2018-S23
REGIONAL::DIAMANTINO,2018,24,0.0,2018-S24
REGIONAL::DIAMANTINO,2018,25,0.0,2018-S25
REGIONAL::DIAMANTINO,2018,26,0.0,2018-S26
REGIONAL::DIAMANTINO,2018,27,0.0,2018-S27
REGIONAL::DIAMANTINO,2018,28,0.0,2018-S28
REGIONAL::DIAMANTINO,2018,29,0.0,2018-S29
REGIONAL::DIAMANTINO,2018,30,1.0,2018-S30
REGIONAL::DIAMANTINO,2018,31,1.0,2018-S31
REGIONAL::DIAMANTINO,2018,32,0.0,2018-S32
REGIONAL::DIAMANTINO,2018,33,0.0,2018-S33
REGIONAL::DIAMANTINO,2018,34,0.0,2018-S34
REGIONAL::DIAMANTINO,2018,35,0.0,2018-S35
REGIONAL::DIAMANTINO,2018,36,0.0,2018-S36
REGIONAL::DIAMANTINO,2018,37,1.0,2018-S37
REGIONAL::DIAMANTINO,2018,38,0.0,2018-S38
REGIONAL::DIAMANTINO,2018,39,0.0,2018-S39
REGIONAL::DIAMANTINO,2018,40,0.0,2018-S40
REGIONAL::DIAMANTINO,2018,41,0.0,2018-S41
REGIONAL::DIAMANTINO,2018,42,0.0,2018-S42
REGIONAL::DIAMANTINO,2018,43,0.0,2018-S43
REGIONAL::DIAMANTINO,2018,44,0.0,2018-S44
REGIONAL::DIAMANTINO,2018,45,0.0,2018-S45
REGIONAL::DIAMANTINO,2018,46,0.0,2018-S46
REGIONAL::DIAMANTINO,2018,47,1.0,2018-S47
REGIONAL::DIAMANTINO,2018,48,0.0,2018-S48
REGIONAL::DIAMANTINO,2018,49,0.0,2018-S49
REGIONAL::DIAMANTINO,2018,50,0.0,2018-S50
REGIONAL::DIAMANTINO,2018,51,0.0,2018-S51
REGIONAL::DIAMANTINO,2018,52,0.0,2018-S52
REGIONAL::DIAMANTINO,2019,1,0.0,2019-S01
REGIONAL::DIAMANTINO,2019,2,0.0,2019-S02
REGIONAL::DIAMANTINO,2019,3,0.0,2019-S03
REGIONAL::DIAMANTINO,2019,4,0.0,2019-S04
REGIONAL::DIAMANTINO,2019,5,0.0,2019-S05
REGIONAL::DIAMANTINO,2019,6,0.0,2019-S06
REGIONAL::DIAMANTINO,2019,7,0.0,2019-S07
REGIONAL::DIAMANTINO,2019,8,0.0,2019-S08
REGIONAL::DIAMANTINO,2019,9,0.0,2019-S09
REGIONAL::DIAMANTINO,2019,10,0.0,2019-S10
REGIONAL::DIAMANTINO,2019,11,1.0,2019-S11
REGIONAL::DIAMANTINO,2019,12,0.0,2019-S12
REGIONAL::DIAMANTINO,2019,13,0.0,2019-S13
REGIONAL::DIAMANTINO,2019,14,0.0,2019-S14
REGIONAL::DIAMANTINO,2019,15,0.0,2019-S15
REGIONAL::DIAMANTINO,2019,16,0.0,2019-S16
REGIONAL::DIAMANTINO,2019,17,0.0,2019-S17
REGIONAL::DIAMANTINO,2019,18,1.0,2019-S18
REGIONAL::DIAMANTINO,2019,19,1.0,2019-S19
REGIONAL::DIAMANTINO,2019,20,0.0,2019-S20
REGIONAL::DIAMANTINO,2019,21,0.0,2019-S21
REGIONAL::DIAMANTINO,2019,22,0.0,2019-S22
REGIONAL::DIAMANTINO,2019,23,0.0,2019-S23
REGIONAL::DIAMANTINO,2019,24,0.0,2019-S24
REGIONAL::DIAMANTINO,2019,25,0.0,2019-S25
REGIONAL::DIAMANTINO,2019,26,0.0,2019-S26
REGIONAL::DIAMANTINO,2019,27,0.0,2019-S27
REGIONAL::DIAMANTINO,2019,28,0.0,2019-S28
REGIONAL::DIAMANTINO,2019,29,0.0,2019-S29
REGIONAL::DIAMANTINO,2019,30,0.0,2019-S30
REGIONAL::DIAMANTINO,2019,31,1.0,2019-S31
REGIONAL::DIAMANTINO,2019,32,0.0,2019-S32
REGIONAL::DIAMANTINO,2019,33,0.0,2019-S33
REGIONAL::DIAMANTINO,2019,34,0.0,2019-S34
REGIONAL::DIAMANTINO,2019,35,0.0,2019-S35
REGIONAL::DIAMANTINO,2019,36,0.0,2019-S36
REGIONAL::DIAMANTINO,2019,37,0.0,2019-S37
REGIONAL::DIAMANTINO,2019,38,1.0,2019-S38
REGIONAL::DIAMANTINO,2019,39,0.0,2019-S39
REGIONAL::DIAMANTINO,2019,40,0.0,2019-S40
REGIONAL::DIAMANTINO,2019,41,0.0,2019-S41
REGIONAL::DIAMANTINO,2019,42,0.0,2019-S42
REGIONAL::DIAMANTINO,2019,43,0.0,2019-S43
REGIONAL::DIAMANTINO,2019,44,0.0,2019-S44
REGIONAL::DIAMANTINO,2019,45,0.0,2019-S45
REGIONAL::DIAMANTINO,2019,46,0.0,2019-S46
REGIONAL::DIAMANTINO,2019,47,0.0,2019-S47
REGIONAL::DIAMANTINO,2019,48,0.0,2019-S48
REGIONAL::DIAMANTINO,2019,49,0.0,2019-S49
REGIONAL::DIAMANTINO,2019,50,1.0,2019-S50
REGIONAL::DIAMANTINO,2019,51,0.0,2019-S51
REGIONAL::DIAMANTINO,2019,52,0.0,2019-S52
REGIONAL::DIAMANTINO,2020,1,0.0,2020-S01
REGIONAL::DIAMANTINO,2020,2,0.0,2020-S02
REGIONAL::DIAMANTINO,2020,3,0.0,2020-S03
REGIONAL::DIAMANTINO,2020,4,0.0,2020-S04
REGIONAL::DIAMANTINO,2020,5,0.0,2020-S05
REGIONAL::DIAMANTINO,2020,6,0.0,2020-S06
REGIONAL::DIAMANTINO,2020,7,0.0,2020-S07
REGIONAL::DIAMANTINO,2020,8,0.0,2020-S08
REGIONAL::DIAMANTINO,2020,9,0.0,2020-S09
REGIONAL::DIAMANTINO,2020,10,0.0,2020-S10
REGIONAL::DIAMANTINO,2020,11,0.0,2020-S11
REGIONAL::DIAMANTINO,2020,12,0.0,2020-S12
REGIONAL::DIAMANTINO,2020,13,0.0,2020-S13
REGIONAL::DIAMANTINO,2020,14,0.0,2020-S14
REGIONAL::DIAMANTINO,2020,15,0.0,2020-S15
REGIONAL::DIAMANTINO,2020,16,1.0,2020-S16
REGIONAL::DIAMANTINO,2020,17,0.0,2020-S17
REGIONAL::DIAMANTINO,2020,18,0.0,2020-S18
REGIONAL::DIAMANTINO,2020,19,0.0,2020-S19
REGIONAL::DIAMANTINO,2020,20,0.0,2020-S20
REGIONAL::DIAMANTINO,2020,21,0.0,2020-S21
REGIONAL::DIAMANTINO,2020,22,0.0,2020-S22
REGIONAL::DIAMANTINO,2020,23,0.0,2020-S23
REGIONAL::DIAMANTINO,2020,24,0.0,2020-S24
REGIONAL::DIAMANTINO,2020,25,0.0,2020-S25
REGIONAL::DIAMANTINO,2020,26,0.0,2020-S26
REGIONAL::DIAMANTINO,2020,27,0.0,2020-S27
REGIONAL::DIAMANTINO,2020,28,0.0,2020-S28
REGIONAL::DIAMANTINO,2020,29,0.0,2020-S29
REGIONAL::DIAMANTINO,2020,30,0.0,2020-S30
REGIONAL::DIAMANTINO,2020,31,0.0,2020-S31
REGIONAL::DIAMANTINO,2020,32,0.0,2020-S32
REGIONAL::DIAMANTINO,2020,33,0.0,2020-S33
REGIONAL::DIAMANTINO,2020,34,0.0,2020-S34
REGIONAL::DIAMANTINO,2020,35,0.0,2020-S35
REGIONAL::DIAMANTINO,2020,36,1.0,2020-S36
REGIONAL::DIAMANTINO,2020,37,0.0,2020-S37
REGIONAL::DIAMANTINO,2020,38,0.0,2020-S38
REGIONAL::DIAMANTINO,2020,39,0.0,2020-S39
REGIONAL::DIAMANTINO,2020,40,0.0,2020-S40
REGIONAL::DIAMANTINO,2020,41,0.0,2020-S41
REGIONAL::DIAMANTINO,2020,42,0.0,2020-S42
REGIONAL::DIAMANTINO,2020,43,0.0,2020-S43
REGIONAL::DIAMANTINO,2020,44,0.0,2020-S44
REGIONAL::DIAMANTINO,2020,45,0.0,2020-S45
REGIONAL::DIAMANTINO,2020,46,0.0,2020-S46
REGIONAL::DIAMANTINO,2020,47,0.0,2020-S47
REGIONAL::DIAMANTINO,2020,48,0.0,2020-S48
REGIONAL::DIAMANTINO,2020,49,0.0,2020-S49
REGIONAL::DIAMANTINO,2020,50,0.0,2020-S50
REGIONAL::DIAMANTINO,2020,51,0.0,2020-S51
REGIONAL::DIAMANTINO,2020,52,0.0,2020-S52
REGIONAL::DIAMANTINO,2021,1,0.0,2021-S01
REGIONAL::DIAMANTINO,2021,2,0.0,2021-S02
REGIONAL::DIAMANTINO,2021,3,0.0,2021-S03
REGIONAL::DIAMANTINO,2021,4,0.0,2021-S04
REGIONAL::DIAMANTINO,2021,5,0.0,2021-S05
REGIONAL::DIAMANTINO,2021,6,0.0,2021-S06
REGIONAL::DIAMANTINO,2021,7,0.0,2021-S07
REGIONAL::DIAMANTINO,2021,8,0.0,2021-S08
REGIONAL::DIAMANTINO,2021,9,0.0,2021-S09
REGIONAL::DIAMANTINO,2021,10,0.0,2021-S10
REGIONAL::DIAMANTINO,2021,11,0.0,2021-S11
REGIONAL::DIAMANTINO,2021,12,0.0,2021-S12
REGIONAL::DIAMANTINO,2021,13,0.0,2021-S13
REGIONAL::DIAMANTINO,2021,14,0.0,2021-S14
REGIONAL::DIAMANTINO,2021,15,0.0,2021-S15
REGIONAL::DIAMANTINO,2021,16,0.0,2021-S16
REGIONAL::DIAMANTINO,2021,17,0.0,2021-S17
REGIONAL::DIAMANTINO,2021,18,0.0,2021-S18
REGIONAL::DIAMANTINO,2021,19,0.0,2021-S19
REGIONAL::DIAMANTINO,2021,20,0.0,2021-S20
REGIONAL::DIAMANTINO,2021,21,0.0,2021-S21
REGIONAL::DIAMANTINO,2021,22,0.0,2021-S22
REGIONAL::DIAMANTINO,2021,23,0.0,2021-S23
REGIONAL::DIAMANTINO,2021,24,0.0,2021-S24
REGIONAL::DIAMANTINO,2021,25,0.0,2021-S25
REGIONAL::DIAMANTINO,2021,26,0.0,2021-S26
REGIONAL::DIAMANTINO,2021,27,0.0,2021-S27
REGIONAL::DIAMANTINO,2021,28,0.0,2021-S28
REGIONAL::DIAMANTINO,2021,29,0.0,2021-S29
REGIONAL::DIAMANTINO,2021,30,0.0,2021-S30
REGIONAL::DIAMANTINO,2021,31,0.0,2021-S31
REGIONAL::DIAMANTINO,2021,32,0.0,2021-S32
REGIONAL::DIAMANTINO,2021,33,0.0,2021-S33
REGIONAL::DIAMANTINO,2021,34,0.0,2021-S34
REGIONAL::DIAMANTINO,2021,35,0.0,2021-S35
REGIONAL::DIAMANTINO,2021,36,0.0,2021-S36
REGIONAL::DIAMANTINO,2021,37,0.0,2021-S37
REGIONAL::DIAMANTINO,2021,38,0.0,2021-S38
REGIONAL::DIAMANTINO,2021,39,0.0,2021-S39
REGIONAL::DIAMANTINO,2021,40,0.0,2021-S40
REGIONAL::DIAMANTINO,2021,41,0.0,2021-S41
REGIONAL::DIAMANTINO,2021,42,0.0,2021-S42
REGIONAL::DIAMANTINO,2021,43,0.0,2021-S43
REGIONAL::DIAMANTINO,2021,44,0.0,2021-S44
REGIONAL::DIAMANTINO,2021,45,0.0,2021-S45
REGIONAL::DIAMANTINO,2021,46,0.0,2021-S46
REGIONAL::DIAMANTINO,2021,47,0.0,2021-S47
REGIONAL::DIAMANTINO,2021,48,0.0,2021-S48
REGIONAL::DIAMANTINO,2021,49,0.0,2021-S49
REGIONAL::DIAMANTINO,2021,50,0.0,2021-S50
REGIONAL::DIAMANTINO,2021,51,0.0,2021-S51
REGIONAL::DIAMANTINO,2021,52,0.0,2021-S52
REGIONAL::DIAMANTINO,2022,1,0.0,2022-S01
REGIONAL::DIAMANTINO,2022,2,0.0,2022-S02
REGIONAL::DIAMANTINO,2022,3,1.0,2022-S03
REGIONAL::DIAMANTINO,2022,4,0.0,2022-S04
REGIONAL::DIAMANTINO,2022,5,0.0,2022-S05
REGIONAL::DIAMANTINO,2022,6,0.0,2022-S06
REGIONAL::DIAMANTINO,2022,7,0.0,2022-S07
REGIONAL::DIAMANTINO,2022,8,0.0,2022-S08
REGIONAL::DIAMANTINO,2022,9,1.0,2022-S09
REGIONAL::DIAMANTINO,2022,10,2.0,2022-S10
REGIONAL::DIAMANTINO,2022,11,0.0,2022-S11
REGIONAL::DIAMANTINO,2022,12,0.0,2022-S12
REGIONAL::DIAMANTINO,2022,13,1.0,2022-S13
REGIONAL::DIAMANTINO,2022,14,0.0,2022-S14
REGIONAL::DIAMANTINO,2022,15,0.0,2022-S15
REGIONAL::DIAMANTINO,2022,16,0.0,2022-S16
REGIONAL::DIAMANTINO,2022,17,1.0,2022-S17
REGIONAL::DIAMANTINO,2022,18,0.0,2022-S18
REGIONAL::DIAMANTINO,2022,19,0.0,2022-S19
REGIONAL::DIAMANTINO,2022,20,0.0,2022-S20
REGIONAL::DIAMANTINO,2022,21,0.0,2022-S21
REGIONAL::DIAMANTINO,2022,22,0.0,2022-S22
REGIONAL::DIAMANTINO,2022,23,0.0,2022-S23
REGIONAL::DIAMANTINO,2022,24,0.0,2022-S24
REGIONAL::DIAMANTINO,2022,25,0.0,2022-S25
REGIONAL::DIAMANTINO,2022,26,0.0,2022-S26
REGIONAL::DIAMANTINO,2022,27,0.0,2022-S27
REGIONAL::DIAMANTINO,2022,28,0.0,2022-S28
REGIONAL::DIAMANTINO,2022,29,0.0,2022-S29
REGIONAL::DIAMANTINO,2022,30,0.0,2022-S30
REGIONAL::DIAMANTINO,2022,31,0.0,2022-S31
REGIONAL::DIAMANTINO,2022,32,0.0,2022-S32
REGIONAL::DIAMANTINO,2022,33,0.0,2022-S33
REGIONAL::DIAMANTINO,2022,34,0.0,2022-S34
REGIONAL::DIAMANTINO,2022,35,0.0,2022-S35
REGIONAL::DIAMANTINO,2022,36,0.0,2022-S36
REGIONAL::DIAMANTINO,2022,37,0.0,2022-S37
REGIONAL::DIAMANTINO,2022,38,0.0,2022-S38
REGIONAL::DIAMANTINO,2022,39,0.0,2022-S39
REGIONAL::DIAMANTINO,2022,40,0.0,2022-S40
REGIONAL::DIAMANTINO,2022,41,0.0,2022-S41
REGIONAL::DIAMANTINO,2022,42,0.0,2022-S42
REGIONAL::DIAMANTINO,2022,43,0.0,2022-S43
REGIONAL::DIAMANTINO,2022,44,0.0,2022-S44
REGIONAL::DIAMANTINO,2022,45,0.0,2022-S45
REGIONAL::DIAMANTINO,2022,46,0.0,2022-S46
REGIONAL::DIAMANTINO,2022,47,0.0,2022-S47
REGIONAL::DIAMANTINO,2022,48,0.0,2022-S48
REGIONAL::DIAMANTINO,2022,49,0.0,2022-S49
REGIONAL::DIAMANTINO,2022,50,0.0,2022-S50
REGIONAL::DIAMANTINO,2022,51,0.0,2022-S51
REGIONAL::DIAMANTINO,2022,52,0.0,2022-S52
REGIONAL::DIAMANTINO,2023,1,1.0,2023-S01
REGIONAL::DIAMANTINO,2023,2,0.0,2023-S02
REGIONAL::DIAMANTINO,2023,3,0.0,2023-S03
REGIONAL::DIAMANTINO,2023,4,0.0,2023-S04
REGIONAL::DIAMANTINO,2023,5,0.0,2023-S05
REGIONAL::DIAMANTINO,2023,6,0.0,2023-S06
REGIONAL::DIAMANTINO,2023,7,0.0,2023-S07
REGIONAL::DIAMANTINO,2023,8,1.0,2023-S08
REGIONAL::DIAMANTINO,2023,9,0.0,2023-S09
REGIONAL::DIAMANTINO,2023,10,0.0,2023-S10
REGIONAL::DIAMANTINO,2023,11,0.0,2023-S11
REGIONAL::DIAMANTINO,2023,12,0.0,2023-S12
REGIONAL::DIAMANTINO,2023,13,0.0,2023-S13
REGIONAL::DIAMANTINO,2023,14,0.0,2023-S14
REGIONAL::DIAMANTINO,2023,15,1.0,2023-S15
REGIONAL::DIAMANTINO,2023,16,0.0,2023-S16
REGIONAL::DIAMANTINO,2023,17,0.0,2023-S17
REGIONAL::DIAMANTINO,2023,18,0.0,2023-S18
REGIONAL::DIAMANTINO,2023,19,0.0,2023-S19
REGIONAL::DIAMANTINO,2023,20,0.0,2023-S20
REGIONAL::DIAMANTINO,2023,21,0.0,2023-S21
REGIONAL::DIAMANTINO,2023,22,0.0,2023-S22
REGIONAL::DIAMANTINO,2023,23,0.0,2023-S23
REGIONAL::DIAMANTINO,2023,24,0.0,2023-S24
REGIONAL::DIAMANTINO,2023,25,0.0,2023-S25
REGIONAL::DIAMANTINO,2023,26,0.0,2023-S26
REGIONAL::DIAMANTINO,2023,27,1.0,2023-S27
REGIONAL::DIAMANTINO,2023,28,0.0,2023-S28
REGIONAL::DIAMANTINO,2023,29,0.0,2023-S29
REGIONAL::DIAMANTINO,2023,30,0.0,2023-S30
REGIONAL::DIAMANTINO,2023,31,0.0,2023-S31
REGIONAL::DIAMANTINO,2023,32,0.0,2023-S32
REGIONAL::DIAMANTINO,2023,33,0.0,2023-S33
REGIONAL::DIAMANTINO,2023,34,0.0,2023-S34
REGIONAL::DIAMANTINO,2023,35,0.0,2023-S35
REGIONAL::DIAMANTINO,2023,36,0.0,2023-S36
REGIONAL::DIAMANTINO,2023,37,0.0,2023-S37
REGIONAL::DIAMANTINO,2023,38,1.0,2023-S38
REGIONAL::DIAMANTINO,2023,39,0.0,2023-S39
REGIONAL::DIAMANTINO,2023,40,0.0,2023-S40
REGIONAL::DIAMANTINO,2023,41,0.0,2023-S41
REGIONAL::DIAMANTINO,2023,42,0.0,2023-S42
REGIONAL::DIAMANTINO,2023,43,0.0,2023-S43
REGIONAL::DIAMANTINO,2023,44,0.0,2023-S44
REGIONAL::DIAMANTINO,2023,45,0.0,2023-S45
REGIONAL::DIAMANTINO,2023,46,0.0,2023-S46
REGIONAL::DIAMANTINO,2023,47,0.0,2023-S47
REGIONAL::DIAMANTINO,2023,48,0.0,2023-S48
REGIONAL::DIAMANTINO,2023,49,0.0,2023-S49
REGIONAL::DIAMANTINO,2023,50,0.0,2023-S50
REGIONAL::DIAMANTINO,2023,51,0.0,2023-S51
REGIONAL::DIAMANTINO,2023,52,0.0,2023-S52
REGIONAL::DIAMANTINO,2024,1,0.0,2024-S01
REGIONAL::DIAMANTINO,2024,2,0.0,2024-S02
REGIONAL::DIAMANTINO,2024,3,2.0,2024-S03
REGIONAL::DIAMANTINO,2024,4,0.0,2024-S04
REGIONAL::DIAMANTINO,2024,5,0.0,2024-S05
REGIONAL::DIAMANTINO,2024,6,0.0,2024-S06
REGIONAL::DIAMANTINO,2024,7,0.0,2024-S07
REGIONAL::DIAMANTINO,2024,8,0.0,2024-S08
REGIONAL::DIAMANTINO,2024,9,0.0,2024-S09
REGIONAL::DIAMANTINO,2024,10,0.0,2024-S10
REGIONAL::DIAMANTINO,2024,11,0.0,2024-S11
REGIONAL::DIAMANTINO,2024,12,0.0,2024-S12
REGIONAL::DIAMANTINO,2024,13,0.0,2024-S13
REGIONAL::DIAMANTINO,2024,14,0.0,2024-S14
REGIONAL::DIAMANTINO,2024,15,0.0,2024-S15
REGIONAL::DIAMANTINO,2024,16,0.0,2024-S16
REGIONAL::DIAMANTINO,2024,17,0.0,2024-S17
REGIONAL::DIAMANTINO,2024,18,0.0,2024-S18
REGIONAL::DIAMANTINO,2024,19,0.0,2024-S19
REGIONAL::DIAMANTINO,2024,20,0.0,2024-S20
REGIONAL::DIAMANTINO,2024,21,0.0,2024-S21
REGIONAL::DIAMANTINO,2024,22,0.0,2024-S22
REGIONAL::DIAMANTINO,2024,23,0.0,2024-S23
REGIONAL::DIAMANTINO,2024,24,0.0,2024-S24
REGIONAL::DIAMANTINO,2024,25,0.0,2024-S25
REGIONAL::DIAMANTINO,2024,26,0.0,2024-S26
REGIONAL::DIAMANTINO,2024,27,0.0,2024-S27
REGIONAL::DIAMANTINO,2024,28,0.0,2024-S28
REGIONAL::DIAMANTINO,2024,29,0.0,2024-S29
REGIONAL::DIAMANTINO,2024,30,0.0,2024-S30
REGIONAL::DIAMANTINO,2024,31,0.0,2024-S31
REGIONAL::DIAMANTINO,2024,32,0.0,2024-S32
REGIONAL::DIAMANTINO,2024,33,0.0,2024-S33
REGIONAL::DIAMANTINO,2024,34,1.0,2024-S34
REGIONAL::DIAMANTINO,2024,35,0.0,2024-S35
REGIONAL::DIAMANTINO,2024,36,0.0,2024-S36
REGIONAL::DIAMANTINO,2024,37,0.0,2024-S37
REGIONAL::DIAMANTINO,2024,38,0.0,2024-S38
REGIONAL::DIAMANTINO,2024,39,0.0,2024-S39
REGIONAL::DIAMANTINO,2024,40,0.0,2024-S40
REGIONAL::DIAMANTINO,2024,41,0.0,2024-S41
REGIONAL::DIAMANTINO,2024,42,1.0,2024-S42
REGIONAL::DIAMANTINO,2024,43,0.0,2024-S43
REGIONAL::DIAMANTINO,2024,44,0.0,2024-S44
REGIONAL::DIAMANTINO,2024,45,0.0,2024-S45
REGIONAL::DIAMANTINO,2024,46,0.0,2024-S46
REGIONAL::DIAMANTINO,2024,47,0.0,2024-S47
REGIONAL::DIAMANTINO,2024,48,0.0,2024-S48
REGIONAL::DIAMANTINO,2024,49,0.0,2024-S49
REGIONAL::DIAMANTINO,2024,50,0.0,2024-S50
REGIONAL::DIAMANTINO,2024,51,1.0,2024-S51
REGIONAL::DIAMANTINO,2024,52,0.0,2024-S52
REGIONAL::DIAMANTINO,2025,1,0.0,2025-S01
REGIONAL::DIAMANTINO,2025,2,1.0,2025-S02
REGIONAL::DIAMANTINO,2025,3,0.0,2025-S03
REGIONAL::DIAMANTINO,2025,4,0.0,2025-S04
REGIONAL::DIAMANTINO,2025,5,0.0,2025-S05
REGIONAL::DIAMANTINO,2025,6,1.0,2025-S06
REGIONAL::DIAMANTINO,2025,7,1.0,2025-S07
REGIONAL::DIAMANTINO,2025,8,0.0,2025-S08
REGIONAL::DIAMANTINO,2025,9,0.0,2025-S09
REGIONAL::DIAMANTINO,2025,10,0.0,2025-S10
REGIONAL::DIAMANTINO,2025,11,0.0,2025-S11
REGIONAL::DIAMANTINO,2025,12,0.0,2025-S12
REGIONAL::DIAMANTINO,2025,13,0.0,2025-S13
REGIONAL::DIAMANTINO,2025,14,0.0,2025-S14
REGIONAL::DIAMANTINO,2025,15,0.0,2025-S15
REGIONAL::DIAMANTINO,2025,16,0.0,2025-S16
REGIONAL::DIAMANTINO,2025,17,0.0,2025-S17
REGIONAL::DIAMANTINO,2025,18,0.0,2025-S18
REGIONAL::DIAMANTINO,2025,19,0.0,2025-S19
REGIONAL::DIAMANTINO,2025,20,0.0,2025-S20
REGIONAL::DIAMANTINO,2025,21,0.0,2025-S21
REGIONAL::DIAMANTINO,2025,22,0.0,2025-S22
REGIONAL::DIAMANTINO,2025,23,1.0,2025-S23
REGIONAL::DIAMANTINO,2025,24,0.0,2025-S24
REGIONAL::DIAMANTINO,2025,25,0.0,2025-S25
REGIONAL::DIAMANTINO,2025,26,0.0,2025-S26
REGIONAL::DIAMANTINO,2025,27,0.0,2025-S27
REGIONAL::DIAMANTINO,2025,28,0.0,2025-S28
REGIONAL::DIAMANTINO,2025,29,0.0,2025-S29
REGIONAL::DIAMANTINO,2025,30,0.0,2025-S30
REGIONAL::DIAMANTINO,2025,31,1.0,2025-S31
REGIONAL::DIAMANTINO,2025,32,0.0,2025-S32
REGIONAL::DIAMANTINO,2025,33,0.0,2025-S33
REGIONAL::DIAMANTINO,2025,34,0.0,2025-S34
REGIONAL::DIAMANTINO,2025,35,0.0,2025-S35
REGIONAL::DIAMANTINO,2025,36,0.0,2025-S36
REGIONAL::DIAMANTINO,2025,37,0.0,2025-S37
REGIONAL::DIAMANTINO,2025,38,0.0,2025-S38
REGIONAL::DIAMANTINO,2025,39,0.0,2025-S39
REGIONAL::DIAMANTINO,2025,40,0.0,2025-S40
REGIONAL::DIAMANTINO,2025,41,0.0,2025-S41
REGIONAL::DIAMANTINO,2025,42,0.0,2025-S42
REGIONAL::DIAMANTINO,2025,43,0.0,2025-S43
REGIONAL::DIAMANTINO,2025,44,0.0,2025-S44
REGIONAL::DIAMANTINO,2025,45,0.0,2025-S45
REGIONAL::DIAMANTINO,2025,46,0.0,2025-S46
REGIONAL::DIAMANTINO,2025,47,0.0,2025-S47
REGIONAL::DIAMANTINO,2025,48,0.0,2025-S48
REGIONAL::DIAMANTINO,2025,49,1.0,2025-S49
REGIONAL::DIAMANTINO,2025,50,0.0,2025-S50
REGIONAL::DIAMANTINO,2025,51,0.0,2025-S51
REGIONAL::DIAMANTINO,2025,52,0.0,2025-S52
REGIONAL::DIAMANTINO,2026,1,0.0,2026-S01
REGIONAL::DIAMANTINO,2026,2,0.0,2026-S02
REGIONAL::DIAMANTINO,2026,3,0.0,2026-S03
REGIONAL::DIAMANTINO,2026,4,0.0,2026-S04
REGIONAL::DIAMANTINO,2026,5,0.0,2026-S05
REGIONAL::DIAMANTINO,2026,6,1.0,2026-S06
REGIONAL::DIAMANTINO,2026,7,0.0,2026-S07
REGIONAL::DIAMANTINO,2026,8,0.0,2026-S08
REGIONAL::DIAMANTINO,2026,9,0.0,2026-S09
REGIONAL::DIAMANTINO,2026,10,0.0,2026-S10
REGIONAL::DIAMANTINO,2026,11,0.0,2026-S11
REGIONAL::DIAMANTINO,2026,12,0.0,2026-S12
REGIONAL::DIAMANTINO,2026,13,0.0,2026-S13
REGIONAL::DIAMANTINO,2026,14,0.0,2026-S14
REGIONAL::DIAMANTINO,2026,15,0.0,2026-S15
REGIONAL::DIAMANTINO,2026,16,0.0,2026-S16
REGIONAL::DIAMANTINO,2026,17,3.0,2026-S17
REGIONAL::DIAMANTINO,2026,18,0.0,2026-S18
REGIONAL::DIAMANTINO,2026,19,0.0,2026-S19
REGIONAL::DIAMANTINO,2026,20,0.0,2026-S20
REGIONAL::DIAMANTINO,2026,21,0.0,2026-S21
REGIONAL::DIAMANTINO,2026,22,0.0,2026-S22
REGIONAL::DIAMANTINO,2026,23,0.0,2026-S23
REGIONAL::DIAMANTINO,2026,24,0.0,2026-S24
REGIONAL::DIAMANTINO,2026,25,0.0,2026-S25
REGIONAL::DIAMANTINO,2026,26,0.0,2026-S26
REGIONAL::DIAMANTINO,2026,27,0.0,2026-S27
REGIONAL::DIAMANTINO,2026,28,0.0,2026-S28
REGIONAL::DIAMANTINO,2026,29,0.0,2026-S29
REGIONAL::DIAMANTINO,2026,30,0.0,2026-S30
REGIONAL::DIAMANTINO,2026,31,0.0,2026-S31
REGIONAL::JUARA,2007,12,1.0,2007-S12
REGIONAL::JUARA,2007,13,0.0,2007-S13
REGIONAL::JUARA,2007,14,0.0,2007-S14
REGIONAL::JUARA,2007,15,0.0,2007-S15
REGIONAL::JUARA,2007,16,0.0,2007-S16
REGIONAL::JUARA,2007,17,0.0,2007-S17
REGIONAL::JUARA,2007,18,0.0,2007-S18
REGIONAL::JUARA,2007,19,0.0,2007-S19
REGIONAL::JUARA,2007,20,0.0,2007-S20
REGIONAL::JUARA,2007,21,0.0,2007-S21
REGIONAL::JUARA,2007,22,0.0,2007-S22
REGIONAL::JUARA,2007,23,0.0,2007-S23
REGIONAL::JUARA,2007,24,0.0,2007-S24
REGIONAL::JUARA,2007,25,0.0,2007-S25
REGIONAL::JUARA,2007,26,0.0,2007-S26
REGIONAL::JUARA,2007,27,0.0,2007-S27
REGIONAL::JUARA,2007,28,0.0,2007-S28
REGIONAL::JUARA,2007,29,3.0,2007-S29
REGIONAL::JUARA,2007,30,0.0,2007-S30
REGIONAL::JUARA,2007,31,0.0,2007-S31
REGIONAL::JUARA,2007,32,1.0,2007-S32
REGIONAL::JUARA,2007,33,0.0,2007-S33
REGIONAL::JUARA,2007,34,0.0,2007-S34
REGIONAL::JUARA,2007,35,0.0,2007-S35
REGIONAL::JUARA,2007,36,0.0,2007-S36
REGIONAL::JUARA,2007,37,0.0,2007-S37
REGIONAL::JUARA,2007,38,0.0,2007-S38
REGIONAL::JUARA,2007,39,0.0,2007-S39
REGIONAL::JUARA,2007,40,0.0,2007-S40
REGIONAL::JUARA,2007,41,0.0,2007-S41
REGIONAL::JUARA,2007,42,0.0,2007-S42
REGIONAL::JUARA,2007,43,0.0,2007-S43
REGIONAL::JUARA,2007,44,0.0,2007-S44
REGIONAL::JUARA,2007,45,0.0,2007-S45
REGIONAL::JUARA,2007,46,0.0,2007-S46
REGIONAL::JUARA,2007,47,0.0,2007-S47
REGIONAL::JUARA,2007,48,1.0,2007-S48
REGIONAL::JUARA,2007,49,0.0,2007-S49
REGIONAL::JUARA,2007,50,0.0,2007-S50
REGIONAL::JUARA,2007,51,0.0,2007-S51
REGIONAL::JUARA,2007,52,0.0,2007-S52
REGIONAL::JUARA,2008,1,0.0,2008-S01
REGIONAL::JUARA,2008,2,1.0,2008-S02
REGIONAL::JUARA,2008,3,0.0,2008-S03
REGIONAL::JUARA,2008,4,0.0,2008-S04
REGIONAL::JUARA,2008,5,0.0,2008-S05
REGIONAL::JUARA,2008,6,0.0,2008-S06
REGIONAL::JUARA,2008,7,0.0,2008-S07
REGIONAL::JUARA,2008,8,0.0,2008-S08
REGIONAL::JUARA,2008,9,0.0,2008-S09
REGIONAL::JUARA,2008,10,0.0,2008-S10
REGIONAL::JUARA,2008,11,0.0,2008-S11
REGIONAL::JUARA,2008,12,0.0,2008-S12
REGIONAL::JUARA,2008,13,0.0,2008-S13
REGIONAL::JUARA,2008,14,0.0,2008-S14
REGIONAL::JUARA,2008,15,0.0,2008-S15
REGIONAL::JUARA,2008,16,0.0,2008-S16
REGIONAL::JUARA,2008,17,0.0,2008-S17
REGIONAL::JUARA,2008,18,0.0,2008-S18
REGIONAL::JUARA,2008,19,0.0,2008-S19
REGIONAL::JUARA,2008,20,0.0,2008-S20
REGIONAL::JUARA,2008,21,0.0,2008-S21
REGIONAL::JUARA,2008,22,0.0,2008-S22
REGIONAL::JUARA,2008,23,0.0,2008-S23
REGIONAL::JUARA,2008,24,0.0,2008-S24
REGIONAL::JUARA,2008,25,0.0,2008-S25
REGIONAL::JUARA,2008,26,0.0,2008-S26
REGIONAL::JUARA,2008,27,0.0,2008-S27
REGIONAL::JUARA,2008,28,0.0,2008-S28
REGIONAL::JUARA,2008,29,1.0,2008-S29
REGIONAL::JUARA,2008,30,0.0,2008-S30
REGIONAL::JUARA,2008,31,0.0,2008-S31
REGIONAL::JUARA,2008,32,0.0,2008-S32
REGIONAL::JUARA,2008,33,0.0,2008-S33
REGIONAL::JUARA,2008,34,0.0,2008-S34
REGIONAL::JUARA,2008,35,0.0,2008-S35
REGIONAL::JUARA,2008,36,0.0,2008-S36
REGIONAL::JUARA,2008,37,0.0,2008-S37
REGIONAL::JUARA,2008,38,0.0,2008-S38
REGIONAL::JUARA,2008,39,1.0,2008-S39
REGIONAL::JUARA,2008,40,0.0,2008-S40
REGIONAL::JUARA,2008,41,0.0,2008-S41
REGIONAL::JUARA,2008,42,0.0,2008-S42
REGIONAL::JUARA,2008,43,0.0,2008-S43
REGIONAL::JUARA,2008,44,0.0,2008-S44
REGIONAL::JUARA,2008,45,0.0,2008-S45
REGIONAL::JUARA,2008,46,0.0,2008-S46
REGIONAL::JUARA,2008,47,0.0,2008-S47
REGIONAL::JUARA,2008,48,0.0,2008-S48
REGIONAL::JUARA,2008,49,0.0,2008-S49
REGIONAL::JUARA,2008,50,0.0,2008-S50
REGIONAL::JUARA,2008,51,0.0,2008-S51
REGIONAL::JUARA,2008,52,0.0,2008-S52
REGIONAL::JUARA,2009,1,0.0,2009-S01
REGIONAL::JUARA,2009,2,0.0,2009-S02
REGIONAL::JUARA,2009,3,0.0,2009-S03
REGIONAL::JUARA,2009,4,0.0,2009-S04
REGIONAL::JUARA,2009,5,0.0,2009-S05
REGIONAL::JUARA,2009,6,0.0,2009-S06
REGIONAL::JUARA,2009,7,0.0,2009-S07
REGIONAL::JUARA,2009,8,1.0,2009-S08
REGIONAL::JUARA,2009,9,0.0,2009-S09
REGIONAL::JUARA,2009,10,0.0,2009-S10
REGIONAL::JUARA,2009,11,0.0,2009-S11
REGIONAL::JUARA,2009,12,0.0,2009-S12
REGIONAL::JUARA,2009,13,0.0,2009-S13
REGIONAL::JUARA,2009,14,0.0,2009-S14
REGIONAL::JUARA,2009,15,0.0,2009-S15
REGIONAL::JUARA,2009,16,1.0,2009-S16
REGIONAL::JUARA,2009,17,0.0,2009-S17
REGIONAL::JUARA,2009,18,0.0,2009-S18
REGIONAL::JUARA,2009,19,0.0,2009-S19
REGIONAL::JUARA,2009,20,0.0,2009-S20
REGIONAL::JUARA,2009,21,0.0,2009-S21
REGIONAL::JUARA,2009,22,0.0,2009-S22
REGIONAL::JUARA,2009,23,0.0,2009-S23
REGIONAL::JUARA,2009,24,0.0,2009-S24
REGIONAL::JUARA,2009,25,0.0,2009-S25
REGIONAL::JUARA,2009,26,0.0,2009-S26
REGIONAL::JUARA,2009,27,0.0,2009-S27
REGIONAL::JUARA,2009,28,0.0,2009-S28
REGIONAL::JUARA,2009,29,0.0,2009-S29
REGIONAL::JUARA,2009,30,0.0,2009-S30
REGIONAL::JUARA,2009,31,0.0,2009-S31
REGIONAL::JUARA,2009,32,0.0,2009-S32
REGIONAL::JUARA,2009,33,0.0,2009-S33
REGIONAL::JUARA,2009,34,0.0,2009-S34
REGIONAL::JUARA,2009,35,0.0,2009-S35
REGIONAL::JUARA,2009,36,0.0,2009-S36
REGIONAL::JUARA,2009,37,0.0,2009-S37
REGIONAL::JUARA,2009,38,1.0,2009-S38
REGIONAL::JUARA,2009,39,0.0,2009-S39
REGIONAL::JUARA,2009,40,0.0,2009-S40
REGIONAL::JUARA,2009,41,0.0,2009-S41
REGIONAL::JUARA,2009,42,0.0,2009-S42
REGIONAL::JUARA,2009,43,0.0,2009-S43
REGIONAL::JUARA,2009,44,0.0,2009-S44
REGIONAL::JUARA,2009,45,0.0,2009-S45
REGIONAL::JUARA,2009,46,0.0,2009-S46
REGIONAL::JUARA,2009,47,0.0,2009-S47
REGIONAL::JUARA,2009,48,0.0,2009-S48
REGIONAL::JUARA,2009,49,0.0,2009-S49
REGIONAL::JUARA,2009,50,0.0,2009-S50
REGIONAL::JUARA,2009,51,0.0,2009-S51
REGIONAL::JUARA,2009,52,0.0,2009-S52
REGIONAL::JUARA,2010,1,0.0,2010-S01
REGIONAL::JUARA,2010,2,0.0,2010-S02
REGIONAL::JUARA,2010,3,0.0,2010-S03
REGIONAL::JUARA,2010,4,1.0,2010-S04
REGIONAL::JUARA,2010,5,2.0,2010-S05
REGIONAL::JUARA,2010,6,0.0,2010-S06
REGIONAL::JUARA,2010,7,0.0,2010-S07
REGIONAL::JUARA,2010,8,0.0,2010-S08
REGIONAL::JUARA,2010,9,0.0,2010-S09
REGIONAL::JUARA,2010,10,0.0,2010-S10
REGIONAL::JUARA,2010,11,0.0,2010-S11
REGIONAL::JUARA,2010,12,0.0,2010-S12
REGIONAL::JUARA,2010,13,0.0,2010-S13
REGIONAL::JUARA,2010,14,0.0,2010-S14
REGIONAL::JUARA,2010,15,0.0,2010-S15
REGIONAL::JUARA,2010,16,0.0,2010-S16
REGIONAL::JUARA,2010,17,0.0,2010-S17
REGIONAL::JUARA,2010,18,0.0,2010-S18
REGIONAL::JUARA,2010,19,0.0,2010-S19
REGIONAL::JUARA,2010,20,0.0,2010-S20
REGIONAL::JUARA,2010,21,0.0,2010-S21
REGIONAL::JUARA,2010,22,0.0,2010-S22
REGIONAL::JUARA,2010,23,0.0,2010-S23
REGIONAL::JUARA,2010,24,0.0,2010-S24
REGIONAL::JUARA,2010,25,0.0,2010-S25
REGIONAL::JUARA,2010,26,0.0,2010-S26
REGIONAL::JUARA,2010,27,0.0,2010-S27
REGIONAL::JUARA,2010,28,0.0,2010-S28
REGIONAL::JUARA,2010,29,0.0,2010-S29
REGIONAL::JUARA,2010,30,0.0,2010-S30
REGIONAL::JUARA,2010,31,0.0,2010-S31
REGIONAL::JUARA,2010,32,0.0,2010-S32
REGIONAL::JUARA,2010,33,0.0,2010-S33
REGIONAL::JUARA,2010,34,0.0,2010-S34
REGIONAL::JUARA,2010,35,0.0,2010-S35
REGIONAL::JUARA,2010,36,0.0,2010-S36
REGIONAL::JUARA,2010,37,1.0,2010-S37
REGIONAL::JUARA,2010,38,0.0,2010-S38
REGIONAL::JUARA,2010,39,0.0,2010-S39
REGIONAL::JUARA,2010,40,0.0,2010-S40
REGIONAL::JUARA,2010,41,0.0,2010-S41
REGIONAL::JUARA,2010,42,0.0,2010-S42
REGIONAL::JUARA,2010,43,0.0,2010-S43
REGIONAL::JUARA,2010,44,0.0,2010-S44
REGIONAL::JUARA,2010,45,0.0,2010-S45
REGIONAL::JUARA,2010,46,0.0,2010-S46
REGIONAL::JUARA,2010,47,0.0,2010-S47
REGIONAL::JUARA,2010,48,0.0,2010-S48
REGIONAL::JUARA,2010,49,0.0,2010-S49
REGIONAL::JUARA,2010,50,0.0,2010-S50
REGIONAL::JUARA,2010,51,0.0,2010-S51
REGIONAL::JUARA,2010,52,0.0,2010-S52
REGIONAL::JUARA,2011,1,0.0,2011-S01
REGIONAL::JUARA,2011,2,0.0,2011-S02
REGIONAL::JUARA,2011,3,0.0,2011-S03
REGIONAL::JUARA,2011,4,0.0,2011-S04
REGIONAL::JUARA,2011,5,0.0,2011-S05
REGIONAL::JUARA,2011,6,0.0,2011-S06
REGIONAL::JUARA,2011,7,0.0,2011-S07
REGIONAL::JUARA,2011,8,0.0,2011-S08
REGIONAL::JUARA,2011,9,0.0,2011-S09
REGIONAL::JUARA,2011,10,0.0,2011-S10
REGIONAL::JUARA,2011,11,0.0,2011-S11
REGIONAL::JUARA,2011,12,0.0,2011-S12
REGIONAL::JUARA,2011,13,0.0,2011-S13
REGIONAL::JUARA,2011,14,0.0,2011-S14
REGIONAL::JUARA,2011,15,0.0,2011-S15
REGIONAL::JUARA,2011,16,1.0,2011-S16
REGIONAL::JUARA,2011,17,0.0,2011-S17
REGIONAL::JUARA,2011,18,0.0,2011-S18
REGIONAL::JUARA,2011,19,0.0,2011-S19
REGIONAL::JUARA,2011,20,1.0,2011-S20
REGIONAL::JUARA,2011,21,0.0,2011-S21
REGIONAL::JUARA,2011,22,0.0,2011-S22
REGIONAL::JUARA,2011,23,0.0,2011-S23
REGIONAL::JUARA,2011,24,0.0,2011-S24
REGIONAL::JUARA,2011,25,0.0,2011-S25
REGIONAL::JUARA,2011,26,0.0,2011-S26
REGIONAL::JUARA,2011,27,0.0,2011-S27
REGIONAL::JUARA,2011,28,0.0,2011-S28
REGIONAL::JUARA,2011,29,0.0,2011-S29
REGIONAL::JUARA,2011,30,0.0,2011-S30
REGIONAL::JUARA,2011,31,0.0,2011-S31
REGIONAL::JUARA,2011,32,0.0,2011-S32
REGIONAL::JUARA,2011,33,2.0,2011-S33
REGIONAL::JUARA,2011,34,0.0,2011-S34
REGIONAL::JUARA,2011,35,0.0,2011-S35
REGIONAL::JUARA,2011,36,0.0,2011-S36
REGIONAL::JUARA,2011,37,1.0,2011-S37
REGIONAL::JUARA,2011,38,1.0,2011-S38
REGIONAL::JUARA,2011,39,0.0,2011-S39
REGIONAL::JUARA,2011,40,0.0,2011-S40
REGIONAL::JUARA,2011,41,0.0,2011-S41
REGIONAL::JUARA,2011,42,1.0,2011-S42
REGIONAL::JUARA,2011,43,0.0,2011-S43
REGIONAL::JUARA,2011,44,0.0,2011-S44
REGIONAL::JUARA,2011,45,0.0,2011-S45
REGIONAL::JUARA,2011,46,0.0,2011-S46
REGIONAL::JUARA,2011,47,0.0,2011-S47
REGIONAL::JUARA,2011,48,1.0,2011-S48
REGIONAL::JUARA,2011,49,0.0,2011-S49
REGIONAL::JUARA,2011,50,0.0,2011-S50
REGIONAL::JUARA,2011,51,0.0,2011-S51
REGIONAL::JUARA,2011,52,0.0,2011-S52
REGIONAL::JUARA,2012,1,0.0,2012-S01
REGIONAL::JUARA,2012,2,0.0,2012-S02
REGIONAL::JUARA,2012,3,0.0,2012-S03
REGIONAL::JUARA,2012,4,0.0,2012-S04
REGIONAL::JUARA,2012,5,0.0,2012-S05
REGIONAL::JUARA,2012,6,0.0,2012-S06
REGIONAL::JUARA,2012,7,0.0,2012-S07
REGIONAL::JUARA,2012,8,0.0,2012-S08
REGIONAL::JUARA,2012,9,0.0,2012-S09
REGIONAL::JUARA,2012,10,0.0,2012-S10
REGIONAL::JUARA,2012,11,0.0,2012-S11
REGIONAL::JUARA,2012,12,0.0,2012-S12
REGIONAL::JUARA,2012,13,0.0,2012-S13
REGIONAL::JUARA,2012,14,0.0,2012-S14
REGIONAL::JUARA,2012,15,0.0,2012-S15
REGIONAL::JUARA,2012,16,0.0,2012-S16
REGIONAL::JUARA,2012,17,0.0,2012-S17
REGIONAL::JUARA,2012,18,0.0,2012-S18
REGIONAL::JUARA,2012,19,0.0,2012-S19
REGIONAL::JUARA,2012,20,0.0,2012-S20
REGIONAL::JUARA,2012,21,0.0,2012-S21
REGIONAL::JUARA,2012,22,0.0,2012-S22
REGIONAL::JUARA,2012,23,0.0,2012-S23
REGIONAL::JUARA,2012,24,0.0,2012-S24
REGIONAL::JUARA,2012,25,0.0,2012-S25
REGIONAL::JUARA,2012,26,0.0,2012-S26
REGIONAL::JUARA,2012,27,0.0,2012-S27
REGIONAL::JUARA,2012,28,0.0,2012-S28
REGIONAL::JUARA,2012,29,0.0,2012-S29
REGIONAL::JUARA,2012,30,0.0,2012-S30
REGIONAL::JUARA,2012,31,0.0,2012-S31
REGIONAL::JUARA,2012,32,0.0,2012-S32
REGIONAL::JUARA,2012,33,0.0,2012-S33
REGIONAL::JUARA,2012,34,0.0,2012-S34
REGIONAL::JUARA,2012,35,0.0,2012-S35
REGIONAL::JUARA,2012,36,0.0,2012-S36
REGIONAL::JUARA,2012,37,0.0,2012-S37
REGIONAL::JUARA,2012,38,0.0,2012-S38
REGIONAL::JUARA,2012,39,0.0,2012-S39
REGIONAL::JUARA,2012,40,0.0,2012-S40
REGIONAL::JUARA,2012,41,0.0,2012-S41
REGIONAL::JUARA,2012,42,0.0,2012-S42
REGIONAL::JUARA,2012,43,0.0,2012-S43
REGIONAL::JUARA,2012,44,0.0,2012-S44
REGIONAL::JUARA,2012,45,1.0,2012-S45
REGIONAL::JUARA,2012,46,0.0,2012-S46
REGIONAL::JUARA,2012,47,0.0,2012-S47
REGIONAL::JUARA,2012,48,0.0,2012-S48
REGIONAL::JUARA,2012,49,0.0,2012-S49
REGIONAL::JUARA,2012,50,0.0,2012-S50
REGIONAL::JUARA,2012,51,0.0,2012-S51
REGIONAL::JUARA,2012,52,0.0,2012-S52
REGIONAL::JUARA,2013,1,0.0,2013-S01
REGIONAL::JUARA,2013,2,0.0,2013-S02
REGIONAL::JUARA,2013,3,0.0,2013-S03
REGIONAL::JUARA,2013,4,0.0,2013-S04
REGIONAL::JUARA,2013,5,0.0,2013-S05
REGIONAL::JUARA,2013,6,0.0,2013-S06
REGIONAL::JUARA,2013,7,1.0,2013-S07
REGIONAL::JUARA,2013,8,0.0,2013-S08
REGIONAL::JUARA,2013,9,0.0,2013-S09
REGIONAL::JUARA,2013,10,0.0,2013-S10
REGIONAL::JUARA,2013,11,0.0,2013-S11
REGIONAL::JUARA,2013,12,0.0,2013-S12
REGIONAL::JUARA,2013,13,0.0,2013-S13
REGIONAL::JUARA,2013,14,0.0,2013-S14
REGIONAL::JUARA,2013,15,0.0,2013-S15
REGIONAL::JUARA,2013,16,0.0,2013-S16
REGIONAL::JUARA,2013,17,0.0,2013-S17
REGIONAL::JUARA,2013,18,0.0,2013-S18
REGIONAL::JUARA,2013,19,0.0,2013-S19
REGIONAL::JUARA,2013,20,0.0,2013-S20
REGIONAL::JUARA,2013,21,0.0,2013-S21
REGIONAL::JUARA,2013,22,0.0,2013-S22
REGIONAL::JUARA,2013,23,0.0,2013-S23
REGIONAL::JUARA,2013,24,0.0,2013-S24
REGIONAL::JUARA,2013,25,0.0,2013-S25
REGIONAL::JUARA,2013,26,0.0,2013-S26
REGIONAL::JUARA,2013,27,0.0,2013-S27
REGIONAL::JUARA,2013,28,0.0,2013-S28
REGIONAL::JUARA,2013,29,0.0,2013-S29
REGIONAL::JUARA,2013,30,0.0,2013-S30
REGIONAL::JUARA,2013,31,0.0,2013-S31
REGIONAL::JUARA,2013,32,0.0,2013-S32
REGIONAL::JUARA,2013,33,0.0,2013-S33
REGIONAL::JUARA,2013,34,0.0,2013-S34
REGIONAL::JUARA,2013,35,0.0,2013-S35
REGIONAL::JUARA,2013,36,0.0,2013-S36
REGIONAL::JUARA,2013,37,0.0,2013-S37
REGIONAL::JUARA,2013,38,0.0,2013-S38
REGIONAL::JUARA,2013,39,0.0,2013-S39
REGIONAL::JUARA,2013,40,0.0,2013-S40
REGIONAL::JUARA,2013,41,0.0,2013-S41
REGIONAL::JUARA,2013,42,0.0,2013-S42
REGIONAL::JUARA,2013,43,0.0,2013-S43
REGIONAL::JUARA,2013,44,0.0,2013-S44
REGIONAL::JUARA,2013,45,0.0,2013-S45
REGIONAL::JUARA,2013,46,0.0,2013-S46
REGIONAL::JUARA,2013,47,0.0,2013-S47
REGIONAL::JUARA,2013,48,0.0,2013-S48
REGIONAL::JUARA,2013,49,0.0,2013-S49
REGIONAL::JUARA,2013,50,0.0,2013-S50
REGIONAL::JUARA,2013,51,0.0,2013-S51
REGIONAL::JUARA,2013,52,0.0,2013-S52
REGIONAL::JUARA,2014,1,0.0,2014-S01
REGIONAL::JUARA,2014,2,0.0,2014-S02
REGIONAL::JUARA,2014,3,1.0,2014-S03
REGIONAL::JUARA,2014,4,1.0,2014-S04
REGIONAL::JUARA,2014,5,0.0,2014-S05
REGIONAL::JUARA,2014,6,1.0,2014-S06
REGIONAL::JUARA,2014,7,0.0,2014-S07
REGIONAL::JUARA,2014,8,0.0,2014-S08
REGIONAL::JUARA,2014,9,0.0,2014-S09
REGIONAL::JUARA,2014,10,0.0,2014-S10
REGIONAL::JUARA,2014,11,0.0,2014-S11
REGIONAL::JUARA,2014,12,0.0,2014-S12
REGIONAL::JUARA,2014,13,0.0,2014-S13
REGIONAL::JUARA,2014,14,0.0,2014-S14
REGIONAL::JUARA,2014,15,0.0,2014-S15
REGIONAL::JUARA,2014,16,0.0,2014-S16
REGIONAL::JUARA,2014,17,0.0,2014-S17
REGIONAL::JUARA,2014,18,0.0,2014-S18
REGIONAL::JUARA,2014,19,0.0,2014-S19
REGIONAL::JUARA,2014,20,0.0,2014-S20
REGIONAL::JUARA,2014,21,0.0,2014-S21
REGIONAL::JUARA,2014,22,0.0,2014-S22
REGIONAL::JUARA,2014,23,0.0,2014-S23
REGIONAL::JUARA,2014,24,0.0,2014-S24
REGIONAL::JUARA,2014,25,0.0,2014-S25
REGIONAL::JUARA,2014,26,0.0,2014-S26
REGIONAL::JUARA,2014,27,0.0,2014-S27
REGIONAL::JUARA,2014,28,0.0,2014-S28
REGIONAL::JUARA,2014,29,0.0,2014-S29
REGIONAL::JUARA,2014,30,0.0,2014-S30
REGIONAL::JUARA,2014,31,0.0,2014-S31
REGIONAL::JUARA,2014,32,0.0,2014-S32
REGIONAL::JUARA,2014,33,0.0,2014-S33
REGIONAL::JUARA,2014,34,0.0,2014-S34
REGIONAL::JUARA,2014,35,0.0,2014-S35
REGIONAL::JUARA,2014,36,0.0,2014-S36
REGIONAL::JUARA,2014,37,0.0,2014-S37
REGIONAL::JUARA,2014,38,0.0,2014-S38
REGIONAL::JUARA,2014,39,0.0,2014-S39
REGIONAL::JUARA,2014,40,0.0,2014-S40
REGIONAL::JUARA,2014,41,0.0,2014-S41
REGIONAL::JUARA,2014,42,0.0,2014-S42
REGIONAL::JUARA,2014,43,0.0,2014-S43
REGIONAL::JUARA,2014,44,0.0,2014-S44
REGIONAL::JUARA,2014,45,0.0,2014-S45
REGIONAL::JUARA,2014,46,0.0,2014-S46
REGIONAL::JUARA,2014,47,0.0,2014-S47
REGIONAL::JUARA,2014,48,0.0,2014-S48
REGIONAL::JUARA,2014,49,0.0,2014-S49
REGIONAL::JUARA,2014,50,0.0,2014-S50
REGIONAL::JUARA,2014,51,0.0,2014-S51
REGIONAL::JUARA,2014,52,0.0,2014-S52
REGIONAL::JUARA,2015,1,0.0,2015-S01
REGIONAL::JUARA,2015,2,0.0,2015-S02
REGIONAL::JUARA,2015,3,0.0,2015-S03
REGIONAL::JUARA,2015,4,0.0,2015-S04
REGIONAL::JUARA,2015,5,0.0,2015-S05
REGIONAL::JUARA,2015,6,0.0,2015-S06
REGIONAL::JUARA,2015,7,0.0,2015-S07
REGIONAL::JUARA,2015,8,0.0,2015-S08
REGIONAL::JUARA,2015,9,0.0,2015-S09
REGIONAL::JUARA,2015,10,0.0,2015-S10
REGIONAL::JUARA,2015,11,0.0,2015-S11
REGIONAL::JUARA,2015,12,0.0,2015-S12
REGIONAL::JUARA,2015,13,0.0,2015-S13
REGIONAL::JUARA,2015,14,0.0,2015-S14
REGIONAL::JUARA,2015,15,0.0,2015-S15
REGIONAL::JUARA,2015,16,0.0,2015-S16
REGIONAL::JUARA,2015,17,0.0,2015-S17
REGIONAL::JUARA,2015,18,0.0,2015-S18
REGIONAL::JUARA,2015,19,0.0,2015-S19
REGIONAL::JUARA,2015,20,0.0,2015-S20
REGIONAL::JUARA,2015,21,0.0,2015-S21
REGIONAL::JUARA,2015,22,0.0,2015-S22
REGIONAL::JUARA,2015,23,0.0,2015-S23
REGIONAL::JUARA,2015,24,0.0,2015-S24
REGIONAL::JUARA,2015,25,0.0,2015-S25
REGIONAL::JUARA,2015,26,0.0,2015-S26
REGIONAL::JUARA,2015,27,0.0,2015-S27
REGIONAL::JUARA,2015,28,0.0,2015-S28
REGIONAL::JUARA,2015,29,0.0,2015-S29
REGIONAL::JUARA,2015,30,0.0,2015-S30
REGIONAL::JUARA,2015,31,0.0,2015-S31
REGIONAL::JUARA,2015,32,0.0,2015-S32
REGIONAL::JUARA,2015,33,0.0,2015-S33
REGIONAL::JUARA,2015,34,0.0,2015-S34
REGIONAL::JUARA,2015,35,0.0,2015-S35
REGIONAL::JUARA,2015,36,0.0,2015-S36
REGIONAL::JUARA,2015,37,0.0,2015-S37
REGIONAL::JUARA,2015,38,0.0,2015-S38
REGIONAL::JUARA,2015,39,0.0,2015-S39
REGIONAL::JUARA,2015,40,0.0,2015-S40
REGIONAL::JUARA,2015,41,0.0,2015-S41
REGIONAL::JUARA,2015,42,0.0,2015-S42
REGIONAL::JUARA,2015,43,0.0,2015-S43
REGIONAL::JUARA,2015,44,0.0,2015-S44
REGIONAL::JUARA,2015,45,1.0,2015-S45
REGIONAL::JUARA,2015,46,0.0,2015-S46
REGIONAL::JUARA,2015,47,0.0,2015-S47
REGIONAL::JUARA,2015,48,0.0,2015-S48
REGIONAL::JUARA,2015,49,0.0,2015-S49
REGIONAL::JUARA,2015,50,0.0,2015-S50
REGIONAL::JUARA,2015,51,0.0,2015-S51
REGIONAL::JUARA,2015,52,0.0,2015-S52
REGIONAL::JUARA,2016,1,0.0,2016-S01
REGIONAL::JUARA,2016,2,0.0,2016-S02
REGIONAL::JUARA,2016,3,0.0,2016-S03
REGIONAL::JUARA,2016,4,0.0,2016-S04
REGIONAL::JUARA,2016,5,0.0,2016-S05
REGIONAL::JUARA,2016,6,0.0,2016-S06
REGIONAL::JUARA,2016,7,0.0,2016-S07
REGIONAL::JUARA,2016,8,1.0,2016-S08
REGIONAL::JUARA,2016,9,0.0,2016-S09
REGIONAL::JUARA,2016,10,0.0,2016-S10
REGIONAL::JUARA,2016,11,0.0,2016-S11
REGIONAL::JUARA,2016,12,0.0,2016-S12
REGIONAL::JUARA,2016,13,0.0,2016-S13
REGIONAL::JUARA,2016,14,0.0,2016-S14
REGIONAL::JUARA,2016,15,0.0,2016-S15
REGIONAL::JUARA,2016,16,0.0,2016-S16
REGIONAL::JUARA,2016,17,0.0,2016-S17
REGIONAL::JUARA,2016,18,1.0,2016-S18
REGIONAL::JUARA,2016,19,0.0,2016-S19
REGIONAL::JUARA,2016,20,0.0,2016-S20
REGIONAL::JUARA,2016,21,0.0,2016-S21
REGIONAL::JUARA,2016,22,0.0,2016-S22
REGIONAL::JUARA,2016,23,0.0,2016-S23
REGIONAL::JUARA,2016,24,0.0,2016-S24
REGIONAL::JUARA,2016,25,0.0,2016-S25
REGIONAL::JUARA,2016,26,0.0,2016-S26
REGIONAL::JUARA,2016,27,0.0,2016-S27
REGIONAL::JUARA,2016,28,0.0,2016-S28
REGIONAL::JUARA,2016,29,0.0,2016-S29
REGIONAL::JUARA,2016,30,0.0,2016-S30
REGIONAL::JUARA,2016,31,0.0,2016-S31
REGIONAL::JUARA,2016,32,0.0,2016-S32
REGIONAL::JUARA,2016,33,0.0,2016-S33
REGIONAL::JUARA,2016,34,0.0,2016-S34
REGIONAL::JUARA,2016,35,0.0,2016-S35
REGIONAL::JUARA,2016,36,0.0,2016-S36
REGIONAL::JUARA,2016,37,0.0,2016-S37
REGIONAL::JUARA,2016,38,0.0,2016-S38
REGIONAL::JUARA,2016,39,0.0,2016-S39
REGIONAL::JUARA,2016,40,0.0,2016-S40
REGIONAL::JUARA,2016,41,0.0,2016-S41
REGIONAL::JUARA,2016,42,0.0,2016-S42
REGIONAL::JUARA,2016,43,0.0,2016-S43
REGIONAL::JUARA,2016,44,0.0,2016-S44
REGIONAL::JUARA,2016,45,0.0,2016-S45
REGIONAL::JUARA,2016,46,0.0,2016-S46
REGIONAL::JUARA,2016,47,0.0,2016-S47
REGIONAL::JUARA,2016,48,0.0,2016-S48
REGIONAL::JUARA,2016,49,0.0,2016-S49
REGIONAL::JUARA,2016,50,0.0,2016-S50
REGIONAL::JUARA,2016,51,0.0,2016-S51
REGIONAL::JUARA,2016,52,2.0,2016-S52
REGIONAL::JUARA,2017,1,0.0,2017-S01
REGIONAL::JUARA,2017,2,0.0,2017-S02
REGIONAL::JUARA,2017,3,1.0,2017-S03
REGIONAL::JUARA,2017,4,0.0,2017-S04
REGIONAL::JUARA,2017,5,0.0,2017-S05
REGIONAL::JUARA,2017,6,0.0,2017-S06
REGIONAL::JUARA,2017,7,0.0,2017-S07
REGIONAL::JUARA,2017,8,0.0,2017-S08
REGIONAL::JUARA,2017,9,1.0,2017-S09
REGIONAL::JUARA,2017,10,0.0,2017-S10
REGIONAL::JUARA,2017,11,0.0,2017-S11
REGIONAL::JUARA,2017,12,0.0,2017-S12
REGIONAL::JUARA,2017,13,1.0,2017-S13
REGIONAL::JUARA,2017,14,0.0,2017-S14
REGIONAL::JUARA,2017,15,0.0,2017-S15
REGIONAL::JUARA,2017,16,0.0,2017-S16
REGIONAL::JUARA,2017,17,0.0,2017-S17
REGIONAL::JUARA,2017,18,0.0,2017-S18
REGIONAL::JUARA,2017,19,0.0,2017-S19
REGIONAL::JUARA,2017,20,0.0,2017-S20
REGIONAL::JUARA,2017,21,0.0,2017-S21
REGIONAL::JUARA,2017,22,0.0,2017-S22
REGIONAL::JUARA,2017,23,0.0,2017-S23
REGIONAL::JUARA,2017,24,0.0,2017-S24
REGIONAL::JUARA,2017,25,0.0,2017-S25
REGIONAL::JUARA,2017,26,0.0,2017-S26
REGIONAL::JUARA,2017,27,0.0,2017-S27
REGIONAL::JUARA,2017,28,0.0,2017-S28
REGIONAL::JUARA,2017,29,0.0,2017-S29
REGIONAL::JUARA,2017,30,0.0,2017-S30
REGIONAL::JUARA,2017,31,0.0,2017-S31
REGIONAL::JUARA,2017,32,0.0,2017-S32
REGIONAL::JUARA,2017,33,0.0,2017-S33
REGIONAL::JUARA,2017,34,0.0,2017-S34
REGIONAL::JUARA,2017,35,0.0,2017-S35
REGIONAL::JUARA,2017,36,0.0,2017-S36
REGIONAL::JUARA,2017,37,0.0,2017-S37
REGIONAL::JUARA,2017,38,0.0,2017-S38
REGIONAL::JUARA,2017,39,0.0,2017-S39
REGIONAL::JUARA,2017,40,0.0,2017-S40
REGIONAL::JUARA,2017,41,0.0,2017-S41
REGIONAL::JUARA,2017,42,0.0,2017-S42
REGIONAL::JUARA,2017,43,0.0,2017-S43
REGIONAL::JUARA,2017,44,0.0,2017-S44
REGIONAL::JUARA,2017,45,0.0,2017-S45
REGIONAL::JUARA,2017,46,0.0,2017-S46
REGIONAL::JUARA,2017,47,0.0,2017-S47
REGIONAL::JUARA,2017,48,0.0,2017-S48
REGIONAL::JUARA,2017,49,0.0,2017-S49
REGIONAL::JUARA,2017,50,0.0,2017-S50
REGIONAL::JUARA,2017,51,0.0,2017-S51
REGIONAL::JUARA,2017,52,0.0,2017-S52
REGIONAL::JUARA,2018,1,0.0,2018-S01
REGIONAL::JUARA,2018,2,0.0,2018-S02
REGIONAL::JUARA,2018,3,0.0,2018-S03
REGIONAL::JUARA,2018,4,0.0,2018-S04
REGIONAL::JUARA,2018,5,0.0,2018-S05
REGIONAL::JUARA,2018,6,0.0,2018-S06
REGIONAL::JUARA,2018,7,0.0,2018-S07
REGIONAL::JUARA,2018,8,0.0,2018-S08
REGIONAL::JUARA,2018,9,1.0,2018-S09
REGIONAL::JUARA,2018,10,0.0,2018-S10
REGIONAL::JUARA,2018,11,0.0,2018-S11
REGIONAL::JUARA,2018,12,0.0,2018-S12
REGIONAL::JUARA,2018,13,0.0,2018-S13
REGIONAL::JUARA,2018,14,0.0,2018-S14
REGIONAL::JUARA,2018,15,0.0,2018-S15
REGIONAL::JUARA,2018,16,0.0,2018-S16
REGIONAL::JUARA,2018,17,0.0,2018-S17
REGIONAL::JUARA,2018,18,0.0,2018-S18
REGIONAL::JUARA,2018,19,0.0,2018-S19
REGIONAL::JUARA,2018,20,0.0,2018-S20
REGIONAL::JUARA,2018,21,2.0,2018-S21
REGIONAL::JUARA,2018,22,0.0,2018-S22
REGIONAL::JUARA,2018,23,0.0,2018-S23
REGIONAL::JUARA,2018,24,0.0,2018-S24
REGIONAL::JUARA,2018,25,0.0,2018-S25
REGIONAL::JUARA,2018,26,0.0,2018-S26
REGIONAL::JUARA,2018,27,0.0,2018-S27
REGIONAL::JUARA,2018,28,0.0,2018-S28
REGIONAL::JUARA,2018,29,0.0,2018-S29
REGIONAL::JUARA,2018,30,0.0,2018-S30
REGIONAL::JUARA,2018,31,0.0,2018-S31
REGIONAL::JUARA,2018,32,1.0,2018-S32
REGIONAL::JUARA,2018,33,0.0,2018-S33
REGIONAL::JUARA,2018,34,0.0,2018-S34
REGIONAL::JUARA,2018,35,0.0,2018-S35
REGIONAL::JUARA,2018,36,0.0,2018-S36
REGIONAL::JUARA,2018,37,0.0,2018-S37
REGIONAL::JUARA,2018,38,0.0,2018-S38
REGIONAL::JUARA,2018,39,0.0,2018-S39
REGIONAL::JUARA,2018,40,0.0,2018-S40
REGIONAL::JUARA,2018,41,0.0,2018-S41
REGIONAL::JUARA,2018,42,0.0,2018-S42
REGIONAL::JUARA,2018,43,0.0,2018-S43
REGIONAL::JUARA,2018,44,0.0,2018-S44
REGIONAL::JUARA,2018,45,0.0,2018-S45
REGIONAL::JUARA,2018,46,0.0,2018-S46
REGIONAL::JUARA,2018,47,0.0,2018-S47
REGIONAL::JUARA,2018,48,0.0,2018-S48
REGIONAL::JUARA,2018,49,0.0,2018-S49
REGIONAL::JUARA,2018,50,1.0,2018-S50
REGIONAL::JUARA,2018,51,0.0,2018-S51
REGIONAL::JUARA,2018,52,0.0,2018-S52
REGIONAL::JUARA,2019,1,0.0,2019-S01
REGIONAL::JUARA,2019,2,0.0,2019-S02
REGIONAL::JUARA,2019,3,0.0,2019-S03
REGIONAL::JUARA,2019,4,0.0,2019-S04
REGIONAL::JUARA,2019,5,0.0,2019-S05
REGIONAL::JUARA,2019,6,0.0,2019-S06
REGIONAL::JUARA,2019,7,0.0,2019-S07
REGIONAL::JUARA,2019,8,0.0,2019-S08
REGIONAL::JUARA,2019,9,0.0,2019-S09
REGIONAL::JUARA,2019,10,0.0,2019-S10
REGIONAL::JUARA,2019,11,0.0,2019-S11
REGIONAL::JUARA,2019,12,0.0,2019-S12
REGIONAL::JUARA,2019,13,0.0,2019-S13
REGIONAL::JUARA,2019,14,0.0,2019-S14
REGIONAL::JUARA,2019,15,0.0,2019-S15
REGIONAL::JUARA,2019,16,0.0,2019-S16
REGIONAL::JUARA,2019,17,0.0,2019-S17
REGIONAL::JUARA,2019,18,0.0,2019-S18
REGIONAL::JUARA,2019,19,0.0,2019-S19
REGIONAL::JUARA,2019,20,0.0,2019-S20
REGIONAL::JUARA,2019,21,0.0,2019-S21
REGIONAL::JUARA,2019,22,0.0,2019-S22
REGIONAL::JUARA,2019,23,0.0,2019-S23
REGIONAL::JUARA,2019,24,0.0,2019-S24
REGIONAL::JUARA,2019,25,0.0,2019-S25
REGIONAL::JUARA,2019,26,0.0,2019-S26
REGIONAL::JUARA,2019,27,0.0,2019-S27
REGIONAL::JUARA,2019,28,0.0,2019-S28
REGIONAL::JUARA,2019,29,0.0,2019-S29
REGIONAL::JUARA,2019,30,0.0,2019-S30
REGIONAL::JUARA,2019,31,0.0,2019-S31
REGIONAL::JUARA,2019,32,0.0,2019-S32
REGIONAL::JUARA,2019,33,0.0,2019-S33
REGIONAL::JUARA,2019,34,0.0,2019-S34
REGIONAL::JUARA,2019,35,0.0,2019-S35
REGIONAL::JUARA,2019,36,0.0,2019-S36
REGIONAL::JUARA,2019,37,0.0,2019-S37
REGIONAL::JUARA,2019,38,0.0,2019-S38
REGIONAL::JUARA,2019,39,0.0,2019-S39
REGIONAL::JUARA,2019,40,0.0,2019-S40
REGIONAL::JUARA,2019,41,0.0,2019-S41
REGIONAL::JUARA,2019,42,0.0,2019-S42
REGIONAL::JUARA,2019,43,0.0,2019-S43
REGIONAL::JUARA,2019,44,0.0,2019-S44
REGIONAL::JUARA,2019,45,0.0,2019-S45
REGIONAL::JUARA,2019,46,0.0,2019-S46
REGIONAL::JUARA,2019,47,0.0,2019-S47
REGIONAL::JUARA,2019,48,0.0,2019-S48
REGIONAL::JUARA,2019,49,0.0,2019-S49
REGIONAL::JUARA,2019,50,0.0,2019-S50
REGIONAL::JUARA,2019,51,0.0,2019-S51
REGIONAL::JUARA,2019,52,0.0,2019-S52
REGIONAL::JUARA,2020,1,0.0,2020-S01
REGIONAL::JUARA,2020,2,0.0,2020-S02
REGIONAL::JUARA,2020,3,0.0,2020-S03
REGIONAL::JUARA,2020,4,0.0,2020-S04
REGIONAL::JUARA,2020,5,0.0,2020-S05
REGIONAL::JUARA,2020,6,0.0,2020-S06
REGIONAL::JUARA,2020,7,0.0,2020-S07
REGIONAL::JUARA,2020,8,0.0,2020-S08
REGIONAL::JUARA,2020,9,0.0,2020-S09
REGIONAL::JUARA,2020,10,0.0,2020-S10
REGIONAL::JUARA,2020,11,0.0,2020-S11
REGIONAL::JUARA,2020,12,0.0,2020-S12
REGIONAL::JUARA,2020,13,0.0,2020-S13
REGIONAL::JUARA,2020,14,0.0,2020-S14
REGIONAL::JUARA,2020,15,0.0,2020-S15
REGIONAL::JUARA,2020,16,0.0,2020-S16
REGIONAL::JUARA,2020,17,0.0,2020-S17
REGIONAL::JUARA,2020,18,0.0,2020-S18
REGIONAL::JUARA,2020,19,0.0,2020-S19
REGIONAL::JUARA,2020,20,0.0,2020-S20
REGIONAL::JUARA,2020,21,0.0,2020-S21
REGIONAL::JUARA,2020,22,0.0,2020-S22
REGIONAL::JUARA,2020,23,0.0,2020-S23
REGIONAL::JUARA,2020,24,0.0,2020-S24
REGIONAL::JUARA,2020,25,0.0,2020-S25
REGIONAL::JUARA,2020,26,0.0,2020-S26
REGIONAL::JUARA,2020,27,0.0,2020-S27
REGIONAL::JUARA,2020,28,0.0,2020-S28
REGIONAL::JUARA,2020,29,0.0,2020-S29
REGIONAL::JUARA,2020,30,0.0,2020-S30
REGIONAL::JUARA,2020,31,0.0,2020-S31
REGIONAL::JUARA,2020,32,0.0,2020-S32
REGIONAL::JUARA,2020,33,0.0,2020-S33
REGIONAL::JUARA,2020,34,0.0,2020-S34
REGIONAL::JUARA,2020,35,0.0,2020-S35
REGIONAL::JUARA,2020,36,0.0,2020-S36
REGIONAL::JUARA,2020,37,0.0,2020-S37
REGIONAL::JUARA,2020,38,0.0,2020-S38
REGIONAL::JUARA,2020,39,0.0,2020-S39
REGIONAL::JUARA,2020,40,0.0,2020-S40
REGIONAL::JUARA,2020,41,0.0,2020-S41
REGIONAL::JUARA,2020,42,0.0,2020-S42
REGIONAL::JUARA,2020,43,0.0,2020-S43
REGIONAL::JUARA,2020,44,0.0,2020-S44
REGIONAL::JUARA,2020,45,0.0,2020-S45
REGIONAL::JUARA,2020,46,0.0,2020-S46
REGIONAL::JUARA,2020,47,0.0,2020-S47
REGIONAL::JUARA,2020,48,0.0,2020-S48
REGIONAL::JUARA,2020,49,0.0,2020-S49
REGIONAL::JUARA,2020,50,0.0,2020-S50
REGIONAL::JUARA,2020,51,0.0,2020-S51
REGIONAL::JUARA,2020,52,0.0,2020-S52
REGIONAL::JUARA,2021,1,0.0,2021-S01
REGIONAL::JUARA,2021,2,0.0,2021-S02
REGIONAL::JUARA,2021,3,0.0,2021-S03
REGIONAL::JUARA,2021,4,0.0,2021-S04
REGIONAL::JUARA,2021,5,0.0,2021-S05
REGIONAL::JUARA,2021,6,0.0,2021-S06
REGIONAL::JUARA,2021,7,0.0,2021-S07
REGIONAL::JUARA,2021,8,0.0,2021-S08
REGIONAL::JUARA,2021,9,0.0,2021-S09
REGIONAL::JUARA,2021,10,0.0,2021-S10
REGIONAL::JUARA,2021,11,0.0,2021-S11
REGIONAL::JUARA,2021,12,0.0,2021-S12
REGIONAL::JUARA,2021,13,0.0,2021-S13
REGIONAL::JUARA,2021,14,0.0,2021-S14
REGIONAL::JUARA,2021,15,0.0,2021-S15
REGIONAL::JUARA,2021,16,0.0,2021-S16
REGIONAL::JUARA,2021,17,0.0,2021-S17
REGIONAL::JUARA,2021,18,0.0,2021-S18
REGIONAL::JUARA,2021,19,0.0,2021-S19
REGIONAL::JUARA,2021,20,0.0,2021-S20
REGIONAL::JUARA,2021,21,0.0,2021-S21
REGIONAL::JUARA,2021,22,0.0,2021-S22
REGIONAL::JUARA,2021,23,0.0,2021-S23
REGIONAL::JUARA,2021,24,0.0,2021-S24
REGIONAL::JUARA,2021,25,0.0,2021-S25
REGIONAL::JUARA,2021,26,0.0,2021-S26
REGIONAL::JUARA,2021,27,0.0,2021-S27
REGIONAL::JUARA,2021,28,0.0,2021-S28
REGIONAL::JUARA,2021,29,0.0,2021-S29
REGIONAL::JUARA,2021,30,0.0,2021-S30
REGIONAL::JUARA,2021,31,0.0,2021-S31
REGIONAL::JUARA,2021,32,0.0,2021-S32
REGIONAL::JUARA,2021,33,0.0,2021-S33
REGIONAL::JUARA,2021,34,0.0,2021-S34
REGIONAL::JUARA,2021,35,0.0,2021-S35
REGIONAL::JUARA,2021,36,0.0,2021-S36
REGIONAL::JUARA,2021,37,0.0,2021-S37
REGIONAL::JUARA,2021,38,0.0,2021-S38
REGIONAL::JUARA,2021,39,0.0,2021-S39
REGIONAL::JUARA,2021,40,0.0,2021-S40
REGIONAL::JUARA,2021,41,0.0,2021-S41
REGIONAL::JUARA,2021,42,0.0,2021-S42
REGIONAL::JUARA,2021,43,0.0,2021-S43
REGIONAL::JUARA,2021,44,0.0,2021-S44
REGIONAL::JUARA,2021,45,0.0,2021-S45
REGIONAL::JUARA,2021,46,0.0,2021-S46
REGIONAL::JUARA,2021,47,0.0,2021-S47
REGIONAL::JUARA,2021,48,0.0,2021-S48
REGIONAL::JUARA,2021,49,0.0,2021-S49
REGIONAL::JUARA,2021,50,0.0,2021-S50
REGIONAL::JUARA,2021,51,0.0,2021-S51
REGIONAL::JUARA,2021,52,0.0,2021-S52
REGIONAL::JUARA,2022,1,0.0,2022-S01
REGIONAL::JUARA,2022,2,0.0,2022-S02
REGIONAL::JUARA,2022,3,0.0,2022-S03
REGIONAL::JUARA,2022,4,0.0,2022-S04
REGIONAL::JUARA,2022,5,0.0,2022-S05
REGIONAL::JUARA,2022,6,0.0,2022-S06
REGIONAL::JUARA,2022,7,0.0,2022-S07
REGIONAL::JUARA,2022,8,0.0,2022-S08
REGIONAL::JUARA,2022,9,0.0,2022-S09
REGIONAL::JUARA,2022,10,0.0,2022-S10
REGIONAL::JUARA,2022,11,0.0,2022-S11
REGIONAL::JUARA,2022,12,0.0,2022-S12
REGIONAL::JUARA,2022,13,0.0,2022-S13
REGIONAL::JUARA,2022,14,0.0,2022-S14
REGIONAL::JUARA,2022,15,0.0,2022-S15
REGIONAL::JUARA,2022,16,0.0,2022-S16
REGIONAL::JUARA,2022,17,0.0,2022-S17
REGIONAL::JUARA,2022,18,0.0,2022-S18
REGIONAL::JUARA,2022,19,0.0,2022-S19
REGIONAL::JUARA,2022,20,0.0,2022-S20
REGIONAL::JUARA,2022,21,0.0,2022-S21
REGIONAL::JUARA,2022,22,0.0,2022-S22
REGIONAL::JUARA,2022,23,0.0,2022-S23
REGIONAL::JUARA,2022,24,0.0,2022-S24
REGIONAL::JUARA,2022,25,0.0,2022-S25
REGIONAL::JUARA,2022,26,0.0,2022-S26
REGIONAL::JUARA,2022,27,0.0,2022-S27
REGIONAL::JUARA,2022,28,0.0,2022-S28
REGIONAL::JUARA,2022,29,0.0,2022-S29
REGIONAL::JUARA,2022,30,0.0,2022-S30
REGIONAL::JUARA,2022,31,0.0,2022-S31
REGIONAL::JUARA,2022,32,0.0,2022-S32
REGIONAL::JUARA,2022,33,0.0,2022-S33
REGIONAL::JUARA,2022,34,0.0,2022-S34
REGIONAL::JUARA,2022,35,0.0,2022-S35
REGIONAL::JUARA,2022,36,0.0,2022-S36
REGIONAL::JUARA,2022,37,0.0,2022-S37
REGIONAL::JUARA,2022,38,1.0,2022-S38
REGIONAL::JUARA,2022,39,0.0,2022-S39
REGIONAL::JUARA,2022,40,0.0,2022-S40
REGIONAL::JUARA,2022,41,0.0,2022-S41
REGIONAL::JUARA,2022,42,0.0,2022-S42
REGIONAL::JUARA,2022,43,0.0,2022-S43
REGIONAL::JUARA,2022,44,1.0,2022-S44
REGIONAL::JUARA,2022,45,0.0,2022-S45
REGIONAL::JUARA,2022,46,0.0,2022-S46
REGIONAL::JUARA,2022,47,0.0,2022-S47
REGIONAL::JUARA,2022,48,0.0,2022-S48
REGIONAL::JUARA,2022,49,0.0,2022-S49
REGIONAL::JUARA,2022,50,0.0,2022-S50
REGIONAL::JUARA,2022,51,0.0,2022-S51
REGIONAL::JUARA,2022,52,0.0,2022-S52
REGIONAL::JUARA,2023,1,0.0,2023-S01
REGIONAL::JUARA,2023,2,0.0,2023-S02
REGIONAL::JUARA,2023,3,0.0,2023-S03
REGIONAL::JUARA,2023,4,0.0,2023-S04
REGIONAL::JUARA,2023,5,0.0,2023-S05
REGIONAL::JUARA,2023,6,0.0,2023-S06
REGIONAL::JUARA,2023,7,0.0,2023-S07
REGIONAL::JUARA,2023,8,0.0,2023-S08
REGIONAL::JUARA,2023,9,0.0,2023-S09
REGIONAL::JUARA,2023,10,0.0,2023-S10
REGIONAL::JUARA,2023,11,0.0,2023-S11
REGIONAL::JUARA,2023,12,0.0,2023-S12
REGIONAL::JUARA,2023,13,0.0,2023-S13
REGIONAL::JUARA,2023,14,0.0,2023-S14
REGIONAL::JUARA,2023,15,0.0,2023-S15
REGIONAL::JUARA,2023,16,0.0,2023-S16
REGIONAL::JUARA,2023,17,2.0,2023-S17
REGIONAL::JUARA,2023,18,0.0,2023-S18
REGIONAL::JUARA,2023,19,0.0,2023-S19
REGIONAL::JUARA,2023,20,0.0,2023-S20
REGIONAL::JUARA,2023,21,0.0,2023-S21
REGIONAL::JUARA,2023,22,1.0,2023-S22
REGIONAL::JUARA,2023,23,0.0,2023-S23
REGIONAL::JUARA,2023,24,0.0,2023-S24
REGIONAL::JUARA,2023,25,0.0,2023-S25
REGIONAL::JUARA,2023,26,0.0,2023-S26
REGIONAL::JUARA,2023,27,0.0,2023-S27
REGIONAL::JUARA,2023,28,0.0,2023-S28
REGIONAL::JUARA,2023,29,0.0,2023-S29
REGIONAL::JUARA,2023,30,0.0,2023-S30
REGIONAL::JUARA,2023,31,2.0,2023-S31
REGIONAL::JUARA,2023,32,0.0,2023-S32
REGIONAL::JUARA,2023,33,0.0,2023-S33
REGIONAL::JUARA,2023,34,0.0,2023-S34
REGIONAL::JUARA,2023,35,0.0,2023-S35
REGIONAL::JUARA,2023,36,1.0,2023-S36
REGIONAL::JUARA,2023,37,0.0,2023-S37
REGIONAL::JUARA,2023,38,0.0,2023-S38
REGIONAL::JUARA,2023,39,0.0,2023-S39
REGIONAL::JUARA,2023,40,0.0,2023-S40
REGIONAL::JUARA,2023,41,0.0,2023-S41
REGIONAL::JUARA,2023,42,0.0,2023-S42
REGIONAL::JUARA,2023,43,0.0,2023-S43
REGIONAL::JUARA,2023,44,0.0,2023-S44
REGIONAL::JUARA,2023,45,0.0,2023-S45
REGIONAL::JUARA,2023,46,0.0,2023-S46
REGIONAL::JUARA,2023,47,0.0,2023-S47
REGIONAL::JUARA,2023,48,0.0,2023-S48
REGIONAL::JUARA,2023,49,0.0,2023-S49
REGIONAL::JUARA,2023,50,0.0,2023-S50
REGIONAL::JUARA,2023,51,0.0,2023-S51
REGIONAL::JUARA,2023,52,0.0,2023-S52
REGIONAL::JUARA,2024,1,0.0,2024-S01
REGIONAL::JUARA,2024,2,0.0,2024-S02
REGIONAL::JUARA,2024,3,0.0,2024-S03
REGIONAL::JUARA,2024,4,0.0,2024-S04
REGIONAL::JUARA,2024,5,0.0,2024-S05
REGIONAL::JUARA,2024,6,0.0,2024-S06
REGIONAL::JUARA,2024,7,0.0,2024-S07
REGIONAL::JUARA,2024,8,0.0,2024-S08
REGIONAL::JUARA,2024,9,0.0,2024-S09
REGIONAL::JUARA,2024,10,0.0,2024-S10
REGIONAL::JUARA,2024,11,0.0,2024-S11
REGIONAL::JUARA,2024,12,0.0,2024-S12
REGIONAL::JUARA,2024,13,1.0,2024-S13
REGIONAL::JUARA,2024,14,0.0,2024-S14
REGIONAL::JUARA,2024,15,0.0,2024-S15
REGIONAL::JUARA,2024,16,0.0,2024-S16
REGIONAL::JUARA,2024,17,0.0,2024-S17
REGIONAL::JUARA,2024,18,0.0,2024-S18
REGIONAL::JUARA,2024,19,0.0,2024-S19
REGIONAL::JUARA,2024,20,1.0,2024-S20
REGIONAL::JUARA,2024,21,0.0,2024-S21
REGIONAL::JUARA,2024,22,0.0,2024-S22
REGIONAL::JUARA,2024,23,0.0,2024-S23
REGIONAL::JUARA,2024,24,0.0,2024-S24
REGIONAL::JUARA,2024,25,0.0,2024-S25
REGIONAL::JUARA,2024,26,0.0,2024-S26
REGIONAL::JUARA,2024,27,0.0,2024-S27
REGIONAL::JUARA,2024,28,0.0,2024-S28
REGIONAL::JUARA,2024,29,0.0,2024-S29
REGIONAL::JUARA,2024,30,0.0,2024-S30
REGIONAL::JUARA,2024,31,1.0,2024-S31
REGIONAL::JUARA,2024,32,0.0,2024-S32
REGIONAL::JUARA,2024,33,0.0,2024-S33
REGIONAL::JUARA,2024,34,0.0,2024-S34
REGIONAL::JUARA,2024,35,0.0,2024-S35
REGIONAL::JUARA,2024,36,0.0,2024-S36
REGIONAL::JUARA,2024,37,0.0,2024-S37
REGIONAL::JUARA,2024,38,0.0,2024-S38
REGIONAL::JUARA,2024,39,0.0,2024-S39
REGIONAL::JUARA,2024,40,2.0,2024-S40
REGIONAL::JUARA,2024,41,0.0,2024-S41
REGIONAL::JUARA,2024,42,0.0,2024-S42
REGIONAL::JUARA,2024,43,0.0,2024-S43
REGIONAL::JUARA,2024,44,0.0,2024-S44
REGIONAL::JUARA,2024,45,0.0,2024-S45
REGIONAL::JUARA,2024,46,0.0,2024-S46
REGIONAL::JUARA,2024,47,0.0,2024-S47
REGIONAL::JUARA,2024,48,0.0,2024-S48
REGIONAL::JUARA,2024,49,1.0,2024-S49
REGIONAL::JUARA,2024,50,1.0,2024-S50
REGIONAL::JUARA,2024,51,0.0,2024-S51
REGIONAL::JUARA,2024,52,0.0,2024-S52
REGIONAL::JUARA,2025,1,0.0,2025-S01
REGIONAL::JUARA,2025,2,0.0,2025-S02
REGIONAL::JUARA,2025,3,0.0,2025-S03
REGIONAL::JUARA,2025,4,0.0,2025-S04
REGIONAL::JUARA,2025,5,0.0,2025-S05
REGIONAL::JUARA,2025,6,0.0,2025-S06
REGIONAL::JUARA,2025,7,0.0,2025-S07
REGIONAL::JUARA,2025,8,0.0,2025-S08
REGIONAL::JUARA,2025,9,0.0,2025-S09
REGIONAL::JUARA,2025,10,1.0,2025-S10
REGIONAL::JUARA,2025,11,0.0,2025-S11
REGIONAL::JUARA,2025,12,0.0,2025-S12
REGIONAL::JUARA,2025,13,0.0,2025-S13
REGIONAL::JUARA,2025,14,0.0,2025-S14
REGIONAL::JUARA,2025,15,0.0,2025-S15
REGIONAL::JUARA,2025,16,0.0,2025-S16
REGIONAL::JUARA,2025,17,0.0,2025-S17
REGIONAL::JUARA,2025,18,0.0,2025-S18
REGIONAL::JUARA,2025,19,0.0,2025-S19
REGIONAL::JUARA,2025,20,0.0,2025-S20
REGIONAL::JUARA,2025,21,0.0,2025-S21
REGIONAL::JUARA,2025,22,0.0,2025-S22
REGIONAL::JUARA,2025,23,0.0,2025-S23
REGIONAL::JUARA,2025,24,0.0,2025-S24
REGIONAL::JUARA,2025,25,1.0,2025-S25
REGIONAL::JUARA,2025,26,0.0,2025-S26
REGIONAL::JUARA,2025,27,0.0,2025-S27
REGIONAL::JUARA,2025,28,0.0,2025-S28
REGIONAL::JUARA,2025,29,0.0,2025-S29
REGIONAL::JUARA,2025,30,0.0,2025-S30
REGIONAL::JUARA,2025,31,0.0,2025-S31
REGIONAL::JUARA,2025,32,0.0,2025-S32
REGIONAL::JUARA,2025,33,0.0,2025-S33
REGIONAL::JUARA,2025,34,0.0,2025-S34
REGIONAL::JUARA,2025,35,0.0,2025-S35
REGIONAL::JUARA,2025,36,0.0,2025-S36
REGIONAL::JUARA,2025,37,0.0,2025-S37
REGIONAL::JUARA,2025,38,0.0,2025-S38
REGIONAL::JUARA,2025,39,0.0,2025-S39
REGIONAL::JUARA,2025,40,1.0,2025-S40
REGIONAL::JUARA,2025,41,0.0,2025-S41
REGIONAL::JUARA,2025,42,0.0,2025-S42
REGIONAL::JUARA,2025,43,1.0,2025-S43
REGIONAL::JUARA,2025,44,0.0,2025-S44
REGIONAL::JUARA,2025,45,0.0,2025-S45
REGIONAL::JUARA,2025,46,0.0,2025-S46
REGIONAL::JUARA,2025,47,2.0,2025-S47
REGIONAL::JUARA,2025,48,0.0,2025-S48
REGIONAL::JUARA,2025,49,0.0,2025-S49
REGIONAL::JUARA,2025,50,0.0,2025-S50
REGIONAL::JUARA,2025,51,0.0,2025-S51
REGIONAL::JUARA,2025,52,0.0,2025-S52
REGIONAL::JUARA,2026,1,0.0,2026-S01
REGIONAL::JUARA,2026,2,0.0,2026-S02
REGIONAL::JUARA,2026,3,0.0,2026-S03
REGIONAL::JUARA,2026,4,0.0,2026-S04
REGIONAL::JUARA,2026,5,0.0,2026-S05
REGIONAL::JUARA,2026,6,0.0,2026-S06
REGIONAL::JUARA,2026,7,0.0,2026-S07
REGIONAL::JUARA,2026,8,0.0,2026-S08
REGIONAL::JUARA,2026,9,0.0,2026-S09
REGIONAL::JUARA,2026,10,0.0,2026-S10
REGIONAL::JUARA,2026,11,0.0,2026-S11
REGIONAL::JUARA,2026,12,0.0,2026-S12
REGIONAL::JUARA,2026,13,0.0,2026-S13
REGIONAL::JUARA,2026,14,0.0,2026-S14
REGIONAL::JUARA,2026,15,0.0,2026-S15
REGIONAL::JUARA,2026,16,0.0,2026-S16
REGIONAL::JUARA,2026,17,1.0,2026-S17
REGIONAL::JUARA,2026,18,1.0,2026-S18
REGIONAL::JUARA,2026,19,0.0,2026-S19
REGIONAL::JUARA,2026,20,1.0,2026-S20
REGIONAL::JUARA,2026,21,0.0,2026-S21
REGIONAL::JUARA,2026,22,1.0,2026-S22
REGIONAL::JUARA,2026,23,0.0,2026-S23
REGIONAL::JUARA,2026,24,0.0,2026-S24
REGIONAL::JUARA,2026,25,0.0,2026-S25
REGIONAL::JUARA,2026,26,0.0,2026-S26
REGIONAL::JUARA,2026,27,0.0,2026-S27
REGIONAL::JUARA,2026,28,0.0,2026-S28
REGIONAL::JUARA,2026,29,0.0,2026-S29
REGIONAL::JUARA,2026,30,0.0,2026-S30
REGIONAL::JUARA,2026,31,0.0,2026-S31
REGIONAL::JUINA,2007,1,1.0,2007-S01
REGIONAL::JUINA,2007,2,0.0,2007-S02
REGIONAL::JUINA,2007,3,0.0,2007-S03
REGIONAL::JUINA,2007,4,0.0,2007-S04
REGIONAL::JUINA,2007,5,0.0,2007-S05
REGIONAL::JUINA,2007,6,1.0,2007-S06
REGIONAL::JUINA,2007,7,0.0,2007-S07
REGIONAL::JUINA,2007,8,0.0,2007-S08
REGIONAL::JUINA,2007,9,0.0,2007-S09
REGIONAL::JUINA,2007,10,0.0,2007-S10
REGIONAL::JUINA,2007,11,0.0,2007-S11
REGIONAL::JUINA,2007,12,0.0,2007-S12
REGIONAL::JUINA,2007,13,0.0,2007-S13
REGIONAL::JUINA,2007,14,0.0,2007-S14
REGIONAL::JUINA,2007,15,0.0,2007-S15
REGIONAL::JUINA,2007,16,0.0,2007-S16
REGIONAL::JUINA,2007,17,0.0,2007-S17
REGIONAL::JUINA,2007,18,0.0,2007-S18
REGIONAL::JUINA,2007,19,0.0,2007-S19
REGIONAL::JUINA,2007,20,0.0,2007-S20
REGIONAL::JUINA,2007,21,0.0,2007-S21
REGIONAL::JUINA,2007,22,2.0,2007-S22
REGIONAL::JUINA,2007,23,1.0,2007-S23
REGIONAL::JUINA,2007,24,0.0,2007-S24
REGIONAL::JUINA,2007,25,1.0,2007-S25
REGIONAL::JUINA,2007,26,1.0,2007-S26
REGIONAL::JUINA,2007,27,0.0,2007-S27
REGIONAL::JUINA,2007,28,0.0,2007-S28
REGIONAL::JUINA,2007,29,0.0,2007-S29
REGIONAL::JUINA,2007,30,0.0,2007-S30
REGIONAL::JUINA,2007,31,0.0,2007-S31
REGIONAL::JUINA,2007,32,0.0,2007-S32
REGIONAL::JUINA,2007,33,0.0,2007-S33
REGIONAL::JUINA,2007,34,1.0,2007-S34
REGIONAL::JUINA,2007,35,0.0,2007-S35
REGIONAL::JUINA,2007,36,0.0,2007-S36
REGIONAL::JUINA,2007,37,0.0,2007-S37
REGIONAL::JUINA,2007,38,0.0,2007-S38
REGIONAL::JUINA,2007,39,0.0,2007-S39
REGIONAL::JUINA,2007,40,1.0,2007-S40
REGIONAL::JUINA,2007,41,0.0,2007-S41
REGIONAL::JUINA,2007,42,0.0,2007-S42
REGIONAL::JUINA,2007,43,0.0,2007-S43
REGIONAL::JUINA,2007,44,0.0,2007-S44
REGIONAL::JUINA,2007,45,0.0,2007-S45
REGIONAL::JUINA,2007,46,0.0,2007-S46
REGIONAL::JUINA,2007,47,0.0,2007-S47
REGIONAL::JUINA,2007,48,0.0,2007-S48
REGIONAL::JUINA,2007,49,0.0,2007-S49
REGIONAL::JUINA,2007,50,0.0,2007-S50
REGIONAL::JUINA,2007,51,0.0,2007-S51
REGIONAL::JUINA,2007,52,0.0,2007-S52
REGIONAL::JUINA,2008,1,0.0,2008-S01
REGIONAL::JUINA,2008,2,0.0,2008-S02
REGIONAL::JUINA,2008,3,0.0,2008-S03
REGIONAL::JUINA,2008,4,0.0,2008-S04
REGIONAL::JUINA,2008,5,2.0,2008-S05
REGIONAL::JUINA,2008,6,0.0,2008-S06
REGIONAL::JUINA,2008,7,0.0,2008-S07
REGIONAL::JUINA,2008,8,0.0,2008-S08
REGIONAL::JUINA,2008,9,0.0,2008-S09
REGIONAL::JUINA,2008,10,0.0,2008-S10
REGIONAL::JUINA,2008,11,0.0,2008-S11
REGIONAL::JUINA,2008,12,0.0,2008-S12
REGIONAL::JUINA,2008,13,0.0,2008-S13
REGIONAL::JUINA,2008,14,0.0,2008-S14
REGIONAL::JUINA,2008,15,0.0,2008-S15
REGIONAL::JUINA,2008,16,0.0,2008-S16
REGIONAL::JUINA,2008,17,0.0,2008-S17
REGIONAL::JUINA,2008,18,0.0,2008-S18
REGIONAL::JUINA,2008,19,1.0,2008-S19
REGIONAL::JUINA,2008,20,0.0,2008-S20
REGIONAL::JUINA,2008,21,0.0,2008-S21
REGIONAL::JUINA,2008,22,0.0,2008-S22
REGIONAL::JUINA,2008,23,0.0,2008-S23
REGIONAL::JUINA,2008,24,0.0,2008-S24
REGIONAL::JUINA,2008,25,0.0,2008-S25
REGIONAL::JUINA,2008,26,0.0,2008-S26
REGIONAL::JUINA,2008,27,0.0,2008-S27
REGIONAL::JUINA,2008,28,0.0,2008-S28
REGIONAL::JUINA,2008,29,0.0,2008-S29
REGIONAL::JUINA,2008,30,0.0,2008-S30
REGIONAL::JUINA,2008,31,0.0,2008-S31
REGIONAL::JUINA,2008,32,0.0,2008-S32
REGIONAL::JUINA,2008,33,0.0,2008-S33
REGIONAL::JUINA,2008,34,0.0,2008-S34
REGIONAL::JUINA,2008,35,0.0,2008-S35
REGIONAL::JUINA,2008,36,0.0,2008-S36
REGIONAL::JUINA,2008,37,0.0,2008-S37
REGIONAL::JUINA,2008,38,0.0,2008-S38
REGIONAL::JUINA,2008,39,0.0,2008-S39
REGIONAL::JUINA,2008,40,0.0,2008-S40
REGIONAL::JUINA,2008,41,0.0,2008-S41
REGIONAL::JUINA,2008,42,0.0,2008-S42
REGIONAL::JUINA,2008,43,0.0,2008-S43
REGIONAL::JUINA,2008,44,0.0,2008-S44
REGIONAL::JUINA,2008,45,0.0,2008-S45
REGIONAL::JUINA,2008,46,0.0,2008-S46
REGIONAL::JUINA,2008,47,0.0,2008-S47
REGIONAL::JUINA,2008,48,0.0,2008-S48
REGIONAL::JUINA,2008,49,0.0,2008-S49
REGIONAL::JUINA,2008,50,0.0,2008-S50
REGIONAL::JUINA,2008,51,1.0,2008-S51
REGIONAL::JUINA,2008,52,0.0,2008-S52
REGIONAL::JUINA,2009,1,0.0,2009-S01
REGIONAL::JUINA,2009,2,0.0,2009-S02
REGIONAL::JUINA,2009,3,0.0,2009-S03
REGIONAL::JUINA,2009,4,1.0,2009-S04
REGIONAL::JUINA,2009,5,1.0,2009-S05
REGIONAL::JUINA,2009,6,0.0,2009-S06
REGIONAL::JUINA,2009,7,0.0,2009-S07
REGIONAL::JUINA,2009,8,0.0,2009-S08
REGIONAL::JUINA,2009,9,0.0,2009-S09
REGIONAL::JUINA,2009,10,0.0,2009-S10
REGIONAL::JUINA,2009,11,0.0,2009-S11
REGIONAL::JUINA,2009,12,0.0,2009-S12
REGIONAL::JUINA,2009,13,0.0,2009-S13
REGIONAL::JUINA,2009,14,1.0,2009-S14
REGIONAL::JUINA,2009,15,0.0,2009-S15
REGIONAL::JUINA,2009,16,0.0,2009-S16
REGIONAL::JUINA,2009,17,1.0,2009-S17
REGIONAL::JUINA,2009,18,1.0,2009-S18
REGIONAL::JUINA,2009,19,1.0,2009-S19
REGIONAL::JUINA,2009,20,1.0,2009-S20
REGIONAL::JUINA,2009,21,0.0,2009-S21
REGIONAL::JUINA,2009,22,1.0,2009-S22
REGIONAL::JUINA,2009,23,1.0,2009-S23
REGIONAL::JUINA,2009,24,0.0,2009-S24
REGIONAL::JUINA,2009,25,0.0,2009-S25
REGIONAL::JUINA,2009,26,0.0,2009-S26
REGIONAL::JUINA,2009,27,0.0,2009-S27
REGIONAL::JUINA,2009,28,0.0,2009-S28
REGIONAL::JUINA,2009,29,0.0,2009-S29
REGIONAL::JUINA,2009,30,0.0,2009-S30
REGIONAL::JUINA,2009,31,1.0,2009-S31
REGIONAL::JUINA,2009,32,0.0,2009-S32
REGIONAL::JUINA,2009,33,1.0,2009-S33
REGIONAL::JUINA,2009,34,1.0,2009-S34
REGIONAL::JUINA,2009,35,1.0,2009-S35
REGIONAL::JUINA,2009,36,0.0,2009-S36
REGIONAL::JUINA,2009,37,0.0,2009-S37
REGIONAL::JUINA,2009,38,1.0,2009-S38
REGIONAL::JUINA,2009,39,0.0,2009-S39
REGIONAL::JUINA,2009,40,0.0,2009-S40
REGIONAL::JUINA,2009,41,0.0,2009-S41
REGIONAL::JUINA,2009,42,0.0,2009-S42
REGIONAL::JUINA,2009,43,0.0,2009-S43
REGIONAL::JUINA,2009,44,0.0,2009-S44
REGIONAL::JUINA,2009,45,0.0,2009-S45
REGIONAL::JUINA,2009,46,0.0,2009-S46
REGIONAL::JUINA,2009,47,0.0,2009-S47
REGIONAL::JUINA,2009,48,0.0,2009-S48
REGIONAL::JUINA,2009,49,0.0,2009-S49
REGIONAL::JUINA,2009,50,0.0,2009-S50
REGIONAL::JUINA,2009,51,0.0,2009-S51
REGIONAL::JUINA,2009,52,0.0,2009-S52
REGIONAL::JUINA,2010,1,0.0,2010-S01
REGIONAL::JUINA,2010,2,0.0,2010-S02
REGIONAL::JUINA,2010,3,0.0,2010-S03
REGIONAL::JUINA,2010,4,0.0,2010-S04
REGIONAL::JUINA,2010,5,0.0,2010-S05
REGIONAL::JUINA,2010,6,0.0,2010-S06
REGIONAL::JUINA,2010,7,0.0,2010-S07
REGIONAL::JUINA,2010,8,0.0,2010-S08
REGIONAL::JUINA,2010,9,0.0,2010-S09
REGIONAL::JUINA,2010,10,0.0,2010-S10
REGIONAL::JUINA,2010,11,1.0,2010-S11
REGIONAL::JUINA,2010,12,0.0,2010-S12
REGIONAL::JUINA,2010,13,0.0,2010-S13
REGIONAL::JUINA,2010,14,0.0,2010-S14
REGIONAL::JUINA,2010,15,0.0,2010-S15
REGIONAL::JUINA,2010,16,0.0,2010-S16
REGIONAL::JUINA,2010,17,0.0,2010-S17
REGIONAL::JUINA,2010,18,0.0,2010-S18
REGIONAL::JUINA,2010,19,0.0,2010-S19
REGIONAL::JUINA,2010,20,0.0,2010-S20
REGIONAL::JUINA,2010,21,0.0,2010-S21
REGIONAL::JUINA,2010,22,0.0,2010-S22
REGIONAL::JUINA,2010,23,0.0,2010-S23
REGIONAL::JUINA,2010,24,0.0,2010-S24
REGIONAL::JUINA,2010,25,1.0,2010-S25
REGIONAL::JUINA,2010,26,0.0,2010-S26
REGIONAL::JUINA,2010,27,0.0,2010-S27
REGIONAL::JUINA,2010,28,0.0,2010-S28
REGIONAL::JUINA,2010,29,1.0,2010-S29
REGIONAL::JUINA,2010,30,0.0,2010-S30
REGIONAL::JUINA,2010,31,0.0,2010-S31
REGIONAL::JUINA,2010,32,0.0,2010-S32
REGIONAL::JUINA,2010,33,0.0,2010-S33
REGIONAL::JUINA,2010,34,0.0,2010-S34
REGIONAL::JUINA,2010,35,0.0,2010-S35
REGIONAL::JUINA,2010,36,0.0,2010-S36
REGIONAL::JUINA,2010,37,0.0,2010-S37
REGIONAL::JUINA,2010,38,0.0,2010-S38
REGIONAL::JUINA,2010,39,0.0,2010-S39
REGIONAL::JUINA,2010,40,0.0,2010-S40
REGIONAL::JUINA,2010,41,0.0,2010-S41
REGIONAL::JUINA,2010,42,0.0,2010-S42
REGIONAL::JUINA,2010,43,0.0,2010-S43
REGIONAL::JUINA,2010,44,0.0,2010-S44
REGIONAL::JUINA,2010,45,0.0,2010-S45
REGIONAL::JUINA,2010,46,0.0,2010-S46
REGIONAL::JUINA,2010,47,0.0,2010-S47
REGIONAL::JUINA,2010,48,0.0,2010-S48
REGIONAL::JUINA,2010,49,0.0,2010-S49
REGIONAL::JUINA,2010,50,0.0,2010-S50
REGIONAL::JUINA,2010,51,0.0,2010-S51
REGIONAL::JUINA,2010,52,0.0,2010-S52
REGIONAL::JUINA,2011,1,0.0,2011-S01
REGIONAL::JUINA,2011,2,0.0,2011-S02
REGIONAL::JUINA,2011,3,0.0,2011-S03
REGIONAL::JUINA,2011,4,0.0,2011-S04
REGIONAL::JUINA,2011,5,0.0,2011-S05
REGIONAL::JUINA,2011,6,0.0,2011-S06
REGIONAL::JUINA,2011,7,0.0,2011-S07
REGIONAL::JUINA,2011,8,0.0,2011-S08
REGIONAL::JUINA,2011,9,0.0,2011-S09
REGIONAL::JUINA,2011,10,0.0,2011-S10
REGIONAL::JUINA,2011,11,0.0,2011-S11
REGIONAL::JUINA,2011,12,0.0,2011-S12
REGIONAL::JUINA,2011,13,0.0,2011-S13
REGIONAL::JUINA,2011,14,0.0,2011-S14
REGIONAL::JUINA,2011,15,0.0,2011-S15
REGIONAL::JUINA,2011,16,0.0,2011-S16
REGIONAL::JUINA,2011,17,0.0,2011-S17
REGIONAL::JUINA,2011,18,1.0,2011-S18
REGIONAL::JUINA,2011,19,0.0,2011-S19
REGIONAL::JUINA,2011,20,0.0,2011-S20
REGIONAL::JUINA,2011,21,0.0,2011-S21
REGIONAL::JUINA,2011,22,0.0,2011-S22
REGIONAL::JUINA,2011,23,0.0,2011-S23
REGIONAL::JUINA,2011,24,0.0,2011-S24
REGIONAL::JUINA,2011,25,0.0,2011-S25
REGIONAL::JUINA,2011,26,0.0,2011-S26
REGIONAL::JUINA,2011,27,1.0,2011-S27
REGIONAL::JUINA,2011,28,0.0,2011-S28
REGIONAL::JUINA,2011,29,1.0,2011-S29
REGIONAL::JUINA,2011,30,0.0,2011-S30
REGIONAL::JUINA,2011,31,0.0,2011-S31
REGIONAL::JUINA,2011,32,0.0,2011-S32
REGIONAL::JUINA,2011,33,0.0,2011-S33
REGIONAL::JUINA,2011,34,0.0,2011-S34
REGIONAL::JUINA,2011,35,0.0,2011-S35
REGIONAL::JUINA,2011,36,0.0,2011-S36
REGIONAL::JUINA,2011,37,0.0,2011-S37
REGIONAL::JUINA,2011,38,0.0,2011-S38
REGIONAL::JUINA,2011,39,0.0,2011-S39
REGIONAL::JUINA,2011,40,0.0,2011-S40
REGIONAL::JUINA,2011,41,0.0,2011-S41
REGIONAL::JUINA,2011,42,0.0,2011-S42
REGIONAL::JUINA,2011,43,0.0,2011-S43
REGIONAL::JUINA,2011,44,0.0,2011-S44
REGIONAL::JUINA,2011,45,0.0,2011-S45
REGIONAL::JUINA,2011,46,0.0,2011-S46
REGIONAL::JUINA,2011,47,0.0,2011-S47
REGIONAL::JUINA,2011,48,0.0,2011-S48
REGIONAL::JUINA,2011,49,0.0,2011-S49
REGIONAL::JUINA,2011,50,0.0,2011-S50
REGIONAL::JUINA,2011,51,0.0,2011-S51
REGIONAL::JUINA,2011,52,0.0,2011-S52
REGIONAL::JUINA,2012,1,0.0,2012-S01
REGIONAL::JUINA,2012,2,0.0,2012-S02
REGIONAL::JUINA,2012,3,0.0,2012-S03
REGIONAL::JUINA,2012,4,0.0,2012-S04
REGIONAL::JUINA,2012,5,0.0,2012-S05
REGIONAL::JUINA,2012,6,0.0,2012-S06
REGIONAL::JUINA,2012,7,0.0,2012-S07
REGIONAL::JUINA,2012,8,0.0,2012-S08
REGIONAL::JUINA,2012,9,0.0,2012-S09
REGIONAL::JUINA,2012,10,1.0,2012-S10
REGIONAL::JUINA,2012,11,0.0,2012-S11
REGIONAL::JUINA,2012,12,0.0,2012-S12
REGIONAL::JUINA,2012,13,0.0,2012-S13
REGIONAL::JUINA,2012,14,0.0,2012-S14
REGIONAL::JUINA,2012,15,0.0,2012-S15
REGIONAL::JUINA,2012,16,0.0,2012-S16
REGIONAL::JUINA,2012,17,0.0,2012-S17
REGIONAL::JUINA,2012,18,0.0,2012-S18
REGIONAL::JUINA,2012,19,0.0,2012-S19
REGIONAL::JUINA,2012,20,0.0,2012-S20
REGIONAL::JUINA,2012,21,0.0,2012-S21
REGIONAL::JUINA,2012,22,0.0,2012-S22
REGIONAL::JUINA,2012,23,0.0,2012-S23
REGIONAL::JUINA,2012,24,0.0,2012-S24
REGIONAL::JUINA,2012,25,1.0,2012-S25
REGIONAL::JUINA,2012,26,0.0,2012-S26
REGIONAL::JUINA,2012,27,0.0,2012-S27
REGIONAL::JUINA,2012,28,0.0,2012-S28
REGIONAL::JUINA,2012,29,0.0,2012-S29
REGIONAL::JUINA,2012,30,0.0,2012-S30
REGIONAL::JUINA,2012,31,0.0,2012-S31
REGIONAL::JUINA,2012,32,1.0,2012-S32
REGIONAL::JUINA,2012,33,0.0,2012-S33
REGIONAL::JUINA,2012,34,0.0,2012-S34
REGIONAL::JUINA,2012,35,0.0,2012-S35
REGIONAL::JUINA,2012,36,0.0,2012-S36
REGIONAL::JUINA,2012,37,0.0,2012-S37
REGIONAL::JUINA,2012,38,0.0,2012-S38
REGIONAL::JUINA,2012,39,0.0,2012-S39
REGIONAL::JUINA,2012,40,0.0,2012-S40
REGIONAL::JUINA,2012,41,0.0,2012-S41
REGIONAL::JUINA,2012,42,0.0,2012-S42
REGIONAL::JUINA,2012,43,0.0,2012-S43
REGIONAL::JUINA,2012,44,0.0,2012-S44
REGIONAL::JUINA,2012,45,0.0,2012-S45
REGIONAL::JUINA,2012,46,0.0,2012-S46
REGIONAL::JUINA,2012,47,0.0,2012-S47
REGIONAL::JUINA,2012,48,0.0,2012-S48
REGIONAL::JUINA,2012,49,0.0,2012-S49
REGIONAL::JUINA,2012,50,0.0,2012-S50
REGIONAL::JUINA,2012,51,0.0,2012-S51
REGIONAL::JUINA,2012,52,1.0,2012-S52
REGIONAL::JUINA,2013,1,0.0,2013-S01
REGIONAL::JUINA,2013,2,0.0,2013-S02
REGIONAL::JUINA,2013,3,0.0,2013-S03
REGIONAL::JUINA,2013,4,0.0,2013-S04
REGIONAL::JUINA,2013,5,0.0,2013-S05
REGIONAL::JUINA,2013,6,0.0,2013-S06
REGIONAL::JUINA,2013,7,1.0,2013-S07
REGIONAL::JUINA,2013,8,0.0,2013-S08
REGIONAL::JUINA,2013,9,0.0,2013-S09
REGIONAL::JUINA,2013,10,0.0,2013-S10
REGIONAL::JUINA,2013,11,0.0,2013-S11
REGIONAL::JUINA,2013,12,0.0,2013-S12
REGIONAL::JUINA,2013,13,0.0,2013-S13
REGIONAL::JUINA,2013,14,1.0,2013-S14
REGIONAL::JUINA,2013,15,0.0,2013-S15
REGIONAL::JUINA,2013,16,0.0,2013-S16
REGIONAL::JUINA,2013,17,0.0,2013-S17
REGIONAL::JUINA,2013,18,0.0,2013-S18
REGIONAL::JUINA,2013,19,0.0,2013-S19
REGIONAL::JUINA,2013,20,0.0,2013-S20
REGIONAL::JUINA,2013,21,0.0,2013-S21
REGIONAL::JUINA,2013,22,0.0,2013-S22
REGIONAL::JUINA,2013,23,0.0,2013-S23
REGIONAL::JUINA,2013,24,0.0,2013-S24
REGIONAL::JUINA,2013,25,0.0,2013-S25
REGIONAL::JUINA,2013,26,0.0,2013-S26
REGIONAL::JUINA,2013,27,0.0,2013-S27
REGIONAL::JUINA,2013,28,0.0,2013-S28
REGIONAL::JUINA,2013,29,0.0,2013-S29
REGIONAL::JUINA,2013,30,0.0,2013-S30
REGIONAL::JUINA,2013,31,1.0,2013-S31
REGIONAL::JUINA,2013,32,0.0,2013-S32
REGIONAL::JUINA,2013,33,0.0,2013-S33
REGIONAL::JUINA,2013,34,0.0,2013-S34
REGIONAL::JUINA,2013,35,0.0,2013-S35
REGIONAL::JUINA,2013,36,0.0,2013-S36
REGIONAL::JUINA,2013,37,0.0,2013-S37
REGIONAL::JUINA,2013,38,0.0,2013-S38
REGIONAL::JUINA,2013,39,0.0,2013-S39
REGIONAL::JUINA,2013,40,0.0,2013-S40
REGIONAL::JUINA,2013,41,0.0,2013-S41
REGIONAL::JUINA,2013,42,0.0,2013-S42
REGIONAL::JUINA,2013,43,0.0,2013-S43
REGIONAL::JUINA,2013,44,0.0,2013-S44
REGIONAL::JUINA,2013,45,0.0,2013-S45
REGIONAL::JUINA,2013,46,0.0,2013-S46
REGIONAL::JUINA,2013,47,0.0,2013-S47
REGIONAL::JUINA,2013,48,0.0,2013-S48
REGIONAL::JUINA,2013,49,0.0,2013-S49
REGIONAL::JUINA,2013,50,0.0,2013-S50
REGIONAL::JUINA,2013,51,0.0,2013-S51
REGIONAL::JUINA,2013,52,0.0,2013-S52
REGIONAL::JUINA,2014,1,0.0,2014-S01
REGIONAL::JUINA,2014,2,0.0,2014-S02
REGIONAL::JUINA,2014,3,0.0,2014-S03
REGIONAL::JUINA,2014,4,0.0,2014-S04
REGIONAL::JUINA,2014,5,0.0,2014-S05
REGIONAL::JUINA,2014,6,0.0,2014-S06
REGIONAL::JUINA,2014,7,0.0,2014-S07
REGIONAL::JUINA,2014,8,0.0,2014-S08
REGIONAL::JUINA,2014,9,0.0,2014-S09
REGIONAL::JUINA,2014,10,0.0,2014-S10
REGIONAL::JUINA,2014,11,1.0,2014-S11
REGIONAL::JUINA,2014,12,0.0,2014-S12
REGIONAL::JUINA,2014,13,0.0,2014-S13
REGIONAL::JUINA,2014,14,0.0,2014-S14
REGIONAL::JUINA,2014,15,0.0,2014-S15
REGIONAL::JUINA,2014,16,0.0,2014-S16
REGIONAL::JUINA,2014,17,0.0,2014-S17
REGIONAL::JUINA,2014,18,0.0,2014-S18
REGIONAL::JUINA,2014,19,0.0,2014-S19
REGIONAL::JUINA,2014,20,0.0,2014-S20
REGIONAL::JUINA,2014,21,0.0,2014-S21
REGIONAL::JUINA,2014,22,0.0,2014-S22
REGIONAL::JUINA,2014,23,0.0,2014-S23
REGIONAL::JUINA,2014,24,1.0,2014-S24
REGIONAL::JUINA,2014,25,0.0,2014-S25
REGIONAL::JUINA,2014,26,0.0,2014-S26
REGIONAL::JUINA,2014,27,0.0,2014-S27
REGIONAL::JUINA,2014,28,0.0,2014-S28
REGIONAL::JUINA,2014,29,0.0,2014-S29
REGIONAL::JUINA,2014,30,0.0,2014-S30
REGIONAL::JUINA,2014,31,0.0,2014-S31
REGIONAL::JUINA,2014,32,0.0,2014-S32
REGIONAL::JUINA,2014,33,0.0,2014-S33
REGIONAL::JUINA,2014,34,0.0,2014-S34
REGIONAL::JUINA,2014,35,0.0,2014-S35
REGIONAL::JUINA,2014,36,0.0,2014-S36
REGIONAL::JUINA,2014,37,0.0,2014-S37
REGIONAL::JUINA,2014,38,0.0,2014-S38
REGIONAL::JUINA,2014,39,0.0,2014-S39
REGIONAL::JUINA,2014,40,0.0,2014-S40
REGIONAL::JUINA,2014,41,0.0,2014-S41
REGIONAL::JUINA,2014,42,0.0,2014-S42
REGIONAL::JUINA,2014,43,0.0,2014-S43
REGIONAL::JUINA,2014,44,0.0,2014-S44
REGIONAL::JUINA,2014,45,0.0,2014-S45
REGIONAL::JUINA,2014,46,0.0,2014-S46
REGIONAL::JUINA,2014,47,0.0,2014-S47
REGIONAL::JUINA,2014,48,0.0,2014-S48
REGIONAL::JUINA,2014,49,0.0,2014-S49
REGIONAL::JUINA,2014,50,0.0,2014-S50
REGIONAL::JUINA,2014,51,0.0,2014-S51
REGIONAL::JUINA,2014,52,0.0,2014-S52
REGIONAL::JUINA,2015,1,0.0,2015-S01
REGIONAL::JUINA,2015,2,0.0,2015-S02
REGIONAL::JUINA,2015,3,0.0,2015-S03
REGIONAL::JUINA,2015,4,0.0,2015-S04
REGIONAL::JUINA,2015,5,0.0,2015-S05
REGIONAL::JUINA,2015,6,0.0,2015-S06
REGIONAL::JUINA,2015,7,0.0,2015-S07
REGIONAL::JUINA,2015,8,0.0,2015-S08
REGIONAL::JUINA,2015,9,0.0,2015-S09
REGIONAL::JUINA,2015,10,0.0,2015-S10
REGIONAL::JUINA,2015,11,0.0,2015-S11
REGIONAL::JUINA,2015,12,0.0,2015-S12
REGIONAL::JUINA,2015,13,0.0,2015-S13
REGIONAL::JUINA,2015,14,0.0,2015-S14
REGIONAL::JUINA,2015,15,0.0,2015-S15
REGIONAL::JUINA,2015,16,0.0,2015-S16
REGIONAL::JUINA,2015,17,0.0,2015-S17
REGIONAL::JUINA,2015,18,0.0,2015-S18
REGIONAL::JUINA,2015,19,0.0,2015-S19
REGIONAL::JUINA,2015,20,0.0,2015-S20
REGIONAL::JUINA,2015,21,0.0,2015-S21
REGIONAL::JUINA,2015,22,0.0,2015-S22
REGIONAL::JUINA,2015,23,0.0,2015-S23
REGIONAL::JUINA,2015,24,0.0,2015-S24
REGIONAL::JUINA,2015,25,1.0,2015-S25
REGIONAL::JUINA,2015,26,0.0,2015-S26
REGIONAL::JUINA,2015,27,0.0,2015-S27
REGIONAL::JUINA,2015,28,0.0,2015-S28
REGIONAL::JUINA,2015,29,1.0,2015-S29
REGIONAL::JUINA,2015,30,0.0,2015-S30
REGIONAL::JUINA,2015,31,0.0,2015-S31
REGIONAL::JUINA,2015,32,0.0,2015-S32
REGIONAL::JUINA,2015,33,0.0,2015-S33
REGIONAL::JUINA,2015,34,0.0,2015-S34
REGIONAL::JUINA,2015,35,0.0,2015-S35
REGIONAL::JUINA,2015,36,0.0,2015-S36
REGIONAL::JUINA,2015,37,0.0,2015-S37
REGIONAL::JUINA,2015,38,0.0,2015-S38
REGIONAL::JUINA,2015,39,0.0,2015-S39
REGIONAL::JUINA,2015,40,0.0,2015-S40
REGIONAL::JUINA,2015,41,0.0,2015-S41
REGIONAL::JUINA,2015,42,0.0,2015-S42
REGIONAL::JUINA,2015,43,0.0,2015-S43
REGIONAL::JUINA,2015,44,0.0,2015-S44
REGIONAL::JUINA,2015,45,1.0,2015-S45
REGIONAL::JUINA,2015,46,0.0,2015-S46
REGIONAL::JUINA,2015,47,1.0,2015-S47
REGIONAL::JUINA,2015,48,0.0,2015-S48
REGIONAL::JUINA,2015,49,0.0,2015-S49
REGIONAL::JUINA,2015,50,0.0,2015-S50
REGIONAL::JUINA,2015,51,0.0,2015-S51
REGIONAL::JUINA,2015,52,0.0,2015-S52
REGIONAL::JUINA,2016,1,0.0,2016-S01
REGIONAL::JUINA,2016,2,0.0,2016-S02
REGIONAL::JUINA,2016,3,0.0,2016-S03
REGIONAL::JUINA,2016,4,0.0,2016-S04
REGIONAL::JUINA,2016,5,0.0,2016-S05
REGIONAL::JUINA,2016,6,0.0,2016-S06
REGIONAL::JUINA,2016,7,0.0,2016-S07
REGIONAL::JUINA,2016,8,0.0,2016-S08
REGIONAL::JUINA,2016,9,0.0,2016-S09
REGIONAL::JUINA,2016,10,0.0,2016-S10
REGIONAL::JUINA,2016,11,1.0,2016-S11
REGIONAL::JUINA,2016,12,0.0,2016-S12
REGIONAL::JUINA,2016,13,0.0,2016-S13
REGIONAL::JUINA,2016,14,0.0,2016-S14
REGIONAL::JUINA,2016,15,0.0,2016-S15
REGIONAL::JUINA,2016,16,1.0,2016-S16
REGIONAL::JUINA,2016,17,0.0,2016-S17
REGIONAL::JUINA,2016,18,0.0,2016-S18
REGIONAL::JUINA,2016,19,0.0,2016-S19
REGIONAL::JUINA,2016,20,0.0,2016-S20
REGIONAL::JUINA,2016,21,0.0,2016-S21
REGIONAL::JUINA,2016,22,0.0,2016-S22
REGIONAL::JUINA,2016,23,0.0,2016-S23
REGIONAL::JUINA,2016,24,0.0,2016-S24
REGIONAL::JUINA,2016,25,0.0,2016-S25
REGIONAL::JUINA,2016,26,0.0,2016-S26
REGIONAL::JUINA,2016,27,0.0,2016-S27
REGIONAL::JUINA,2016,28,1.0,2016-S28
REGIONAL::JUINA,2016,29,0.0,2016-S29
REGIONAL::JUINA,2016,30,0.0,2016-S30
REGIONAL::JUINA,2016,31,0.0,2016-S31
REGIONAL::JUINA,2016,32,0.0,2016-S32
REGIONAL::JUINA,2016,33,0.0,2016-S33
REGIONAL::JUINA,2016,34,0.0,2016-S34
REGIONAL::JUINA,2016,35,0.0,2016-S35
REGIONAL::JUINA,2016,36,0.0,2016-S36
REGIONAL::JUINA,2016,37,0.0,2016-S37
REGIONAL::JUINA,2016,38,0.0,2016-S38
REGIONAL::JUINA,2016,39,0.0,2016-S39
REGIONAL::JUINA,2016,40,0.0,2016-S40
REGIONAL::JUINA,2016,41,0.0,2016-S41
REGIONAL::JUINA,2016,42,0.0,2016-S42
REGIONAL::JUINA,2016,43,0.0,2016-S43
REGIONAL::JUINA,2016,44,0.0,2016-S44
REGIONAL::JUINA,2016,45,0.0,2016-S45
REGIONAL::JUINA,2016,46,0.0,2016-S46
REGIONAL::JUINA,2016,47,0.0,2016-S47
REGIONAL::JUINA,2016,48,0.0,2016-S48
REGIONAL::JUINA,2016,49,0.0,2016-S49
REGIONAL::JUINA,2016,50,0.0,2016-S50
REGIONAL::JUINA,2016,51,0.0,2016-S51
REGIONAL::JUINA,2016,52,0.0,2016-S52
REGIONAL::JUINA,2017,1,0.0,2017-S01
REGIONAL::JUINA,2017,2,0.0,2017-S02
REGIONAL::JUINA,2017,3,0.0,2017-S03
REGIONAL::JUINA,2017,4,0.0,2017-S04
REGIONAL::JUINA,2017,5,0.0,2017-S05
REGIONAL::JUINA,2017,6,0.0,2017-S06
REGIONAL::JUINA,2017,7,0.0,2017-S07
REGIONAL::JUINA,2017,8,0.0,2017-S08
REGIONAL::JUINA,2017,9,0.0,2017-S09
REGIONAL::JUINA,2017,10,0.0,2017-S10
REGIONAL::JUINA,2017,11,0.0,2017-S11
REGIONAL::JUINA,2017,12,0.0,2017-S12
REGIONAL::JUINA,2017,13,0.0,2017-S13
REGIONAL::JUINA,2017,14,0.0,2017-S14
REGIONAL::JUINA,2017,15,0.0,2017-S15
REGIONAL::JUINA,2017,16,0.0,2017-S16
REGIONAL::JUINA,2017,17,0.0,2017-S17
REGIONAL::JUINA,2017,18,0.0,2017-S18
REGIONAL::JUINA,2017,19,0.0,2017-S19
REGIONAL::JUINA,2017,20,0.0,2017-S20
REGIONAL::JUINA,2017,21,0.0,2017-S21
REGIONAL::JUINA,2017,22,0.0,2017-S22
REGIONAL::JUINA,2017,23,0.0,2017-S23
REGIONAL::JUINA,2017,24,0.0,2017-S24
REGIONAL::JUINA,2017,25,0.0,2017-S25
REGIONAL::JUINA,2017,26,0.0,2017-S26
REGIONAL::JUINA,2017,27,0.0,2017-S27
REGIONAL::JUINA,2017,28,0.0,2017-S28
REGIONAL::JUINA,2017,29,0.0,2017-S29
REGIONAL::JUINA,2017,30,0.0,2017-S30
REGIONAL::JUINA,2017,31,0.0,2017-S31
REGIONAL::JUINA,2017,32,0.0,2017-S32
REGIONAL::JUINA,2017,33,0.0,2017-S33
REGIONAL::JUINA,2017,34,0.0,2017-S34
REGIONAL::JUINA,2017,35,0.0,2017-S35
REGIONAL::JUINA,2017,36,0.0,2017-S36
REGIONAL::JUINA,2017,37,0.0,2017-S37
REGIONAL::JUINA,2017,38,0.0,2017-S38
REGIONAL::JUINA,2017,39,0.0,2017-S39
REGIONAL::JUINA,2017,40,1.0,2017-S40
REGIONAL::JUINA,2017,41,0.0,2017-S41
REGIONAL::JUINA,2017,42,0.0,2017-S42
REGIONAL::JUINA,2017,43,0.0,2017-S43
REGIONAL::JUINA,2017,44,0.0,2017-S44
REGIONAL::JUINA,2017,45,0.0,2017-S45
REGIONAL::JUINA,2017,46,0.0,2017-S46
REGIONAL::JUINA,2017,47,0.0,2017-S47
REGIONAL::JUINA,2017,48,0.0,2017-S48
REGIONAL::JUINA,2017,49,0.0,2017-S49
REGIONAL::JUINA,2017,50,0.0,2017-S50
REGIONAL::JUINA,2017,51,0.0,2017-S51
REGIONAL::JUINA,2017,52,0.0,2017-S52
REGIONAL::JUINA,2018,1,0.0,2018-S01
REGIONAL::JUINA,2018,2,0.0,2018-S02
REGIONAL::JUINA,2018,3,0.0,2018-S03
REGIONAL::JUINA,2018,4,1.0,2018-S04
REGIONAL::JUINA,2018,5,0.0,2018-S05
REGIONAL::JUINA,2018,6,0.0,2018-S06
REGIONAL::JUINA,2018,7,0.0,2018-S07
REGIONAL::JUINA,2018,8,0.0,2018-S08
REGIONAL::JUINA,2018,9,0.0,2018-S09
REGIONAL::JUINA,2018,10,0.0,2018-S10
REGIONAL::JUINA,2018,11,0.0,2018-S11
REGIONAL::JUINA,2018,12,0.0,2018-S12
REGIONAL::JUINA,2018,13,0.0,2018-S13
REGIONAL::JUINA,2018,14,0.0,2018-S14
REGIONAL::JUINA,2018,15,0.0,2018-S15
REGIONAL::JUINA,2018,16,0.0,2018-S16
REGIONAL::JUINA,2018,17,0.0,2018-S17
REGIONAL::JUINA,2018,18,0.0,2018-S18
REGIONAL::JUINA,2018,19,0.0,2018-S19
REGIONAL::JUINA,2018,20,0.0,2018-S20
REGIONAL::JUINA,2018,21,1.0,2018-S21
REGIONAL::JUINA,2018,22,0.0,2018-S22
REGIONAL::JUINA,2018,23,0.0,2018-S23
REGIONAL::JUINA,2018,24,1.0,2018-S24
REGIONAL::JUINA,2018,25,0.0,2018-S25
REGIONAL::JUINA,2018,26,0.0,2018-S26
REGIONAL::JUINA,2018,27,0.0,2018-S27
REGIONAL::JUINA,2018,28,0.0,2018-S28
REGIONAL::JUINA,2018,29,0.0,2018-S29
REGIONAL::JUINA,2018,30,0.0,2018-S30
REGIONAL::JUINA,2018,31,1.0,2018-S31
REGIONAL::JUINA,2018,32,0.0,2018-S32
REGIONAL::JUINA,2018,33,0.0,2018-S33
REGIONAL::JUINA,2018,34,0.0,2018-S34
REGIONAL::JUINA,2018,35,0.0,2018-S35
REGIONAL::JUINA,2018,36,0.0,2018-S36
REGIONAL::JUINA,2018,37,0.0,2018-S37
REGIONAL::JUINA,2018,38,1.0,2018-S38
REGIONAL::JUINA,2018,39,0.0,2018-S39
REGIONAL::JUINA,2018,40,0.0,2018-S40
REGIONAL::JUINA,2018,41,0.0,2018-S41
REGIONAL::JUINA,2018,42,0.0,2018-S42
REGIONAL::JUINA,2018,43,0.0,2018-S43
REGIONAL::JUINA,2018,44,0.0,2018-S44
REGIONAL::JUINA,2018,45,0.0,2018-S45
REGIONAL::JUINA,2018,46,0.0,2018-S46
REGIONAL::JUINA,2018,47,0.0,2018-S47
REGIONAL::JUINA,2018,48,0.0,2018-S48
REGIONAL::JUINA,2018,49,1.0,2018-S49
REGIONAL::JUINA,2018,50,0.0,2018-S50
REGIONAL::JUINA,2018,51,0.0,2018-S51
REGIONAL::JUINA,2018,52,0.0,2018-S52
REGIONAL::JUINA,2019,1,0.0,2019-S01
REGIONAL::JUINA,2019,2,0.0,2019-S02
REGIONAL::JUINA,2019,3,0.0,2019-S03
REGIONAL::JUINA,2019,4,0.0,2019-S04
REGIONAL::JUINA,2019,5,0.0,2019-S05
REGIONAL::JUINA,2019,6,0.0,2019-S06
REGIONAL::JUINA,2019,7,0.0,2019-S07
REGIONAL::JUINA,2019,8,0.0,2019-S08
REGIONAL::JUINA,2019,9,0.0,2019-S09
REGIONAL::JUINA,2019,10,1.0,2019-S10
REGIONAL::JUINA,2019,11,0.0,2019-S11
REGIONAL::JUINA,2019,12,0.0,2019-S12
REGIONAL::JUINA,2019,13,0.0,2019-S13
REGIONAL::JUINA,2019,14,1.0,2019-S14
REGIONAL::JUINA,2019,15,0.0,2019-S15
REGIONAL::JUINA,2019,16,0.0,2019-S16
REGIONAL::JUINA,2019,17,0.0,2019-S17
REGIONAL::JUINA,2019,18,0.0,2019-S18
REGIONAL::JUINA,2019,19,0.0,2019-S19
REGIONAL::JUINA,2019,20,0.0,2019-S20
REGIONAL::JUINA,2019,21,0.0,2019-S21
REGIONAL::JUINA,2019,22,0.0,2019-S22
REGIONAL::JUINA,2019,23,0.0,2019-S23
REGIONAL::JUINA,2019,24,1.0,2019-S24
REGIONAL::JUINA,2019,25,0.0,2019-S25
REGIONAL::JUINA,2019,26,0.0,2019-S26
REGIONAL::JUINA,2019,27,0.0,2019-S27
REGIONAL::JUINA,2019,28,0.0,2019-S28
REGIONAL::JUINA,2019,29,0.0,2019-S29
REGIONAL::JUINA,2019,30,0.0,2019-S30
REGIONAL::JUINA,2019,31,0.0,2019-S31
REGIONAL::JUINA,2019,32,0.0,2019-S32
REGIONAL::JUINA,2019,33,0.0,2019-S33
REGIONAL::JUINA,2019,34,0.0,2019-S34
REGIONAL::JUINA,2019,35,0.0,2019-S35
REGIONAL::JUINA,2019,36,0.0,2019-S36
REGIONAL::JUINA,2019,37,0.0,2019-S37
REGIONAL::JUINA,2019,38,0.0,2019-S38
REGIONAL::JUINA,2019,39,0.0,2019-S39
REGIONAL::JUINA,2019,40,0.0,2019-S40
REGIONAL::JUINA,2019,41,1.0,2019-S41
REGIONAL::JUINA,2019,42,0.0,2019-S42
REGIONAL::JUINA,2019,43,1.0,2019-S43
REGIONAL::JUINA,2019,44,0.0,2019-S44
REGIONAL::JUINA,2019,45,0.0,2019-S45
REGIONAL::JUINA,2019,46,0.0,2019-S46
REGIONAL::JUINA,2019,47,0.0,2019-S47
REGIONAL::JUINA,2019,48,0.0,2019-S48
REGIONAL::JUINA,2019,49,0.0,2019-S49
REGIONAL::JUINA,2019,50,0.0,2019-S50
REGIONAL::JUINA,2019,51,0.0,2019-S51
REGIONAL::JUINA,2019,52,0.0,2019-S52
REGIONAL::JUINA,2020,1,0.0,2020-S01
REGIONAL::JUINA,2020,2,0.0,2020-S02
REGIONAL::JUINA,2020,3,0.0,2020-S03
REGIONAL::JUINA,2020,4,0.0,2020-S04
REGIONAL::JUINA,2020,5,0.0,2020-S05
REGIONAL::JUINA,2020,6,0.0,2020-S06
REGIONAL::JUINA,2020,7,0.0,2020-S07
REGIONAL::JUINA,2020,8,0.0,2020-S08
REGIONAL::JUINA,2020,9,0.0,2020-S09
REGIONAL::JUINA,2020,10,0.0,2020-S10
REGIONAL::JUINA,2020,11,0.0,2020-S11
REGIONAL::JUINA,2020,12,0.0,2020-S12
REGIONAL::JUINA,2020,13,0.0,2020-S13
REGIONAL::JUINA,2020,14,0.0,2020-S14
REGIONAL::JUINA,2020,15,0.0,2020-S15
REGIONAL::JUINA,2020,16,0.0,2020-S16
REGIONAL::JUINA,2020,17,0.0,2020-S17
REGIONAL::JUINA,2020,18,0.0,2020-S18
REGIONAL::JUINA,2020,19,0.0,2020-S19
REGIONAL::JUINA,2020,20,0.0,2020-S20
REGIONAL::JUINA,2020,21,0.0,2020-S21
REGIONAL::JUINA,2020,22,0.0,2020-S22
REGIONAL::JUINA,2020,23,1.0,2020-S23
REGIONAL::JUINA,2020,24,0.0,2020-S24
REGIONAL::JUINA,2020,25,0.0,2020-S25
REGIONAL::JUINA,2020,26,0.0,2020-S26
REGIONAL::JUINA,2020,27,0.0,2020-S27
REGIONAL::JUINA,2020,28,0.0,2020-S28
REGIONAL::JUINA,2020,29,0.0,2020-S29
REGIONAL::JUINA,2020,30,0.0,2020-S30
REGIONAL::JUINA,2020,31,0.0,2020-S31
REGIONAL::JUINA,2020,32,0.0,2020-S32
REGIONAL::JUINA,2020,33,0.0,2020-S33
REGIONAL::JUINA,2020,34,0.0,2020-S34
REGIONAL::JUINA,2020,35,0.0,2020-S35
REGIONAL::JUINA,2020,36,0.0,2020-S36
REGIONAL::JUINA,2020,37,0.0,2020-S37
REGIONAL::JUINA,2020,38,0.0,2020-S38
REGIONAL::JUINA,2020,39,0.0,2020-S39
REGIONAL::JUINA,2020,40,0.0,2020-S40
REGIONAL::JUINA,2020,41,0.0,2020-S41
REGIONAL::JUINA,2020,42,0.0,2020-S42
REGIONAL::JUINA,2020,43,0.0,2020-S43
REGIONAL::JUINA,2020,44,0.0,2020-S44
REGIONAL::JUINA,2020,45,0.0,2020-S45
REGIONAL::JUINA,2020,46,0.0,2020-S46
REGIONAL::JUINA,2020,47,0.0,2020-S47
REGIONAL::JUINA,2020,48,0.0,2020-S48
REGIONAL::JUINA,2020,49,0.0,2020-S49
REGIONAL::JUINA,2020,50,0.0,2020-S50
REGIONAL::JUINA,2020,51,1.0,2020-S51
REGIONAL::JUINA,2020,52,0.0,2020-S52
REGIONAL::JUINA,2021,1,0.0,2021-S01
REGIONAL::JUINA,2021,2,0.0,2021-S02
REGIONAL::JUINA,2021,3,0.0,2021-S03
REGIONAL::JUINA,2021,4,0.0,2021-S04
REGIONAL::JUINA,2021,5,0.0,2021-S05
REGIONAL::JUINA,2021,6,0.0,2021-S06
REGIONAL::JUINA,2021,7,0.0,2021-S07
REGIONAL::JUINA,2021,8,0.0,2021-S08
REGIONAL::JUINA,2021,9,0.0,2021-S09
REGIONAL::JUINA,2021,10,1.0,2021-S10
REGIONAL::JUINA,2021,11,0.0,2021-S11
REGIONAL::JUINA,2021,12,0.0,2021-S12
REGIONAL::JUINA,2021,13,0.0,2021-S13
REGIONAL::JUINA,2021,14,0.0,2021-S14
REGIONAL::JUINA,2021,15,0.0,2021-S15
REGIONAL::JUINA,2021,16,0.0,2021-S16
REGIONAL::JUINA,2021,17,0.0,2021-S17
REGIONAL::JUINA,2021,18,0.0,2021-S18
REGIONAL::JUINA,2021,19,0.0,2021-S19
REGIONAL::JUINA,2021,20,0.0,2021-S20
REGIONAL::JUINA,2021,21,0.0,2021-S21
REGIONAL::JUINA,2021,22,0.0,2021-S22
REGIONAL::JUINA,2021,23,0.0,2021-S23
REGIONAL::JUINA,2021,24,0.0,2021-S24
REGIONAL::JUINA,2021,25,0.0,2021-S25
REGIONAL::JUINA,2021,26,0.0,2021-S26
REGIONAL::JUINA,2021,27,0.0,2021-S27
REGIONAL::JUINA,2021,28,0.0,2021-S28
REGIONAL::JUINA,2021,29,0.0,2021-S29
REGIONAL::JUINA,2021,30,0.0,2021-S30
REGIONAL::JUINA,2021,31,0.0,2021-S31
REGIONAL::JUINA,2021,32,0.0,2021-S32
REGIONAL::JUINA,2021,33,0.0,2021-S33
REGIONAL::JUINA,2021,34,0.0,2021-S34
REGIONAL::JUINA,2021,35,0.0,2021-S35
REGIONAL::JUINA,2021,36,0.0,2021-S36
REGIONAL::JUINA,2021,37,0.0,2021-S37
REGIONAL::JUINA,2021,38,0.0,2021-S38
REGIONAL::JUINA,2021,39,0.0,2021-S39
REGIONAL::JUINA,2021,40,0.0,2021-S40
REGIONAL::JUINA,2021,41,0.0,2021-S41
REGIONAL::JUINA,2021,42,0.0,2021-S42
REGIONAL::JUINA,2021,43,0.0,2021-S43
REGIONAL::JUINA,2021,44,0.0,2021-S44
REGIONAL::JUINA,2021,45,0.0,2021-S45
REGIONAL::JUINA,2021,46,0.0,2021-S46
REGIONAL::JUINA,2021,47,0.0,2021-S47
REGIONAL::JUINA,2021,48,0.0,2021-S48
REGIONAL::JUINA,2021,49,0.0,2021-S49
REGIONAL::JUINA,2021,50,0.0,2021-S50
REGIONAL::JUINA,2021,51,0.0,2021-S51
REGIONAL::JUINA,2021,52,0.0,2021-S52
REGIONAL::JUINA,2022,1,0.0,2022-S01
REGIONAL::JUINA,2022,2,0.0,2022-S02
REGIONAL::JUINA,2022,3,0.0,2022-S03
REGIONAL::JUINA,2022,4,0.0,2022-S04
REGIONAL::JUINA,2022,5,0.0,2022-S05
REGIONAL::JUINA,2022,6,0.0,2022-S06
REGIONAL::JUINA,2022,7,0.0,2022-S07
REGIONAL::JUINA,2022,8,0.0,2022-S08
REGIONAL::JUINA,2022,9,0.0,2022-S09
REGIONAL::JUINA,2022,10,0.0,2022-S10
REGIONAL::JUINA,2022,11,0.0,2022-S11
REGIONAL::JUINA,2022,12,0.0,2022-S12
REGIONAL::JUINA,2022,13,1.0,2022-S13
REGIONAL::JUINA,2022,14,1.0,2022-S14
REGIONAL::JUINA,2022,15,1.0,2022-S15
REGIONAL::JUINA,2022,16,0.0,2022-S16
REGIONAL::JUINA,2022,17,0.0,2022-S17
REGIONAL::JUINA,2022,18,0.0,2022-S18
REGIONAL::JUINA,2022,19,1.0,2022-S19
REGIONAL::JUINA,2022,20,1.0,2022-S20
REGIONAL::JUINA,2022,21,0.0,2022-S21
REGIONAL::JUINA,2022,22,0.0,2022-S22
REGIONAL::JUINA,2022,23,1.0,2022-S23
REGIONAL::JUINA,2022,24,0.0,2022-S24
REGIONAL::JUINA,2022,25,0.0,2022-S25
REGIONAL::JUINA,2022,26,0.0,2022-S26
REGIONAL::JUINA,2022,27,0.0,2022-S27
REGIONAL::JUINA,2022,28,0.0,2022-S28
REGIONAL::JUINA,2022,29,0.0,2022-S29
REGIONAL::JUINA,2022,30,0.0,2022-S30
REGIONAL::JUINA,2022,31,0.0,2022-S31
REGIONAL::JUINA,2022,32,0.0,2022-S32
REGIONAL::JUINA,2022,33,0.0,2022-S33
REGIONAL::JUINA,2022,34,0.0,2022-S34
REGIONAL::JUINA,2022,35,0.0,2022-S35
REGIONAL::JUINA,2022,36,0.0,2022-S36
REGIONAL::JUINA,2022,37,0.0,2022-S37
REGIONAL::JUINA,2022,38,0.0,2022-S38
REGIONAL::JUINA,2022,39,0.0,2022-S39
REGIONAL::JUINA,2022,40,0.0,2022-S40
REGIONAL::JUINA,2022,41,0.0,2022-S41
REGIONAL::JUINA,2022,42,0.0,2022-S42
REGIONAL::JUINA,2022,43,0.0,2022-S43
REGIONAL::JUINA,2022,44,0.0,2022-S44
REGIONAL::JUINA,2022,45,0.0,2022-S45
REGIONAL::JUINA,2022,46,0.0,2022-S46
REGIONAL::JUINA,2022,47,0.0,2022-S47
REGIONAL::JUINA,2022,48,2.0,2022-S48
REGIONAL::JUINA,2022,49,0.0,2022-S49
REGIONAL::JUINA,2022,50,0.0,2022-S50
REGIONAL::JUINA,2022,51,1.0,2022-S51
REGIONAL::JUINA,2022,52,0.0,2022-S52
REGIONAL::JUINA,2023,1,0.0,2023-S01
REGIONAL::JUINA,2023,2,0.0,2023-S02
REGIONAL::JUINA,2023,3,0.0,2023-S03
REGIONAL::JUINA,2023,4,0.0,2023-S04
REGIONAL::JUINA,2023,5,0.0,2023-S05
REGIONAL::JUINA,2023,6,0.0,2023-S06
REGIONAL::JUINA,2023,7,0.0,2023-S07
REGIONAL::JUINA,2023,8,0.0,2023-S08
REGIONAL::JUINA,2023,9,0.0,2023-S09
REGIONAL::JUINA,2023,10,0.0,2023-S10
REGIONAL::JUINA,2023,11,0.0,2023-S11
REGIONAL::JUINA,2023,12,0.0,2023-S12
REGIONAL::JUINA,2023,13,0.0,2023-S13
REGIONAL::JUINA,2023,14,0.0,2023-S14
REGIONAL::JUINA,2023,15,0.0,2023-S15
REGIONAL::JUINA,2023,16,0.0,2023-S16
REGIONAL::JUINA,2023,17,1.0,2023-S17
REGIONAL::JUINA,2023,18,0.0,2023-S18
REGIONAL::JUINA,2023,19,0.0,2023-S19
REGIONAL::JUINA,2023,20,0.0,2023-S20
REGIONAL::JUINA,2023,21,0.0,2023-S21
REGIONAL::JUINA,2023,22,0.0,2023-S22
REGIONAL::JUINA,2023,23,0.0,2023-S23
REGIONAL::JUINA,2023,24,0.0,2023-S24
REGIONAL::JUINA,2023,25,0.0,2023-S25
REGIONAL::JUINA,2023,26,0.0,2023-S26
REGIONAL::JUINA,2023,27,0.0,2023-S27
REGIONAL::JUINA,2023,28,0.0,2023-S28
REGIONAL::JUINA,2023,29,1.0,2023-S29
REGIONAL::JUINA,2023,30,0.0,2023-S30
REGIONAL::JUINA,2023,31,0.0,2023-S31
REGIONAL::JUINA,2023,32,0.0,2023-S32
REGIONAL::JUINA,2023,33,0.0,2023-S33
REGIONAL::JUINA,2023,34,0.0,2023-S34
REGIONAL::JUINA,2023,35,0.0,2023-S35
REGIONAL::JUINA,2023,36,0.0,2023-S36
REGIONAL::JUINA,2023,37,1.0,2023-S37
REGIONAL::JUINA,2023,38,0.0,2023-S38
REGIONAL::JUINA,2023,39,0.0,2023-S39
REGIONAL::JUINA,2023,40,0.0,2023-S40
REGIONAL::JUINA,2023,41,0.0,2023-S41
REGIONAL::JUINA,2023,42,0.0,2023-S42
REGIONAL::JUINA,2023,43,1.0,2023-S43
REGIONAL::JUINA,2023,44,0.0,2023-S44
REGIONAL::JUINA,2023,45,0.0,2023-S45
REGIONAL::JUINA,2023,46,0.0,2023-S46
REGIONAL::JUINA,2023,47,0.0,2023-S47
REGIONAL::JUINA,2023,48,0.0,2023-S48
REGIONAL::JUINA,2023,49,0.0,2023-S49
REGIONAL::JUINA,2023,50,1.0,2023-S50
REGIONAL::JUINA,2023,51,0.0,2023-S51
REGIONAL::JUINA,2023,52,0.0,2023-S52
REGIONAL::JUINA,2024,1,0.0,2024-S01
REGIONAL::JUINA,2024,2,0.0,2024-S02
REGIONAL::JUINA,2024,3,0.0,2024-S03
REGIONAL::JUINA,2024,4,0.0,2024-S04
REGIONAL::JUINA,2024,5,0.0,2024-S05
REGIONAL::JUINA,2024,6,1.0,2024-S06
REGIONAL::JUINA,2024,7,0.0,2024-S07
REGIONAL::JUINA,2024,8,0.0,2024-S08
REGIONAL::JUINA,2024,9,0.0,2024-S09
REGIONAL::JUINA,2024,10,0.0,2024-S10
REGIONAL::JUINA,2024,11,0.0,2024-S11
REGIONAL::JUINA,2024,12,0.0,2024-S12
REGIONAL::JUINA,2024,13,0.0,2024-S13
REGIONAL::JUINA,2024,14,0.0,2024-S14
REGIONAL::JUINA,2024,15,0.0,2024-S15
REGIONAL::JUINA,2024,16,0.0,2024-S16
REGIONAL::JUINA,2024,17,0.0,2024-S17
REGIONAL::JUINA,2024,18,0.0,2024-S18
REGIONAL::JUINA,2024,19,0.0,2024-S19
REGIONAL::JUINA,2024,20,0.0,2024-S20
REGIONAL::JUINA,2024,21,0.0,2024-S21
REGIONAL::JUINA,2024,22,0.0,2024-S22
REGIONAL::JUINA,2024,23,0.0,2024-S23
REGIONAL::JUINA,2024,24,0.0,2024-S24
REGIONAL::JUINA,2024,25,0.0,2024-S25
REGIONAL::JUINA,2024,26,1.0,2024-S26
REGIONAL::JUINA,2024,27,1.0,2024-S27
REGIONAL::JUINA,2024,28,1.0,2024-S28
REGIONAL::JUINA,2024,29,0.0,2024-S29
REGIONAL::JUINA,2024,30,0.0,2024-S30
REGIONAL::JUINA,2024,31,0.0,2024-S31
REGIONAL::JUINA,2024,32,0.0,2024-S32
REGIONAL::JUINA,2024,33,0.0,2024-S33
REGIONAL::JUINA,2024,34,0.0,2024-S34
REGIONAL::JUINA,2024,35,0.0,2024-S35
REGIONAL::JUINA,2024,36,0.0,2024-S36
REGIONAL::JUINA,2024,37,0.0,2024-S37
REGIONAL::JUINA,2024,38,0.0,2024-S38
REGIONAL::JUINA,2024,39,0.0,2024-S39
REGIONAL::JUINA,2024,40,0.0,2024-S40
REGIONAL::JUINA,2024,41,0.0,2024-S41
REGIONAL::JUINA,2024,42,0.0,2024-S42
REGIONAL::JUINA,2024,43,0.0,2024-S43
REGIONAL::JUINA,2024,44,0.0,2024-S44
REGIONAL::JUINA,2024,45,0.0,2024-S45
REGIONAL::JUINA,2024,46,0.0,2024-S46
REGIONAL::JUINA,2024,47,1.0,2024-S47
REGIONAL::JUINA,2024,48,0.0,2024-S48
REGIONAL::JUINA,2024,49,0.0,2024-S49
REGIONAL::JUINA,2024,50,0.0,2024-S50
REGIONAL::JUINA,2024,51,1.0,2024-S51
REGIONAL::JUINA,2024,52,0.0,2024-S52
REGIONAL::JUINA,2025,1,0.0,2025-S01
REGIONAL::JUINA,2025,2,0.0,2025-S02
REGIONAL::JUINA,2025,3,0.0,2025-S03
REGIONAL::JUINA,2025,4,0.0,2025-S04
REGIONAL::JUINA,2025,5,1.0,2025-S05
REGIONAL::JUINA,2025,6,0.0,2025-S06
REGIONAL::JUINA,2025,7,0.0,2025-S07
REGIONAL::JUINA,2025,8,0.0,2025-S08
REGIONAL::JUINA,2025,9,0.0,2025-S09
REGIONAL::JUINA,2025,10,0.0,2025-S10
REGIONAL::JUINA,2025,11,0.0,2025-S11
REGIONAL::JUINA,2025,12,0.0,2025-S12
REGIONAL::JUINA,2025,13,0.0,2025-S13
REGIONAL::JUINA,2025,14,0.0,2025-S14
REGIONAL::JUINA,2025,15,0.0,2025-S15
REGIONAL::JUINA,2025,16,0.0,2025-S16
REGIONAL::JUINA,2025,17,0.0,2025-S17
REGIONAL::JUINA,2025,18,1.0,2025-S18
REGIONAL::JUINA,2025,19,0.0,2025-S19
REGIONAL::JUINA,2025,20,1.0,2025-S20
REGIONAL::JUINA,2025,21,0.0,2025-S21
REGIONAL::JUINA,2025,22,0.0,2025-S22
REGIONAL::JUINA,2025,23,1.0,2025-S23
REGIONAL::JUINA,2025,24,0.0,2025-S24
REGIONAL::JUINA,2025,25,0.0,2025-S25
REGIONAL::JUINA,2025,26,0.0,2025-S26
REGIONAL::JUINA,2025,27,0.0,2025-S27
REGIONAL::JUINA,2025,28,0.0,2025-S28
REGIONAL::JUINA,2025,29,0.0,2025-S29
REGIONAL::JUINA,2025,30,0.0,2025-S30
REGIONAL::JUINA,2025,31,0.0,2025-S31
REGIONAL::JUINA,2025,32,0.0,2025-S32
REGIONAL::JUINA,2025,33,0.0,2025-S33
REGIONAL::JUINA,2025,34,0.0,2025-S34
REGIONAL::JUINA,2025,35,0.0,2025-S35
REGIONAL::JUINA,2025,36,0.0,2025-S36
REGIONAL::JUINA,2025,37,0.0,2025-S37
REGIONAL::JUINA,2025,38,0.0,2025-S38
REGIONAL::JUINA,2025,39,0.0,2025-S39
REGIONAL::JUINA,2025,40,0.0,2025-S40
REGIONAL::JUINA,2025,41,0.0,2025-S41
REGIONAL::JUINA,2025,42,0.0,2025-S42
REGIONAL::JUINA,2025,43,0.0,2025-S43
REGIONAL::JUINA,2025,44,0.0,2025-S44
REGIONAL::JUINA,2025,45,0.0,2025-S45
REGIONAL::JUINA,2025,46,0.0,2025-S46
REGIONAL::JUINA,2025,47,0.0,2025-S47
REGIONAL::JUINA,2025,48,0.0,2025-S48
REGIONAL::JUINA,2025,49,0.0,2025-S49
REGIONAL::JUINA,2025,50,0.0,2025-S50
REGIONAL::JUINA,2025,51,0.0,2025-S51
REGIONAL::JUINA,2025,52,0.0,2025-S52
REGIONAL::JUINA,2026,1,0.0,2026-S01
REGIONAL::JUINA,2026,2,0.0,2026-S02
REGIONAL::JUINA,2026,3,0.0,2026-S03
REGIONAL::JUINA,2026,4,0.0,2026-S04
REGIONAL::JUINA,2026,5,0.0,2026-S05
REGIONAL::JUINA,2026,6,0.0,2026-S06
REGIONAL::JUINA,2026,7,0.0,2026-S07
REGIONAL::JUINA,2026,8,0.0,2026-S08
REGIONAL::JUINA,2026,9,0.0,2026-S09
REGIONAL::JUINA,2026,10,0.0,2026-S10
REGIONAL::JUINA,2026,11,0.0,2026-S11
REGIONAL::JUINA,2026,12,0.0,2026-S12
REGIONAL::JUINA,2026,13,0.0,2026-S13
REGIONAL::JUINA,2026,14,0.0,2026-S14
REGIONAL::JUINA,2026,15,0.0,2026-S15
REGIONAL::JUINA,2026,16,0.0,2026-S16
REGIONAL::JUINA,2026,17,0.0,2026-S17
REGIONAL::JUINA,2026,18,0.0,2026-S18
REGIONAL::JUINA,2026,19,1.0,2026-S19
REGIONAL::JUINA,2026,20,1.0,2026-S20
REGIONAL::JUINA,2026,21,1.0,2026-S21
REGIONAL::JUINA,2026,22,0.0,2026-S22
REGIONAL::JUINA,2026,23,0.0,2026-S23
REGIONAL::JUINA,2026,24,0.0,2026-S24
REGIONAL::JUINA,2026,25,0.0,2026-S25
REGIONAL::JUINA,2026,26,0.0,2026-S26
REGIONAL::JUINA,2026,27,2.0,2026-S27
REGIONAL::JUINA,2026,28,0.0,2026-S28
REGIONAL::JUINA,2026,29,0.0,2026-S29
REGIONAL::JUINA,2026,30,0.0,2026-S30
REGIONAL::JUINA,2026,31,0.0,2026-S31
REGIONAL::PEIXOTO DE AZEVEDO,2007,2,3.0,2007-S02
REGIONAL::PEIXOTO DE AZEVEDO,2007,3,0.0,2007-S03
REGIONAL::PEIXOTO DE AZEVEDO,2007,4,0.0,2007-S04
REGIONAL::PEIXOTO DE AZEVEDO,2007,5,1.0,2007-S05
REGIONAL::PEIXOTO DE AZEVEDO,2007,6,0.0,2007-S06
REGIONAL::PEIXOTO DE AZEVEDO,2007,7,1.0,2007-S07
REGIONAL::PEIXOTO DE AZEVEDO,2007,8,1.0,2007-S08
REGIONAL::PEIXOTO DE AZEVEDO,2007,9,0.0,2007-S09
REGIONAL::PEIXOTO DE AZEVEDO,2007,10,0.0,2007-S10
REGIONAL::PEIXOTO DE AZEVEDO,2007,11,0.0,2007-S11
REGIONAL::PEIXOTO DE AZEVEDO,2007,12,1.0,2007-S12
REGIONAL::PEIXOTO DE AZEVEDO,2007,13,1.0,2007-S13
REGIONAL::PEIXOTO DE AZEVEDO,2007,14,0.0,2007-S14
REGIONAL::PEIXOTO DE AZEVEDO,2007,15,1.0,2007-S15
REGIONAL::PEIXOTO DE AZEVEDO,2007,16,0.0,2007-S16
REGIONAL::PEIXOTO DE AZEVEDO,2007,17,0.0,2007-S17
REGIONAL::PEIXOTO DE AZEVEDO,2007,18,0.0,2007-S18
REGIONAL::PEIXOTO DE AZEVEDO,2007,19,1.0,2007-S19
REGIONAL::PEIXOTO DE AZEVEDO,2007,20,0.0,2007-S20
REGIONAL::PEIXOTO DE AZEVEDO,2007,21,1.0,2007-S21
REGIONAL::PEIXOTO DE AZEVEDO,2007,22,0.0,2007-S22
REGIONAL::PEIXOTO DE AZEVEDO,2007,23,1.0,2007-S23
REGIONAL::PEIXOTO DE AZEVEDO,2007,24,0.0,2007-S24
REGIONAL::PEIXOTO DE AZEVEDO,2007,25,0.0,2007-S25
REGIONAL::PEIXOTO DE AZEVEDO,2007,26,0.0,2007-S26
REGIONAL::PEIXOTO DE AZEVEDO,2007,27,1.0,2007-S27
REGIONAL::PEIXOTO DE AZEVEDO,2007,28,0.0,2007-S28
REGIONAL::PEIXOTO DE AZEVEDO,2007,29,0.0,2007-S29
REGIONAL::PEIXOTO DE AZEVEDO,2007,30,0.0,2007-S30
REGIONAL::PEIXOTO DE AZEVEDO,2007,31,0.0,2007-S31
REGIONAL::PEIXOTO DE AZEVEDO,2007,32,0.0,2007-S32
REGIONAL::PEIXOTO DE AZEVEDO,2007,33,1.0,2007-S33
REGIONAL::PEIXOTO DE AZEVEDO,2007,34,0.0,2007-S34
REGIONAL::PEIXOTO DE AZEVEDO,2007,35,1.0,2007-S35
REGIONAL::PEIXOTO DE AZEVEDO,2007,36,0.0,2007-S36
REGIONAL::PEIXOTO DE AZEVEDO,2007,37,0.0,2007-S37
REGIONAL::PEIXOTO DE AZEVEDO,2007,38,0.0,2007-S38
REGIONAL::PEIXOTO DE AZEVEDO,2007,39,0.0,2007-S39
REGIONAL::PEIXOTO DE AZEVEDO,2007,40,0.0,2007-S40
REGIONAL::PEIXOTO DE AZEVEDO,2007,41,0.0,2007-S41
REGIONAL::PEIXOTO DE AZEVEDO,2007,42,0.0,2007-S42
REGIONAL::PEIXOTO DE AZEVEDO,2007,43,0.0,2007-S43
REGIONAL::PEIXOTO DE AZEVEDO,2007,44,0.0,2007-S44
REGIONAL::PEIXOTO DE AZEVEDO,2007,45,0.0,2007-S45
REGIONAL::PEIXOTO DE AZEVEDO,2007,46,0.0,2007-S46
REGIONAL::PEIXOTO DE AZEVEDO,2007,47,0.0,2007-S47
REGIONAL::PEIXOTO DE AZEVEDO,2007,48,0.0,2007-S48
REGIONAL::PEIXOTO DE AZEVEDO,2007,49,1.0,2007-S49
REGIONAL::PEIXOTO DE AZEVEDO,2007,50,1.0,2007-S50
REGIONAL::PEIXOTO DE AZEVEDO,2007,51,0.0,2007-S51
REGIONAL::PEIXOTO DE AZEVEDO,2007,52,0.0,2007-S52
REGIONAL::PEIXOTO DE AZEVEDO,2008,1,0.0,2008-S01
REGIONAL::PEIXOTO DE AZEVEDO,2008,2,0.0,2008-S02
REGIONAL::PEIXOTO DE AZEVEDO,2008,3,0.0,2008-S03
REGIONAL::PEIXOTO DE AZEVEDO,2008,4,0.0,2008-S04
REGIONAL::PEIXOTO DE AZEVEDO,2008,5,0.0,2008-S05
REGIONAL::PEIXOTO DE AZEVEDO,2008,6,0.0,2008-S06
REGIONAL::PEIXOTO DE AZEVEDO,2008,7,1.0,2008-S07
REGIONAL::PEIXOTO DE AZEVEDO,2008,8,0.0,2008-S08
REGIONAL::PEIXOTO DE AZEVEDO,2008,9,0.0,2008-S09
REGIONAL::PEIXOTO DE AZEVEDO,2008,10,0.0,2008-S10
REGIONAL::PEIXOTO DE AZEVEDO,2008,11,1.0,2008-S11
REGIONAL::PEIXOTO DE AZEVEDO,2008,12,1.0,2008-S12
REGIONAL::PEIXOTO DE AZEVEDO,2008,13,0.0,2008-S13
REGIONAL::PEIXOTO DE AZEVEDO,2008,14,0.0,2008-S14
REGIONAL::PEIXOTO DE AZEVEDO,2008,15,0.0,2008-S15
REGIONAL::PEIXOTO DE AZEVEDO,2008,16,0.0,2008-S16
REGIONAL::PEIXOTO DE AZEVEDO,2008,17,0.0,2008-S17
REGIONAL::PEIXOTO DE AZEVEDO,2008,18,1.0,2008-S18
REGIONAL::PEIXOTO DE AZEVEDO,2008,19,1.0,2008-S19
REGIONAL::PEIXOTO DE AZEVEDO,2008,20,0.0,2008-S20
REGIONAL::PEIXOTO DE AZEVEDO,2008,21,1.0,2008-S21
REGIONAL::PEIXOTO DE AZEVEDO,2008,22,0.0,2008-S22
REGIONAL::PEIXOTO DE AZEVEDO,2008,23,1.0,2008-S23
REGIONAL::PEIXOTO DE AZEVEDO,2008,24,0.0,2008-S24
REGIONAL::PEIXOTO DE AZEVEDO,2008,25,1.0,2008-S25
REGIONAL::PEIXOTO DE AZEVEDO,2008,26,0.0,2008-S26
REGIONAL::PEIXOTO DE AZEVEDO,2008,27,0.0,2008-S27
REGIONAL::PEIXOTO DE AZEVEDO,2008,28,0.0,2008-S28
REGIONAL::PEIXOTO DE AZEVEDO,2008,29,0.0,2008-S29
REGIONAL::PEIXOTO DE AZEVEDO,2008,30,0.0,2008-S30
REGIONAL::PEIXOTO DE AZEVEDO,2008,31,0.0,2008-S31
REGIONAL::PEIXOTO DE AZEVEDO,2008,32,0.0,2008-S32
REGIONAL::PEIXOTO DE AZEVEDO,2008,33,0.0,2008-S33
REGIONAL::PEIXOTO DE AZEVEDO,2008,34,0.0,2008-S34
REGIONAL::PEIXOTO DE AZEVEDO,2008,35,0.0,2008-S35
REGIONAL::PEIXOTO DE AZEVEDO,2008,36,0.0,2008-S36
REGIONAL::PEIXOTO DE AZEVEDO,2008,37,0.0,2008-S37
REGIONAL::PEIXOTO DE AZEVEDO,2008,38,0.0,2008-S38
REGIONAL::PEIXOTO DE AZEVEDO,2008,39,0.0,2008-S39
REGIONAL::PEIXOTO DE AZEVEDO,2008,40,0.0,2008-S40
REGIONAL::PEIXOTO DE AZEVEDO,2008,41,0.0,2008-S41
REGIONAL::PEIXOTO DE AZEVEDO,2008,42,0.0,2008-S42
REGIONAL::PEIXOTO DE AZEVEDO,2008,43,0.0,2008-S43
REGIONAL::PEIXOTO DE AZEVEDO,2008,44,0.0,2008-S44
REGIONAL::PEIXOTO DE AZEVEDO,2008,45,0.0,2008-S45
REGIONAL::PEIXOTO DE AZEVEDO,2008,46,0.0,2008-S46
REGIONAL::PEIXOTO DE AZEVEDO,2008,47,0.0,2008-S47
REGIONAL::PEIXOTO DE AZEVEDO,2008,48,0.0,2008-S48
REGIONAL::PEIXOTO DE AZEVEDO,2008,49,0.0,2008-S49
REGIONAL::PEIXOTO DE AZEVEDO,2008,50,0.0,2008-S50
REGIONAL::PEIXOTO DE AZEVEDO,2008,51,0.0,2008-S51
REGIONAL::PEIXOTO DE AZEVEDO,2008,52,0.0,2008-S52
REGIONAL::PEIXOTO DE AZEVEDO,2009,1,0.0,2009-S01
REGIONAL::PEIXOTO DE AZEVEDO,2009,2,1.0,2009-S02
REGIONAL::PEIXOTO DE AZEVEDO,2009,3,0.0,2009-S03
REGIONAL::PEIXOTO DE AZEVEDO,2009,4,0.0,2009-S04
REGIONAL::PEIXOTO DE AZEVEDO,2009,5,0.0,2009-S05
REGIONAL::PEIXOTO DE AZEVEDO,2009,6,0.0,2009-S06
REGIONAL::PEIXOTO DE AZEVEDO,2009,7,0.0,2009-S07
REGIONAL::PEIXOTO DE AZEVEDO,2009,8,0.0,2009-S08
REGIONAL::PEIXOTO DE AZEVEDO,2009,9,0.0,2009-S09
REGIONAL::PEIXOTO DE AZEVEDO,2009,10,0.0,2009-S10
REGIONAL::PEIXOTO DE AZEVEDO,2009,11,0.0,2009-S11
REGIONAL::PEIXOTO DE AZEVEDO,2009,12,0.0,2009-S12
REGIONAL::PEIXOTO DE AZEVEDO,2009,13,0.0,2009-S13
REGIONAL::PEIXOTO DE AZEVEDO,2009,14,0.0,2009-S14
REGIONAL::PEIXOTO DE AZEVEDO,2009,15,0.0,2009-S15
REGIONAL::PEIXOTO DE AZEVEDO,2009,16,0.0,2009-S16
REGIONAL::PEIXOTO DE AZEVEDO,2009,17,0.0,2009-S17
REGIONAL::PEIXOTO DE AZEVEDO,2009,18,0.0,2009-S18
REGIONAL::PEIXOTO DE AZEVEDO,2009,19,0.0,2009-S19
REGIONAL::PEIXOTO DE AZEVEDO,2009,20,0.0,2009-S20
REGIONAL::PEIXOTO DE AZEVEDO,2009,21,0.0,2009-S21
REGIONAL::PEIXOTO DE AZEVEDO,2009,22,0.0,2009-S22
REGIONAL::PEIXOTO DE AZEVEDO,2009,23,0.0,2009-S23
REGIONAL::PEIXOTO DE AZEVEDO,2009,24,2.0,2009-S24
REGIONAL::PEIXOTO DE AZEVEDO,2009,25,1.0,2009-S25
REGIONAL::PEIXOTO DE AZEVEDO,2009,26,0.0,2009-S26
REGIONAL::PEIXOTO DE AZEVEDO,2009,27,0.0,2009-S27
REGIONAL::PEIXOTO DE AZEVEDO,2009,28,0.0,2009-S28
REGIONAL::PEIXOTO DE AZEVEDO,2009,29,0.0,2009-S29
REGIONAL::PEIXOTO DE AZEVEDO,2009,30,0.0,2009-S30
REGIONAL::PEIXOTO DE AZEVEDO,2009,31,0.0,2009-S31
REGIONAL::PEIXOTO DE AZEVEDO,2009,32,0.0,2009-S32
REGIONAL::PEIXOTO DE AZEVEDO,2009,33,0.0,2009-S33
REGIONAL::PEIXOTO DE AZEVEDO,2009,34,0.0,2009-S34
REGIONAL::PEIXOTO DE AZEVEDO,2009,35,0.0,2009-S35
REGIONAL::PEIXOTO DE AZEVEDO,2009,36,0.0,2009-S36
REGIONAL::PEIXOTO DE AZEVEDO,2009,37,0.0,2009-S37
REGIONAL::PEIXOTO DE AZEVEDO,2009,38,1.0,2009-S38
REGIONAL::PEIXOTO DE AZEVEDO,2009,39,0.0,2009-S39
REGIONAL::PEIXOTO DE AZEVEDO,2009,40,0.0,2009-S40
REGIONAL::PEIXOTO DE AZEVEDO,2009,41,0.0,2009-S41
REGIONAL::PEIXOTO DE AZEVEDO,2009,42,0.0,2009-S42
REGIONAL::PEIXOTO DE AZEVEDO,2009,43,0.0,2009-S43
REGIONAL::PEIXOTO DE AZEVEDO,2009,44,0.0,2009-S44
REGIONAL::PEIXOTO DE AZEVEDO,2009,45,0.0,2009-S45
REGIONAL::PEIXOTO DE AZEVEDO,2009,46,0.0,2009-S46
REGIONAL::PEIXOTO DE AZEVEDO,2009,47,1.0,2009-S47
REGIONAL::PEIXOTO DE AZEVEDO,2009,48,1.0,2009-S48
REGIONAL::PEIXOTO DE AZEVEDO,2009,49,0.0,2009-S49
REGIONAL::PEIXOTO DE AZEVEDO,2009,50,0.0,2009-S50
REGIONAL::PEIXOTO DE AZEVEDO,2009,51,0.0,2009-S51
REGIONAL::PEIXOTO DE AZEVEDO,2009,52,0.0,2009-S52
REGIONAL::PEIXOTO DE AZEVEDO,2010,1,0.0,2010-S01
REGIONAL::PEIXOTO DE AZEVEDO,2010,2,0.0,2010-S02
REGIONAL::PEIXOTO DE AZEVEDO,2010,3,0.0,2010-S03
REGIONAL::PEIXOTO DE AZEVEDO,2010,4,0.0,2010-S04
REGIONAL::PEIXOTO DE AZEVEDO,2010,5,0.0,2010-S05
REGIONAL::PEIXOTO DE AZEVEDO,2010,6,0.0,2010-S06
REGIONAL::PEIXOTO DE AZEVEDO,2010,7,0.0,2010-S07
REGIONAL::PEIXOTO DE AZEVEDO,2010,8,1.0,2010-S08
REGIONAL::PEIXOTO DE AZEVEDO,2010,9,1.0,2010-S09
REGIONAL::PEIXOTO DE AZEVEDO,2010,10,0.0,2010-S10
REGIONAL::PEIXOTO DE AZEVEDO,2010,11,0.0,2010-S11
REGIONAL::PEIXOTO DE AZEVEDO,2010,12,0.0,2010-S12
REGIONAL::PEIXOTO DE AZEVEDO,2010,13,1.0,2010-S13
REGIONAL::PEIXOTO DE AZEVEDO,2010,14,0.0,2010-S14
REGIONAL::PEIXOTO DE AZEVEDO,2010,15,2.0,2010-S15
REGIONAL::PEIXOTO DE AZEVEDO,2010,16,3.0,2010-S16
REGIONAL::PEIXOTO DE AZEVEDO,2010,17,0.0,2010-S17
REGIONAL::PEIXOTO DE AZEVEDO,2010,18,0.0,2010-S18
REGIONAL::PEIXOTO DE AZEVEDO,2010,19,0.0,2010-S19
REGIONAL::PEIXOTO DE AZEVEDO,2010,20,0.0,2010-S20
REGIONAL::PEIXOTO DE AZEVEDO,2010,21,0.0,2010-S21
REGIONAL::PEIXOTO DE AZEVEDO,2010,22,0.0,2010-S22
REGIONAL::PEIXOTO DE AZEVEDO,2010,23,0.0,2010-S23
REGIONAL::PEIXOTO DE AZEVEDO,2010,24,1.0,2010-S24
REGIONAL::PEIXOTO DE AZEVEDO,2010,25,0.0,2010-S25
REGIONAL::PEIXOTO DE AZEVEDO,2010,26,0.0,2010-S26
REGIONAL::PEIXOTO DE AZEVEDO,2010,27,0.0,2010-S27
REGIONAL::PEIXOTO DE AZEVEDO,2010,28,1.0,2010-S28
REGIONAL::PEIXOTO DE AZEVEDO,2010,29,0.0,2010-S29
REGIONAL::PEIXOTO DE AZEVEDO,2010,30,1.0,2010-S30
REGIONAL::PEIXOTO DE AZEVEDO,2010,31,0.0,2010-S31
REGIONAL::PEIXOTO DE AZEVEDO,2010,32,0.0,2010-S32
REGIONAL::PEIXOTO DE AZEVEDO,2010,33,0.0,2010-S33
REGIONAL::PEIXOTO DE AZEVEDO,2010,34,0.0,2010-S34
REGIONAL::PEIXOTO DE AZEVEDO,2010,35,0.0,2010-S35
REGIONAL::PEIXOTO DE AZEVEDO,2010,36,0.0,2010-S36
REGIONAL::PEIXOTO DE AZEVEDO,2010,37,0.0,2010-S37
REGIONAL::PEIXOTO DE AZEVEDO,2010,38,0.0,2010-S38
REGIONAL::PEIXOTO DE AZEVEDO,2010,39,0.0,2010-S39
REGIONAL::PEIXOTO DE AZEVEDO,2010,40,1.0,2010-S40
REGIONAL::PEIXOTO DE AZEVEDO,2010,41,0.0,2010-S41
REGIONAL::PEIXOTO DE AZEVEDO,2010,42,0.0,2010-S42
REGIONAL::PEIXOTO DE AZEVEDO,2010,43,0.0,2010-S43
REGIONAL::PEIXOTO DE AZEVEDO,2010,44,0.0,2010-S44
REGIONAL::PEIXOTO DE AZEVEDO,2010,45,0.0,2010-S45
REGIONAL::PEIXOTO DE AZEVEDO,2010,46,1.0,2010-S46
REGIONAL::PEIXOTO DE AZEVEDO,2010,47,0.0,2010-S47
REGIONAL::PEIXOTO DE AZEVEDO,2010,48,0.0,2010-S48
REGIONAL::PEIXOTO DE AZEVEDO,2010,49,0.0,2010-S49
REGIONAL::PEIXOTO DE AZEVEDO,2010,50,0.0,2010-S50
REGIONAL::PEIXOTO DE AZEVEDO,2010,51,0.0,2010-S51
REGIONAL::PEIXOTO DE AZEVEDO,2010,52,0.0,2010-S52
REGIONAL::PEIXOTO DE AZEVEDO,2011,1,0.0,2011-S01
REGIONAL::PEIXOTO DE AZEVEDO,2011,2,0.0,2011-S02
REGIONAL::PEIXOTO DE AZEVEDO,2011,3,0.0,2011-S03
REGIONAL::PEIXOTO DE AZEVEDO,2011,4,0.0,2011-S04
REGIONAL::PEIXOTO DE AZEVEDO,2011,5,1.0,2011-S05
REGIONAL::PEIXOTO DE AZEVEDO,2011,6,0.0,2011-S06
REGIONAL::PEIXOTO DE AZEVEDO,2011,7,0.0,2011-S07
REGIONAL::PEIXOTO DE AZEVEDO,2011,8,0.0,2011-S08
REGIONAL::PEIXOTO DE AZEVEDO,2011,9,0.0,2011-S09
REGIONAL::PEIXOTO DE AZEVEDO,2011,10,1.0,2011-S10
REGIONAL::PEIXOTO DE AZEVEDO,2011,11,0.0,2011-S11
REGIONAL::PEIXOTO DE AZEVEDO,2011,12,0.0,2011-S12
REGIONAL::PEIXOTO DE AZEVEDO,2011,13,0.0,2011-S13
REGIONAL::PEIXOTO DE AZEVEDO,2011,14,0.0,2011-S14
REGIONAL::PEIXOTO DE AZEVEDO,2011,15,0.0,2011-S15
REGIONAL::PEIXOTO DE AZEVEDO,2011,16,0.0,2011-S16
REGIONAL::PEIXOTO DE AZEVEDO,2011,17,0.0,2011-S17
REGIONAL::PEIXOTO DE AZEVEDO,2011,18,0.0,2011-S18
REGIONAL::PEIXOTO DE AZEVEDO,2011,19,2.0,2011-S19
REGIONAL::PEIXOTO DE AZEVEDO,2011,20,0.0,2011-S20
REGIONAL::PEIXOTO DE AZEVEDO,2011,21,0.0,2011-S21
REGIONAL::PEIXOTO DE AZEVEDO,2011,22,0.0,2011-S22
REGIONAL::PEIXOTO DE AZEVEDO,2011,23,0.0,2011-S23
REGIONAL::PEIXOTO DE AZEVEDO,2011,24,1.0,2011-S24
REGIONAL::PEIXOTO DE AZEVEDO,2011,25,0.0,2011-S25
REGIONAL::PEIXOTO DE AZEVEDO,2011,26,0.0,2011-S26
REGIONAL::PEIXOTO DE AZEVEDO,2011,27,0.0,2011-S27
REGIONAL::PEIXOTO DE AZEVEDO,2011,28,0.0,2011-S28
REGIONAL::PEIXOTO DE AZEVEDO,2011,29,1.0,2011-S29
REGIONAL::PEIXOTO DE AZEVEDO,2011,30,0.0,2011-S30
REGIONAL::PEIXOTO DE AZEVEDO,2011,31,1.0,2011-S31
REGIONAL::PEIXOTO DE AZEVEDO,2011,32,0.0,2011-S32
REGIONAL::PEIXOTO DE AZEVEDO,2011,33,0.0,2011-S33
REGIONAL::PEIXOTO DE AZEVEDO,2011,34,0.0,2011-S34
REGIONAL::PEIXOTO DE AZEVEDO,2011,35,0.0,2011-S35
REGIONAL::PEIXOTO DE AZEVEDO,2011,36,2.0,2011-S36
REGIONAL::PEIXOTO DE AZEVEDO,2011,37,0.0,2011-S37
REGIONAL::PEIXOTO DE AZEVEDO,2011,38,0.0,2011-S38
REGIONAL::PEIXOTO DE AZEVEDO,2011,39,0.0,2011-S39
REGIONAL::PEIXOTO DE AZEVEDO,2011,40,0.0,2011-S40
REGIONAL::PEIXOTO DE AZEVEDO,2011,41,0.0,2011-S41
REGIONAL::PEIXOTO DE AZEVEDO,2011,42,0.0,2011-S42
REGIONAL::PEIXOTO DE AZEVEDO,2011,43,0.0,2011-S43
REGIONAL::PEIXOTO DE AZEVEDO,2011,44,1.0,2011-S44
REGIONAL::PEIXOTO DE AZEVEDO,2011,45,0.0,2011-S45
REGIONAL::PEIXOTO DE AZEVEDO,2011,46,0.0,2011-S46
REGIONAL::PEIXOTO DE AZEVEDO,2011,47,0.0,2011-S47
REGIONAL::PEIXOTO DE AZEVEDO,2011,48,0.0,2011-S48
REGIONAL::PEIXOTO DE AZEVEDO,2011,49,0.0,2011-S49
REGIONAL::PEIXOTO DE AZEVEDO,2011,50,0.0,2011-S50
REGIONAL::PEIXOTO DE AZEVEDO,2011,51,0.0,2011-S51
REGIONAL::PEIXOTO DE AZEVEDO,2011,52,0.0,2011-S52
REGIONAL::PEIXOTO DE AZEVEDO,2012,1,0.0,2012-S01
REGIONAL::PEIXOTO DE AZEVEDO,2012,2,0.0,2012-S02
REGIONAL::PEIXOTO DE AZEVEDO,2012,3,0.0,2012-S03
REGIONAL::PEIXOTO DE AZEVEDO,2012,4,0.0,2012-S04
REGIONAL::PEIXOTO DE AZEVEDO,2012,5,0.0,2012-S05
REGIONAL::PEIXOTO DE AZEVEDO,2012,6,0.0,2012-S06
REGIONAL::PEIXOTO DE AZEVEDO,2012,7,0.0,2012-S07
REGIONAL::PEIXOTO DE AZEVEDO,2012,8,0.0,2012-S08
REGIONAL::PEIXOTO DE AZEVEDO,2012,9,0.0,2012-S09
REGIONAL::PEIXOTO DE AZEVEDO,2012,10,0.0,2012-S10
REGIONAL::PEIXOTO DE AZEVEDO,2012,11,0.0,2012-S11
REGIONAL::PEIXOTO DE AZEVEDO,2012,12,0.0,2012-S12
REGIONAL::PEIXOTO DE AZEVEDO,2012,13,0.0,2012-S13
REGIONAL::PEIXOTO DE AZEVEDO,2012,14,0.0,2012-S14
REGIONAL::PEIXOTO DE AZEVEDO,2012,15,1.0,2012-S15
REGIONAL::PEIXOTO DE AZEVEDO,2012,16,0.0,2012-S16
REGIONAL::PEIXOTO DE AZEVEDO,2012,17,0.0,2012-S17
REGIONAL::PEIXOTO DE AZEVEDO,2012,18,2.0,2012-S18
REGIONAL::PEIXOTO DE AZEVEDO,2012,19,0.0,2012-S19
REGIONAL::PEIXOTO DE AZEVEDO,2012,20,0.0,2012-S20
REGIONAL::PEIXOTO DE AZEVEDO,2012,21,0.0,2012-S21
REGIONAL::PEIXOTO DE AZEVEDO,2012,22,0.0,2012-S22
REGIONAL::PEIXOTO DE AZEVEDO,2012,23,0.0,2012-S23
REGIONAL::PEIXOTO DE AZEVEDO,2012,24,0.0,2012-S24
REGIONAL::PEIXOTO DE AZEVEDO,2012,25,0.0,2012-S25
REGIONAL::PEIXOTO DE AZEVEDO,2012,26,0.0,2012-S26
REGIONAL::PEIXOTO DE AZEVEDO,2012,27,0.0,2012-S27
REGIONAL::PEIXOTO DE AZEVEDO,2012,28,0.0,2012-S28
REGIONAL::PEIXOTO DE AZEVEDO,2012,29,0.0,2012-S29
REGIONAL::PEIXOTO DE AZEVEDO,2012,30,0.0,2012-S30
REGIONAL::PEIXOTO DE AZEVEDO,2012,31,1.0,2012-S31
REGIONAL::PEIXOTO DE AZEVEDO,2012,32,0.0,2012-S32
REGIONAL::PEIXOTO DE AZEVEDO,2012,33,0.0,2012-S33
REGIONAL::PEIXOTO DE AZEVEDO,2012,34,0.0,2012-S34
REGIONAL::PEIXOTO DE AZEVEDO,2012,35,0.0,2012-S35
REGIONAL::PEIXOTO DE AZEVEDO,2012,36,0.0,2012-S36
REGIONAL::PEIXOTO DE AZEVEDO,2012,37,0.0,2012-S37
REGIONAL::PEIXOTO DE AZEVEDO,2012,38,1.0,2012-S38
REGIONAL::PEIXOTO DE AZEVEDO,2012,39,0.0,2012-S39
REGIONAL::PEIXOTO DE AZEVEDO,2012,40,1.0,2012-S40
REGIONAL::PEIXOTO DE AZEVEDO,2012,41,0.0,2012-S41
REGIONAL::PEIXOTO DE AZEVEDO,2012,42,0.0,2012-S42
REGIONAL::PEIXOTO DE AZEVEDO,2012,43,0.0,2012-S43
REGIONAL::PEIXOTO DE AZEVEDO,2012,44,0.0,2012-S44
REGIONAL::PEIXOTO DE AZEVEDO,2012,45,0.0,2012-S45
REGIONAL::PEIXOTO DE AZEVEDO,2012,46,0.0,2012-S46
REGIONAL::PEIXOTO DE AZEVEDO,2012,47,0.0,2012-S47
REGIONAL::PEIXOTO DE AZEVEDO,2012,48,0.0,2012-S48
REGIONAL::PEIXOTO DE AZEVEDO,2012,49,0.0,2012-S49
REGIONAL::PEIXOTO DE AZEVEDO,2012,50,0.0,2012-S50
REGIONAL::PEIXOTO DE AZEVEDO,2012,51,0.0,2012-S51
REGIONAL::PEIXOTO DE AZEVEDO,2012,52,0.0,2012-S52
REGIONAL::PEIXOTO DE AZEVEDO,2013,1,0.0,2013-S01
REGIONAL::PEIXOTO DE AZEVEDO,2013,2,0.0,2013-S02
REGIONAL::PEIXOTO DE AZEVEDO,2013,3,0.0,2013-S03
REGIONAL::PEIXOTO DE AZEVEDO,2013,4,0.0,2013-S04
REGIONAL::PEIXOTO DE AZEVEDO,2013,5,2.0,2013-S05
REGIONAL::PEIXOTO DE AZEVEDO,2013,6,0.0,2013-S06
REGIONAL::PEIXOTO DE AZEVEDO,2013,7,0.0,2013-S07
REGIONAL::PEIXOTO DE AZEVEDO,2013,8,0.0,2013-S08
REGIONAL::PEIXOTO DE AZEVEDO,2013,9,1.0,2013-S09
REGIONAL::PEIXOTO DE AZEVEDO,2013,10,0.0,2013-S10
REGIONAL::PEIXOTO DE AZEVEDO,2013,11,1.0,2013-S11
REGIONAL::PEIXOTO DE AZEVEDO,2013,12,0.0,2013-S12
REGIONAL::PEIXOTO DE AZEVEDO,2013,13,0.0,2013-S13
REGIONAL::PEIXOTO DE AZEVEDO,2013,14,0.0,2013-S14
REGIONAL::PEIXOTO DE AZEVEDO,2013,15,0.0,2013-S15
REGIONAL::PEIXOTO DE AZEVEDO,2013,16,1.0,2013-S16
REGIONAL::PEIXOTO DE AZEVEDO,2013,17,1.0,2013-S17
REGIONAL::PEIXOTO DE AZEVEDO,2013,18,0.0,2013-S18
REGIONAL::PEIXOTO DE AZEVEDO,2013,19,0.0,2013-S19
REGIONAL::PEIXOTO DE AZEVEDO,2013,20,0.0,2013-S20
REGIONAL::PEIXOTO DE AZEVEDO,2013,21,0.0,2013-S21
REGIONAL::PEIXOTO DE AZEVEDO,2013,22,1.0,2013-S22
REGIONAL::PEIXOTO DE AZEVEDO,2013,23,0.0,2013-S23
REGIONAL::PEIXOTO DE AZEVEDO,2013,24,0.0,2013-S24
REGIONAL::PEIXOTO DE AZEVEDO,2013,25,0.0,2013-S25
REGIONAL::PEIXOTO DE AZEVEDO,2013,26,0.0,2013-S26
REGIONAL::PEIXOTO DE AZEVEDO,2013,27,0.0,2013-S27
REGIONAL::PEIXOTO DE AZEVEDO,2013,28,0.0,2013-S28
REGIONAL::PEIXOTO DE AZEVEDO,2013,29,0.0,2013-S29
REGIONAL::PEIXOTO DE AZEVEDO,2013,30,0.0,2013-S30
REGIONAL::PEIXOTO DE AZEVEDO,2013,31,0.0,2013-S31
REGIONAL::PEIXOTO DE AZEVEDO,2013,32,0.0,2013-S32
REGIONAL::PEIXOTO DE AZEVEDO,2013,33,0.0,2013-S33
REGIONAL::PEIXOTO DE AZEVEDO,2013,34,0.0,2013-S34
REGIONAL::PEIXOTO DE AZEVEDO,2013,35,0.0,2013-S35
REGIONAL::PEIXOTO DE AZEVEDO,2013,36,0.0,2013-S36
REGIONAL::PEIXOTO DE AZEVEDO,2013,37,0.0,2013-S37
REGIONAL::PEIXOTO DE AZEVEDO,2013,38,0.0,2013-S38
REGIONAL::PEIXOTO DE AZEVEDO,2013,39,0.0,2013-S39
REGIONAL::PEIXOTO DE AZEVEDO,2013,40,0.0,2013-S40
REGIONAL::PEIXOTO DE AZEVEDO,2013,41,1.0,2013-S41
REGIONAL::PEIXOTO DE AZEVEDO,2013,42,0.0,2013-S42
REGIONAL::PEIXOTO DE AZEVEDO,2013,43,0.0,2013-S43
REGIONAL::PEIXOTO DE AZEVEDO,2013,44,0.0,2013-S44
REGIONAL::PEIXOTO DE AZEVEDO,2013,45,0.0,2013-S45
REGIONAL::PEIXOTO DE AZEVEDO,2013,46,0.0,2013-S46
REGIONAL::PEIXOTO DE AZEVEDO,2013,47,0.0,2013-S47
REGIONAL::PEIXOTO DE AZEVEDO,2013,48,0.0,2013-S48
REGIONAL::PEIXOTO DE AZEVEDO,2013,49,0.0,2013-S49
REGIONAL::PEIXOTO DE AZEVEDO,2013,50,0.0,2013-S50
REGIONAL::PEIXOTO DE AZEVEDO,2013,51,0.0,2013-S51
REGIONAL::PEIXOTO DE AZEVEDO,2013,52,0.0,2013-S52
REGIONAL::PEIXOTO DE AZEVEDO,2014,1,0.0,2014-S01
REGIONAL::PEIXOTO DE AZEVEDO,2014,2,0.0,2014-S02
REGIONAL::PEIXOTO DE AZEVEDO,2014,3,0.0,2014-S03
REGIONAL::PEIXOTO DE AZEVEDO,2014,4,1.0,2014-S04
REGIONAL::PEIXOTO DE AZEVEDO,2014,5,1.0,2014-S05
REGIONAL::PEIXOTO DE AZEVEDO,2014,6,0.0,2014-S06
REGIONAL::PEIXOTO DE AZEVEDO,2014,7,0.0,2014-S07
REGIONAL::PEIXOTO DE AZEVEDO,2014,8,0.0,2014-S08
REGIONAL::PEIXOTO DE AZEVEDO,2014,9,0.0,2014-S09
REGIONAL::PEIXOTO DE AZEVEDO,2014,10,0.0,2014-S10
REGIONAL::PEIXOTO DE AZEVEDO,2014,11,0.0,2014-S11
REGIONAL::PEIXOTO DE AZEVEDO,2014,12,0.0,2014-S12
REGIONAL::PEIXOTO DE AZEVEDO,2014,13,0.0,2014-S13
REGIONAL::PEIXOTO DE AZEVEDO,2014,14,0.0,2014-S14
REGIONAL::PEIXOTO DE AZEVEDO,2014,15,0.0,2014-S15
REGIONAL::PEIXOTO DE AZEVEDO,2014,16,0.0,2014-S16
REGIONAL::PEIXOTO DE AZEVEDO,2014,17,1.0,2014-S17
REGIONAL::PEIXOTO DE AZEVEDO,2014,18,0.0,2014-S18
REGIONAL::PEIXOTO DE AZEVEDO,2014,19,0.0,2014-S19
REGIONAL::PEIXOTO DE AZEVEDO,2014,20,0.0,2014-S20
REGIONAL::PEIXOTO DE AZEVEDO,2014,21,1.0,2014-S21
REGIONAL::PEIXOTO DE AZEVEDO,2014,22,1.0,2014-S22
REGIONAL::PEIXOTO DE AZEVEDO,2014,23,0.0,2014-S23
REGIONAL::PEIXOTO DE AZEVEDO,2014,24,0.0,2014-S24
REGIONAL::PEIXOTO DE AZEVEDO,2014,25,0.0,2014-S25
REGIONAL::PEIXOTO DE AZEVEDO,2014,26,0.0,2014-S26
REGIONAL::PEIXOTO DE AZEVEDO,2014,27,0.0,2014-S27
REGIONAL::PEIXOTO DE AZEVEDO,2014,28,0.0,2014-S28
REGIONAL::PEIXOTO DE AZEVEDO,2014,29,0.0,2014-S29
REGIONAL::PEIXOTO DE AZEVEDO,2014,30,0.0,2014-S30
REGIONAL::PEIXOTO DE AZEVEDO,2014,31,0.0,2014-S31
REGIONAL::PEIXOTO DE AZEVEDO,2014,32,0.0,2014-S32
REGIONAL::PEIXOTO DE AZEVEDO,2014,33,0.0,2014-S33
REGIONAL::PEIXOTO DE AZEVEDO,2014,34,0.0,2014-S34
REGIONAL::PEIXOTO DE AZEVEDO,2014,35,1.0,2014-S35
REGIONAL::PEIXOTO DE AZEVEDO,2014,36,1.0,2014-S36
REGIONAL::PEIXOTO DE AZEVEDO,2014,37,0.0,2014-S37
REGIONAL::PEIXOTO DE AZEVEDO,2014,38,0.0,2014-S38
REGIONAL::PEIXOTO DE AZEVEDO,2014,39,0.0,2014-S39
REGIONAL::PEIXOTO DE AZEVEDO,2014,40,0.0,2014-S40
REGIONAL::PEIXOTO DE AZEVEDO,2014,41,0.0,2014-S41
REGIONAL::PEIXOTO DE AZEVEDO,2014,42,1.0,2014-S42
REGIONAL::PEIXOTO DE AZEVEDO,2014,43,0.0,2014-S43
REGIONAL::PEIXOTO DE AZEVEDO,2014,44,0.0,2014-S44
REGIONAL::PEIXOTO DE AZEVEDO,2014,45,0.0,2014-S45
REGIONAL::PEIXOTO DE AZEVEDO,2014,46,0.0,2014-S46
REGIONAL::PEIXOTO DE AZEVEDO,2014,47,0.0,2014-S47
REGIONAL::PEIXOTO DE AZEVEDO,2014,48,2.0,2014-S48
REGIONAL::PEIXOTO DE AZEVEDO,2014,49,0.0,2014-S49
REGIONAL::PEIXOTO DE AZEVEDO,2014,50,0.0,2014-S50
REGIONAL::PEIXOTO DE AZEVEDO,2014,51,0.0,2014-S51
REGIONAL::PEIXOTO DE AZEVEDO,2014,52,0.0,2014-S52
REGIONAL::PEIXOTO DE AZEVEDO,2015,1,0.0,2015-S01
REGIONAL::PEIXOTO DE AZEVEDO,2015,2,0.0,2015-S02
REGIONAL::PEIXOTO DE AZEVEDO,2015,3,0.0,2015-S03
REGIONAL::PEIXOTO DE AZEVEDO,2015,4,1.0,2015-S04
REGIONAL::PEIXOTO DE AZEVEDO,2015,5,0.0,2015-S05
REGIONAL::PEIXOTO DE AZEVEDO,2015,6,0.0,2015-S06
REGIONAL::PEIXOTO DE AZEVEDO,2015,7,0.0,2015-S07
REGIONAL::PEIXOTO DE AZEVEDO,2015,8,0.0,2015-S08
REGIONAL::PEIXOTO DE AZEVEDO,2015,9,0.0,2015-S09
REGIONAL::PEIXOTO DE AZEVEDO,2015,10,0.0,2015-S10
REGIONAL::PEIXOTO DE AZEVEDO,2015,11,0.0,2015-S11
REGIONAL::PEIXOTO DE AZEVEDO,2015,12,0.0,2015-S12
REGIONAL::PEIXOTO DE AZEVEDO,2015,13,2.0,2015-S13
REGIONAL::PEIXOTO DE AZEVEDO,2015,14,0.0,2015-S14
REGIONAL::PEIXOTO DE AZEVEDO,2015,15,0.0,2015-S15
REGIONAL::PEIXOTO DE AZEVEDO,2015,16,0.0,2015-S16
REGIONAL::PEIXOTO DE AZEVEDO,2015,17,0.0,2015-S17
REGIONAL::PEIXOTO DE AZEVEDO,2015,18,0.0,2015-S18
REGIONAL::PEIXOTO DE AZEVEDO,2015,19,0.0,2015-S19
REGIONAL::PEIXOTO DE AZEVEDO,2015,20,0.0,2015-S20
REGIONAL::PEIXOTO DE AZEVEDO,2015,21,0.0,2015-S21
REGIONAL::PEIXOTO DE AZEVEDO,2015,22,0.0,2015-S22
REGIONAL::PEIXOTO DE AZEVEDO,2015,23,0.0,2015-S23
REGIONAL::PEIXOTO DE AZEVEDO,2015,24,0.0,2015-S24
REGIONAL::PEIXOTO DE AZEVEDO,2015,25,0.0,2015-S25
REGIONAL::PEIXOTO DE AZEVEDO,2015,26,0.0,2015-S26
REGIONAL::PEIXOTO DE AZEVEDO,2015,27,0.0,2015-S27
REGIONAL::PEIXOTO DE AZEVEDO,2015,28,0.0,2015-S28
REGIONAL::PEIXOTO DE AZEVEDO,2015,29,0.0,2015-S29
REGIONAL::PEIXOTO DE AZEVEDO,2015,30,0.0,2015-S30
REGIONAL::PEIXOTO DE AZEVEDO,2015,31,0.0,2015-S31
REGIONAL::PEIXOTO DE AZEVEDO,2015,32,0.0,2015-S32
REGIONAL::PEIXOTO DE AZEVEDO,2015,33,0.0,2015-S33
REGIONAL::PEIXOTO DE AZEVEDO,2015,34,1.0,2015-S34
REGIONAL::PEIXOTO DE AZEVEDO,2015,35,0.0,2015-S35
REGIONAL::PEIXOTO DE AZEVEDO,2015,36,0.0,2015-S36
REGIONAL::PEIXOTO DE AZEVEDO,2015,37,1.0,2015-S37
REGIONAL::PEIXOTO DE AZEVEDO,2015,38,0.0,2015-S38
REGIONAL::PEIXOTO DE AZEVEDO,2015,39,0.0,2015-S39
REGIONAL::PEIXOTO DE AZEVEDO,2015,40,0.0,2015-S40
REGIONAL::PEIXOTO DE AZEVEDO,2015,41,0.0,2015-S41
REGIONAL::PEIXOTO DE AZEVEDO,2015,42,0.0,2015-S42
REGIONAL::PEIXOTO DE AZEVEDO,2015,43,0.0,2015-S43
REGIONAL::PEIXOTO DE AZEVEDO,2015,44,0.0,2015-S44
REGIONAL::PEIXOTO DE AZEVEDO,2015,45,0.0,2015-S45
REGIONAL::PEIXOTO DE AZEVEDO,2015,46,0.0,2015-S46
REGIONAL::PEIXOTO DE AZEVEDO,2015,47,2.0,2015-S47
REGIONAL::PEIXOTO DE AZEVEDO,2015,48,0.0,2015-S48
REGIONAL::PEIXOTO DE AZEVEDO,2015,49,0.0,2015-S49
REGIONAL::PEIXOTO DE AZEVEDO,2015,50,0.0,2015-S50
REGIONAL::PEIXOTO DE AZEVEDO,2015,51,0.0,2015-S51
REGIONAL::PEIXOTO DE AZEVEDO,2015,52,0.0,2015-S52
REGIONAL::PEIXOTO DE AZEVEDO,2016,1,0.0,2016-S01
REGIONAL::PEIXOTO DE AZEVEDO,2016,2,0.0,2016-S02
REGIONAL::PEIXOTO DE AZEVEDO,2016,3,0.0,2016-S03
REGIONAL::PEIXOTO DE AZEVEDO,2016,4,0.0,2016-S04
REGIONAL::PEIXOTO DE AZEVEDO,2016,5,0.0,2016-S05
REGIONAL::PEIXOTO DE AZEVEDO,2016,6,0.0,2016-S06
REGIONAL::PEIXOTO DE AZEVEDO,2016,7,0.0,2016-S07
REGIONAL::PEIXOTO DE AZEVEDO,2016,8,0.0,2016-S08
REGIONAL::PEIXOTO DE AZEVEDO,2016,9,0.0,2016-S09
REGIONAL::PEIXOTO DE AZEVEDO,2016,10,0.0,2016-S10
REGIONAL::PEIXOTO DE AZEVEDO,2016,11,0.0,2016-S11
REGIONAL::PEIXOTO DE AZEVEDO,2016,12,0.0,2016-S12
REGIONAL::PEIXOTO DE AZEVEDO,2016,13,0.0,2016-S13
REGIONAL::PEIXOTO DE AZEVEDO,2016,14,0.0,2016-S14
REGIONAL::PEIXOTO DE AZEVEDO,2016,15,0.0,2016-S15
REGIONAL::PEIXOTO DE AZEVEDO,2016,16,0.0,2016-S16
REGIONAL::PEIXOTO DE AZEVEDO,2016,17,0.0,2016-S17
REGIONAL::PEIXOTO DE AZEVEDO,2016,18,0.0,2016-S18
REGIONAL::PEIXOTO DE AZEVEDO,2016,19,0.0,2016-S19
REGIONAL::PEIXOTO DE AZEVEDO,2016,20,0.0,2016-S20
REGIONAL::PEIXOTO DE AZEVEDO,2016,21,0.0,2016-S21
REGIONAL::PEIXOTO DE AZEVEDO,2016,22,0.0,2016-S22
REGIONAL::PEIXOTO DE AZEVEDO,2016,23,0.0,2016-S23
REGIONAL::PEIXOTO DE AZEVEDO,2016,24,0.0,2016-S24
REGIONAL::PEIXOTO DE AZEVEDO,2016,25,0.0,2016-S25
REGIONAL::PEIXOTO DE AZEVEDO,2016,26,0.0,2016-S26
REGIONAL::PEIXOTO DE AZEVEDO,2016,27,0.0,2016-S27
REGIONAL::PEIXOTO DE AZEVEDO,2016,28,0.0,2016-S28
REGIONAL::PEIXOTO DE AZEVEDO,2016,29,0.0,2016-S29
REGIONAL::PEIXOTO DE AZEVEDO,2016,30,0.0,2016-S30
REGIONAL::PEIXOTO DE AZEVEDO,2016,31,0.0,2016-S31
REGIONAL::PEIXOTO DE AZEVEDO,2016,32,0.0,2016-S32
REGIONAL::PEIXOTO DE AZEVEDO,2016,33,0.0,2016-S33
REGIONAL::PEIXOTO DE AZEVEDO,2016,34,0.0,2016-S34
REGIONAL::PEIXOTO DE AZEVEDO,2016,35,0.0,2016-S35
REGIONAL::PEIXOTO DE AZEVEDO,2016,36,0.0,2016-S36
REGIONAL::PEIXOTO DE AZEVEDO,2016,37,0.0,2016-S37
REGIONAL::PEIXOTO DE AZEVEDO,2016,38,0.0,2016-S38
REGIONAL::PEIXOTO DE AZEVEDO,2016,39,0.0,2016-S39
REGIONAL::PEIXOTO DE AZEVEDO,2016,40,0.0,2016-S40
REGIONAL::PEIXOTO DE AZEVEDO,2016,41,0.0,2016-S41
REGIONAL::PEIXOTO DE AZEVEDO,2016,42,0.0,2016-S42
REGIONAL::PEIXOTO DE AZEVEDO,2016,43,0.0,2016-S43
REGIONAL::PEIXOTO DE AZEVEDO,2016,44,0.0,2016-S44
REGIONAL::PEIXOTO DE AZEVEDO,2016,45,0.0,2016-S45
REGIONAL::PEIXOTO DE AZEVEDO,2016,46,1.0,2016-S46
REGIONAL::PEIXOTO DE AZEVEDO,2016,47,0.0,2016-S47
REGIONAL::PEIXOTO DE AZEVEDO,2016,48,0.0,2016-S48
REGIONAL::PEIXOTO DE AZEVEDO,2016,49,0.0,2016-S49
REGIONAL::PEIXOTO DE AZEVEDO,2016,50,0.0,2016-S50
REGIONAL::PEIXOTO DE AZEVEDO,2016,51,0.0,2016-S51
REGIONAL::PEIXOTO DE AZEVEDO,2016,52,0.0,2016-S52
REGIONAL::PEIXOTO DE AZEVEDO,2017,1,1.0,2017-S01
REGIONAL::PEIXOTO DE AZEVEDO,2017,2,0.0,2017-S02
REGIONAL::PEIXOTO DE AZEVEDO,2017,3,0.0,2017-S03
REGIONAL::PEIXOTO DE AZEVEDO,2017,4,0.0,2017-S04
REGIONAL::PEIXOTO DE AZEVEDO,2017,5,0.0,2017-S05
REGIONAL::PEIXOTO DE AZEVEDO,2017,6,0.0,2017-S06
REGIONAL::PEIXOTO DE AZEVEDO,2017,7,0.0,2017-S07
REGIONAL::PEIXOTO DE AZEVEDO,2017,8,0.0,2017-S08
REGIONAL::PEIXOTO DE AZEVEDO,2017,9,0.0,2017-S09
REGIONAL::PEIXOTO DE AZEVEDO,2017,10,0.0,2017-S10
REGIONAL::PEIXOTO DE AZEVEDO,2017,11,0.0,2017-S11
REGIONAL::PEIXOTO DE AZEVEDO,2017,12,0.0,2017-S12
REGIONAL::PEIXOTO DE AZEVEDO,2017,13,0.0,2017-S13
REGIONAL::PEIXOTO DE AZEVEDO,2017,14,0.0,2017-S14
REGIONAL::PEIXOTO DE AZEVEDO,2017,15,0.0,2017-S15
REGIONAL::PEIXOTO DE AZEVEDO,2017,16,0.0,2017-S16
REGIONAL::PEIXOTO DE AZEVEDO,2017,17,0.0,2017-S17
REGIONAL::PEIXOTO DE AZEVEDO,2017,18,1.0,2017-S18
REGIONAL::PEIXOTO DE AZEVEDO,2017,19,0.0,2017-S19
REGIONAL::PEIXOTO DE AZEVEDO,2017,20,0.0,2017-S20
REGIONAL::PEIXOTO DE AZEVEDO,2017,21,0.0,2017-S21
REGIONAL::PEIXOTO DE AZEVEDO,2017,22,0.0,2017-S22
REGIONAL::PEIXOTO DE AZEVEDO,2017,23,0.0,2017-S23
REGIONAL::PEIXOTO DE AZEVEDO,2017,24,0.0,2017-S24
REGIONAL::PEIXOTO DE AZEVEDO,2017,25,0.0,2017-S25
REGIONAL::PEIXOTO DE AZEVEDO,2017,26,1.0,2017-S26
REGIONAL::PEIXOTO DE AZEVEDO,2017,27,0.0,2017-S27
REGIONAL::PEIXOTO DE AZEVEDO,2017,28,0.0,2017-S28
REGIONAL::PEIXOTO DE AZEVEDO,2017,29,0.0,2017-S29
REGIONAL::PEIXOTO DE AZEVEDO,2017,30,1.0,2017-S30
REGIONAL::PEIXOTO DE AZEVEDO,2017,31,0.0,2017-S31
REGIONAL::PEIXOTO DE AZEVEDO,2017,32,0.0,2017-S32
REGIONAL::PEIXOTO DE AZEVEDO,2017,33,0.0,2017-S33
REGIONAL::PEIXOTO DE AZEVEDO,2017,34,0.0,2017-S34
REGIONAL::PEIXOTO DE AZEVEDO,2017,35,0.0,2017-S35
REGIONAL::PEIXOTO DE AZEVEDO,2017,36,0.0,2017-S36
REGIONAL::PEIXOTO DE AZEVEDO,2017,37,0.0,2017-S37
REGIONAL::PEIXOTO DE AZEVEDO,2017,38,0.0,2017-S38
REGIONAL::PEIXOTO DE AZEVEDO,2017,39,0.0,2017-S39
REGIONAL::PEIXOTO DE AZEVEDO,2017,40,1.0,2017-S40
REGIONAL::PEIXOTO DE AZEVEDO,2017,41,1.0,2017-S41
REGIONAL::PEIXOTO DE AZEVEDO,2017,42,0.0,2017-S42
REGIONAL::PEIXOTO DE AZEVEDO,2017,43,0.0,2017-S43
REGIONAL::PEIXOTO DE AZEVEDO,2017,44,0.0,2017-S44
REGIONAL::PEIXOTO DE AZEVEDO,2017,45,1.0,2017-S45
REGIONAL::PEIXOTO DE AZEVEDO,2017,46,0.0,2017-S46
REGIONAL::PEIXOTO DE AZEVEDO,2017,47,1.0,2017-S47
REGIONAL::PEIXOTO DE AZEVEDO,2017,48,0.0,2017-S48
REGIONAL::PEIXOTO DE AZEVEDO,2017,49,0.0,2017-S49
REGIONAL::PEIXOTO DE AZEVEDO,2017,50,0.0,2017-S50
REGIONAL::PEIXOTO DE AZEVEDO,2017,51,0.0,2017-S51
REGIONAL::PEIXOTO DE AZEVEDO,2017,52,1.0,2017-S52
REGIONAL::PEIXOTO DE AZEVEDO,2018,1,1.0,2018-S01
REGIONAL::PEIXOTO DE AZEVEDO,2018,2,0.0,2018-S02
REGIONAL::PEIXOTO DE AZEVEDO,2018,3,0.0,2018-S03
REGIONAL::PEIXOTO DE AZEVEDO,2018,4,1.0,2018-S04
REGIONAL::PEIXOTO DE AZEVEDO,2018,5,0.0,2018-S05
REGIONAL::PEIXOTO DE AZEVEDO,2018,6,0.0,2018-S06
REGIONAL::PEIXOTO DE AZEVEDO,2018,7,0.0,2018-S07
REGIONAL::PEIXOTO DE AZEVEDO,2018,8,2.0,2018-S08
REGIONAL::PEIXOTO DE AZEVEDO,2018,9,0.0,2018-S09
REGIONAL::PEIXOTO DE AZEVEDO,2018,10,0.0,2018-S10
REGIONAL::PEIXOTO DE AZEVEDO,2018,11,0.0,2018-S11
REGIONAL::PEIXOTO DE AZEVEDO,2018,12,0.0,2018-S12
REGIONAL::PEIXOTO DE AZEVEDO,2018,13,0.0,2018-S13
REGIONAL::PEIXOTO DE AZEVEDO,2018,14,0.0,2018-S14
REGIONAL::PEIXOTO DE AZEVEDO,2018,15,0.0,2018-S15
REGIONAL::PEIXOTO DE AZEVEDO,2018,16,0.0,2018-S16
REGIONAL::PEIXOTO DE AZEVEDO,2018,17,0.0,2018-S17
REGIONAL::PEIXOTO DE AZEVEDO,2018,18,0.0,2018-S18
REGIONAL::PEIXOTO DE AZEVEDO,2018,19,0.0,2018-S19
REGIONAL::PEIXOTO DE AZEVEDO,2018,20,0.0,2018-S20
REGIONAL::PEIXOTO DE AZEVEDO,2018,21,0.0,2018-S21
REGIONAL::PEIXOTO DE AZEVEDO,2018,22,0.0,2018-S22
REGIONAL::PEIXOTO DE AZEVEDO,2018,23,0.0,2018-S23
REGIONAL::PEIXOTO DE AZEVEDO,2018,24,0.0,2018-S24
REGIONAL::PEIXOTO DE AZEVEDO,2018,25,0.0,2018-S25
REGIONAL::PEIXOTO DE AZEVEDO,2018,26,0.0,2018-S26
REGIONAL::PEIXOTO DE AZEVEDO,2018,27,0.0,2018-S27
REGIONAL::PEIXOTO DE AZEVEDO,2018,28,0.0,2018-S28
REGIONAL::PEIXOTO DE AZEVEDO,2018,29,0.0,2018-S29
REGIONAL::PEIXOTO DE AZEVEDO,2018,30,0.0,2018-S30
REGIONAL::PEIXOTO DE AZEVEDO,2018,31,0.0,2018-S31
REGIONAL::PEIXOTO DE AZEVEDO,2018,32,0.0,2018-S32
REGIONAL::PEIXOTO DE AZEVEDO,2018,33,0.0,2018-S33
REGIONAL::PEIXOTO DE AZEVEDO,2018,34,0.0,2018-S34
REGIONAL::PEIXOTO DE AZEVEDO,2018,35,0.0,2018-S35
REGIONAL::PEIXOTO DE AZEVEDO,2018,36,0.0,2018-S36
REGIONAL::PEIXOTO DE AZEVEDO,2018,37,0.0,2018-S37
REGIONAL::PEIXOTO DE AZEVEDO,2018,38,0.0,2018-S38
REGIONAL::PEIXOTO DE AZEVEDO,2018,39,0.0,2018-S39
REGIONAL::PEIXOTO DE AZEVEDO,2018,40,0.0,2018-S40
REGIONAL::PEIXOTO DE AZEVEDO,2018,41,0.0,2018-S41
REGIONAL::PEIXOTO DE AZEVEDO,2018,42,0.0,2018-S42
REGIONAL::PEIXOTO DE AZEVEDO,2018,43,0.0,2018-S43
REGIONAL::PEIXOTO DE AZEVEDO,2018,44,0.0,2018-S44
REGIONAL::PEIXOTO DE AZEVEDO,2018,45,0.0,2018-S45
REGIONAL::PEIXOTO DE AZEVEDO,2018,46,0.0,2018-S46
REGIONAL::PEIXOTO DE AZEVEDO,2018,47,0.0,2018-S47
REGIONAL::PEIXOTO DE AZEVEDO,2018,48,0.0,2018-S48
REGIONAL::PEIXOTO DE AZEVEDO,2018,49,0.0,2018-S49
REGIONAL::PEIXOTO DE AZEVEDO,2018,50,0.0,2018-S50
REGIONAL::PEIXOTO DE AZEVEDO,2018,51,0.0,2018-S51
REGIONAL::PEIXOTO DE AZEVEDO,2018,52,0.0,2018-S52
REGIONAL::PEIXOTO DE AZEVEDO,2019,1,0.0,2019-S01
REGIONAL::PEIXOTO DE AZEVEDO,2019,2,0.0,2019-S02
REGIONAL::PEIXOTO DE AZEVEDO,2019,3,0.0,2019-S03
REGIONAL::PEIXOTO DE AZEVEDO,2019,4,0.0,2019-S04
REGIONAL::PEIXOTO DE AZEVEDO,2019,5,0.0,2019-S05
REGIONAL::PEIXOTO DE AZEVEDO,2019,6,0.0,2019-S06
REGIONAL::PEIXOTO DE AZEVEDO,2019,7,0.0,2019-S07
REGIONAL::PEIXOTO DE AZEVEDO,2019,8,0.0,2019-S08
REGIONAL::PEIXOTO DE AZEVEDO,2019,9,0.0,2019-S09
REGIONAL::PEIXOTO DE AZEVEDO,2019,10,0.0,2019-S10
REGIONAL::PEIXOTO DE AZEVEDO,2019,11,0.0,2019-S11
REGIONAL::PEIXOTO DE AZEVEDO,2019,12,2.0,2019-S12
REGIONAL::PEIXOTO DE AZEVEDO,2019,13,0.0,2019-S13
REGIONAL::PEIXOTO DE AZEVEDO,2019,14,0.0,2019-S14
REGIONAL::PEIXOTO DE AZEVEDO,2019,15,0.0,2019-S15
REGIONAL::PEIXOTO DE AZEVEDO,2019,16,0.0,2019-S16
REGIONAL::PEIXOTO DE AZEVEDO,2019,17,0.0,2019-S17
REGIONAL::PEIXOTO DE AZEVEDO,2019,18,0.0,2019-S18
REGIONAL::PEIXOTO DE AZEVEDO,2019,19,0.0,2019-S19
REGIONAL::PEIXOTO DE AZEVEDO,2019,20,0.0,2019-S20
REGIONAL::PEIXOTO DE AZEVEDO,2019,21,0.0,2019-S21
REGIONAL::PEIXOTO DE AZEVEDO,2019,22,0.0,2019-S22
REGIONAL::PEIXOTO DE AZEVEDO,2019,23,0.0,2019-S23
REGIONAL::PEIXOTO DE AZEVEDO,2019,24,0.0,2019-S24
REGIONAL::PEIXOTO DE AZEVEDO,2019,25,0.0,2019-S25
REGIONAL::PEIXOTO DE AZEVEDO,2019,26,0.0,2019-S26
REGIONAL::PEIXOTO DE AZEVEDO,2019,27,0.0,2019-S27
REGIONAL::PEIXOTO DE AZEVEDO,2019,28,0.0,2019-S28
REGIONAL::PEIXOTO DE AZEVEDO,2019,29,0.0,2019-S29
REGIONAL::PEIXOTO DE AZEVEDO,2019,30,0.0,2019-S30
REGIONAL::PEIXOTO DE AZEVEDO,2019,31,0.0,2019-S31
REGIONAL::PEIXOTO DE AZEVEDO,2019,32,0.0,2019-S32
REGIONAL::PEIXOTO DE AZEVEDO,2019,33,0.0,2019-S33
REGIONAL::PEIXOTO DE AZEVEDO,2019,34,0.0,2019-S34
REGIONAL::PEIXOTO DE AZEVEDO,2019,35,0.0,2019-S35
REGIONAL::PEIXOTO DE AZEVEDO,2019,36,0.0,2019-S36
REGIONAL::PEIXOTO DE AZEVEDO,2019,37,0.0,2019-S37
REGIONAL::PEIXOTO DE AZEVEDO,2019,38,0.0,2019-S38
REGIONAL::PEIXOTO DE AZEVEDO,2019,39,0.0,2019-S39
REGIONAL::PEIXOTO DE AZEVEDO,2019,40,1.0,2019-S40
REGIONAL::PEIXOTO DE AZEVEDO,2019,41,0.0,2019-S41
REGIONAL::PEIXOTO DE AZEVEDO,2019,42,0.0,2019-S42
REGIONAL::PEIXOTO DE AZEVEDO,2019,43,0.0,2019-S43
REGIONAL::PEIXOTO DE AZEVEDO,2019,44,0.0,2019-S44
REGIONAL::PEIXOTO DE AZEVEDO,2019,45,1.0,2019-S45
REGIONAL::PEIXOTO DE AZEVEDO,2019,46,1.0,2019-S46
REGIONAL::PEIXOTO DE AZEVEDO,2019,47,0.0,2019-S47
REGIONAL::PEIXOTO DE AZEVEDO,2019,48,1.0,2019-S48
REGIONAL::PEIXOTO DE AZEVEDO,2019,49,3.0,2019-S49
REGIONAL::PEIXOTO DE AZEVEDO,2019,50,0.0,2019-S50
REGIONAL::PEIXOTO DE AZEVEDO,2019,51,0.0,2019-S51
REGIONAL::PEIXOTO DE AZEVEDO,2019,52,2.0,2019-S52
REGIONAL::PEIXOTO DE AZEVEDO,2020,1,0.0,2020-S01
REGIONAL::PEIXOTO DE AZEVEDO,2020,2,0.0,2020-S02
REGIONAL::PEIXOTO DE AZEVEDO,2020,3,0.0,2020-S03
REGIONAL::PEIXOTO DE AZEVEDO,2020,4,0.0,2020-S04
REGIONAL::PEIXOTO DE AZEVEDO,2020,5,0.0,2020-S05
REGIONAL::PEIXOTO DE AZEVEDO,2020,6,0.0,2020-S06
REGIONAL::PEIXOTO DE AZEVEDO,2020,7,0.0,2020-S07
REGIONAL::PEIXOTO DE AZEVEDO,2020,8,0.0,2020-S08
REGIONAL::PEIXOTO DE AZEVEDO,2020,9,0.0,2020-S09
REGIONAL::PEIXOTO DE AZEVEDO,2020,10,0.0,2020-S10
REGIONAL::PEIXOTO DE AZEVEDO,2020,11,0.0,2020-S11
REGIONAL::PEIXOTO DE AZEVEDO,2020,12,1.0,2020-S12
REGIONAL::PEIXOTO DE AZEVEDO,2020,13,0.0,2020-S13
REGIONAL::PEIXOTO DE AZEVEDO,2020,14,0.0,2020-S14
REGIONAL::PEIXOTO DE AZEVEDO,2020,15,0.0,2020-S15
REGIONAL::PEIXOTO DE AZEVEDO,2020,16,0.0,2020-S16
REGIONAL::PEIXOTO DE AZEVEDO,2020,17,0.0,2020-S17
REGIONAL::PEIXOTO DE AZEVEDO,2020,18,1.0,2020-S18
REGIONAL::PEIXOTO DE AZEVEDO,2020,19,0.0,2020-S19
REGIONAL::PEIXOTO DE AZEVEDO,2020,20,0.0,2020-S20
REGIONAL::PEIXOTO DE AZEVEDO,2020,21,1.0,2020-S21
REGIONAL::PEIXOTO DE AZEVEDO,2020,22,0.0,2020-S22
REGIONAL::PEIXOTO DE AZEVEDO,2020,23,0.0,2020-S23
REGIONAL::PEIXOTO DE AZEVEDO,2020,24,0.0,2020-S24
REGIONAL::PEIXOTO DE AZEVEDO,2020,25,0.0,2020-S25
REGIONAL::PEIXOTO DE AZEVEDO,2020,26,0.0,2020-S26
REGIONAL::PEIXOTO DE AZEVEDO,2020,27,0.0,2020-S27
REGIONAL::PEIXOTO DE AZEVEDO,2020,28,0.0,2020-S28
REGIONAL::PEIXOTO DE AZEVEDO,2020,29,0.0,2020-S29
REGIONAL::PEIXOTO DE AZEVEDO,2020,30,0.0,2020-S30
REGIONAL::PEIXOTO DE AZEVEDO,2020,31,0.0,2020-S31
REGIONAL::PEIXOTO DE AZEVEDO,2020,32,0.0,2020-S32
REGIONAL::PEIXOTO DE AZEVEDO,2020,33,0.0,2020-S33
REGIONAL::PEIXOTO DE AZEVEDO,2020,34,0.0,2020-S34
REGIONAL::PEIXOTO DE AZEVEDO,2020,35,0.0,2020-S35
REGIONAL::PEIXOTO DE AZEVEDO,2020,36,0.0,2020-S36
REGIONAL::PEIXOTO DE AZEVEDO,2020,37,0.0,2020-S37
REGIONAL::PEIXOTO DE AZEVEDO,2020,38,1.0,2020-S38
REGIONAL::PEIXOTO DE AZEVEDO,2020,39,0.0,2020-S39
REGIONAL::PEIXOTO DE AZEVEDO,2020,40,0.0,2020-S40
REGIONAL::PEIXOTO DE AZEVEDO,2020,41,0.0,2020-S41
REGIONAL::PEIXOTO DE AZEVEDO,2020,42,0.0,2020-S42
REGIONAL::PEIXOTO DE AZEVEDO,2020,43,1.0,2020-S43
REGIONAL::PEIXOTO DE AZEVEDO,2020,44,0.0,2020-S44
REGIONAL::PEIXOTO DE AZEVEDO,2020,45,0.0,2020-S45
REGIONAL::PEIXOTO DE AZEVEDO,2020,46,0.0,2020-S46
REGIONAL::PEIXOTO DE AZEVEDO,2020,47,0.0,2020-S47
REGIONAL::PEIXOTO DE AZEVEDO,2020,48,0.0,2020-S48
REGIONAL::PEIXOTO DE AZEVEDO,2020,49,0.0,2020-S49
REGIONAL::PEIXOTO DE AZEVEDO,2020,50,0.0,2020-S50
REGIONAL::PEIXOTO DE AZEVEDO,2020,51,1.0,2020-S51
REGIONAL::PEIXOTO DE AZEVEDO,2020,52,0.0,2020-S52
REGIONAL::PEIXOTO DE AZEVEDO,2021,1,0.0,2021-S01
REGIONAL::PEIXOTO DE AZEVEDO,2021,2,0.0,2021-S02
REGIONAL::PEIXOTO DE AZEVEDO,2021,3,1.0,2021-S03
REGIONAL::PEIXOTO DE AZEVEDO,2021,4,0.0,2021-S04
REGIONAL::PEIXOTO DE AZEVEDO,2021,5,0.0,2021-S05
REGIONAL::PEIXOTO DE AZEVEDO,2021,6,0.0,2021-S06
REGIONAL::PEIXOTO DE AZEVEDO,2021,7,0.0,2021-S07
REGIONAL::PEIXOTO DE AZEVEDO,2021,8,0.0,2021-S08
REGIONAL::PEIXOTO DE AZEVEDO,2021,9,0.0,2021-S09
REGIONAL::PEIXOTO DE AZEVEDO,2021,10,1.0,2021-S10
REGIONAL::PEIXOTO DE AZEVEDO,2021,11,0.0,2021-S11
REGIONAL::PEIXOTO DE AZEVEDO,2021,12,0.0,2021-S12
REGIONAL::PEIXOTO DE AZEVEDO,2021,13,0.0,2021-S13
REGIONAL::PEIXOTO DE AZEVEDO,2021,14,0.0,2021-S14
REGIONAL::PEIXOTO DE AZEVEDO,2021,15,0.0,2021-S15
REGIONAL::PEIXOTO DE AZEVEDO,2021,16,0.0,2021-S16
REGIONAL::PEIXOTO DE AZEVEDO,2021,17,0.0,2021-S17
REGIONAL::PEIXOTO DE AZEVEDO,2021,18,0.0,2021-S18
REGIONAL::PEIXOTO DE AZEVEDO,2021,19,0.0,2021-S19
REGIONAL::PEIXOTO DE AZEVEDO,2021,20,0.0,2021-S20
REGIONAL::PEIXOTO DE AZEVEDO,2021,21,0.0,2021-S21
REGIONAL::PEIXOTO DE AZEVEDO,2021,22,1.0,2021-S22
REGIONAL::PEIXOTO DE AZEVEDO,2021,23,1.0,2021-S23
REGIONAL::PEIXOTO DE AZEVEDO,2021,24,0.0,2021-S24
REGIONAL::PEIXOTO DE AZEVEDO,2021,25,0.0,2021-S25
REGIONAL::PEIXOTO DE AZEVEDO,2021,26,0.0,2021-S26
REGIONAL::PEIXOTO DE AZEVEDO,2021,27,0.0,2021-S27
REGIONAL::PEIXOTO DE AZEVEDO,2021,28,0.0,2021-S28
REGIONAL::PEIXOTO DE AZEVEDO,2021,29,0.0,2021-S29
REGIONAL::PEIXOTO DE AZEVEDO,2021,30,0.0,2021-S30
REGIONAL::PEIXOTO DE AZEVEDO,2021,31,0.0,2021-S31
REGIONAL::PEIXOTO DE AZEVEDO,2021,32,0.0,2021-S32
REGIONAL::PEIXOTO DE AZEVEDO,2021,33,0.0,2021-S33
REGIONAL::PEIXOTO DE AZEVEDO,2021,34,0.0,2021-S34
REGIONAL::PEIXOTO DE AZEVEDO,2021,35,0.0,2021-S35
REGIONAL::PEIXOTO DE AZEVEDO,2021,36,0.0,2021-S36
REGIONAL::PEIXOTO DE AZEVEDO,2021,37,0.0,2021-S37
REGIONAL::PEIXOTO DE AZEVEDO,2021,38,0.0,2021-S38
REGIONAL::PEIXOTO DE AZEVEDO,2021,39,0.0,2021-S39
REGIONAL::PEIXOTO DE AZEVEDO,2021,40,0.0,2021-S40
REGIONAL::PEIXOTO DE AZEVEDO,2021,41,0.0,2021-S41
REGIONAL::PEIXOTO DE AZEVEDO,2021,42,0.0,2021-S42
REGIONAL::PEIXOTO DE AZEVEDO,2021,43,1.0,2021-S43
REGIONAL::PEIXOTO DE AZEVEDO,2021,44,0.0,2021-S44
REGIONAL::PEIXOTO DE AZEVEDO,2021,45,0.0,2021-S45
REGIONAL::PEIXOTO DE AZEVEDO,2021,46,0.0,2021-S46
REGIONAL::PEIXOTO DE AZEVEDO,2021,47,0.0,2021-S47
REGIONAL::PEIXOTO DE AZEVEDO,2021,48,0.0,2021-S48
REGIONAL::PEIXOTO DE AZEVEDO,2021,49,0.0,2021-S49
REGIONAL::PEIXOTO DE AZEVEDO,2021,50,0.0,2021-S50
REGIONAL::PEIXOTO DE AZEVEDO,2021,51,0.0,2021-S51
REGIONAL::PEIXOTO DE AZEVEDO,2021,52,0.0,2021-S52
REGIONAL::PEIXOTO DE AZEVEDO,2022,1,0.0,2022-S01
REGIONAL::PEIXOTO DE AZEVEDO,2022,2,0.0,2022-S02
REGIONAL::PEIXOTO DE AZEVEDO,2022,3,0.0,2022-S03
REGIONAL::PEIXOTO DE AZEVEDO,2022,4,0.0,2022-S04
REGIONAL::PEIXOTO DE AZEVEDO,2022,5,0.0,2022-S05
REGIONAL::PEIXOTO DE AZEVEDO,2022,6,0.0,2022-S06
REGIONAL::PEIXOTO DE AZEVEDO,2022,7,0.0,2022-S07
REGIONAL::PEIXOTO DE AZEVEDO,2022,8,0.0,2022-S08
REGIONAL::PEIXOTO DE AZEVEDO,2022,9,0.0,2022-S09
REGIONAL::PEIXOTO DE AZEVEDO,2022,10,0.0,2022-S10
REGIONAL::PEIXOTO DE AZEVEDO,2022,11,0.0,2022-S11
REGIONAL::PEIXOTO DE AZEVEDO,2022,12,0.0,2022-S12
REGIONAL::PEIXOTO DE AZEVEDO,2022,13,0.0,2022-S13
REGIONAL::PEIXOTO DE AZEVEDO,2022,14,0.0,2022-S14
REGIONAL::PEIXOTO DE AZEVEDO,2022,15,0.0,2022-S15
REGIONAL::PEIXOTO DE AZEVEDO,2022,16,0.0,2022-S16
REGIONAL::PEIXOTO DE AZEVEDO,2022,17,0.0,2022-S17
REGIONAL::PEIXOTO DE AZEVEDO,2022,18,0.0,2022-S18
REGIONAL::PEIXOTO DE AZEVEDO,2022,19,0.0,2022-S19
REGIONAL::PEIXOTO DE AZEVEDO,2022,20,0.0,2022-S20
REGIONAL::PEIXOTO DE AZEVEDO,2022,21,0.0,2022-S21
REGIONAL::PEIXOTO DE AZEVEDO,2022,22,0.0,2022-S22
REGIONAL::PEIXOTO DE AZEVEDO,2022,23,0.0,2022-S23
REGIONAL::PEIXOTO DE AZEVEDO,2022,24,0.0,2022-S24
REGIONAL::PEIXOTO DE AZEVEDO,2022,25,0.0,2022-S25
REGIONAL::PEIXOTO DE AZEVEDO,2022,26,0.0,2022-S26
REGIONAL::PEIXOTO DE AZEVEDO,2022,27,0.0,2022-S27
REGIONAL::PEIXOTO DE AZEVEDO,2022,28,1.0,2022-S28
REGIONAL::PEIXOTO DE AZEVEDO,2022,29,1.0,2022-S29
REGIONAL::PEIXOTO DE AZEVEDO,2022,30,0.0,2022-S30
REGIONAL::PEIXOTO DE AZEVEDO,2022,31,0.0,2022-S31
REGIONAL::PEIXOTO DE AZEVEDO,2022,32,0.0,2022-S32
REGIONAL::PEIXOTO DE AZEVEDO,2022,33,0.0,2022-S33
REGIONAL::PEIXOTO DE AZEVEDO,2022,34,1.0,2022-S34
REGIONAL::PEIXOTO DE AZEVEDO,2022,35,0.0,2022-S35
REGIONAL::PEIXOTO DE AZEVEDO,2022,36,0.0,2022-S36
REGIONAL::PEIXOTO DE AZEVEDO,2022,37,0.0,2022-S37
REGIONAL::PEIXOTO DE AZEVEDO,2022,38,0.0,2022-S38
REGIONAL::PEIXOTO DE AZEVEDO,2022,39,0.0,2022-S39
REGIONAL::PEIXOTO DE AZEVEDO,2022,40,0.0,2022-S40
REGIONAL::PEIXOTO DE AZEVEDO,2022,41,0.0,2022-S41
REGIONAL::PEIXOTO DE AZEVEDO,2022,42,0.0,2022-S42
REGIONAL::PEIXOTO DE AZEVEDO,2022,43,0.0,2022-S43
REGIONAL::PEIXOTO DE AZEVEDO,2022,44,0.0,2022-S44
REGIONAL::PEIXOTO DE AZEVEDO,2022,45,0.0,2022-S45
REGIONAL::PEIXOTO DE AZEVEDO,2022,46,0.0,2022-S46
REGIONAL::PEIXOTO DE AZEVEDO,2022,47,0.0,2022-S47
REGIONAL::PEIXOTO DE AZEVEDO,2022,48,0.0,2022-S48
REGIONAL::PEIXOTO DE AZEVEDO,2022,49,0.0,2022-S49
REGIONAL::PEIXOTO DE AZEVEDO,2022,50,0.0,2022-S50
REGIONAL::PEIXOTO DE AZEVEDO,2022,51,0.0,2022-S51
REGIONAL::PEIXOTO DE AZEVEDO,2022,52,0.0,2022-S52
REGIONAL::PEIXOTO DE AZEVEDO,2023,1,0.0,2023-S01
REGIONAL::PEIXOTO DE AZEVEDO,2023,2,0.0,2023-S02
REGIONAL::PEIXOTO DE AZEVEDO,2023,3,0.0,2023-S03
REGIONAL::PEIXOTO DE AZEVEDO,2023,4,0.0,2023-S04
REGIONAL::PEIXOTO DE AZEVEDO,2023,5,0.0,2023-S05
REGIONAL::PEIXOTO DE AZEVEDO,2023,6,0.0,2023-S06
REGIONAL::PEIXOTO DE AZEVEDO,2023,7,0.0,2023-S07
REGIONAL::PEIXOTO DE AZEVEDO,2023,8,0.0,2023-S08
REGIONAL::PEIXOTO DE AZEVEDO,2023,9,0.0,2023-S09
REGIONAL::PEIXOTO DE AZEVEDO,2023,10,0.0,2023-S10
REGIONAL::PEIXOTO DE AZEVEDO,2023,11,0.0,2023-S11
REGIONAL::PEIXOTO DE AZEVEDO,2023,12,0.0,2023-S12
REGIONAL::PEIXOTO DE AZEVEDO,2023,13,1.0,2023-S13
REGIONAL::PEIXOTO DE AZEVEDO,2023,14,0.0,2023-S14
REGIONAL::PEIXOTO DE AZEVEDO,2023,15,0.0,2023-S15
REGIONAL::PEIXOTO DE AZEVEDO,2023,16,0.0,2023-S16
REGIONAL::PEIXOTO DE AZEVEDO,2023,17,0.0,2023-S17
REGIONAL::PEIXOTO DE AZEVEDO,2023,18,0.0,2023-S18
REGIONAL::PEIXOTO DE AZEVEDO,2023,19,0.0,2023-S19
REGIONAL::PEIXOTO DE AZEVEDO,2023,20,0.0,2023-S20
REGIONAL::PEIXOTO DE AZEVEDO,2023,21,0.0,2023-S21
REGIONAL::PEIXOTO DE AZEVEDO,2023,22,0.0,2023-S22
REGIONAL::PEIXOTO DE AZEVEDO,2023,23,0.0,2023-S23
REGIONAL::PEIXOTO DE AZEVEDO,2023,24,0.0,2023-S24
REGIONAL::PEIXOTO DE AZEVEDO,2023,25,0.0,2023-S25
REGIONAL::PEIXOTO DE AZEVEDO,2023,26,0.0,2023-S26
REGIONAL::PEIXOTO DE AZEVEDO,2023,27,0.0,2023-S27
REGIONAL::PEIXOTO DE AZEVEDO,2023,28,0.0,2023-S28
REGIONAL::PEIXOTO DE AZEVEDO,2023,29,0.0,2023-S29
REGIONAL::PEIXOTO DE AZEVEDO,2023,30,0.0,2023-S30
REGIONAL::PEIXOTO DE AZEVEDO,2023,31,0.0,2023-S31
REGIONAL::PEIXOTO DE AZEVEDO,2023,32,0.0,2023-S32
REGIONAL::PEIXOTO DE AZEVEDO,2023,33,0.0,2023-S33
REGIONAL::PEIXOTO DE AZEVEDO,2023,34,0.0,2023-S34
REGIONAL::PEIXOTO DE AZEVEDO,2023,35,0.0,2023-S35
REGIONAL::PEIXOTO DE AZEVEDO,2023,36,0.0,2023-S36
REGIONAL::PEIXOTO DE AZEVEDO,2023,37,0.0,2023-S37
REGIONAL::PEIXOTO DE AZEVEDO,2023,38,0.0,2023-S38
REGIONAL::PEIXOTO DE AZEVEDO,2023,39,0.0,2023-S39
REGIONAL::PEIXOTO DE AZEVEDO,2023,40,0.0,2023-S40
REGIONAL::PEIXOTO DE AZEVEDO,2023,41,0.0,2023-S41
REGIONAL::PEIXOTO DE AZEVEDO,2023,42,0.0,2023-S42
REGIONAL::PEIXOTO DE AZEVEDO,2023,43,0.0,2023-S43
REGIONAL::PEIXOTO DE AZEVEDO,2023,44,0.0,2023-S44
REGIONAL::PEIXOTO DE AZEVEDO,2023,45,0.0,2023-S45
REGIONAL::PEIXOTO DE AZEVEDO,2023,46,0.0,2023-S46
REGIONAL::PEIXOTO DE AZEVEDO,2023,47,0.0,2023-S47
REGIONAL::PEIXOTO DE AZEVEDO,2023,48,0.0,2023-S48
REGIONAL::PEIXOTO DE AZEVEDO,2023,49,0.0,2023-S49
REGIONAL::PEIXOTO DE AZEVEDO,2023,50,0.0,2023-S50
REGIONAL::PEIXOTO DE AZEVEDO,2023,51,0.0,2023-S51
REGIONAL::PEIXOTO DE AZEVEDO,2023,52,0.0,2023-S52
REGIONAL::PEIXOTO DE AZEVEDO,2024,1,0.0,2024-S01
REGIONAL::PEIXOTO DE AZEVEDO,2024,2,0.0,2024-S02
REGIONAL::PEIXOTO DE AZEVEDO,2024,3,0.0,2024-S03
REGIONAL::PEIXOTO DE AZEVEDO,2024,4,0.0,2024-S04
REGIONAL::PEIXOTO DE AZEVEDO,2024,5,0.0,2024-S05
REGIONAL::PEIXOTO DE AZEVEDO,2024,6,0.0,2024-S06
REGIONAL::PEIXOTO DE AZEVEDO,2024,7,0.0,2024-S07
REGIONAL::PEIXOTO DE AZEVEDO,2024,8,1.0,2024-S08
REGIONAL::PEIXOTO DE AZEVEDO,2024,9,0.0,2024-S09
REGIONAL::PEIXOTO DE AZEVEDO,2024,10,0.0,2024-S10
REGIONAL::PEIXOTO DE AZEVEDO,2024,11,0.0,2024-S11
REGIONAL::PEIXOTO DE AZEVEDO,2024,12,0.0,2024-S12
REGIONAL::PEIXOTO DE AZEVEDO,2024,13,1.0,2024-S13
REGIONAL::PEIXOTO DE AZEVEDO,2024,14,0.0,2024-S14
REGIONAL::PEIXOTO DE AZEVEDO,2024,15,0.0,2024-S15
REGIONAL::PEIXOTO DE AZEVEDO,2024,16,0.0,2024-S16
REGIONAL::PEIXOTO DE AZEVEDO,2024,17,1.0,2024-S17
REGIONAL::PEIXOTO DE AZEVEDO,2024,18,0.0,2024-S18
REGIONAL::PEIXOTO DE AZEVEDO,2024,19,0.0,2024-S19
REGIONAL::PEIXOTO DE AZEVEDO,2024,20,0.0,2024-S20
REGIONAL::PEIXOTO DE AZEVEDO,2024,21,0.0,2024-S21
REGIONAL::PEIXOTO DE AZEVEDO,2024,22,0.0,2024-S22
REGIONAL::PEIXOTO DE AZEVEDO,2024,23,0.0,2024-S23
REGIONAL::PEIXOTO DE AZEVEDO,2024,24,0.0,2024-S24
REGIONAL::PEIXOTO DE AZEVEDO,2024,25,0.0,2024-S25
REGIONAL::PEIXOTO DE AZEVEDO,2024,26,0.0,2024-S26
REGIONAL::PEIXOTO DE AZEVEDO,2024,27,0.0,2024-S27
REGIONAL::PEIXOTO DE AZEVEDO,2024,28,0.0,2024-S28
REGIONAL::PEIXOTO DE AZEVEDO,2024,29,0.0,2024-S29
REGIONAL::PEIXOTO DE AZEVEDO,2024,30,0.0,2024-S30
REGIONAL::PEIXOTO DE AZEVEDO,2024,31,0.0,2024-S31
REGIONAL::PEIXOTO DE AZEVEDO,2024,32,1.0,2024-S32
REGIONAL::PEIXOTO DE AZEVEDO,2024,33,1.0,2024-S33
REGIONAL::PEIXOTO DE AZEVEDO,2024,34,0.0,2024-S34
REGIONAL::PEIXOTO DE AZEVEDO,2024,35,0.0,2024-S35
REGIONAL::PEIXOTO DE AZEVEDO,2024,36,0.0,2024-S36
REGIONAL::PEIXOTO DE AZEVEDO,2024,37,0.0,2024-S37
REGIONAL::PEIXOTO DE AZEVEDO,2024,38,0.0,2024-S38
REGIONAL::PEIXOTO DE AZEVEDO,2024,39,1.0,2024-S39
REGIONAL::PEIXOTO DE AZEVEDO,2024,40,1.0,2024-S40
REGIONAL::PEIXOTO DE AZEVEDO,2024,41,0.0,2024-S41
REGIONAL::PEIXOTO DE AZEVEDO,2024,42,0.0,2024-S42
REGIONAL::PEIXOTO DE AZEVEDO,2024,43,0.0,2024-S43
REGIONAL::PEIXOTO DE AZEVEDO,2024,44,0.0,2024-S44
REGIONAL::PEIXOTO DE AZEVEDO,2024,45,1.0,2024-S45
REGIONAL::PEIXOTO DE AZEVEDO,2024,46,0.0,2024-S46
REGIONAL::PEIXOTO DE AZEVEDO,2024,47,0.0,2024-S47
REGIONAL::PEIXOTO DE AZEVEDO,2024,48,0.0,2024-S48
REGIONAL::PEIXOTO DE AZEVEDO,2024,49,0.0,2024-S49
REGIONAL::PEIXOTO DE AZEVEDO,2024,50,0.0,2024-S50
REGIONAL::PEIXOTO DE AZEVEDO,2024,51,0.0,2024-S51
REGIONAL::PEIXOTO DE AZEVEDO,2024,52,0.0,2024-S52
REGIONAL::PEIXOTO DE AZEVEDO,2025,1,0.0,2025-S01
REGIONAL::PEIXOTO DE AZEVEDO,2025,2,0.0,2025-S02
REGIONAL::PEIXOTO DE AZEVEDO,2025,3,0.0,2025-S03
REGIONAL::PEIXOTO DE AZEVEDO,2025,4,0.0,2025-S04
REGIONAL::PEIXOTO DE AZEVEDO,2025,5,0.0,2025-S05
REGIONAL::PEIXOTO DE AZEVEDO,2025,6,0.0,2025-S06
REGIONAL::PEIXOTO DE AZEVEDO,2025,7,0.0,2025-S07
REGIONAL::PEIXOTO DE AZEVEDO,2025,8,0.0,2025-S08
REGIONAL::PEIXOTO DE AZEVEDO,2025,9,1.0,2025-S09
REGIONAL::PEIXOTO DE AZEVEDO,2025,10,0.0,2025-S10
REGIONAL::PEIXOTO DE AZEVEDO,2025,11,1.0,2025-S11
REGIONAL::PEIXOTO DE AZEVEDO,2025,12,0.0,2025-S12
REGIONAL::PEIXOTO DE AZEVEDO,2025,13,0.0,2025-S13
REGIONAL::PEIXOTO DE AZEVEDO,2025,14,0.0,2025-S14
REGIONAL::PEIXOTO DE AZEVEDO,2025,15,0.0,2025-S15
REGIONAL::PEIXOTO DE AZEVEDO,2025,16,0.0,2025-S16
REGIONAL::PEIXOTO DE AZEVEDO,2025,17,0.0,2025-S17
REGIONAL::PEIXOTO DE AZEVEDO,2025,18,0.0,2025-S18
REGIONAL::PEIXOTO DE AZEVEDO,2025,19,0.0,2025-S19
REGIONAL::PEIXOTO DE AZEVEDO,2025,20,0.0,2025-S20
REGIONAL::PEIXOTO DE AZEVEDO,2025,21,0.0,2025-S21
REGIONAL::PEIXOTO DE AZEVEDO,2025,22,0.0,2025-S22
REGIONAL::PEIXOTO DE AZEVEDO,2025,23,0.0,2025-S23
REGIONAL::PEIXOTO DE AZEVEDO,2025,24,0.0,2025-S24
REGIONAL::PEIXOTO DE AZEVEDO,2025,25,0.0,2025-S25
REGIONAL::PEIXOTO DE AZEVEDO,2025,26,1.0,2025-S26
REGIONAL::PEIXOTO DE AZEVEDO,2025,27,0.0,2025-S27
REGIONAL::PEIXOTO DE AZEVEDO,2025,28,0.0,2025-S28
REGIONAL::PEIXOTO DE AZEVEDO,2025,29,0.0,2025-S29
REGIONAL::PEIXOTO DE AZEVEDO,2025,30,0.0,2025-S30
REGIONAL::PEIXOTO DE AZEVEDO,2025,31,0.0,2025-S31
REGIONAL::PEIXOTO DE AZEVEDO,2025,32,1.0,2025-S32
REGIONAL::PEIXOTO DE AZEVEDO,2025,33,0.0,2025-S33
REGIONAL::PEIXOTO DE AZEVEDO,2025,34,0.0,2025-S34
REGIONAL::PEIXOTO DE AZEVEDO,2025,35,0.0,2025-S35
REGIONAL::PEIXOTO DE AZEVEDO,2025,36,0.0,2025-S36
REGIONAL::PEIXOTO DE AZEVEDO,2025,37,0.0,2025-S37
REGIONAL::PEIXOTO DE AZEVEDO,2025,38,0.0,2025-S38
REGIONAL::PEIXOTO DE AZEVEDO,2025,39,0.0,2025-S39
REGIONAL::PEIXOTO DE AZEVEDO,2025,40,0.0,2025-S40
REGIONAL::PEIXOTO DE AZEVEDO,2025,41,0.0,2025-S41
REGIONAL::PEIXOTO DE AZEVEDO,2025,42,0.0,2025-S42
REGIONAL::PEIXOTO DE AZEVEDO,2025,43,0.0,2025-S43
REGIONAL::PEIXOTO DE AZEVEDO,2025,44,0.0,2025-S44
REGIONAL::PEIXOTO DE AZEVEDO,2025,45,0.0,2025-S45
REGIONAL::PEIXOTO DE AZEVEDO,2025,46,0.0,2025-S46
REGIONAL::PEIXOTO DE AZEVEDO,2025,47,1.0,2025-S47
REGIONAL::PEIXOTO DE AZEVEDO,2025,48,0.0,2025-S48
REGIONAL::PEIXOTO DE AZEVEDO,2025,49,0.0,2025-S49
REGIONAL::PEIXOTO DE AZEVEDO,2025,50,0.0,2025-S50
REGIONAL::PEIXOTO DE AZEVEDO,2025,51,0.0,2025-S51
REGIONAL::PEIXOTO DE AZEVEDO,2025,52,0.0,2025-S52
REGIONAL::PEIXOTO DE AZEVEDO,2026,1,0.0,2026-S01
REGIONAL::PEIXOTO DE AZEVEDO,2026,2,0.0,2026-S02
REGIONAL::PEIXOTO DE AZEVEDO,2026,3,0.0,2026-S03
REGIONAL::PEIXOTO DE AZEVEDO,2026,4,0.0,2026-S04
REGIONAL::PEIXOTO DE AZEVEDO,2026,5,0.0,2026-S05
REGIONAL::PEIXOTO DE AZEVEDO,2026,6,0.0,2026-S06
REGIONAL::PEIXOTO DE AZEVEDO,2026,7,0.0,2026-S07
REGIONAL::PEIXOTO DE AZEVEDO,2026,8,0.0,2026-S08
REGIONAL::PEIXOTO DE AZEVEDO,2026,9,1.0,2026-S09
REGIONAL::PEIXOTO DE AZEVEDO,2026,10,0.0,2026-S10
REGIONAL::PEIXOTO DE AZEVEDO,2026,11,0.0,2026-S11
REGIONAL::PEIXOTO DE AZEVEDO,2026,12,0.0,2026-S12
REGIONAL::PEIXOTO DE AZEVEDO,2026,13,0.0,2026-S13
REGIONAL::PEIXOTO DE AZEVEDO,2026,14,1.0,2026-S14
REGIONAL::PEIXOTO DE AZEVEDO,2026,15,0.0,2026-S15
REGIONAL::PEIXOTO DE AZEVEDO,2026,16,0.0,2026-S16
REGIONAL::PEIXOTO DE AZEVEDO,2026,17,0.0,2026-S17
REGIONAL::PEIXOTO DE AZEVEDO,2026,18,0.0,2026-S18
REGIONAL::PEIXOTO DE AZEVEDO,2026,19,0.0,2026-S19
REGIONAL::PEIXOTO DE AZEVEDO,2026,20,0.0,2026-S20
REGIONAL::PEIXOTO DE AZEVEDO,2026,21,1.0,2026-S21
REGIONAL::PEIXOTO DE AZEVEDO,2026,22,0.0,2026-S22
REGIONAL::PEIXOTO DE AZEVEDO,2026,23,0.0,2026-S23
REGIONAL::PEIXOTO DE AZEVEDO,2026,24,0.0,2026-S24
REGIONAL::PEIXOTO DE AZEVEDO,2026,25,0.0,2026-S25
REGIONAL::PEIXOTO DE AZEVEDO,2026,26,0.0,2026-S26
REGIONAL::PEIXOTO DE AZEVEDO,2026,27,0.0,2026-S27
REGIONAL::PEIXOTO DE AZEVEDO,2026,28,0.0,2026-S28
REGIONAL::PEIXOTO DE AZEVEDO,2026,29,0.0,2026-S29
REGIONAL::PEIXOTO DE AZEVEDO,2026,30,0.0,2026-S30
REGIONAL::PEIXOTO DE AZEVEDO,2026,31,0.0,2026-S31
REGIONAL::PONTES E LACERDA,2007,1,1.0,2007-S01
REGIONAL::PONTES E LACERDA,2007,2,0.0,2007-S02
REGIONAL::PONTES E LACERDA,2007,3,0.0,2007-S03
REGIONAL::PONTES E LACERDA,2007,4,0.0,2007-S04
REGIONAL::PONTES E LACERDA,2007,5,0.0,2007-S05
REGIONAL::PONTES E LACERDA,2007,6,1.0,2007-S06
REGIONAL::PONTES E LACERDA,2007,7,0.0,2007-S07
REGIONAL::PONTES E LACERDA,2007,8,0.0,2007-S08
REGIONAL::PONTES E LACERDA,2007,9,0.0,2007-S09
REGIONAL::PONTES E LACERDA,2007,10,2.0,2007-S10
REGIONAL::PONTES E LACERDA,2007,11,0.0,2007-S11
REGIONAL::PONTES E LACERDA,2007,12,0.0,2007-S12
REGIONAL::PONTES E LACERDA,2007,13,0.0,2007-S13
REGIONAL::PONTES E LACERDA,2007,14,0.0,2007-S14
REGIONAL::PONTES E LACERDA,2007,15,1.0,2007-S15
REGIONAL::PONTES E LACERDA,2007,16,0.0,2007-S16
REGIONAL::PONTES E LACERDA,2007,17,0.0,2007-S17
REGIONAL::PONTES E LACERDA,2007,18,0.0,2007-S18
REGIONAL::PONTES E LACERDA,2007,19,0.0,2007-S19
REGIONAL::PONTES E LACERDA,2007,20,0.0,2007-S20
REGIONAL::PONTES E LACERDA,2007,21,1.0,2007-S21
REGIONAL::PONTES E LACERDA,2007,22,0.0,2007-S22
REGIONAL::PONTES E LACERDA,2007,23,0.0,2007-S23
REGIONAL::PONTES E LACERDA,2007,24,0.0,2007-S24
REGIONAL::PONTES E LACERDA,2007,25,0.0,2007-S25
REGIONAL::PONTES E LACERDA,2007,26,0.0,2007-S26
REGIONAL::PONTES E LACERDA,2007,27,0.0,2007-S27
REGIONAL::PONTES E LACERDA,2007,28,0.0,2007-S28
REGIONAL::PONTES E LACERDA,2007,29,0.0,2007-S29
REGIONAL::PONTES E LACERDA,2007,30,0.0,2007-S30
REGIONAL::PONTES E LACERDA,2007,31,0.0,2007-S31
REGIONAL::PONTES E LACERDA,2007,32,0.0,2007-S32
REGIONAL::PONTES E LACERDA,2007,33,2.0,2007-S33
REGIONAL::PONTES E LACERDA,2007,34,0.0,2007-S34
REGIONAL::PONTES E LACERDA,2007,35,0.0,2007-S35
REGIONAL::PONTES E LACERDA,2007,36,0.0,2007-S36
REGIONAL::PONTES E LACERDA,2007,37,0.0,2007-S37
REGIONAL::PONTES E LACERDA,2007,38,0.0,2007-S38
REGIONAL::PONTES E LACERDA,2007,39,0.0,2007-S39
REGIONAL::PONTES E LACERDA,2007,40,0.0,2007-S40
REGIONAL::PONTES E LACERDA,2007,41,0.0,2007-S41
REGIONAL::PONTES E LACERDA,2007,42,1.0,2007-S42
REGIONAL::PONTES E LACERDA,2007,43,0.0,2007-S43
REGIONAL::PONTES E LACERDA,2007,44,0.0,2007-S44
REGIONAL::PONTES E LACERDA,2007,45,0.0,2007-S45
REGIONAL::PONTES E LACERDA,2007,46,0.0,2007-S46
REGIONAL::PONTES E LACERDA,2007,47,0.0,2007-S47
REGIONAL::PONTES E LACERDA,2007,48,0.0,2007-S48
REGIONAL::PONTES E LACERDA,2007,49,0.0,2007-S49
REGIONAL::PONTES E LACERDA,2007,50,0.0,2007-S50
REGIONAL::PONTES E LACERDA,2007,51,0.0,2007-S51
REGIONAL::PONTES E LACERDA,2007,52,0.0,2007-S52
REGIONAL::PONTES E LACERDA,2008,1,0.0,2008-S01
REGIONAL::PONTES E LACERDA,2008,2,1.0,2008-S02
REGIONAL::PONTES E LACERDA,2008,3,0.0,2008-S03
REGIONAL::PONTES E LACERDA,2008,4,0.0,2008-S04
REGIONAL::PONTES E LACERDA,2008,5,0.0,2008-S05
REGIONAL::PONTES E LACERDA,2008,6,0.0,2008-S06
REGIONAL::PONTES E LACERDA,2008,7,0.0,2008-S07
REGIONAL::PONTES E LACERDA,2008,8,0.0,2008-S08
REGIONAL::PONTES E LACERDA,2008,9,0.0,2008-S09
REGIONAL::PONTES E LACERDA,2008,10,0.0,2008-S10
REGIONAL::PONTES E LACERDA,2008,11,0.0,2008-S11
REGIONAL::PONTES E LACERDA,2008,12,0.0,2008-S12
REGIONAL::PONTES E LACERDA,2008,13,0.0,2008-S13
REGIONAL::PONTES E LACERDA,2008,14,0.0,2008-S14
REGIONAL::PONTES E LACERDA,2008,15,1.0,2008-S15
REGIONAL::PONTES E LACERDA,2008,16,0.0,2008-S16
REGIONAL::PONTES E LACERDA,2008,17,0.0,2008-S17
REGIONAL::PONTES E LACERDA,2008,18,0.0,2008-S18
REGIONAL::PONTES E LACERDA,2008,19,0.0,2008-S19
REGIONAL::PONTES E LACERDA,2008,20,0.0,2008-S20
REGIONAL::PONTES E LACERDA,2008,21,0.0,2008-S21
REGIONAL::PONTES E LACERDA,2008,22,0.0,2008-S22
REGIONAL::PONTES E LACERDA,2008,23,0.0,2008-S23
REGIONAL::PONTES E LACERDA,2008,24,0.0,2008-S24
REGIONAL::PONTES E LACERDA,2008,25,0.0,2008-S25
REGIONAL::PONTES E LACERDA,2008,26,1.0,2008-S26
REGIONAL::PONTES E LACERDA,2008,27,1.0,2008-S27
REGIONAL::PONTES E LACERDA,2008,28,0.0,2008-S28
REGIONAL::PONTES E LACERDA,2008,29,0.0,2008-S29
REGIONAL::PONTES E LACERDA,2008,30,0.0,2008-S30
REGIONAL::PONTES E LACERDA,2008,31,0.0,2008-S31
REGIONAL::PONTES E LACERDA,2008,32,0.0,2008-S32
REGIONAL::PONTES E LACERDA,2008,33,0.0,2008-S33
REGIONAL::PONTES E LACERDA,2008,34,0.0,2008-S34
REGIONAL::PONTES E LACERDA,2008,35,0.0,2008-S35
REGIONAL::PONTES E LACERDA,2008,36,1.0,2008-S36
REGIONAL::PONTES E LACERDA,2008,37,1.0,2008-S37
REGIONAL::PONTES E LACERDA,2008,38,0.0,2008-S38
REGIONAL::PONTES E LACERDA,2008,39,0.0,2008-S39
REGIONAL::PONTES E LACERDA,2008,40,0.0,2008-S40
REGIONAL::PONTES E LACERDA,2008,41,0.0,2008-S41
REGIONAL::PONTES E LACERDA,2008,42,0.0,2008-S42
REGIONAL::PONTES E LACERDA,2008,43,1.0,2008-S43
REGIONAL::PONTES E LACERDA,2008,44,0.0,2008-S44
REGIONAL::PONTES E LACERDA,2008,45,0.0,2008-S45
REGIONAL::PONTES E LACERDA,2008,46,1.0,2008-S46
REGIONAL::PONTES E LACERDA,2008,47,0.0,2008-S47
REGIONAL::PONTES E LACERDA,2008,48,0.0,2008-S48
REGIONAL::PONTES E LACERDA,2008,49,0.0,2008-S49
REGIONAL::PONTES E LACERDA,2008,50,0.0,2008-S50
REGIONAL::PONTES E LACERDA,2008,51,0.0,2008-S51
REGIONAL::PONTES E LACERDA,2008,52,0.0,2008-S52
REGIONAL::PONTES E LACERDA,2009,1,0.0,2009-S01
REGIONAL::PONTES E LACERDA,2009,2,0.0,2009-S02
REGIONAL::PONTES E LACERDA,2009,3,0.0,2009-S03
REGIONAL::PONTES E LACERDA,2009,4,0.0,2009-S04
REGIONAL::PONTES E LACERDA,2009,5,0.0,2009-S05
REGIONAL::PONTES E LACERDA,2009,6,0.0,2009-S06
REGIONAL::PONTES E LACERDA,2009,7,1.0,2009-S07
REGIONAL::PONTES E LACERDA,2009,8,0.0,2009-S08
REGIONAL::PONTES E LACERDA,2009,9,0.0,2009-S09
REGIONAL::PONTES E LACERDA,2009,10,0.0,2009-S10
REGIONAL::PONTES E LACERDA,2009,11,0.0,2009-S11
REGIONAL::PONTES E LACERDA,2009,12,0.0,2009-S12
REGIONAL::PONTES E LACERDA,2009,13,0.0,2009-S13
REGIONAL::PONTES E LACERDA,2009,14,0.0,2009-S14
REGIONAL::PONTES E LACERDA,2009,15,0.0,2009-S15
REGIONAL::PONTES E LACERDA,2009,16,0.0,2009-S16
REGIONAL::PONTES E LACERDA,2009,17,0.0,2009-S17
REGIONAL::PONTES E LACERDA,2009,18,0.0,2009-S18
REGIONAL::PONTES E LACERDA,2009,19,0.0,2009-S19
REGIONAL::PONTES E LACERDA,2009,20,0.0,2009-S20
REGIONAL::PONTES E LACERDA,2009,21,0.0,2009-S21
REGIONAL::PONTES E LACERDA,2009,22,2.0,2009-S22
REGIONAL::PONTES E LACERDA,2009,23,1.0,2009-S23
REGIONAL::PONTES E LACERDA,2009,24,0.0,2009-S24
REGIONAL::PONTES E LACERDA,2009,25,0.0,2009-S25
REGIONAL::PONTES E LACERDA,2009,26,0.0,2009-S26
REGIONAL::PONTES E LACERDA,2009,27,0.0,2009-S27
REGIONAL::PONTES E LACERDA,2009,28,0.0,2009-S28
REGIONAL::PONTES E LACERDA,2009,29,0.0,2009-S29
REGIONAL::PONTES E LACERDA,2009,30,1.0,2009-S30
REGIONAL::PONTES E LACERDA,2009,31,0.0,2009-S31
REGIONAL::PONTES E LACERDA,2009,32,0.0,2009-S32
REGIONAL::PONTES E LACERDA,2009,33,0.0,2009-S33
REGIONAL::PONTES E LACERDA,2009,34,0.0,2009-S34
REGIONAL::PONTES E LACERDA,2009,35,0.0,2009-S35
REGIONAL::PONTES E LACERDA,2009,36,2.0,2009-S36
REGIONAL::PONTES E LACERDA,2009,37,0.0,2009-S37
REGIONAL::PONTES E LACERDA,2009,38,0.0,2009-S38
REGIONAL::PONTES E LACERDA,2009,39,0.0,2009-S39
REGIONAL::PONTES E LACERDA,2009,40,1.0,2009-S40
REGIONAL::PONTES E LACERDA,2009,41,0.0,2009-S41
REGIONAL::PONTES E LACERDA,2009,42,2.0,2009-S42
REGIONAL::PONTES E LACERDA,2009,43,0.0,2009-S43
REGIONAL::PONTES E LACERDA,2009,44,0.0,2009-S44
REGIONAL::PONTES E LACERDA,2009,45,0.0,2009-S45
REGIONAL::PONTES E LACERDA,2009,46,0.0,2009-S46
REGIONAL::PONTES E LACERDA,2009,47,0.0,2009-S47
REGIONAL::PONTES E LACERDA,2009,48,0.0,2009-S48
REGIONAL::PONTES E LACERDA,2009,49,0.0,2009-S49
REGIONAL::PONTES E LACERDA,2009,50,0.0,2009-S50
REGIONAL::PONTES E LACERDA,2009,51,2.0,2009-S51
REGIONAL::PONTES E LACERDA,2009,52,0.0,2009-S52
REGIONAL::PONTES E LACERDA,2010,1,1.0,2010-S01
REGIONAL::PONTES E LACERDA,2010,2,0.0,2010-S02
REGIONAL::PONTES E LACERDA,2010,3,0.0,2010-S03
REGIONAL::PONTES E LACERDA,2010,4,0.0,2010-S04
REGIONAL::PONTES E LACERDA,2010,5,0.0,2010-S05
REGIONAL::PONTES E LACERDA,2010,6,0.0,2010-S06
REGIONAL::PONTES E LACERDA,2010,7,0.0,2010-S07
REGIONAL::PONTES E LACERDA,2010,8,0.0,2010-S08
REGIONAL::PONTES E LACERDA,2010,9,0.0,2010-S09
REGIONAL::PONTES E LACERDA,2010,10,0.0,2010-S10
REGIONAL::PONTES E LACERDA,2010,11,0.0,2010-S11
REGIONAL::PONTES E LACERDA,2010,12,0.0,2010-S12
REGIONAL::PONTES E LACERDA,2010,13,1.0,2010-S13
REGIONAL::PONTES E LACERDA,2010,14,0.0,2010-S14
REGIONAL::PONTES E LACERDA,2010,15,0.0,2010-S15
REGIONAL::PONTES E LACERDA,2010,16,0.0,2010-S16
REGIONAL::PONTES E LACERDA,2010,17,0.0,2010-S17
REGIONAL::PONTES E LACERDA,2010,18,0.0,2010-S18
REGIONAL::PONTES E LACERDA,2010,19,0.0,2010-S19
REGIONAL::PONTES E LACERDA,2010,20,0.0,2010-S20
REGIONAL::PONTES E LACERDA,2010,21,0.0,2010-S21
REGIONAL::PONTES E LACERDA,2010,22,0.0,2010-S22
REGIONAL::PONTES E LACERDA,2010,23,2.0,2010-S23
REGIONAL::PONTES E LACERDA,2010,24,0.0,2010-S24
REGIONAL::PONTES E LACERDA,2010,25,0.0,2010-S25
REGIONAL::PONTES E LACERDA,2010,26,0.0,2010-S26
REGIONAL::PONTES E LACERDA,2010,27,0.0,2010-S27
REGIONAL::PONTES E LACERDA,2010,28,0.0,2010-S28
REGIONAL::PONTES E LACERDA,2010,29,1.0,2010-S29
REGIONAL::PONTES E LACERDA,2010,30,0.0,2010-S30
REGIONAL::PONTES E LACERDA,2010,31,1.0,2010-S31
REGIONAL::PONTES E LACERDA,2010,32,0.0,2010-S32
REGIONAL::PONTES E LACERDA,2010,33,0.0,2010-S33
REGIONAL::PONTES E LACERDA,2010,34,0.0,2010-S34
REGIONAL::PONTES E LACERDA,2010,35,0.0,2010-S35
REGIONAL::PONTES E LACERDA,2010,36,0.0,2010-S36
REGIONAL::PONTES E LACERDA,2010,37,0.0,2010-S37
REGIONAL::PONTES E LACERDA,2010,38,0.0,2010-S38
REGIONAL::PONTES E LACERDA,2010,39,0.0,2010-S39
REGIONAL::PONTES E LACERDA,2010,40,0.0,2010-S40
REGIONAL::PONTES E LACERDA,2010,41,0.0,2010-S41
REGIONAL::PONTES E LACERDA,2010,42,0.0,2010-S42
REGIONAL::PONTES E LACERDA,2010,43,0.0,2010-S43
REGIONAL::PONTES E LACERDA,2010,44,0.0,2010-S44
REGIONAL::PONTES E LACERDA,2010,45,0.0,2010-S45
REGIONAL::PONTES E LACERDA,2010,46,1.0,2010-S46
REGIONAL::PONTES E LACERDA,2010,47,0.0,2010-S47
REGIONAL::PONTES E LACERDA,2010,48,0.0,2010-S48
REGIONAL::PONTES E LACERDA,2010,49,0.0,2010-S49
REGIONAL::PONTES E LACERDA,2010,50,0.0,2010-S50
REGIONAL::PONTES E LACERDA,2010,51,0.0,2010-S51
REGIONAL::PONTES E LACERDA,2010,52,0.0,2010-S52
REGIONAL::PONTES E LACERDA,2011,1,1.0,2011-S01
REGIONAL::PONTES E LACERDA,2011,2,0.0,2011-S02
REGIONAL::PONTES E LACERDA,2011,3,0.0,2011-S03
REGIONAL::PONTES E LACERDA,2011,4,0.0,2011-S04
REGIONAL::PONTES E LACERDA,2011,5,0.0,2011-S05
REGIONAL::PONTES E LACERDA,2011,6,0.0,2011-S06
REGIONAL::PONTES E LACERDA,2011,7,0.0,2011-S07
REGIONAL::PONTES E LACERDA,2011,8,0.0,2011-S08
REGIONAL::PONTES E LACERDA,2011,9,0.0,2011-S09
REGIONAL::PONTES E LACERDA,2011,10,0.0,2011-S10
REGIONAL::PONTES E LACERDA,2011,11,0.0,2011-S11
REGIONAL::PONTES E LACERDA,2011,12,0.0,2011-S12
REGIONAL::PONTES E LACERDA,2011,13,0.0,2011-S13
REGIONAL::PONTES E LACERDA,2011,14,0.0,2011-S14
REGIONAL::PONTES E LACERDA,2011,15,0.0,2011-S15
REGIONAL::PONTES E LACERDA,2011,16,0.0,2011-S16
REGIONAL::PONTES E LACERDA,2011,17,0.0,2011-S17
REGIONAL::PONTES E LACERDA,2011,18,0.0,2011-S18
REGIONAL::PONTES E LACERDA,2011,19,1.0,2011-S19
REGIONAL::PONTES E LACERDA,2011,20,0.0,2011-S20
REGIONAL::PONTES E LACERDA,2011,21,0.0,2011-S21
REGIONAL::PONTES E LACERDA,2011,22,2.0,2011-S22
REGIONAL::PONTES E LACERDA,2011,23,0.0,2011-S23
REGIONAL::PONTES E LACERDA,2011,24,0.0,2011-S24
REGIONAL::PONTES E LACERDA,2011,25,0.0,2011-S25
REGIONAL::PONTES E LACERDA,2011,26,0.0,2011-S26
REGIONAL::PONTES E LACERDA,2011,27,0.0,2011-S27
REGIONAL::PONTES E LACERDA,2011,28,0.0,2011-S28
REGIONAL::PONTES E LACERDA,2011,29,0.0,2011-S29
REGIONAL::PONTES E LACERDA,2011,30,0.0,2011-S30
REGIONAL::PONTES E LACERDA,2011,31,0.0,2011-S31
REGIONAL::PONTES E LACERDA,2011,32,0.0,2011-S32
REGIONAL::PONTES E LACERDA,2011,33,1.0,2011-S33
REGIONAL::PONTES E LACERDA,2011,34,0.0,2011-S34
REGIONAL::PONTES E LACERDA,2011,35,0.0,2011-S35
REGIONAL::PONTES E LACERDA,2011,36,0.0,2011-S36
REGIONAL::PONTES E LACERDA,2011,37,0.0,2011-S37
REGIONAL::PONTES E LACERDA,2011,38,1.0,2011-S38
REGIONAL::PONTES E LACERDA,2011,39,0.0,2011-S39
REGIONAL::PONTES E LACERDA,2011,40,0.0,2011-S40
REGIONAL::PONTES E LACERDA,2011,41,0.0,2011-S41
REGIONAL::PONTES E LACERDA,2011,42,0.0,2011-S42
REGIONAL::PONTES E LACERDA,2011,43,0.0,2011-S43
REGIONAL::PONTES E LACERDA,2011,44,0.0,2011-S44
REGIONAL::PONTES E LACERDA,2011,45,0.0,2011-S45
REGIONAL::PONTES E LACERDA,2011,46,0.0,2011-S46
REGIONAL::PONTES E LACERDA,2011,47,0.0,2011-S47
REGIONAL::PONTES E LACERDA,2011,48,0.0,2011-S48
REGIONAL::PONTES E LACERDA,2011,49,1.0,2011-S49
REGIONAL::PONTES E LACERDA,2011,50,0.0,2011-S50
REGIONAL::PONTES E LACERDA,2011,51,0.0,2011-S51
REGIONAL::PONTES E LACERDA,2011,52,0.0,2011-S52
REGIONAL::PONTES E LACERDA,2012,1,0.0,2012-S01
REGIONAL::PONTES E LACERDA,2012,2,0.0,2012-S02
REGIONAL::PONTES E LACERDA,2012,3,0.0,2012-S03
REGIONAL::PONTES E LACERDA,2012,4,0.0,2012-S04
REGIONAL::PONTES E LACERDA,2012,5,0.0,2012-S05
REGIONAL::PONTES E LACERDA,2012,6,0.0,2012-S06
REGIONAL::PONTES E LACERDA,2012,7,0.0,2012-S07
REGIONAL::PONTES E LACERDA,2012,8,0.0,2012-S08
REGIONAL::PONTES E LACERDA,2012,9,0.0,2012-S09
REGIONAL::PONTES E LACERDA,2012,10,0.0,2012-S10
REGIONAL::PONTES E LACERDA,2012,11,0.0,2012-S11
REGIONAL::PONTES E LACERDA,2012,12,0.0,2012-S12
REGIONAL::PONTES E LACERDA,2012,13,0.0,2012-S13
REGIONAL::PONTES E LACERDA,2012,14,0.0,2012-S14
REGIONAL::PONTES E LACERDA,2012,15,0.0,2012-S15
REGIONAL::PONTES E LACERDA,2012,16,0.0,2012-S16
REGIONAL::PONTES E LACERDA,2012,17,0.0,2012-S17
REGIONAL::PONTES E LACERDA,2012,18,0.0,2012-S18
REGIONAL::PONTES E LACERDA,2012,19,0.0,2012-S19
REGIONAL::PONTES E LACERDA,2012,20,1.0,2012-S20
REGIONAL::PONTES E LACERDA,2012,21,0.0,2012-S21
REGIONAL::PONTES E LACERDA,2012,22,0.0,2012-S22
REGIONAL::PONTES E LACERDA,2012,23,0.0,2012-S23
REGIONAL::PONTES E LACERDA,2012,24,2.0,2012-S24
REGIONAL::PONTES E LACERDA,2012,25,1.0,2012-S25
REGIONAL::PONTES E LACERDA,2012,26,0.0,2012-S26
REGIONAL::PONTES E LACERDA,2012,27,1.0,2012-S27
REGIONAL::PONTES E LACERDA,2012,28,0.0,2012-S28
REGIONAL::PONTES E LACERDA,2012,29,0.0,2012-S29
REGIONAL::PONTES E LACERDA,2012,30,0.0,2012-S30
REGIONAL::PONTES E LACERDA,2012,31,1.0,2012-S31
REGIONAL::PONTES E LACERDA,2012,32,0.0,2012-S32
REGIONAL::PONTES E LACERDA,2012,33,0.0,2012-S33
REGIONAL::PONTES E LACERDA,2012,34,0.0,2012-S34
REGIONAL::PONTES E LACERDA,2012,35,0.0,2012-S35
REGIONAL::PONTES E LACERDA,2012,36,0.0,2012-S36
REGIONAL::PONTES E LACERDA,2012,37,0.0,2012-S37
REGIONAL::PONTES E LACERDA,2012,38,0.0,2012-S38
REGIONAL::PONTES E LACERDA,2012,39,0.0,2012-S39
REGIONAL::PONTES E LACERDA,2012,40,0.0,2012-S40
REGIONAL::PONTES E LACERDA,2012,41,0.0,2012-S41
REGIONAL::PONTES E LACERDA,2012,42,0.0,2012-S42
REGIONAL::PONTES E LACERDA,2012,43,0.0,2012-S43
REGIONAL::PONTES E LACERDA,2012,44,1.0,2012-S44
REGIONAL::PONTES E LACERDA,2012,45,0.0,2012-S45
REGIONAL::PONTES E LACERDA,2012,46,0.0,2012-S46
REGIONAL::PONTES E LACERDA,2012,47,1.0,2012-S47
REGIONAL::PONTES E LACERDA,2012,48,0.0,2012-S48
REGIONAL::PONTES E LACERDA,2012,49,0.0,2012-S49
REGIONAL::PONTES E LACERDA,2012,50,0.0,2012-S50
REGIONAL::PONTES E LACERDA,2012,51,0.0,2012-S51
REGIONAL::PONTES E LACERDA,2012,52,0.0,2012-S52
REGIONAL::PONTES E LACERDA,2013,1,0.0,2013-S01
REGIONAL::PONTES E LACERDA,2013,2,0.0,2013-S02
REGIONAL::PONTES E LACERDA,2013,3,0.0,2013-S03
REGIONAL::PONTES E LACERDA,2013,4,0.0,2013-S04
REGIONAL::PONTES E LACERDA,2013,5,0.0,2013-S05
REGIONAL::PONTES E LACERDA,2013,6,0.0,2013-S06
REGIONAL::PONTES E LACERDA,2013,7,0.0,2013-S07
REGIONAL::PONTES E LACERDA,2013,8,0.0,2013-S08
REGIONAL::PONTES E LACERDA,2013,9,0.0,2013-S09
REGIONAL::PONTES E LACERDA,2013,10,0.0,2013-S10
REGIONAL::PONTES E LACERDA,2013,11,2.0,2013-S11
REGIONAL::PONTES E LACERDA,2013,12,0.0,2013-S12
REGIONAL::PONTES E LACERDA,2013,13,2.0,2013-S13
REGIONAL::PONTES E LACERDA,2013,14,0.0,2013-S14
REGIONAL::PONTES E LACERDA,2013,15,1.0,2013-S15
REGIONAL::PONTES E LACERDA,2013,16,0.0,2013-S16
REGIONAL::PONTES E LACERDA,2013,17,0.0,2013-S17
REGIONAL::PONTES E LACERDA,2013,18,0.0,2013-S18
REGIONAL::PONTES E LACERDA,2013,19,0.0,2013-S19
REGIONAL::PONTES E LACERDA,2013,20,0.0,2013-S20
REGIONAL::PONTES E LACERDA,2013,21,1.0,2013-S21
REGIONAL::PONTES E LACERDA,2013,22,0.0,2013-S22
REGIONAL::PONTES E LACERDA,2013,23,0.0,2013-S23
REGIONAL::PONTES E LACERDA,2013,24,0.0,2013-S24
REGIONAL::PONTES E LACERDA,2013,25,0.0,2013-S25
REGIONAL::PONTES E LACERDA,2013,26,0.0,2013-S26
REGIONAL::PONTES E LACERDA,2013,27,0.0,2013-S27
REGIONAL::PONTES E LACERDA,2013,28,0.0,2013-S28
REGIONAL::PONTES E LACERDA,2013,29,0.0,2013-S29
REGIONAL::PONTES E LACERDA,2013,30,0.0,2013-S30
REGIONAL::PONTES E LACERDA,2013,31,0.0,2013-S31
REGIONAL::PONTES E LACERDA,2013,32,0.0,2013-S32
REGIONAL::PONTES E LACERDA,2013,33,0.0,2013-S33
REGIONAL::PONTES E LACERDA,2013,34,0.0,2013-S34
REGIONAL::PONTES E LACERDA,2013,35,0.0,2013-S35
REGIONAL::PONTES E LACERDA,2013,36,0.0,2013-S36
REGIONAL::PONTES E LACERDA,2013,37,0.0,2013-S37
REGIONAL::PONTES E LACERDA,2013,38,0.0,2013-S38
REGIONAL::PONTES E LACERDA,2013,39,0.0,2013-S39
REGIONAL::PONTES E LACERDA,2013,40,0.0,2013-S40
REGIONAL::PONTES E LACERDA,2013,41,0.0,2013-S41
REGIONAL::PONTES E LACERDA,2013,42,0.0,2013-S42
REGIONAL::PONTES E LACERDA,2013,43,0.0,2013-S43
REGIONAL::PONTES E LACERDA,2013,44,0.0,2013-S44
REGIONAL::PONTES E LACERDA,2013,45,0.0,2013-S45
REGIONAL::PONTES E LACERDA,2013,46,0.0,2013-S46
REGIONAL::PONTES E LACERDA,2013,47,0.0,2013-S47
REGIONAL::PONTES E LACERDA,2013,48,0.0,2013-S48
REGIONAL::PONTES E LACERDA,2013,49,0.0,2013-S49
REGIONAL::PONTES E LACERDA,2013,50,0.0,2013-S50
REGIONAL::PONTES E LACERDA,2013,51,0.0,2013-S51
REGIONAL::PONTES E LACERDA,2013,52,0.0,2013-S52
REGIONAL::PONTES E LACERDA,2014,1,0.0,2014-S01
REGIONAL::PONTES E LACERDA,2014,2,0.0,2014-S02
REGIONAL::PONTES E LACERDA,2014,3,0.0,2014-S03
REGIONAL::PONTES E LACERDA,2014,4,0.0,2014-S04
REGIONAL::PONTES E LACERDA,2014,5,0.0,2014-S05
REGIONAL::PONTES E LACERDA,2014,6,1.0,2014-S06
REGIONAL::PONTES E LACERDA,2014,7,0.0,2014-S07
REGIONAL::PONTES E LACERDA,2014,8,0.0,2014-S08
REGIONAL::PONTES E LACERDA,2014,9,0.0,2014-S09
REGIONAL::PONTES E LACERDA,2014,10,0.0,2014-S10
REGIONAL::PONTES E LACERDA,2014,11,1.0,2014-S11
REGIONAL::PONTES E LACERDA,2014,12,3.0,2014-S12
REGIONAL::PONTES E LACERDA,2014,13,0.0,2014-S13
REGIONAL::PONTES E LACERDA,2014,14,0.0,2014-S14
REGIONAL::PONTES E LACERDA,2014,15,0.0,2014-S15
REGIONAL::PONTES E LACERDA,2014,16,0.0,2014-S16
REGIONAL::PONTES E LACERDA,2014,17,0.0,2014-S17
REGIONAL::PONTES E LACERDA,2014,18,1.0,2014-S18
REGIONAL::PONTES E LACERDA,2014,19,0.0,2014-S19
REGIONAL::PONTES E LACERDA,2014,20,1.0,2014-S20
REGIONAL::PONTES E LACERDA,2014,21,0.0,2014-S21
REGIONAL::PONTES E LACERDA,2014,22,0.0,2014-S22
REGIONAL::PONTES E LACERDA,2014,23,1.0,2014-S23
REGIONAL::PONTES E LACERDA,2014,24,0.0,2014-S24
REGIONAL::PONTES E LACERDA,2014,25,0.0,2014-S25
REGIONAL::PONTES E LACERDA,2014,26,0.0,2014-S26
REGIONAL::PONTES E LACERDA,2014,27,0.0,2014-S27
REGIONAL::PONTES E LACERDA,2014,28,1.0,2014-S28
REGIONAL::PONTES E LACERDA,2014,29,1.0,2014-S29
REGIONAL::PONTES E LACERDA,2014,30,0.0,2014-S30
REGIONAL::PONTES E LACERDA,2014,31,0.0,2014-S31
REGIONAL::PONTES E LACERDA,2014,32,0.0,2014-S32
REGIONAL::PONTES E LACERDA,2014,33,0.0,2014-S33
REGIONAL::PONTES E LACERDA,2014,34,0.0,2014-S34
REGIONAL::PONTES E LACERDA,2014,35,1.0,2014-S35
REGIONAL::PONTES E LACERDA,2014,36,0.0,2014-S36
REGIONAL::PONTES E LACERDA,2014,37,0.0,2014-S37
REGIONAL::PONTES E LACERDA,2014,38,0.0,2014-S38
REGIONAL::PONTES E LACERDA,2014,39,0.0,2014-S39
REGIONAL::PONTES E LACERDA,2014,40,0.0,2014-S40
REGIONAL::PONTES E LACERDA,2014,41,0.0,2014-S41
REGIONAL::PONTES E LACERDA,2014,42,0.0,2014-S42
REGIONAL::PONTES E LACERDA,2014,43,0.0,2014-S43
REGIONAL::PONTES E LACERDA,2014,44,0.0,2014-S44
REGIONAL::PONTES E LACERDA,2014,45,0.0,2014-S45
REGIONAL::PONTES E LACERDA,2014,46,0.0,2014-S46
REGIONAL::PONTES E LACERDA,2014,47,0.0,2014-S47
REGIONAL::PONTES E LACERDA,2014,48,0.0,2014-S48
REGIONAL::PONTES E LACERDA,2014,49,0.0,2014-S49
REGIONAL::PONTES E LACERDA,2014,50,0.0,2014-S50
REGIONAL::PONTES E LACERDA,2014,51,1.0,2014-S51
REGIONAL::PONTES E LACERDA,2014,52,1.0,2014-S52
REGIONAL::PONTES E LACERDA,2015,1,0.0,2015-S01
REGIONAL::PONTES E LACERDA,2015,2,0.0,2015-S02
REGIONAL::PONTES E LACERDA,2015,3,1.0,2015-S03
REGIONAL::PONTES E LACERDA,2015,4,1.0,2015-S04
REGIONAL::PONTES E LACERDA,2015,5,0.0,2015-S05
REGIONAL::PONTES E LACERDA,2015,6,2.0,2015-S06
REGIONAL::PONTES E LACERDA,2015,7,0.0,2015-S07
REGIONAL::PONTES E LACERDA,2015,8,0.0,2015-S08
REGIONAL::PONTES E LACERDA,2015,9,2.0,2015-S09
REGIONAL::PONTES E LACERDA,2015,10,0.0,2015-S10
REGIONAL::PONTES E LACERDA,2015,11,1.0,2015-S11
REGIONAL::PONTES E LACERDA,2015,12,1.0,2015-S12
REGIONAL::PONTES E LACERDA,2015,13,0.0,2015-S13
REGIONAL::PONTES E LACERDA,2015,14,0.0,2015-S14
REGIONAL::PONTES E LACERDA,2015,15,1.0,2015-S15
REGIONAL::PONTES E LACERDA,2015,16,0.0,2015-S16
REGIONAL::PONTES E LACERDA,2015,17,0.0,2015-S17
REGIONAL::PONTES E LACERDA,2015,18,2.0,2015-S18
REGIONAL::PONTES E LACERDA,2015,19,0.0,2015-S19
REGIONAL::PONTES E LACERDA,2015,20,1.0,2015-S20
REGIONAL::PONTES E LACERDA,2015,21,1.0,2015-S21
REGIONAL::PONTES E LACERDA,2015,22,0.0,2015-S22
REGIONAL::PONTES E LACERDA,2015,23,0.0,2015-S23
REGIONAL::PONTES E LACERDA,2015,24,0.0,2015-S24
REGIONAL::PONTES E LACERDA,2015,25,0.0,2015-S25
REGIONAL::PONTES E LACERDA,2015,26,0.0,2015-S26
REGIONAL::PONTES E LACERDA,2015,27,0.0,2015-S27
REGIONAL::PONTES E LACERDA,2015,28,0.0,2015-S28
REGIONAL::PONTES E LACERDA,2015,29,0.0,2015-S29
REGIONAL::PONTES E LACERDA,2015,30,0.0,2015-S30
REGIONAL::PONTES E LACERDA,2015,31,0.0,2015-S31
REGIONAL::PONTES E LACERDA,2015,32,0.0,2015-S32
REGIONAL::PONTES E LACERDA,2015,33,1.0,2015-S33
REGIONAL::PONTES E LACERDA,2015,34,0.0,2015-S34
REGIONAL::PONTES E LACERDA,2015,35,2.0,2015-S35
REGIONAL::PONTES E LACERDA,2015,36,0.0,2015-S36
REGIONAL::PONTES E LACERDA,2015,37,0.0,2015-S37
REGIONAL::PONTES E LACERDA,2015,38,0.0,2015-S38
REGIONAL::PONTES E LACERDA,2015,39,0.0,2015-S39
REGIONAL::PONTES E LACERDA,2015,40,0.0,2015-S40
REGIONAL::PONTES E LACERDA,2015,41,0.0,2015-S41
REGIONAL::PONTES E LACERDA,2015,42,0.0,2015-S42
REGIONAL::PONTES E LACERDA,2015,43,0.0,2015-S43
REGIONAL::PONTES E LACERDA,2015,44,0.0,2015-S44
REGIONAL::PONTES E LACERDA,2015,45,0.0,2015-S45
REGIONAL::PONTES E LACERDA,2015,46,0.0,2015-S46
REGIONAL::PONTES E LACERDA,2015,47,0.0,2015-S47
REGIONAL::PONTES E LACERDA,2015,48,0.0,2015-S48
REGIONAL::PONTES E LACERDA,2015,49,0.0,2015-S49
REGIONAL::PONTES E LACERDA,2015,50,0.0,2015-S50
REGIONAL::PONTES E LACERDA,2015,51,0.0,2015-S51
REGIONAL::PONTES E LACERDA,2015,52,1.0,2015-S52
REGIONAL::PONTES E LACERDA,2016,1,0.0,2016-S01
REGIONAL::PONTES E LACERDA,2016,2,1.0,2016-S02
REGIONAL::PONTES E LACERDA,2016,3,1.0,2016-S03
REGIONAL::PONTES E LACERDA,2016,4,0.0,2016-S04
REGIONAL::PONTES E LACERDA,2016,5,0.0,2016-S05
REGIONAL::PONTES E LACERDA,2016,6,1.0,2016-S06
REGIONAL::PONTES E LACERDA,2016,7,1.0,2016-S07
REGIONAL::PONTES E LACERDA,2016,8,0.0,2016-S08
REGIONAL::PONTES E LACERDA,2016,9,0.0,2016-S09
REGIONAL::PONTES E LACERDA,2016,10,0.0,2016-S10
REGIONAL::PONTES E LACERDA,2016,11,0.0,2016-S11
REGIONAL::PONTES E LACERDA,2016,12,1.0,2016-S12
REGIONAL::PONTES E LACERDA,2016,13,0.0,2016-S13
REGIONAL::PONTES E LACERDA,2016,14,0.0,2016-S14
REGIONAL::PONTES E LACERDA,2016,15,1.0,2016-S15
REGIONAL::PONTES E LACERDA,2016,16,0.0,2016-S16
REGIONAL::PONTES E LACERDA,2016,17,0.0,2016-S17
REGIONAL::PONTES E LACERDA,2016,18,0.0,2016-S18
REGIONAL::PONTES E LACERDA,2016,19,1.0,2016-S19
REGIONAL::PONTES E LACERDA,2016,20,0.0,2016-S20
REGIONAL::PONTES E LACERDA,2016,21,0.0,2016-S21
REGIONAL::PONTES E LACERDA,2016,22,0.0,2016-S22
REGIONAL::PONTES E LACERDA,2016,23,0.0,2016-S23
REGIONAL::PONTES E LACERDA,2016,24,0.0,2016-S24
REGIONAL::PONTES E LACERDA,2016,25,0.0,2016-S25
REGIONAL::PONTES E LACERDA,2016,26,0.0,2016-S26
REGIONAL::PONTES E LACERDA,2016,27,2.0,2016-S27
REGIONAL::PONTES E LACERDA,2016,28,0.0,2016-S28
REGIONAL::PONTES E LACERDA,2016,29,0.0,2016-S29
REGIONAL::PONTES E LACERDA,2016,30,1.0,2016-S30
REGIONAL::PONTES E LACERDA,2016,31,0.0,2016-S31
REGIONAL::PONTES E LACERDA,2016,32,0.0,2016-S32
REGIONAL::PONTES E LACERDA,2016,33,0.0,2016-S33
REGIONAL::PONTES E LACERDA,2016,34,0.0,2016-S34
REGIONAL::PONTES E LACERDA,2016,35,0.0,2016-S35
REGIONAL::PONTES E LACERDA,2016,36,1.0,2016-S36
REGIONAL::PONTES E LACERDA,2016,37,0.0,2016-S37
REGIONAL::PONTES E LACERDA,2016,38,0.0,2016-S38
REGIONAL::PONTES E LACERDA,2016,39,1.0,2016-S39
REGIONAL::PONTES E LACERDA,2016,40,1.0,2016-S40
REGIONAL::PONTES E LACERDA,2016,41,0.0,2016-S41
REGIONAL::PONTES E LACERDA,2016,42,0.0,2016-S42
REGIONAL::PONTES E LACERDA,2016,43,1.0,2016-S43
REGIONAL::PONTES E LACERDA,2016,44,1.0,2016-S44
REGIONAL::PONTES E LACERDA,2016,45,0.0,2016-S45
REGIONAL::PONTES E LACERDA,2016,46,0.0,2016-S46
REGIONAL::PONTES E LACERDA,2016,47,1.0,2016-S47
REGIONAL::PONTES E LACERDA,2016,48,0.0,2016-S48
REGIONAL::PONTES E LACERDA,2016,49,0.0,2016-S49
REGIONAL::PONTES E LACERDA,2016,50,1.0,2016-S50
REGIONAL::PONTES E LACERDA,2016,51,0.0,2016-S51
REGIONAL::PONTES E LACERDA,2016,52,0.0,2016-S52
REGIONAL::PONTES E LACERDA,2017,1,0.0,2017-S01
REGIONAL::PONTES E LACERDA,2017,2,0.0,2017-S02
REGIONAL::PONTES E LACERDA,2017,3,0.0,2017-S03
REGIONAL::PONTES E LACERDA,2017,4,0.0,2017-S04
REGIONAL::PONTES E LACERDA,2017,5,1.0,2017-S05
REGIONAL::PONTES E LACERDA,2017,6,0.0,2017-S06
REGIONAL::PONTES E LACERDA,2017,7,0.0,2017-S07
REGIONAL::PONTES E LACERDA,2017,8,0.0,2017-S08
REGIONAL::PONTES E LACERDA,2017,9,0.0,2017-S09
REGIONAL::PONTES E LACERDA,2017,10,0.0,2017-S10
REGIONAL::PONTES E LACERDA,2017,11,0.0,2017-S11
REGIONAL::PONTES E LACERDA,2017,12,2.0,2017-S12
REGIONAL::PONTES E LACERDA,2017,13,0.0,2017-S13
REGIONAL::PONTES E LACERDA,2017,14,1.0,2017-S14
REGIONAL::PONTES E LACERDA,2017,15,0.0,2017-S15
REGIONAL::PONTES E LACERDA,2017,16,0.0,2017-S16
REGIONAL::PONTES E LACERDA,2017,17,0.0,2017-S17
REGIONAL::PONTES E LACERDA,2017,18,0.0,2017-S18
REGIONAL::PONTES E LACERDA,2017,19,1.0,2017-S19
REGIONAL::PONTES E LACERDA,2017,20,0.0,2017-S20
REGIONAL::PONTES E LACERDA,2017,21,0.0,2017-S21
REGIONAL::PONTES E LACERDA,2017,22,0.0,2017-S22
REGIONAL::PONTES E LACERDA,2017,23,1.0,2017-S23
REGIONAL::PONTES E LACERDA,2017,24,1.0,2017-S24
REGIONAL::PONTES E LACERDA,2017,25,0.0,2017-S25
REGIONAL::PONTES E LACERDA,2017,26,0.0,2017-S26
REGIONAL::PONTES E LACERDA,2017,27,0.0,2017-S27
REGIONAL::PONTES E LACERDA,2017,28,0.0,2017-S28
REGIONAL::PONTES E LACERDA,2017,29,1.0,2017-S29
REGIONAL::PONTES E LACERDA,2017,30,0.0,2017-S30
REGIONAL::PONTES E LACERDA,2017,31,0.0,2017-S31
REGIONAL::PONTES E LACERDA,2017,32,0.0,2017-S32
REGIONAL::PONTES E LACERDA,2017,33,1.0,2017-S33
REGIONAL::PONTES E LACERDA,2017,34,1.0,2017-S34
REGIONAL::PONTES E LACERDA,2017,35,0.0,2017-S35
REGIONAL::PONTES E LACERDA,2017,36,2.0,2017-S36
REGIONAL::PONTES E LACERDA,2017,37,0.0,2017-S37
REGIONAL::PONTES E LACERDA,2017,38,0.0,2017-S38
REGIONAL::PONTES E LACERDA,2017,39,0.0,2017-S39
REGIONAL::PONTES E LACERDA,2017,40,0.0,2017-S40
REGIONAL::PONTES E LACERDA,2017,41,0.0,2017-S41
REGIONAL::PONTES E LACERDA,2017,42,0.0,2017-S42
REGIONAL::PONTES E LACERDA,2017,43,0.0,2017-S43
REGIONAL::PONTES E LACERDA,2017,44,0.0,2017-S44
REGIONAL::PONTES E LACERDA,2017,45,0.0,2017-S45
REGIONAL::PONTES E LACERDA,2017,46,0.0,2017-S46
REGIONAL::PONTES E LACERDA,2017,47,0.0,2017-S47
REGIONAL::PONTES E LACERDA,2017,48,0.0,2017-S48
REGIONAL::PONTES E LACERDA,2017,49,0.0,2017-S49
REGIONAL::PONTES E LACERDA,2017,50,0.0,2017-S50
REGIONAL::PONTES E LACERDA,2017,51,0.0,2017-S51
REGIONAL::PONTES E LACERDA,2017,52,0.0,2017-S52
REGIONAL::PONTES E LACERDA,2018,1,0.0,2018-S01
REGIONAL::PONTES E LACERDA,2018,2,0.0,2018-S02
REGIONAL::PONTES E LACERDA,2018,3,0.0,2018-S03
REGIONAL::PONTES E LACERDA,2018,4,0.0,2018-S04
REGIONAL::PONTES E LACERDA,2018,5,0.0,2018-S05
REGIONAL::PONTES E LACERDA,2018,6,0.0,2018-S06
REGIONAL::PONTES E LACERDA,2018,7,1.0,2018-S07
REGIONAL::PONTES E LACERDA,2018,8,0.0,2018-S08
REGIONAL::PONTES E LACERDA,2018,9,0.0,2018-S09
REGIONAL::PONTES E LACERDA,2018,10,0.0,2018-S10
REGIONAL::PONTES E LACERDA,2018,11,0.0,2018-S11
REGIONAL::PONTES E LACERDA,2018,12,0.0,2018-S12
REGIONAL::PONTES E LACERDA,2018,13,0.0,2018-S13
REGIONAL::PONTES E LACERDA,2018,14,0.0,2018-S14
REGIONAL::PONTES E LACERDA,2018,15,0.0,2018-S15
REGIONAL::PONTES E LACERDA,2018,16,0.0,2018-S16
REGIONAL::PONTES E LACERDA,2018,17,0.0,2018-S17
REGIONAL::PONTES E LACERDA,2018,18,0.0,2018-S18
REGIONAL::PONTES E LACERDA,2018,19,0.0,2018-S19
REGIONAL::PONTES E LACERDA,2018,20,0.0,2018-S20
REGIONAL::PONTES E LACERDA,2018,21,0.0,2018-S21
REGIONAL::PONTES E LACERDA,2018,22,1.0,2018-S22
REGIONAL::PONTES E LACERDA,2018,23,0.0,2018-S23
REGIONAL::PONTES E LACERDA,2018,24,0.0,2018-S24
REGIONAL::PONTES E LACERDA,2018,25,0.0,2018-S25
REGIONAL::PONTES E LACERDA,2018,26,0.0,2018-S26
REGIONAL::PONTES E LACERDA,2018,27,0.0,2018-S27
REGIONAL::PONTES E LACERDA,2018,28,0.0,2018-S28
REGIONAL::PONTES E LACERDA,2018,29,0.0,2018-S29
REGIONAL::PONTES E LACERDA,2018,30,0.0,2018-S30
REGIONAL::PONTES E LACERDA,2018,31,0.0,2018-S31
REGIONAL::PONTES E LACERDA,2018,32,0.0,2018-S32
REGIONAL::PONTES E LACERDA,2018,33,0.0,2018-S33
REGIONAL::PONTES E LACERDA,2018,34,0.0,2018-S34
REGIONAL::PONTES E LACERDA,2018,35,0.0,2018-S35
REGIONAL::PONTES E LACERDA,2018,36,0.0,2018-S36
REGIONAL::PONTES E LACERDA,2018,37,0.0,2018-S37
REGIONAL::PONTES E LACERDA,2018,38,0.0,2018-S38
REGIONAL::PONTES E LACERDA,2018,39,1.0,2018-S39
REGIONAL::PONTES E LACERDA,2018,40,2.0,2018-S40
REGIONAL::PONTES E LACERDA,2018,41,0.0,2018-S41
REGIONAL::PONTES E LACERDA,2018,42,0.0,2018-S42
REGIONAL::PONTES E LACERDA,2018,43,0.0,2018-S43
REGIONAL::PONTES E LACERDA,2018,44,0.0,2018-S44
REGIONAL::PONTES E LACERDA,2018,45,0.0,2018-S45
REGIONAL::PONTES E LACERDA,2018,46,0.0,2018-S46
REGIONAL::PONTES E LACERDA,2018,47,0.0,2018-S47
REGIONAL::PONTES E LACERDA,2018,48,1.0,2018-S48
REGIONAL::PONTES E LACERDA,2018,49,1.0,2018-S49
REGIONAL::PONTES E LACERDA,2018,50,0.0,2018-S50
REGIONAL::PONTES E LACERDA,2018,51,0.0,2018-S51
REGIONAL::PONTES E LACERDA,2018,52,0.0,2018-S52
REGIONAL::PONTES E LACERDA,2019,1,0.0,2019-S01
REGIONAL::PONTES E LACERDA,2019,2,0.0,2019-S02
REGIONAL::PONTES E LACERDA,2019,3,0.0,2019-S03
REGIONAL::PONTES E LACERDA,2019,4,0.0,2019-S04
REGIONAL::PONTES E LACERDA,2019,5,0.0,2019-S05
REGIONAL::PONTES E LACERDA,2019,6,0.0,2019-S06
REGIONAL::PONTES E LACERDA,2019,7,0.0,2019-S07
REGIONAL::PONTES E LACERDA,2019,8,0.0,2019-S08
REGIONAL::PONTES E LACERDA,2019,9,0.0,2019-S09
REGIONAL::PONTES E LACERDA,2019,10,0.0,2019-S10
REGIONAL::PONTES E LACERDA,2019,11,0.0,2019-S11
REGIONAL::PONTES E LACERDA,2019,12,0.0,2019-S12
REGIONAL::PONTES E LACERDA,2019,13,0.0,2019-S13
REGIONAL::PONTES E LACERDA,2019,14,0.0,2019-S14
REGIONAL::PONTES E LACERDA,2019,15,1.0,2019-S15
REGIONAL::PONTES E LACERDA,2019,16,0.0,2019-S16
REGIONAL::PONTES E LACERDA,2019,17,0.0,2019-S17
REGIONAL::PONTES E LACERDA,2019,18,0.0,2019-S18
REGIONAL::PONTES E LACERDA,2019,19,0.0,2019-S19
REGIONAL::PONTES E LACERDA,2019,20,1.0,2019-S20
REGIONAL::PONTES E LACERDA,2019,21,0.0,2019-S21
REGIONAL::PONTES E LACERDA,2019,22,0.0,2019-S22
REGIONAL::PONTES E LACERDA,2019,23,0.0,2019-S23
REGIONAL::PONTES E LACERDA,2019,24,0.0,2019-S24
REGIONAL::PONTES E LACERDA,2019,25,0.0,2019-S25
REGIONAL::PONTES E LACERDA,2019,26,0.0,2019-S26
REGIONAL::PONTES E LACERDA,2019,27,0.0,2019-S27
REGIONAL::PONTES E LACERDA,2019,28,0.0,2019-S28
REGIONAL::PONTES E LACERDA,2019,29,0.0,2019-S29
REGIONAL::PONTES E LACERDA,2019,30,0.0,2019-S30
REGIONAL::PONTES E LACERDA,2019,31,0.0,2019-S31
REGIONAL::PONTES E LACERDA,2019,32,0.0,2019-S32
REGIONAL::PONTES E LACERDA,2019,33,1.0,2019-S33
REGIONAL::PONTES E LACERDA,2019,34,0.0,2019-S34
REGIONAL::PONTES E LACERDA,2019,35,0.0,2019-S35
REGIONAL::PONTES E LACERDA,2019,36,0.0,2019-S36
REGIONAL::PONTES E LACERDA,2019,37,0.0,2019-S37
REGIONAL::PONTES E LACERDA,2019,38,1.0,2019-S38
REGIONAL::PONTES E LACERDA,2019,39,0.0,2019-S39
REGIONAL::PONTES E LACERDA,2019,40,0.0,2019-S40
REGIONAL::PONTES E LACERDA,2019,41,0.0,2019-S41
REGIONAL::PONTES E LACERDA,2019,42,0.0,2019-S42
REGIONAL::PONTES E LACERDA,2019,43,0.0,2019-S43
REGIONAL::PONTES E LACERDA,2019,44,0.0,2019-S44
REGIONAL::PONTES E LACERDA,2019,45,0.0,2019-S45
REGIONAL::PONTES E LACERDA,2019,46,0.0,2019-S46
REGIONAL::PONTES E LACERDA,2019,47,0.0,2019-S47
REGIONAL::PONTES E LACERDA,2019,48,0.0,2019-S48
REGIONAL::PONTES E LACERDA,2019,49,0.0,2019-S49
REGIONAL::PONTES E LACERDA,2019,50,0.0,2019-S50
REGIONAL::PONTES E LACERDA,2019,51,0.0,2019-S51
REGIONAL::PONTES E LACERDA,2019,52,0.0,2019-S52
REGIONAL::PONTES E LACERDA,2020,1,0.0,2020-S01
REGIONAL::PONTES E LACERDA,2020,2,0.0,2020-S02
REGIONAL::PONTES E LACERDA,2020,3,0.0,2020-S03
REGIONAL::PONTES E LACERDA,2020,4,0.0,2020-S04
REGIONAL::PONTES E LACERDA,2020,5,0.0,2020-S05
REGIONAL::PONTES E LACERDA,2020,6,0.0,2020-S06
REGIONAL::PONTES E LACERDA,2020,7,0.0,2020-S07
REGIONAL::PONTES E LACERDA,2020,8,0.0,2020-S08
REGIONAL::PONTES E LACERDA,2020,9,0.0,2020-S09
REGIONAL::PONTES E LACERDA,2020,10,0.0,2020-S10
REGIONAL::PONTES E LACERDA,2020,11,0.0,2020-S11
REGIONAL::PONTES E LACERDA,2020,12,0.0,2020-S12
REGIONAL::PONTES E LACERDA,2020,13,0.0,2020-S13
REGIONAL::PONTES E LACERDA,2020,14,0.0,2020-S14
REGIONAL::PONTES E LACERDA,2020,15,1.0,2020-S15
REGIONAL::PONTES E LACERDA,2020,16,0.0,2020-S16
REGIONAL::PONTES E LACERDA,2020,17,0.0,2020-S17
REGIONAL::PONTES E LACERDA,2020,18,0.0,2020-S18
REGIONAL::PONTES E LACERDA,2020,19,0.0,2020-S19
REGIONAL::PONTES E LACERDA,2020,20,0.0,2020-S20
REGIONAL::PONTES E LACERDA,2020,21,0.0,2020-S21
REGIONAL::PONTES E LACERDA,2020,22,1.0,2020-S22
REGIONAL::PONTES E LACERDA,2020,23,0.0,2020-S23
REGIONAL::PONTES E LACERDA,2020,24,0.0,2020-S24
REGIONAL::PONTES E LACERDA,2020,25,0.0,2020-S25
REGIONAL::PONTES E LACERDA,2020,26,0.0,2020-S26
REGIONAL::PONTES E LACERDA,2020,27,0.0,2020-S27
REGIONAL::PONTES E LACERDA,2020,28,0.0,2020-S28
REGIONAL::PONTES E LACERDA,2020,29,1.0,2020-S29
REGIONAL::PONTES E LACERDA,2020,30,0.0,2020-S30
REGIONAL::PONTES E LACERDA,2020,31,0.0,2020-S31
REGIONAL::PONTES E LACERDA,2020,32,0.0,2020-S32
REGIONAL::PONTES E LACERDA,2020,33,0.0,2020-S33
REGIONAL::PONTES E LACERDA,2020,34,0.0,2020-S34
REGIONAL::PONTES E LACERDA,2020,35,0.0,2020-S35
REGIONAL::PONTES E LACERDA,2020,36,0.0,2020-S36
REGIONAL::PONTES E LACERDA,2020,37,0.0,2020-S37
REGIONAL::PONTES E LACERDA,2020,38,0.0,2020-S38
REGIONAL::PONTES E LACERDA,2020,39,0.0,2020-S39
REGIONAL::PONTES E LACERDA,2020,40,0.0,2020-S40
REGIONAL::PONTES E LACERDA,2020,41,0.0,2020-S41
REGIONAL::PONTES E LACERDA,2020,42,0.0,2020-S42
REGIONAL::PONTES E LACERDA,2020,43,0.0,2020-S43
REGIONAL::PONTES E LACERDA,2020,44,0.0,2020-S44
REGIONAL::PONTES E LACERDA,2020,45,0.0,2020-S45
REGIONAL::PONTES E LACERDA,2020,46,0.0,2020-S46
REGIONAL::PONTES E LACERDA,2020,47,0.0,2020-S47
REGIONAL::PONTES E LACERDA,2020,48,0.0,2020-S48
REGIONAL::PONTES E LACERDA,2020,49,0.0,2020-S49
REGIONAL::PONTES E LACERDA,2020,50,0.0,2020-S50
REGIONAL::PONTES E LACERDA,2020,51,0.0,2020-S51
REGIONAL::PONTES E LACERDA,2020,52,0.0,2020-S52
REGIONAL::PONTES E LACERDA,2021,1,0.0,2021-S01
REGIONAL::PONTES E LACERDA,2021,2,0.0,2021-S02
REGIONAL::PONTES E LACERDA,2021,3,0.0,2021-S03
REGIONAL::PONTES E LACERDA,2021,4,0.0,2021-S04
REGIONAL::PONTES E LACERDA,2021,5,0.0,2021-S05
REGIONAL::PONTES E LACERDA,2021,6,0.0,2021-S06
REGIONAL::PONTES E LACERDA,2021,7,0.0,2021-S07
REGIONAL::PONTES E LACERDA,2021,8,0.0,2021-S08
REGIONAL::PONTES E LACERDA,2021,9,0.0,2021-S09
REGIONAL::PONTES E LACERDA,2021,10,0.0,2021-S10
REGIONAL::PONTES E LACERDA,2021,11,0.0,2021-S11
REGIONAL::PONTES E LACERDA,2021,12,0.0,2021-S12
REGIONAL::PONTES E LACERDA,2021,13,0.0,2021-S13
REGIONAL::PONTES E LACERDA,2021,14,0.0,2021-S14
REGIONAL::PONTES E LACERDA,2021,15,0.0,2021-S15
REGIONAL::PONTES E LACERDA,2021,16,0.0,2021-S16
REGIONAL::PONTES E LACERDA,2021,17,0.0,2021-S17
REGIONAL::PONTES E LACERDA,2021,18,0.0,2021-S18
REGIONAL::PONTES E LACERDA,2021,19,0.0,2021-S19
REGIONAL::PONTES E LACERDA,2021,20,0.0,2021-S20
REGIONAL::PONTES E LACERDA,2021,21,0.0,2021-S21
REGIONAL::PONTES E LACERDA,2021,22,0.0,2021-S22
REGIONAL::PONTES E LACERDA,2021,23,0.0,2021-S23
REGIONAL::PONTES E LACERDA,2021,24,0.0,2021-S24
REGIONAL::PONTES E LACERDA,2021,25,0.0,2021-S25
REGIONAL::PONTES E LACERDA,2021,26,0.0,2021-S26
REGIONAL::PONTES E LACERDA,2021,27,0.0,2021-S27
REGIONAL::PONTES E LACERDA,2021,28,0.0,2021-S28
REGIONAL::PONTES E LACERDA,2021,29,0.0,2021-S29
REGIONAL::PONTES E LACERDA,2021,30,0.0,2021-S30
REGIONAL::PONTES E LACERDA,2021,31,0.0,2021-S31
REGIONAL::PONTES E LACERDA,2021,32,0.0,2021-S32
REGIONAL::PONTES E LACERDA,2021,33,0.0,2021-S33
REGIONAL::PONTES E LACERDA,2021,34,0.0,2021-S34
REGIONAL::PONTES E LACERDA,2021,35,0.0,2021-S35
REGIONAL::PONTES E LACERDA,2021,36,0.0,2021-S36
REGIONAL::PONTES E LACERDA,2021,37,0.0,2021-S37
REGIONAL::PONTES E LACERDA,2021,38,0.0,2021-S38
REGIONAL::PONTES E LACERDA,2021,39,0.0,2021-S39
REGIONAL::PONTES E LACERDA,2021,40,0.0,2021-S40
REGIONAL::PONTES E LACERDA,2021,41,0.0,2021-S41
REGIONAL::PONTES E LACERDA,2021,42,0.0,2021-S42
REGIONAL::PONTES E LACERDA,2021,43,0.0,2021-S43
REGIONAL::PONTES E LACERDA,2021,44,0.0,2021-S44
REGIONAL::PONTES E LACERDA,2021,45,0.0,2021-S45
REGIONAL::PONTES E LACERDA,2021,46,0.0,2021-S46
REGIONAL::PONTES E LACERDA,2021,47,0.0,2021-S47
REGIONAL::PONTES E LACERDA,2021,48,0.0,2021-S48
REGIONAL::PONTES E LACERDA,2021,49,0.0,2021-S49
REGIONAL::PONTES E LACERDA,2021,50,0.0,2021-S50
REGIONAL::PONTES E LACERDA,2021,51,0.0,2021-S51
REGIONAL::PONTES E LACERDA,2021,52,0.0,2021-S52
REGIONAL::PONTES E LACERDA,2022,1,0.0,2022-S01
REGIONAL::PONTES E LACERDA,2022,2,0.0,2022-S02
REGIONAL::PONTES E LACERDA,2022,3,0.0,2022-S03
REGIONAL::PONTES E LACERDA,2022,4,0.0,2022-S04
REGIONAL::PONTES E LACERDA,2022,5,0.0,2022-S05
REGIONAL::PONTES E LACERDA,2022,6,0.0,2022-S06
REGIONAL::PONTES E LACERDA,2022,7,0.0,2022-S07
REGIONAL::PONTES E LACERDA,2022,8,0.0,2022-S08
REGIONAL::PONTES E LACERDA,2022,9,0.0,2022-S09
REGIONAL::PONTES E LACERDA,2022,10,0.0,2022-S10
REGIONAL::PONTES E LACERDA,2022,11,0.0,2022-S11
REGIONAL::PONTES E LACERDA,2022,12,0.0,2022-S12
REGIONAL::PONTES E LACERDA,2022,13,0.0,2022-S13
REGIONAL::PONTES E LACERDA,2022,14,0.0,2022-S14
REGIONAL::PONTES E LACERDA,2022,15,0.0,2022-S15
REGIONAL::PONTES E LACERDA,2022,16,0.0,2022-S16
REGIONAL::PONTES E LACERDA,2022,17,0.0,2022-S17
REGIONAL::PONTES E LACERDA,2022,18,0.0,2022-S18
REGIONAL::PONTES E LACERDA,2022,19,0.0,2022-S19
REGIONAL::PONTES E LACERDA,2022,20,0.0,2022-S20
REGIONAL::PONTES E LACERDA,2022,21,0.0,2022-S21
REGIONAL::PONTES E LACERDA,2022,22,0.0,2022-S22
REGIONAL::PONTES E LACERDA,2022,23,0.0,2022-S23
REGIONAL::PONTES E LACERDA,2022,24,0.0,2022-S24
REGIONAL::PONTES E LACERDA,2022,25,0.0,2022-S25
REGIONAL::PONTES E LACERDA,2022,26,0.0,2022-S26
REGIONAL::PONTES E LACERDA,2022,27,0.0,2022-S27
REGIONAL::PONTES E LACERDA,2022,28,0.0,2022-S28
REGIONAL::PONTES E LACERDA,2022,29,0.0,2022-S29
REGIONAL::PONTES E LACERDA,2022,30,1.0,2022-S30
REGIONAL::PONTES E LACERDA,2022,31,0.0,2022-S31
REGIONAL::PONTES E LACERDA,2022,32,0.0,2022-S32
REGIONAL::PONTES E LACERDA,2022,33,0.0,2022-S33
REGIONAL::PONTES E LACERDA,2022,34,0.0,2022-S34
REGIONAL::PONTES E LACERDA,2022,35,0.0,2022-S35
REGIONAL::PONTES E LACERDA,2022,36,0.0,2022-S36
REGIONAL::PONTES E LACERDA,2022,37,0.0,2022-S37
REGIONAL::PONTES E LACERDA,2022,38,0.0,2022-S38
REGIONAL::PONTES E LACERDA,2022,39,0.0,2022-S39
REGIONAL::PONTES E LACERDA,2022,40,0.0,2022-S40
REGIONAL::PONTES E LACERDA,2022,41,0.0,2022-S41
REGIONAL::PONTES E LACERDA,2022,42,0.0,2022-S42
REGIONAL::PONTES E LACERDA,2022,43,0.0,2022-S43
REGIONAL::PONTES E LACERDA,2022,44,0.0,2022-S44
REGIONAL::PONTES E LACERDA,2022,45,0.0,2022-S45
REGIONAL::PONTES E LACERDA,2022,46,0.0,2022-S46
REGIONAL::PONTES E LACERDA,2022,47,1.0,2022-S47
REGIONAL::PONTES E LACERDA,2022,48,0.0,2022-S48
REGIONAL::PONTES E LACERDA,2022,49,0.0,2022-S49
REGIONAL::PONTES E LACERDA,2022,50,0.0,2022-S50
REGIONAL::PONTES E LACERDA,2022,51,0.0,2022-S51
REGIONAL::PONTES E LACERDA,2022,52,0.0,2022-S52
REGIONAL::PONTES E LACERDA,2023,1,2.0,2023-S01
REGIONAL::PONTES E LACERDA,2023,2,0.0,2023-S02
REGIONAL::PONTES E LACERDA,2023,3,0.0,2023-S03
REGIONAL::PONTES E LACERDA,2023,4,0.0,2023-S04
REGIONAL::PONTES E LACERDA,2023,5,0.0,2023-S05
REGIONAL::PONTES E LACERDA,2023,6,0.0,2023-S06
REGIONAL::PONTES E LACERDA,2023,7,0.0,2023-S07
REGIONAL::PONTES E LACERDA,2023,8,0.0,2023-S08
REGIONAL::PONTES E LACERDA,2023,9,0.0,2023-S09
REGIONAL::PONTES E LACERDA,2023,10,0.0,2023-S10
REGIONAL::PONTES E LACERDA,2023,11,0.0,2023-S11
REGIONAL::PONTES E LACERDA,2023,12,0.0,2023-S12
REGIONAL::PONTES E LACERDA,2023,13,0.0,2023-S13
REGIONAL::PONTES E LACERDA,2023,14,0.0,2023-S14
REGIONAL::PONTES E LACERDA,2023,15,0.0,2023-S15
REGIONAL::PONTES E LACERDA,2023,16,0.0,2023-S16
REGIONAL::PONTES E LACERDA,2023,17,0.0,2023-S17
REGIONAL::PONTES E LACERDA,2023,18,0.0,2023-S18
REGIONAL::PONTES E LACERDA,2023,19,0.0,2023-S19
REGIONAL::PONTES E LACERDA,2023,20,2.0,2023-S20
REGIONAL::PONTES E LACERDA,2023,21,0.0,2023-S21
REGIONAL::PONTES E LACERDA,2023,22,0.0,2023-S22
REGIONAL::PONTES E LACERDA,2023,23,0.0,2023-S23
REGIONAL::PONTES E LACERDA,2023,24,0.0,2023-S24
REGIONAL::PONTES E LACERDA,2023,25,0.0,2023-S25
REGIONAL::PONTES E LACERDA,2023,26,1.0,2023-S26
REGIONAL::PONTES E LACERDA,2023,27,0.0,2023-S27
REGIONAL::PONTES E LACERDA,2023,28,0.0,2023-S28
REGIONAL::PONTES E LACERDA,2023,29,0.0,2023-S29
REGIONAL::PONTES E LACERDA,2023,30,0.0,2023-S30
REGIONAL::PONTES E LACERDA,2023,31,0.0,2023-S31
REGIONAL::PONTES E LACERDA,2023,32,0.0,2023-S32
REGIONAL::PONTES E LACERDA,2023,33,0.0,2023-S33
REGIONAL::PONTES E LACERDA,2023,34,0.0,2023-S34
REGIONAL::PONTES E LACERDA,2023,35,1.0,2023-S35
REGIONAL::PONTES E LACERDA,2023,36,0.0,2023-S36
REGIONAL::PONTES E LACERDA,2023,37,0.0,2023-S37
REGIONAL::PONTES E LACERDA,2023,38,0.0,2023-S38
REGIONAL::PONTES E LACERDA,2023,39,0.0,2023-S39
REGIONAL::PONTES E LACERDA,2023,40,0.0,2023-S40
REGIONAL::PONTES E LACERDA,2023,41,0.0,2023-S41
REGIONAL::PONTES E LACERDA,2023,42,0.0,2023-S42
REGIONAL::PONTES E LACERDA,2023,43,0.0,2023-S43
REGIONAL::PONTES E LACERDA,2023,44,2.0,2023-S44
REGIONAL::PONTES E LACERDA,2023,45,0.0,2023-S45
REGIONAL::PONTES E LACERDA,2023,46,0.0,2023-S46
REGIONAL::PONTES E LACERDA,2023,47,0.0,2023-S47
REGIONAL::PONTES E LACERDA,2023,48,0.0,2023-S48
REGIONAL::PONTES E LACERDA,2023,49,0.0,2023-S49
REGIONAL::PONTES E LACERDA,2023,50,0.0,2023-S50
REGIONAL::PONTES E LACERDA,2023,51,0.0,2023-S51
REGIONAL::PONTES E LACERDA,2023,52,0.0,2023-S52
REGIONAL::PONTES E LACERDA,2024,1,0.0,2024-S01
REGIONAL::PONTES E LACERDA,2024,2,0.0,2024-S02
REGIONAL::PONTES E LACERDA,2024,3,0.0,2024-S03
REGIONAL::PONTES E LACERDA,2024,4,0.0,2024-S04
REGIONAL::PONTES E LACERDA,2024,5,0.0,2024-S05
REGIONAL::PONTES E LACERDA,2024,6,0.0,2024-S06
REGIONAL::PONTES E LACERDA,2024,7,0.0,2024-S07
REGIONAL::PONTES E LACERDA,2024,8,0.0,2024-S08
REGIONAL::PONTES E LACERDA,2024,9,0.0,2024-S09
REGIONAL::PONTES E LACERDA,2024,10,0.0,2024-S10
REGIONAL::PONTES E LACERDA,2024,11,0.0,2024-S11
REGIONAL::PONTES E LACERDA,2024,12,0.0,2024-S12
REGIONAL::PONTES E LACERDA,2024,13,0.0,2024-S13
REGIONAL::PONTES E LACERDA,2024,14,1.0,2024-S14
REGIONAL::PONTES E LACERDA,2024,15,1.0,2024-S15
REGIONAL::PONTES E LACERDA,2024,16,0.0,2024-S16
REGIONAL::PONTES E LACERDA,2024,17,0.0,2024-S17
REGIONAL::PONTES E LACERDA,2024,18,0.0,2024-S18
REGIONAL::PONTES E LACERDA,2024,19,1.0,2024-S19
REGIONAL::PONTES E LACERDA,2024,20,0.0,2024-S20
REGIONAL::PONTES E LACERDA,2024,21,0.0,2024-S21
REGIONAL::PONTES E LACERDA,2024,22,0.0,2024-S22
REGIONAL::PONTES E LACERDA,2024,23,0.0,2024-S23
REGIONAL::PONTES E LACERDA,2024,24,0.0,2024-S24
REGIONAL::PONTES E LACERDA,2024,25,0.0,2024-S25
REGIONAL::PONTES E LACERDA,2024,26,0.0,2024-S26
REGIONAL::PONTES E LACERDA,2024,27,1.0,2024-S27
REGIONAL::PONTES E LACERDA,2024,28,1.0,2024-S28
REGIONAL::PONTES E LACERDA,2024,29,0.0,2024-S29
REGIONAL::PONTES E LACERDA,2024,30,0.0,2024-S30
REGIONAL::PONTES E LACERDA,2024,31,0.0,2024-S31
REGIONAL::PONTES E LACERDA,2024,32,0.0,2024-S32
REGIONAL::PONTES E LACERDA,2024,33,0.0,2024-S33
REGIONAL::PONTES E LACERDA,2024,34,1.0,2024-S34
REGIONAL::PONTES E LACERDA,2024,35,0.0,2024-S35
REGIONAL::PONTES E LACERDA,2024,36,0.0,2024-S36
REGIONAL::PONTES E LACERDA,2024,37,0.0,2024-S37
REGIONAL::PONTES E LACERDA,2024,38,0.0,2024-S38
REGIONAL::PONTES E LACERDA,2024,39,0.0,2024-S39
REGIONAL::PONTES E LACERDA,2024,40,0.0,2024-S40
REGIONAL::PONTES E LACERDA,2024,41,0.0,2024-S41
REGIONAL::PONTES E LACERDA,2024,42,0.0,2024-S42
REGIONAL::PONTES E LACERDA,2024,43,0.0,2024-S43
REGIONAL::PONTES E LACERDA,2024,44,0.0,2024-S44
REGIONAL::PONTES E LACERDA,2024,45,0.0,2024-S45
REGIONAL::PONTES E LACERDA,2024,46,0.0,2024-S46
REGIONAL::PONTES E LACERDA,2024,47,0.0,2024-S47
REGIONAL::PONTES E LACERDA,2024,48,0.0,2024-S48
REGIONAL::PONTES E LACERDA,2024,49,0.0,2024-S49
REGIONAL::PONTES E LACERDA,2024,50,0.0,2024-S50
REGIONAL::PONTES E LACERDA,2024,51,0.0,2024-S51
REGIONAL::PONTES E LACERDA,2024,52,0.0,2024-S52
REGIONAL::PONTES E LACERDA,2025,1,0.0,2025-S01
REGIONAL::PONTES E LACERDA,2025,2,0.0,2025-S02
REGIONAL::PONTES E LACERDA,2025,3,0.0,2025-S03
REGIONAL::PONTES E LACERDA,2025,4,0.0,2025-S04
REGIONAL::PONTES E LACERDA,2025,5,0.0,2025-S05
REGIONAL::PONTES E LACERDA,2025,6,1.0,2025-S06
REGIONAL::PONTES E LACERDA,2025,7,0.0,2025-S07
REGIONAL::PONTES E LACERDA,2025,8,0.0,2025-S08
REGIONAL::PONTES E LACERDA,2025,9,0.0,2025-S09
REGIONAL::PONTES E LACERDA,2025,10,0.0,2025-S10
REGIONAL::PONTES E LACERDA,2025,11,0.0,2025-S11
REGIONAL::PONTES E LACERDA,2025,12,0.0,2025-S12
REGIONAL::PONTES E LACERDA,2025,13,0.0,2025-S13
REGIONAL::PONTES E LACERDA,2025,14,0.0,2025-S14
REGIONAL::PONTES E LACERDA,2025,15,0.0,2025-S15
REGIONAL::PONTES E LACERDA,2025,16,0.0,2025-S16
REGIONAL::PONTES E LACERDA,2025,17,0.0,2025-S17
REGIONAL::PONTES E LACERDA,2025,18,0.0,2025-S18
REGIONAL::PONTES E LACERDA,2025,19,0.0,2025-S19
REGIONAL::PONTES E LACERDA,2025,20,0.0,2025-S20
REGIONAL::PONTES E LACERDA,2025,21,0.0,2025-S21
REGIONAL::PONTES E LACERDA,2025,22,0.0,2025-S22
REGIONAL::PONTES E LACERDA,2025,23,1.0,2025-S23
REGIONAL::PONTES E LACERDA,2025,24,4.0,2025-S24
REGIONAL::PONTES E LACERDA,2025,25,3.0,2025-S25
REGIONAL::PONTES E LACERDA,2025,26,0.0,2025-S26
REGIONAL::PONTES E LACERDA,2025,27,0.0,2025-S27
REGIONAL::PONTES E LACERDA,2025,28,0.0,2025-S28
REGIONAL::PONTES E LACERDA,2025,29,0.0,2025-S29
REGIONAL::PONTES E LACERDA,2025,30,0.0,2025-S30
REGIONAL::PONTES E LACERDA,2025,31,0.0,2025-S31
REGIONAL::PONTES E LACERDA,2025,32,0.0,2025-S32
REGIONAL::PONTES E LACERDA,2025,33,0.0,2025-S33
REGIONAL::PONTES E LACERDA,2025,34,0.0,2025-S34
REGIONAL::PONTES E LACERDA,2025,35,0.0,2025-S35
REGIONAL::PONTES E LACERDA,2025,36,1.0,2025-S36
REGIONAL::PONTES E LACERDA,2025,37,0.0,2025-S37
REGIONAL::PONTES E LACERDA,2025,38,0.0,2025-S38
REGIONAL::PONTES E LACERDA,2025,39,0.0,2025-S39
REGIONAL::PONTES E LACERDA,2025,40,0.0,2025-S40
REGIONAL::PONTES E LACERDA,2025,41,0.0,2025-S41
REGIONAL::PONTES E LACERDA,2025,42,0.0,2025-S42
REGIONAL::PONTES E LACERDA,2025,43,0.0,2025-S43
REGIONAL::PONTES E LACERDA,2025,44,0.0,2025-S44
REGIONAL::PONTES E LACERDA,2025,45,0.0,2025-S45
REGIONAL::PONTES E LACERDA,2025,46,0.0,2025-S46
REGIONAL::PONTES E LACERDA,2025,47,0.0,2025-S47
REGIONAL::PONTES E LACERDA,2025,48,0.0,2025-S48
REGIONAL::PONTES E LACERDA,2025,49,0.0,2025-S49
REGIONAL::PONTES E LACERDA,2025,50,1.0,2025-S50
REGIONAL::PONTES E LACERDA,2025,51,0.0,2025-S51
REGIONAL::PONTES E LACERDA,2025,52,0.0,2025-S52
REGIONAL::PONTES E LACERDA,2026,1,0.0,2026-S01
REGIONAL::PONTES E LACERDA,2026,2,0.0,2026-S02
REGIONAL::PONTES E LACERDA,2026,3,0.0,2026-S03
REGIONAL::PONTES E LACERDA,2026,4,0.0,2026-S04
REGIONAL::PONTES E LACERDA,2026,5,0.0,2026-S05
REGIONAL::PONTES E LACERDA,2026,6,0.0,2026-S06
REGIONAL::PONTES E LACERDA,2026,7,0.0,2026-S07
REGIONAL::PONTES E LACERDA,2026,8,0.0,2026-S08
REGIONAL::PONTES E LACERDA,2026,9,0.0,2026-S09
REGIONAL::PONTES E LACERDA,2026,10,0.0,2026-S10
REGIONAL::PONTES E LACERDA,2026,11,0.0,2026-S11
REGIONAL::PONTES E LACERDA,2026,12,0.0,2026-S12
REGIONAL::PONTES E LACERDA,2026,13,0.0,2026-S13
REGIONAL::PONTES E LACERDA,2026,14,2.0,2026-S14
REGIONAL::PONTES E LACERDA,2026,15,0.0,2026-S15
REGIONAL::PONTES E LACERDA,2026,16,0.0,2026-S16
REGIONAL::PONTES E LACERDA,2026,17,0.0,2026-S17
REGIONAL::PONTES E LACERDA,2026,18,0.0,2026-S18
REGIONAL::PONTES E LACERDA,2026,19,0.0,2026-S19
REGIONAL::PONTES E LACERDA,2026,20,0.0,2026-S20
REGIONAL::PONTES E LACERDA,2026,21,0.0,2026-S21
REGIONAL::PONTES E LACERDA,2026,22,0.0,2026-S22
REGIONAL::PONTES E LACERDA,2026,23,0.0,2026-S23
REGIONAL::PONTES E LACERDA,2026,24,1.0,2026-S24
REGIONAL::PONTES E LACERDA,2026,25,0.0,2026-S25
REGIONAL::PONTES E LACERDA,2026,26,1.0,2026-S26
REGIONAL::PONTES E LACERDA,2026,27,0.0,2026-S27
REGIONAL::PONTES E LACERDA,2026,28,0.0,2026-S28
REGIONAL::PONTES E LACERDA,2026,29,0.0,2026-S29
REGIONAL::PONTES E LACERDA,2026,30,0.0,2026-S30
REGIONAL::PONTES E LACERDA,2026,31,0.0,2026-S31
REGIONAL::PORTO ALEGRE DO NORTE,2007,6,1.0,2007-S06
REGIONAL::PORTO ALEGRE DO NORTE,2007,7,0.0,2007-S07
REGIONAL::PORTO ALEGRE DO NORTE,2007,8,0.0,2007-S08
REGIONAL::PORTO ALEGRE DO NORTE,2007,9,0.0,2007-S09
REGIONAL::PORTO ALEGRE DO NORTE,2007,10,0.0,2007-S10
REGIONAL::PORTO ALEGRE DO NORTE,2007,11,0.0,2007-S11
REGIONAL::PORTO ALEGRE DO NORTE,2007,12,0.0,2007-S12
REGIONAL::PORTO ALEGRE DO NORTE,2007,13,0.0,2007-S13
REGIONAL::PORTO ALEGRE DO NORTE,2007,14,0.0,2007-S14
REGIONAL::PORTO ALEGRE DO NORTE,2007,15,0.0,2007-S15
REGIONAL::PORTO ALEGRE DO NORTE,2007,16,0.0,2007-S16
REGIONAL::PORTO ALEGRE DO NORTE,2007,17,0.0,2007-S17
REGIONAL::PORTO ALEGRE DO NORTE,2007,18,0.0,2007-S18
REGIONAL::PORTO ALEGRE DO NORTE,2007,19,0.0,2007-S19
REGIONAL::PORTO ALEGRE DO NORTE,2007,20,0.0,2007-S20
REGIONAL::PORTO ALEGRE DO NORTE,2007,21,0.0,2007-S21
REGIONAL::PORTO ALEGRE DO NORTE,2007,22,0.0,2007-S22
REGIONAL::PORTO ALEGRE DO NORTE,2007,23,0.0,2007-S23
REGIONAL::PORTO ALEGRE DO NORTE,2007,24,0.0,2007-S24
REGIONAL::PORTO ALEGRE DO NORTE,2007,25,0.0,2007-S25
REGIONAL::PORTO ALEGRE DO NORTE,2007,26,0.0,2007-S26
REGIONAL::PORTO ALEGRE DO NORTE,2007,27,0.0,2007-S27
REGIONAL::PORTO ALEGRE DO NORTE,2007,28,0.0,2007-S28
REGIONAL::PORTO ALEGRE DO NORTE,2007,29,0.0,2007-S29
REGIONAL::PORTO ALEGRE DO NORTE,2007,30,0.0,2007-S30
REGIONAL::PORTO ALEGRE DO NORTE,2007,31,0.0,2007-S31
REGIONAL::PORTO ALEGRE DO NORTE,2007,32,0.0,2007-S32
REGIONAL::PORTO ALEGRE DO NORTE,2007,33,0.0,2007-S33
REGIONAL::PORTO ALEGRE DO NORTE,2007,34,0.0,2007-S34
REGIONAL::PORTO ALEGRE DO NORTE,2007,35,0.0,2007-S35
REGIONAL::PORTO ALEGRE DO NORTE,2007,36,0.0,2007-S36
REGIONAL::PORTO ALEGRE DO NORTE,2007,37,0.0,2007-S37
REGIONAL::PORTO ALEGRE DO NORTE,2007,38,0.0,2007-S38
REGIONAL::PORTO ALEGRE DO NORTE,2007,39,0.0,2007-S39
REGIONAL::PORTO ALEGRE DO NORTE,2007,40,0.0,2007-S40
REGIONAL::PORTO ALEGRE DO NORTE,2007,41,0.0,2007-S41
REGIONAL::PORTO ALEGRE DO NORTE,2007,42,0.0,2007-S42
REGIONAL::PORTO ALEGRE DO NORTE,2007,43,0.0,2007-S43
REGIONAL::PORTO ALEGRE DO NORTE,2007,44,0.0,2007-S44
REGIONAL::PORTO ALEGRE DO NORTE,2007,45,0.0,2007-S45
REGIONAL::PORTO ALEGRE DO NORTE,2007,46,0.0,2007-S46
REGIONAL::PORTO ALEGRE DO NORTE,2007,47,0.0,2007-S47
REGIONAL::PORTO ALEGRE DO NORTE,2007,48,0.0,2007-S48
REGIONAL::PORTO ALEGRE DO NORTE,2007,49,1.0,2007-S49
REGIONAL::PORTO ALEGRE DO NORTE,2007,50,0.0,2007-S50
REGIONAL::PORTO ALEGRE DO NORTE,2007,51,0.0,2007-S51
REGIONAL::PORTO ALEGRE DO NORTE,2007,52,0.0,2007-S52
REGIONAL::PORTO ALEGRE DO NORTE,2008,1,0.0,2008-S01
REGIONAL::PORTO ALEGRE DO NORTE,2008,2,0.0,2008-S02
REGIONAL::PORTO ALEGRE DO NORTE,2008,3,0.0,2008-S03
REGIONAL::PORTO ALEGRE DO NORTE,2008,4,0.0,2008-S04
REGIONAL::PORTO ALEGRE DO NORTE,2008,5,0.0,2008-S05
REGIONAL::PORTO ALEGRE DO NORTE,2008,6,0.0,2008-S06
REGIONAL::PORTO ALEGRE DO NORTE,2008,7,0.0,2008-S07
REGIONAL::PORTO ALEGRE DO NORTE,2008,8,0.0,2008-S08
REGIONAL::PORTO ALEGRE DO NORTE,2008,9,0.0,2008-S09
REGIONAL::PORTO ALEGRE DO NORTE,2008,10,0.0,2008-S10
REGIONAL::PORTO ALEGRE DO NORTE,2008,11,0.0,2008-S11
REGIONAL::PORTO ALEGRE DO NORTE,2008,12,0.0,2008-S12
REGIONAL::PORTO ALEGRE DO NORTE,2008,13,1.0,2008-S13
REGIONAL::PORTO ALEGRE DO NORTE,2008,14,1.0,2008-S14
REGIONAL::PORTO ALEGRE DO NORTE,2008,15,0.0,2008-S15
REGIONAL::PORTO ALEGRE DO NORTE,2008,16,0.0,2008-S16
REGIONAL::PORTO ALEGRE DO NORTE,2008,17,0.0,2008-S17
REGIONAL::PORTO ALEGRE DO NORTE,2008,18,0.0,2008-S18
REGIONAL::PORTO ALEGRE DO NORTE,2008,19,0.0,2008-S19
REGIONAL::PORTO ALEGRE DO NORTE,2008,20,0.0,2008-S20
REGIONAL::PORTO ALEGRE DO NORTE,2008,21,1.0,2008-S21
REGIONAL::PORTO ALEGRE DO NORTE,2008,22,0.0,2008-S22
REGIONAL::PORTO ALEGRE DO NORTE,2008,23,1.0,2008-S23
REGIONAL::PORTO ALEGRE DO NORTE,2008,24,1.0,2008-S24
REGIONAL::PORTO ALEGRE DO NORTE,2008,25,0.0,2008-S25
REGIONAL::PORTO ALEGRE DO NORTE,2008,26,0.0,2008-S26
REGIONAL::PORTO ALEGRE DO NORTE,2008,27,0.0,2008-S27
REGIONAL::PORTO ALEGRE DO NORTE,2008,28,0.0,2008-S28
REGIONAL::PORTO ALEGRE DO NORTE,2008,29,0.0,2008-S29
REGIONAL::PORTO ALEGRE DO NORTE,2008,30,0.0,2008-S30
REGIONAL::PORTO ALEGRE DO NORTE,2008,31,0.0,2008-S31
REGIONAL::PORTO ALEGRE DO NORTE,2008,32,0.0,2008-S32
REGIONAL::PORTO ALEGRE DO NORTE,2008,33,0.0,2008-S33
REGIONAL::PORTO ALEGRE DO NORTE,2008,34,0.0,2008-S34
REGIONAL::PORTO ALEGRE DO NORTE,2008,35,0.0,2008-S35
REGIONAL::PORTO ALEGRE DO NORTE,2008,36,0.0,2008-S36
REGIONAL::PORTO ALEGRE DO NORTE,2008,37,1.0,2008-S37
REGIONAL::PORTO ALEGRE DO NORTE,2008,38,0.0,2008-S38
REGIONAL::PORTO ALEGRE DO NORTE,2008,39,0.0,2008-S39
REGIONAL::PORTO ALEGRE DO NORTE,2008,40,0.0,2008-S40
REGIONAL::PORTO ALEGRE DO NORTE,2008,41,0.0,2008-S41
REGIONAL::PORTO ALEGRE DO NORTE,2008,42,0.0,2008-S42
REGIONAL::PORTO ALEGRE DO NORTE,2008,43,0.0,2008-S43
REGIONAL::PORTO ALEGRE DO NORTE,2008,44,0.0,2008-S44
REGIONAL::PORTO ALEGRE DO NORTE,2008,45,0.0,2008-S45
REGIONAL::PORTO ALEGRE DO NORTE,2008,46,0.0,2008-S46
REGIONAL::PORTO ALEGRE DO NORTE,2008,47,0.0,2008-S47
REGIONAL::PORTO ALEGRE DO NORTE,2008,48,0.0,2008-S48
REGIONAL::PORTO ALEGRE DO NORTE,2008,49,0.0,2008-S49
REGIONAL::PORTO ALEGRE DO NORTE,2008,50,0.0,2008-S50
REGIONAL::PORTO ALEGRE DO NORTE,2008,51,0.0,2008-S51
REGIONAL::PORTO ALEGRE DO NORTE,2008,52,0.0,2008-S52
REGIONAL::PORTO ALEGRE DO NORTE,2009,1,0.0,2009-S01
REGIONAL::PORTO ALEGRE DO NORTE,2009,2,0.0,2009-S02
REGIONAL::PORTO ALEGRE DO NORTE,2009,3,0.0,2009-S03
REGIONAL::PORTO ALEGRE DO NORTE,2009,4,0.0,2009-S04
REGIONAL::PORTO ALEGRE DO NORTE,2009,5,0.0,2009-S05
REGIONAL::PORTO ALEGRE DO NORTE,2009,6,0.0,2009-S06
REGIONAL::PORTO ALEGRE DO NORTE,2009,7,1.0,2009-S07
REGIONAL::PORTO ALEGRE DO NORTE,2009,8,1.0,2009-S08
REGIONAL::PORTO ALEGRE DO NORTE,2009,9,0.0,2009-S09
REGIONAL::PORTO ALEGRE DO NORTE,2009,10,1.0,2009-S10
REGIONAL::PORTO ALEGRE DO NORTE,2009,11,0.0,2009-S11
REGIONAL::PORTO ALEGRE DO NORTE,2009,12,0.0,2009-S12
REGIONAL::PORTO ALEGRE DO NORTE,2009,13,0.0,2009-S13
REGIONAL::PORTO ALEGRE DO NORTE,2009,14,0.0,2009-S14
REGIONAL::PORTO ALEGRE DO NORTE,2009,15,0.0,2009-S15
REGIONAL::PORTO ALEGRE DO NORTE,2009,16,0.0,2009-S16
REGIONAL::PORTO ALEGRE DO NORTE,2009,17,0.0,2009-S17
REGIONAL::PORTO ALEGRE DO NORTE,2009,18,0.0,2009-S18
REGIONAL::PORTO ALEGRE DO NORTE,2009,19,0.0,2009-S19
REGIONAL::PORTO ALEGRE DO NORTE,2009,20,0.0,2009-S20
REGIONAL::PORTO ALEGRE DO NORTE,2009,21,0.0,2009-S21
REGIONAL::PORTO ALEGRE DO NORTE,2009,22,0.0,2009-S22
REGIONAL::PORTO ALEGRE DO NORTE,2009,23,0.0,2009-S23
REGIONAL::PORTO ALEGRE DO NORTE,2009,24,0.0,2009-S24
REGIONAL::PORTO ALEGRE DO NORTE,2009,25,0.0,2009-S25
REGIONAL::PORTO ALEGRE DO NORTE,2009,26,0.0,2009-S26
REGIONAL::PORTO ALEGRE DO NORTE,2009,27,0.0,2009-S27
REGIONAL::PORTO ALEGRE DO NORTE,2009,28,0.0,2009-S28
REGIONAL::PORTO ALEGRE DO NORTE,2009,29,0.0,2009-S29
REGIONAL::PORTO ALEGRE DO NORTE,2009,30,0.0,2009-S30
REGIONAL::PORTO ALEGRE DO NORTE,2009,31,1.0,2009-S31
REGIONAL::PORTO ALEGRE DO NORTE,2009,32,0.0,2009-S32
REGIONAL::PORTO ALEGRE DO NORTE,2009,33,0.0,2009-S33
REGIONAL::PORTO ALEGRE DO NORTE,2009,34,0.0,2009-S34
REGIONAL::PORTO ALEGRE DO NORTE,2009,35,0.0,2009-S35
REGIONAL::PORTO ALEGRE DO NORTE,2009,36,0.0,2009-S36
REGIONAL::PORTO ALEGRE DO NORTE,2009,37,0.0,2009-S37
REGIONAL::PORTO ALEGRE DO NORTE,2009,38,0.0,2009-S38
REGIONAL::PORTO ALEGRE DO NORTE,2009,39,0.0,2009-S39
REGIONAL::PORTO ALEGRE DO NORTE,2009,40,0.0,2009-S40
REGIONAL::PORTO ALEGRE DO NORTE,2009,41,0.0,2009-S41
REGIONAL::PORTO ALEGRE DO NORTE,2009,42,0.0,2009-S42
REGIONAL::PORTO ALEGRE DO NORTE,2009,43,0.0,2009-S43
REGIONAL::PORTO ALEGRE DO NORTE,2009,44,0.0,2009-S44
REGIONAL::PORTO ALEGRE DO NORTE,2009,45,0.0,2009-S45
REGIONAL::PORTO ALEGRE DO NORTE,2009,46,0.0,2009-S46
REGIONAL::PORTO ALEGRE DO NORTE,2009,47,0.0,2009-S47
REGIONAL::PORTO ALEGRE DO NORTE,2009,48,0.0,2009-S48
REGIONAL::PORTO ALEGRE DO NORTE,2009,49,0.0,2009-S49
REGIONAL::PORTO ALEGRE DO NORTE,2009,50,0.0,2009-S50
REGIONAL::PORTO ALEGRE DO NORTE,2009,51,0.0,2009-S51
REGIONAL::PORTO ALEGRE DO NORTE,2009,52,0.0,2009-S52
REGIONAL::PORTO ALEGRE DO NORTE,2010,1,0.0,2010-S01
REGIONAL::PORTO ALEGRE DO NORTE,2010,2,0.0,2010-S02
REGIONAL::PORTO ALEGRE DO NORTE,2010,3,0.0,2010-S03
REGIONAL::PORTO ALEGRE DO NORTE,2010,4,0.0,2010-S04
REGIONAL::PORTO ALEGRE DO NORTE,2010,5,0.0,2010-S05
REGIONAL::PORTO ALEGRE DO NORTE,2010,6,0.0,2010-S06
REGIONAL::PORTO ALEGRE DO NORTE,2010,7,0.0,2010-S07
REGIONAL::PORTO ALEGRE DO NORTE,2010,8,0.0,2010-S08
REGIONAL::PORTO ALEGRE DO NORTE,2010,9,0.0,2010-S09
REGIONAL::PORTO ALEGRE DO NORTE,2010,10,0.0,2010-S10
REGIONAL::PORTO ALEGRE DO NORTE,2010,11,0.0,2010-S11
REGIONAL::PORTO ALEGRE DO NORTE,2010,12,0.0,2010-S12
REGIONAL::PORTO ALEGRE DO NORTE,2010,13,0.0,2010-S13
REGIONAL::PORTO ALEGRE DO NORTE,2010,14,0.0,2010-S14
REGIONAL::PORTO ALEGRE DO NORTE,2010,15,1.0,2010-S15
REGIONAL::PORTO ALEGRE DO NORTE,2010,16,0.0,2010-S16
REGIONAL::PORTO ALEGRE DO NORTE,2010,17,0.0,2010-S17
REGIONAL::PORTO ALEGRE DO NORTE,2010,18,0.0,2010-S18
REGIONAL::PORTO ALEGRE DO NORTE,2010,19,0.0,2010-S19
REGIONAL::PORTO ALEGRE DO NORTE,2010,20,0.0,2010-S20
REGIONAL::PORTO ALEGRE DO NORTE,2010,21,0.0,2010-S21
REGIONAL::PORTO ALEGRE DO NORTE,2010,22,0.0,2010-S22
REGIONAL::PORTO ALEGRE DO NORTE,2010,23,0.0,2010-S23
REGIONAL::PORTO ALEGRE DO NORTE,2010,24,0.0,2010-S24
REGIONAL::PORTO ALEGRE DO NORTE,2010,25,0.0,2010-S25
REGIONAL::PORTO ALEGRE DO NORTE,2010,26,0.0,2010-S26
REGIONAL::PORTO ALEGRE DO NORTE,2010,27,0.0,2010-S27
REGIONAL::PORTO ALEGRE DO NORTE,2010,28,0.0,2010-S28
REGIONAL::PORTO ALEGRE DO NORTE,2010,29,0.0,2010-S29
REGIONAL::PORTO ALEGRE DO NORTE,2010,30,0.0,2010-S30
REGIONAL::PORTO ALEGRE DO NORTE,2010,31,1.0,2010-S31
REGIONAL::PORTO ALEGRE DO NORTE,2010,32,0.0,2010-S32
REGIONAL::PORTO ALEGRE DO NORTE,2010,33,0.0,2010-S33
REGIONAL::PORTO ALEGRE DO NORTE,2010,34,0.0,2010-S34
REGIONAL::PORTO ALEGRE DO NORTE,2010,35,0.0,2010-S35
REGIONAL::PORTO ALEGRE DO NORTE,2010,36,0.0,2010-S36
REGIONAL::PORTO ALEGRE DO NORTE,2010,37,0.0,2010-S37
REGIONAL::PORTO ALEGRE DO NORTE,2010,38,0.0,2010-S38
REGIONAL::PORTO ALEGRE DO NORTE,2010,39,0.0,2010-S39
REGIONAL::PORTO ALEGRE DO NORTE,2010,40,0.0,2010-S40
REGIONAL::PORTO ALEGRE DO NORTE,2010,41,0.0,2010-S41
REGIONAL::PORTO ALEGRE DO NORTE,2010,42,0.0,2010-S42
REGIONAL::PORTO ALEGRE DO NORTE,2010,43,0.0,2010-S43
REGIONAL::PORTO ALEGRE DO NORTE,2010,44,0.0,2010-S44
REGIONAL::PORTO ALEGRE DO NORTE,2010,45,0.0,2010-S45
REGIONAL::PORTO ALEGRE DO NORTE,2010,46,0.0,2010-S46
REGIONAL::PORTO ALEGRE DO NORTE,2010,47,0.0,2010-S47
REGIONAL::PORTO ALEGRE DO NORTE,2010,48,0.0,2010-S48
REGIONAL::PORTO ALEGRE DO NORTE,2010,49,0.0,2010-S49
REGIONAL::PORTO ALEGRE DO NORTE,2010,50,0.0,2010-S50
REGIONAL::PORTO ALEGRE DO NORTE,2010,51,1.0,2010-S51
REGIONAL::PORTO ALEGRE DO NORTE,2010,52,0.0,2010-S52
REGIONAL::PORTO ALEGRE DO NORTE,2011,1,0.0,2011-S01
REGIONAL::PORTO ALEGRE DO NORTE,2011,2,0.0,2011-S02
REGIONAL::PORTO ALEGRE DO NORTE,2011,3,0.0,2011-S03
REGIONAL::PORTO ALEGRE DO NORTE,2011,4,0.0,2011-S04
REGIONAL::PORTO ALEGRE DO NORTE,2011,5,0.0,2011-S05
REGIONAL::PORTO ALEGRE DO NORTE,2011,6,0.0,2011-S06
REGIONAL::PORTO ALEGRE DO NORTE,2011,7,0.0,2011-S07
REGIONAL::PORTO ALEGRE DO NORTE,2011,8,1.0,2011-S08
REGIONAL::PORTO ALEGRE DO NORTE,2011,9,0.0,2011-S09
REGIONAL::PORTO ALEGRE DO NORTE,2011,10,0.0,2011-S10
REGIONAL::PORTO ALEGRE DO NORTE,2011,11,0.0,2011-S11
REGIONAL::PORTO ALEGRE DO NORTE,2011,12,0.0,2011-S12
REGIONAL::PORTO ALEGRE DO NORTE,2011,13,0.0,2011-S13
REGIONAL::PORTO ALEGRE DO NORTE,2011,14,0.0,2011-S14
REGIONAL::PORTO ALEGRE DO NORTE,2011,15,0.0,2011-S15
REGIONAL::PORTO ALEGRE DO NORTE,2011,16,0.0,2011-S16
REGIONAL::PORTO ALEGRE DO NORTE,2011,17,0.0,2011-S17
REGIONAL::PORTO ALEGRE DO NORTE,2011,18,0.0,2011-S18
REGIONAL::PORTO ALEGRE DO NORTE,2011,19,0.0,2011-S19
REGIONAL::PORTO ALEGRE DO NORTE,2011,20,0.0,2011-S20
REGIONAL::PORTO ALEGRE DO NORTE,2011,21,0.0,2011-S21
REGIONAL::PORTO ALEGRE DO NORTE,2011,22,0.0,2011-S22
REGIONAL::PORTO ALEGRE DO NORTE,2011,23,0.0,2011-S23
REGIONAL::PORTO ALEGRE DO NORTE,2011,24,0.0,2011-S24
REGIONAL::PORTO ALEGRE DO NORTE,2011,25,0.0,2011-S25
REGIONAL::PORTO ALEGRE DO NORTE,2011,26,0.0,2011-S26
REGIONAL::PORTO ALEGRE DO NORTE,2011,27,1.0,2011-S27
REGIONAL::PORTO ALEGRE DO NORTE,2011,28,0.0,2011-S28
REGIONAL::PORTO ALEGRE DO NORTE,2011,29,0.0,2011-S29
REGIONAL::PORTO ALEGRE DO NORTE,2011,30,0.0,2011-S30
REGIONAL::PORTO ALEGRE DO NORTE,2011,31,0.0,2011-S31
REGIONAL::PORTO ALEGRE DO NORTE,2011,32,0.0,2011-S32
REGIONAL::PORTO ALEGRE DO NORTE,2011,33,0.0,2011-S33
REGIONAL::PORTO ALEGRE DO NORTE,2011,34,0.0,2011-S34
REGIONAL::PORTO ALEGRE DO NORTE,2011,35,0.0,2011-S35
REGIONAL::PORTO ALEGRE DO NORTE,2011,36,0.0,2011-S36
REGIONAL::PORTO ALEGRE DO NORTE,2011,37,0.0,2011-S37
REGIONAL::PORTO ALEGRE DO NORTE,2011,38,0.0,2011-S38
REGIONAL::PORTO ALEGRE DO NORTE,2011,39,0.0,2011-S39
REGIONAL::PORTO ALEGRE DO NORTE,2011,40,0.0,2011-S40
REGIONAL::PORTO ALEGRE DO NORTE,2011,41,0.0,2011-S41
REGIONAL::PORTO ALEGRE DO NORTE,2011,42,0.0,2011-S42
REGIONAL::PORTO ALEGRE DO NORTE,2011,43,0.0,2011-S43
REGIONAL::PORTO ALEGRE DO NORTE,2011,44,0.0,2011-S44
REGIONAL::PORTO ALEGRE DO NORTE,2011,45,0.0,2011-S45
REGIONAL::PORTO ALEGRE DO NORTE,2011,46,0.0,2011-S46
REGIONAL::PORTO ALEGRE DO NORTE,2011,47,0.0,2011-S47
REGIONAL::PORTO ALEGRE DO NORTE,2011,48,0.0,2011-S48
REGIONAL::PORTO ALEGRE DO NORTE,2011,49,0.0,2011-S49
REGIONAL::PORTO ALEGRE DO NORTE,2011,50,0.0,2011-S50
REGIONAL::PORTO ALEGRE DO NORTE,2011,51,0.0,2011-S51
REGIONAL::PORTO ALEGRE DO NORTE,2011,52,0.0,2011-S52
REGIONAL::PORTO ALEGRE DO NORTE,2012,1,0.0,2012-S01
REGIONAL::PORTO ALEGRE DO NORTE,2012,2,0.0,2012-S02
REGIONAL::PORTO ALEGRE DO NORTE,2012,3,0.0,2012-S03
REGIONAL::PORTO ALEGRE DO NORTE,2012,4,0.0,2012-S04
REGIONAL::PORTO ALEGRE DO NORTE,2012,5,0.0,2012-S05
REGIONAL::PORTO ALEGRE DO NORTE,2012,6,0.0,2012-S06
REGIONAL::PORTO ALEGRE DO NORTE,2012,7,0.0,2012-S07
REGIONAL::PORTO ALEGRE DO NORTE,2012,8,0.0,2012-S08
REGIONAL::PORTO ALEGRE DO NORTE,2012,9,0.0,2012-S09
REGIONAL::PORTO ALEGRE DO NORTE,2012,10,0.0,2012-S10
REGIONAL::PORTO ALEGRE DO NORTE,2012,11,0.0,2012-S11
REGIONAL::PORTO ALEGRE DO NORTE,2012,12,0.0,2012-S12
REGIONAL::PORTO ALEGRE DO NORTE,2012,13,0.0,2012-S13
REGIONAL::PORTO ALEGRE DO NORTE,2012,14,0.0,2012-S14
REGIONAL::PORTO ALEGRE DO NORTE,2012,15,0.0,2012-S15
REGIONAL::PORTO ALEGRE DO NORTE,2012,16,0.0,2012-S16
REGIONAL::PORTO ALEGRE DO NORTE,2012,17,0.0,2012-S17
REGIONAL::PORTO ALEGRE DO NORTE,2012,18,0.0,2012-S18
REGIONAL::PORTO ALEGRE DO NORTE,2012,19,0.0,2012-S19
REGIONAL::PORTO ALEGRE DO NORTE,2012,20,0.0,2012-S20
REGIONAL::PORTO ALEGRE DO NORTE,2012,21,0.0,2012-S21
REGIONAL::PORTO ALEGRE DO NORTE,2012,22,0.0,2012-S22
REGIONAL::PORTO ALEGRE DO NORTE,2012,23,0.0,2012-S23
REGIONAL::PORTO ALEGRE DO NORTE,2012,24,0.0,2012-S24
REGIONAL::PORTO ALEGRE DO NORTE,2012,25,0.0,2012-S25
REGIONAL::PORTO ALEGRE DO NORTE,2012,26,0.0,2012-S26
REGIONAL::PORTO ALEGRE DO NORTE,2012,27,0.0,2012-S27
REGIONAL::PORTO ALEGRE DO NORTE,2012,28,0.0,2012-S28
REGIONAL::PORTO ALEGRE DO NORTE,2012,29,0.0,2012-S29
REGIONAL::PORTO ALEGRE DO NORTE,2012,30,0.0,2012-S30
REGIONAL::PORTO ALEGRE DO NORTE,2012,31,0.0,2012-S31
REGIONAL::PORTO ALEGRE DO NORTE,2012,32,1.0,2012-S32
REGIONAL::PORTO ALEGRE DO NORTE,2012,33,0.0,2012-S33
REGIONAL::PORTO ALEGRE DO NORTE,2012,34,0.0,2012-S34
REGIONAL::PORTO ALEGRE DO NORTE,2012,35,0.0,2012-S35
REGIONAL::PORTO ALEGRE DO NORTE,2012,36,0.0,2012-S36
REGIONAL::PORTO ALEGRE DO NORTE,2012,37,0.0,2012-S37
REGIONAL::PORTO ALEGRE DO NORTE,2012,38,0.0,2012-S38
REGIONAL::PORTO ALEGRE DO NORTE,2012,39,0.0,2012-S39
REGIONAL::PORTO ALEGRE DO NORTE,2012,40,0.0,2012-S40
REGIONAL::PORTO ALEGRE DO NORTE,2012,41,0.0,2012-S41
REGIONAL::PORTO ALEGRE DO NORTE,2012,42,0.0,2012-S42
REGIONAL::PORTO ALEGRE DO NORTE,2012,43,0.0,2012-S43
REGIONAL::PORTO ALEGRE DO NORTE,2012,44,0.0,2012-S44
REGIONAL::PORTO ALEGRE DO NORTE,2012,45,0.0,2012-S45
REGIONAL::PORTO ALEGRE DO NORTE,2012,46,0.0,2012-S46
REGIONAL::PORTO ALEGRE DO NORTE,2012,47,0.0,2012-S47
REGIONAL::PORTO ALEGRE DO NORTE,2012,48,0.0,2012-S48
REGIONAL::PORTO ALEGRE DO NORTE,2012,49,0.0,2012-S49
REGIONAL::PORTO ALEGRE DO NORTE,2012,50,0.0,2012-S50
REGIONAL::PORTO ALEGRE DO NORTE,2012,51,0.0,2012-S51
REGIONAL::PORTO ALEGRE DO NORTE,2012,52,0.0,2012-S52
REGIONAL::PORTO ALEGRE DO NORTE,2013,1,0.0,2013-S01
REGIONAL::PORTO ALEGRE DO NORTE,2013,2,0.0,2013-S02
REGIONAL::PORTO ALEGRE DO NORTE,2013,3,0.0,2013-S03
REGIONAL::PORTO ALEGRE DO NORTE,2013,4,0.0,2013-S04
REGIONAL::PORTO ALEGRE DO NORTE,2013,5,0.0,2013-S05
REGIONAL::PORTO ALEGRE DO NORTE,2013,6,0.0,2013-S06
REGIONAL::PORTO ALEGRE DO NORTE,2013,7,0.0,2013-S07
REGIONAL::PORTO ALEGRE DO NORTE,2013,8,0.0,2013-S08
REGIONAL::PORTO ALEGRE DO NORTE,2013,9,0.0,2013-S09
REGIONAL::PORTO ALEGRE DO NORTE,2013,10,0.0,2013-S10
REGIONAL::PORTO ALEGRE DO NORTE,2013,11,0.0,2013-S11
REGIONAL::PORTO ALEGRE DO NORTE,2013,12,0.0,2013-S12
REGIONAL::PORTO ALEGRE DO NORTE,2013,13,0.0,2013-S13
REGIONAL::PORTO ALEGRE DO NORTE,2013,14,0.0,2013-S14
REGIONAL::PORTO ALEGRE DO NORTE,2013,15,0.0,2013-S15
REGIONAL::PORTO ALEGRE DO NORTE,2013,16,0.0,2013-S16
REGIONAL::PORTO ALEGRE DO NORTE,2013,17,0.0,2013-S17
REGIONAL::PORTO ALEGRE DO NORTE,2013,18,0.0,2013-S18
REGIONAL::PORTO ALEGRE DO NORTE,2013,19,0.0,2013-S19
REGIONAL::PORTO ALEGRE DO NORTE,2013,20,0.0,2013-S20
REGIONAL::PORTO ALEGRE DO NORTE,2013,21,0.0,2013-S21
REGIONAL::PORTO ALEGRE DO NORTE,2013,22,0.0,2013-S22
REGIONAL::PORTO ALEGRE DO NORTE,2013,23,0.0,2013-S23
REGIONAL::PORTO ALEGRE DO NORTE,2013,24,0.0,2013-S24
REGIONAL::PORTO ALEGRE DO NORTE,2013,25,0.0,2013-S25
REGIONAL::PORTO ALEGRE DO NORTE,2013,26,0.0,2013-S26
REGIONAL::PORTO ALEGRE DO NORTE,2013,27,0.0,2013-S27
REGIONAL::PORTO ALEGRE DO NORTE,2013,28,0.0,2013-S28
REGIONAL::PORTO ALEGRE DO NORTE,2013,29,0.0,2013-S29
REGIONAL::PORTO ALEGRE DO NORTE,2013,30,0.0,2013-S30
REGIONAL::PORTO ALEGRE DO NORTE,2013,31,0.0,2013-S31
REGIONAL::PORTO ALEGRE DO NORTE,2013,32,0.0,2013-S32
REGIONAL::PORTO ALEGRE DO NORTE,2013,33,0.0,2013-S33
REGIONAL::PORTO ALEGRE DO NORTE,2013,34,0.0,2013-S34
REGIONAL::PORTO ALEGRE DO NORTE,2013,35,0.0,2013-S35
REGIONAL::PORTO ALEGRE DO NORTE,2013,36,0.0,2013-S36
REGIONAL::PORTO ALEGRE DO NORTE,2013,37,0.0,2013-S37
REGIONAL::PORTO ALEGRE DO NORTE,2013,38,0.0,2013-S38
REGIONAL::PORTO ALEGRE DO NORTE,2013,39,0.0,2013-S39
REGIONAL::PORTO ALEGRE DO NORTE,2013,40,0.0,2013-S40
REGIONAL::PORTO ALEGRE DO NORTE,2013,41,0.0,2013-S41
REGIONAL::PORTO ALEGRE DO NORTE,2013,42,0.0,2013-S42
REGIONAL::PORTO ALEGRE DO NORTE,2013,43,0.0,2013-S43
REGIONAL::PORTO ALEGRE DO NORTE,2013,44,0.0,2013-S44
REGIONAL::PORTO ALEGRE DO NORTE,2013,45,0.0,2013-S45
REGIONAL::PORTO ALEGRE DO NORTE,2013,46,0.0,2013-S46
REGIONAL::PORTO ALEGRE DO NORTE,2013,47,0.0,2013-S47
REGIONAL::PORTO ALEGRE DO NORTE,2013,48,0.0,2013-S48
REGIONAL::PORTO ALEGRE DO NORTE,2013,49,0.0,2013-S49
REGIONAL::PORTO ALEGRE DO NORTE,2013,50,0.0,2013-S50
REGIONAL::PORTO ALEGRE DO NORTE,2013,51,0.0,2013-S51
REGIONAL::PORTO ALEGRE DO NORTE,2013,52,0.0,2013-S52
REGIONAL::PORTO ALEGRE DO NORTE,2014,1,0.0,2014-S01
REGIONAL::PORTO ALEGRE DO NORTE,2014,2,0.0,2014-S02
REGIONAL::PORTO ALEGRE DO NORTE,2014,3,0.0,2014-S03
REGIONAL::PORTO ALEGRE DO NORTE,2014,4,0.0,2014-S04
REGIONAL::PORTO ALEGRE DO NORTE,2014,5,0.0,2014-S05
REGIONAL::PORTO ALEGRE DO NORTE,2014,6,0.0,2014-S06
REGIONAL::PORTO ALEGRE DO NORTE,2014,7,0.0,2014-S07
REGIONAL::PORTO ALEGRE DO NORTE,2014,8,0.0,2014-S08
REGIONAL::PORTO ALEGRE DO NORTE,2014,9,0.0,2014-S09
REGIONAL::PORTO ALEGRE DO NORTE,2014,10,0.0,2014-S10
REGIONAL::PORTO ALEGRE DO NORTE,2014,11,0.0,2014-S11
REGIONAL::PORTO ALEGRE DO NORTE,2014,12,0.0,2014-S12
REGIONAL::PORTO ALEGRE DO NORTE,2014,13,0.0,2014-S13
REGIONAL::PORTO ALEGRE DO NORTE,2014,14,0.0,2014-S14
REGIONAL::PORTO ALEGRE DO NORTE,2014,15,0.0,2014-S15
REGIONAL::PORTO ALEGRE DO NORTE,2014,16,0.0,2014-S16
REGIONAL::PORTO ALEGRE DO NORTE,2014,17,0.0,2014-S17
REGIONAL::PORTO ALEGRE DO NORTE,2014,18,0.0,2014-S18
REGIONAL::PORTO ALEGRE DO NORTE,2014,19,0.0,2014-S19
REGIONAL::PORTO ALEGRE DO NORTE,2014,20,0.0,2014-S20
REGIONAL::PORTO ALEGRE DO NORTE,2014,21,0.0,2014-S21
REGIONAL::PORTO ALEGRE DO NORTE,2014,22,0.0,2014-S22
REGIONAL::PORTO ALEGRE DO NORTE,2014,23,0.0,2014-S23
REGIONAL::PORTO ALEGRE DO NORTE,2014,24,0.0,2014-S24
REGIONAL::PORTO ALEGRE DO NORTE,2014,25,0.0,2014-S25
REGIONAL::PORTO ALEGRE DO NORTE,2014,26,0.0,2014-S26
REGIONAL::PORTO ALEGRE DO NORTE,2014,27,0.0,2014-S27
REGIONAL::PORTO ALEGRE DO NORTE,2014,28,0.0,2014-S28
REGIONAL::PORTO ALEGRE DO NORTE,2014,29,0.0,2014-S29
REGIONAL::PORTO ALEGRE DO NORTE,2014,30,0.0,2014-S30
REGIONAL::PORTO ALEGRE DO NORTE,2014,31,0.0,2014-S31
REGIONAL::PORTO ALEGRE DO NORTE,2014,32,0.0,2014-S32
REGIONAL::PORTO ALEGRE DO NORTE,2014,33,0.0,2014-S33
REGIONAL::PORTO ALEGRE DO NORTE,2014,34,0.0,2014-S34
REGIONAL::PORTO ALEGRE DO NORTE,2014,35,0.0,2014-S35
REGIONAL::PORTO ALEGRE DO NORTE,2014,36,0.0,2014-S36
REGIONAL::PORTO ALEGRE DO NORTE,2014,37,0.0,2014-S37
REGIONAL::PORTO ALEGRE DO NORTE,2014,38,0.0,2014-S38
REGIONAL::PORTO ALEGRE DO NORTE,2014,39,0.0,2014-S39
REGIONAL::PORTO ALEGRE DO NORTE,2014,40,1.0,2014-S40
REGIONAL::PORTO ALEGRE DO NORTE,2014,41,0.0,2014-S41
REGIONAL::PORTO ALEGRE DO NORTE,2014,42,0.0,2014-S42
REGIONAL::PORTO ALEGRE DO NORTE,2014,43,0.0,2014-S43
REGIONAL::PORTO ALEGRE DO NORTE,2014,44,1.0,2014-S44
REGIONAL::PORTO ALEGRE DO NORTE,2014,45,1.0,2014-S45
REGIONAL::PORTO ALEGRE DO NORTE,2014,46,0.0,2014-S46
REGIONAL::PORTO ALEGRE DO NORTE,2014,47,0.0,2014-S47
REGIONAL::PORTO ALEGRE DO NORTE,2014,48,0.0,2014-S48
REGIONAL::PORTO ALEGRE DO NORTE,2014,49,0.0,2014-S49
REGIONAL::PORTO ALEGRE DO NORTE,2014,50,0.0,2014-S50
REGIONAL::PORTO ALEGRE DO NORTE,2014,51,0.0,2014-S51
REGIONAL::PORTO ALEGRE DO NORTE,2014,52,0.0,2014-S52
REGIONAL::PORTO ALEGRE DO NORTE,2015,1,0.0,2015-S01
REGIONAL::PORTO ALEGRE DO NORTE,2015,2,1.0,2015-S02
REGIONAL::PORTO ALEGRE DO NORTE,2015,3,0.0,2015-S03
REGIONAL::PORTO ALEGRE DO NORTE,2015,4,0.0,2015-S04
REGIONAL::PORTO ALEGRE DO NORTE,2015,5,0.0,2015-S05
REGIONAL::PORTO ALEGRE DO NORTE,2015,6,0.0,2015-S06
REGIONAL::PORTO ALEGRE DO NORTE,2015,7,1.0,2015-S07
REGIONAL::PORTO ALEGRE DO NORTE,2015,8,0.0,2015-S08
REGIONAL::PORTO ALEGRE DO NORTE,2015,9,0.0,2015-S09
REGIONAL::PORTO ALEGRE DO NORTE,2015,10,0.0,2015-S10
REGIONAL::PORTO ALEGRE DO NORTE,2015,11,0.0,2015-S11
REGIONAL::PORTO ALEGRE DO NORTE,2015,12,0.0,2015-S12
REGIONAL::PORTO ALEGRE DO NORTE,2015,13,0.0,2015-S13
REGIONAL::PORTO ALEGRE DO NORTE,2015,14,0.0,2015-S14
REGIONAL::PORTO ALEGRE DO NORTE,2015,15,0.0,2015-S15
REGIONAL::PORTO ALEGRE DO NORTE,2015,16,0.0,2015-S16
REGIONAL::PORTO ALEGRE DO NORTE,2015,17,0.0,2015-S17
REGIONAL::PORTO ALEGRE DO NORTE,2015,18,0.0,2015-S18
REGIONAL::PORTO ALEGRE DO NORTE,2015,19,0.0,2015-S19
REGIONAL::PORTO ALEGRE DO NORTE,2015,20,1.0,2015-S20
REGIONAL::PORTO ALEGRE DO NORTE,2015,21,0.0,2015-S21
REGIONAL::PORTO ALEGRE DO NORTE,2015,22,0.0,2015-S22
REGIONAL::PORTO ALEGRE DO NORTE,2015,23,0.0,2015-S23
REGIONAL::PORTO ALEGRE DO NORTE,2015,24,0.0,2015-S24
REGIONAL::PORTO ALEGRE DO NORTE,2015,25,0.0,2015-S25
REGIONAL::PORTO ALEGRE DO NORTE,2015,26,1.0,2015-S26
REGIONAL::PORTO ALEGRE DO NORTE,2015,27,0.0,2015-S27
REGIONAL::PORTO ALEGRE DO NORTE,2015,28,0.0,2015-S28
REGIONAL::PORTO ALEGRE DO NORTE,2015,29,0.0,2015-S29
REGIONAL::PORTO ALEGRE DO NORTE,2015,30,0.0,2015-S30
REGIONAL::PORTO ALEGRE DO NORTE,2015,31,0.0,2015-S31
REGIONAL::PORTO ALEGRE DO NORTE,2015,32,0.0,2015-S32
REGIONAL::PORTO ALEGRE DO NORTE,2015,33,0.0,2015-S33
REGIONAL::PORTO ALEGRE DO NORTE,2015,34,0.0,2015-S34
REGIONAL::PORTO ALEGRE DO NORTE,2015,35,0.0,2015-S35
REGIONAL::PORTO ALEGRE DO NORTE,2015,36,0.0,2015-S36
REGIONAL::PORTO ALEGRE DO NORTE,2015,37,0.0,2015-S37
REGIONAL::PORTO ALEGRE DO NORTE,2015,38,0.0,2015-S38
REGIONAL::PORTO ALEGRE DO NORTE,2015,39,0.0,2015-S39
REGIONAL::PORTO ALEGRE DO NORTE,2015,40,0.0,2015-S40
REGIONAL::PORTO ALEGRE DO NORTE,2015,41,0.0,2015-S41
REGIONAL::PORTO ALEGRE DO NORTE,2015,42,0.0,2015-S42
REGIONAL::PORTO ALEGRE DO NORTE,2015,43,0.0,2015-S43
REGIONAL::PORTO ALEGRE DO NORTE,2015,44,0.0,2015-S44
REGIONAL::PORTO ALEGRE DO NORTE,2015,45,0.0,2015-S45
REGIONAL::PORTO ALEGRE DO NORTE,2015,46,0.0,2015-S46
REGIONAL::PORTO ALEGRE DO NORTE,2015,47,0.0,2015-S47
REGIONAL::PORTO ALEGRE DO NORTE,2015,48,0.0,2015-S48
REGIONAL::PORTO ALEGRE DO NORTE,2015,49,0.0,2015-S49
REGIONAL::PORTO ALEGRE DO NORTE,2015,50,0.0,2015-S50
REGIONAL::PORTO ALEGRE DO NORTE,2015,51,0.0,2015-S51
REGIONAL::PORTO ALEGRE DO NORTE,2015,52,0.0,2015-S52
REGIONAL::PORTO ALEGRE DO NORTE,2016,1,0.0,2016-S01
REGIONAL::PORTO ALEGRE DO NORTE,2016,2,0.0,2016-S02
REGIONAL::PORTO ALEGRE DO NORTE,2016,3,0.0,2016-S03
REGIONAL::PORTO ALEGRE DO NORTE,2016,4,0.0,2016-S04
REGIONAL::PORTO ALEGRE DO NORTE,2016,5,0.0,2016-S05
REGIONAL::PORTO ALEGRE DO NORTE,2016,6,0.0,2016-S06
REGIONAL::PORTO ALEGRE DO NORTE,2016,7,0.0,2016-S07
REGIONAL::PORTO ALEGRE DO NORTE,2016,8,0.0,2016-S08
REGIONAL::PORTO ALEGRE DO NORTE,2016,9,0.0,2016-S09
REGIONAL::PORTO ALEGRE DO NORTE,2016,10,0.0,2016-S10
REGIONAL::PORTO ALEGRE DO NORTE,2016,11,0.0,2016-S11
REGIONAL::PORTO ALEGRE DO NORTE,2016,12,0.0,2016-S12
REGIONAL::PORTO ALEGRE DO NORTE,2016,13,0.0,2016-S13
REGIONAL::PORTO ALEGRE DO NORTE,2016,14,1.0,2016-S14
REGIONAL::PORTO ALEGRE DO NORTE,2016,15,0.0,2016-S15
REGIONAL::PORTO ALEGRE DO NORTE,2016,16,0.0,2016-S16
REGIONAL::PORTO ALEGRE DO NORTE,2016,17,0.0,2016-S17
REGIONAL::PORTO ALEGRE DO NORTE,2016,18,0.0,2016-S18
REGIONAL::PORTO ALEGRE DO NORTE,2016,19,0.0,2016-S19
REGIONAL::PORTO ALEGRE DO NORTE,2016,20,0.0,2016-S20
REGIONAL::PORTO ALEGRE DO NORTE,2016,21,0.0,2016-S21
REGIONAL::PORTO ALEGRE DO NORTE,2016,22,0.0,2016-S22
REGIONAL::PORTO ALEGRE DO NORTE,2016,23,0.0,2016-S23
REGIONAL::PORTO ALEGRE DO NORTE,2016,24,0.0,2016-S24
REGIONAL::PORTO ALEGRE DO NORTE,2016,25,0.0,2016-S25
REGIONAL::PORTO ALEGRE DO NORTE,2016,26,0.0,2016-S26
REGIONAL::PORTO ALEGRE DO NORTE,2016,27,0.0,2016-S27
REGIONAL::PORTO ALEGRE DO NORTE,2016,28,0.0,2016-S28
REGIONAL::PORTO ALEGRE DO NORTE,2016,29,0.0,2016-S29
REGIONAL::PORTO ALEGRE DO NORTE,2016,30,1.0,2016-S30
REGIONAL::PORTO ALEGRE DO NORTE,2016,31,0.0,2016-S31
REGIONAL::PORTO ALEGRE DO NORTE,2016,32,0.0,2016-S32
REGIONAL::PORTO ALEGRE DO NORTE,2016,33,1.0,2016-S33
REGIONAL::PORTO ALEGRE DO NORTE,2016,34,0.0,2016-S34
REGIONAL::PORTO ALEGRE DO NORTE,2016,35,0.0,2016-S35
REGIONAL::PORTO ALEGRE DO NORTE,2016,36,0.0,2016-S36
REGIONAL::PORTO ALEGRE DO NORTE,2016,37,0.0,2016-S37
REGIONAL::PORTO ALEGRE DO NORTE,2016,38,0.0,2016-S38
REGIONAL::PORTO ALEGRE DO NORTE,2016,39,0.0,2016-S39
REGIONAL::PORTO ALEGRE DO NORTE,2016,40,0.0,2016-S40
REGIONAL::PORTO ALEGRE DO NORTE,2016,41,0.0,2016-S41
REGIONAL::PORTO ALEGRE DO NORTE,2016,42,0.0,2016-S42
REGIONAL::PORTO ALEGRE DO NORTE,2016,43,0.0,2016-S43
REGIONAL::PORTO ALEGRE DO NORTE,2016,44,0.0,2016-S44
REGIONAL::PORTO ALEGRE DO NORTE,2016,45,0.0,2016-S45
REGIONAL::PORTO ALEGRE DO NORTE,2016,46,0.0,2016-S46
REGIONAL::PORTO ALEGRE DO NORTE,2016,47,1.0,2016-S47
REGIONAL::PORTO ALEGRE DO NORTE,2016,48,0.0,2016-S48
REGIONAL::PORTO ALEGRE DO NORTE,2016,49,0.0,2016-S49
REGIONAL::PORTO ALEGRE DO NORTE,2016,50,0.0,2016-S50
REGIONAL::PORTO ALEGRE DO NORTE,2016,51,0.0,2016-S51
REGIONAL::PORTO ALEGRE DO NORTE,2016,52,0.0,2016-S52
REGIONAL::PORTO ALEGRE DO NORTE,2017,1,0.0,2017-S01
REGIONAL::PORTO ALEGRE DO NORTE,2017,2,0.0,2017-S02
REGIONAL::PORTO ALEGRE DO NORTE,2017,3,0.0,2017-S03
REGIONAL::PORTO ALEGRE DO NORTE,2017,4,0.0,2017-S04
REGIONAL::PORTO ALEGRE DO NORTE,2017,5,0.0,2017-S05
REGIONAL::PORTO ALEGRE DO NORTE,2017,6,0.0,2017-S06
REGIONAL::PORTO ALEGRE DO NORTE,2017,7,0.0,2017-S07
REGIONAL::PORTO ALEGRE DO NORTE,2017,8,0.0,2017-S08
REGIONAL::PORTO ALEGRE DO NORTE,2017,9,0.0,2017-S09
REGIONAL::PORTO ALEGRE DO NORTE,2017,10,0.0,2017-S10
REGIONAL::PORTO ALEGRE DO NORTE,2017,11,0.0,2017-S11
REGIONAL::PORTO ALEGRE DO NORTE,2017,12,0.0,2017-S12
REGIONAL::PORTO ALEGRE DO NORTE,2017,13,0.0,2017-S13
REGIONAL::PORTO ALEGRE DO NORTE,2017,14,0.0,2017-S14
REGIONAL::PORTO ALEGRE DO NORTE,2017,15,0.0,2017-S15
REGIONAL::PORTO ALEGRE DO NORTE,2017,16,0.0,2017-S16
REGIONAL::PORTO ALEGRE DO NORTE,2017,17,0.0,2017-S17
REGIONAL::PORTO ALEGRE DO NORTE,2017,18,0.0,2017-S18
REGIONAL::PORTO ALEGRE DO NORTE,2017,19,0.0,2017-S19
REGIONAL::PORTO ALEGRE DO NORTE,2017,20,0.0,2017-S20
REGIONAL::PORTO ALEGRE DO NORTE,2017,21,0.0,2017-S21
REGIONAL::PORTO ALEGRE DO NORTE,2017,22,0.0,2017-S22
REGIONAL::PORTO ALEGRE DO NORTE,2017,23,0.0,2017-S23
REGIONAL::PORTO ALEGRE DO NORTE,2017,24,0.0,2017-S24
REGIONAL::PORTO ALEGRE DO NORTE,2017,25,0.0,2017-S25
REGIONAL::PORTO ALEGRE DO NORTE,2017,26,1.0,2017-S26
REGIONAL::PORTO ALEGRE DO NORTE,2017,27,0.0,2017-S27
REGIONAL::PORTO ALEGRE DO NORTE,2017,28,0.0,2017-S28
REGIONAL::PORTO ALEGRE DO NORTE,2017,29,0.0,2017-S29
REGIONAL::PORTO ALEGRE DO NORTE,2017,30,0.0,2017-S30
REGIONAL::PORTO ALEGRE DO NORTE,2017,31,0.0,2017-S31
REGIONAL::PORTO ALEGRE DO NORTE,2017,32,0.0,2017-S32
REGIONAL::PORTO ALEGRE DO NORTE,2017,33,0.0,2017-S33
REGIONAL::PORTO ALEGRE DO NORTE,2017,34,0.0,2017-S34
REGIONAL::PORTO ALEGRE DO NORTE,2017,35,0.0,2017-S35
REGIONAL::PORTO ALEGRE DO NORTE,2017,36,0.0,2017-S36
REGIONAL::PORTO ALEGRE DO NORTE,2017,37,0.0,2017-S37
REGIONAL::PORTO ALEGRE DO NORTE,2017,38,0.0,2017-S38
REGIONAL::PORTO ALEGRE DO NORTE,2017,39,0.0,2017-S39
REGIONAL::PORTO ALEGRE DO NORTE,2017,40,0.0,2017-S40
REGIONAL::PORTO ALEGRE DO NORTE,2017,41,0.0,2017-S41
REGIONAL::PORTO ALEGRE DO NORTE,2017,42,0.0,2017-S42
REGIONAL::PORTO ALEGRE DO NORTE,2017,43,0.0,2017-S43
REGIONAL::PORTO ALEGRE DO NORTE,2017,44,0.0,2017-S44
REGIONAL::PORTO ALEGRE DO NORTE,2017,45,0.0,2017-S45
REGIONAL::PORTO ALEGRE DO NORTE,2017,46,0.0,2017-S46
REGIONAL::PORTO ALEGRE DO NORTE,2017,47,0.0,2017-S47
REGIONAL::PORTO ALEGRE DO NORTE,2017,48,0.0,2017-S48
REGIONAL::PORTO ALEGRE DO NORTE,2017,49,0.0,2017-S49
REGIONAL::PORTO ALEGRE DO NORTE,2017,50,0.0,2017-S50
REGIONAL::PORTO ALEGRE DO NORTE,2017,51,0.0,2017-S51
REGIONAL::PORTO ALEGRE DO NORTE,2017,52,0.0,2017-S52
REGIONAL::PORTO ALEGRE DO NORTE,2018,1,0.0,2018-S01
REGIONAL::PORTO ALEGRE DO NORTE,2018,2,0.0,2018-S02
REGIONAL::PORTO ALEGRE DO NORTE,2018,3,0.0,2018-S03
REGIONAL::PORTO ALEGRE DO NORTE,2018,4,0.0,2018-S04
REGIONAL::PORTO ALEGRE DO NORTE,2018,5,0.0,2018-S05
REGIONAL::PORTO ALEGRE DO NORTE,2018,6,0.0,2018-S06
REGIONAL::PORTO ALEGRE DO NORTE,2018,7,0.0,2018-S07
REGIONAL::PORTO ALEGRE DO NORTE,2018,8,0.0,2018-S08
REGIONAL::PORTO ALEGRE DO NORTE,2018,9,0.0,2018-S09
REGIONAL::PORTO ALEGRE DO NORTE,2018,10,0.0,2018-S10
REGIONAL::PORTO ALEGRE DO NORTE,2018,11,0.0,2018-S11
REGIONAL::PORTO ALEGRE DO NORTE,2018,12,0.0,2018-S12
REGIONAL::PORTO ALEGRE DO NORTE,2018,13,0.0,2018-S13
REGIONAL::PORTO ALEGRE DO NORTE,2018,14,0.0,2018-S14
REGIONAL::PORTO ALEGRE DO NORTE,2018,15,0.0,2018-S15
REGIONAL::PORTO ALEGRE DO NORTE,2018,16,0.0,2018-S16
REGIONAL::PORTO ALEGRE DO NORTE,2018,17,0.0,2018-S17
REGIONAL::PORTO ALEGRE DO NORTE,2018,18,0.0,2018-S18
REGIONAL::PORTO ALEGRE DO NORTE,2018,19,0.0,2018-S19
REGIONAL::PORTO ALEGRE DO NORTE,2018,20,0.0,2018-S20
REGIONAL::PORTO ALEGRE DO NORTE,2018,21,0.0,2018-S21
REGIONAL::PORTO ALEGRE DO NORTE,2018,22,0.0,2018-S22
REGIONAL::PORTO ALEGRE DO NORTE,2018,23,1.0,2018-S23
REGIONAL::PORTO ALEGRE DO NORTE,2018,24,0.0,2018-S24
REGIONAL::PORTO ALEGRE DO NORTE,2018,25,0.0,2018-S25
REGIONAL::PORTO ALEGRE DO NORTE,2018,26,0.0,2018-S26
REGIONAL::PORTO ALEGRE DO NORTE,2018,27,1.0,2018-S27
REGIONAL::PORTO ALEGRE DO NORTE,2018,28,0.0,2018-S28
REGIONAL::PORTO ALEGRE DO NORTE,2018,29,0.0,2018-S29
REGIONAL::PORTO ALEGRE DO NORTE,2018,30,0.0,2018-S30
REGIONAL::PORTO ALEGRE DO NORTE,2018,31,1.0,2018-S31
REGIONAL::PORTO ALEGRE DO NORTE,2018,32,0.0,2018-S32
REGIONAL::PORTO ALEGRE DO NORTE,2018,33,0.0,2018-S33
REGIONAL::PORTO ALEGRE DO NORTE,2018,34,0.0,2018-S34
REGIONAL::PORTO ALEGRE DO NORTE,2018,35,0.0,2018-S35
REGIONAL::PORTO ALEGRE DO NORTE,2018,36,0.0,2018-S36
REGIONAL::PORTO ALEGRE DO NORTE,2018,37,0.0,2018-S37
REGIONAL::PORTO ALEGRE DO NORTE,2018,38,0.0,2018-S38
REGIONAL::PORTO ALEGRE DO NORTE,2018,39,0.0,2018-S39
REGIONAL::PORTO ALEGRE DO NORTE,2018,40,0.0,2018-S40
REGIONAL::PORTO ALEGRE DO NORTE,2018,41,0.0,2018-S41
REGIONAL::PORTO ALEGRE DO NORTE,2018,42,0.0,2018-S42
REGIONAL::PORTO ALEGRE DO NORTE,2018,43,0.0,2018-S43
REGIONAL::PORTO ALEGRE DO NORTE,2018,44,0.0,2018-S44
REGIONAL::PORTO ALEGRE DO NORTE,2018,45,0.0,2018-S45
REGIONAL::PORTO ALEGRE DO NORTE,2018,46,0.0,2018-S46
REGIONAL::PORTO ALEGRE DO NORTE,2018,47,0.0,2018-S47
REGIONAL::PORTO ALEGRE DO NORTE,2018,48,0.0,2018-S48
REGIONAL::PORTO ALEGRE DO NORTE,2018,49,0.0,2018-S49
REGIONAL::PORTO ALEGRE DO NORTE,2018,50,0.0,2018-S50
REGIONAL::PORTO ALEGRE DO NORTE,2018,51,0.0,2018-S51
REGIONAL::PORTO ALEGRE DO NORTE,2018,52,0.0,2018-S52
REGIONAL::PORTO ALEGRE DO NORTE,2019,1,0.0,2019-S01
REGIONAL::PORTO ALEGRE DO NORTE,2019,2,0.0,2019-S02
REGIONAL::PORTO ALEGRE DO NORTE,2019,3,0.0,2019-S03
REGIONAL::PORTO ALEGRE DO NORTE,2019,4,0.0,2019-S04
REGIONAL::PORTO ALEGRE DO NORTE,2019,5,0.0,2019-S05
REGIONAL::PORTO ALEGRE DO NORTE,2019,6,0.0,2019-S06
REGIONAL::PORTO ALEGRE DO NORTE,2019,7,0.0,2019-S07
REGIONAL::PORTO ALEGRE DO NORTE,2019,8,0.0,2019-S08
REGIONAL::PORTO ALEGRE DO NORTE,2019,9,0.0,2019-S09
REGIONAL::PORTO ALEGRE DO NORTE,2019,10,0.0,2019-S10
REGIONAL::PORTO ALEGRE DO NORTE,2019,11,0.0,2019-S11
REGIONAL::PORTO ALEGRE DO NORTE,2019,12,0.0,2019-S12
REGIONAL::PORTO ALEGRE DO NORTE,2019,13,0.0,2019-S13
REGIONAL::PORTO ALEGRE DO NORTE,2019,14,0.0,2019-S14
REGIONAL::PORTO ALEGRE DO NORTE,2019,15,0.0,2019-S15
REGIONAL::PORTO ALEGRE DO NORTE,2019,16,0.0,2019-S16
REGIONAL::PORTO ALEGRE DO NORTE,2019,17,0.0,2019-S17
REGIONAL::PORTO ALEGRE DO NORTE,2019,18,0.0,2019-S18
REGIONAL::PORTO ALEGRE DO NORTE,2019,19,0.0,2019-S19
REGIONAL::PORTO ALEGRE DO NORTE,2019,20,0.0,2019-S20
REGIONAL::PORTO ALEGRE DO NORTE,2019,21,0.0,2019-S21
REGIONAL::PORTO ALEGRE DO NORTE,2019,22,0.0,2019-S22
REGIONAL::PORTO ALEGRE DO NORTE,2019,23,0.0,2019-S23
REGIONAL::PORTO ALEGRE DO NORTE,2019,24,0.0,2019-S24
REGIONAL::PORTO ALEGRE DO NORTE,2019,25,0.0,2019-S25
REGIONAL::PORTO ALEGRE DO NORTE,2019,26,2.0,2019-S26
REGIONAL::PORTO ALEGRE DO NORTE,2019,27,0.0,2019-S27
REGIONAL::PORTO ALEGRE DO NORTE,2019,28,0.0,2019-S28
REGIONAL::PORTO ALEGRE DO NORTE,2019,29,0.0,2019-S29
REGIONAL::PORTO ALEGRE DO NORTE,2019,30,0.0,2019-S30
REGIONAL::PORTO ALEGRE DO NORTE,2019,31,0.0,2019-S31
REGIONAL::PORTO ALEGRE DO NORTE,2019,32,0.0,2019-S32
REGIONAL::PORTO ALEGRE DO NORTE,2019,33,0.0,2019-S33
REGIONAL::PORTO ALEGRE DO NORTE,2019,34,0.0,2019-S34
REGIONAL::PORTO ALEGRE DO NORTE,2019,35,0.0,2019-S35
REGIONAL::PORTO ALEGRE DO NORTE,2019,36,0.0,2019-S36
REGIONAL::PORTO ALEGRE DO NORTE,2019,37,0.0,2019-S37
REGIONAL::PORTO ALEGRE DO NORTE,2019,38,0.0,2019-S38
REGIONAL::PORTO ALEGRE DO NORTE,2019,39,0.0,2019-S39
REGIONAL::PORTO ALEGRE DO NORTE,2019,40,0.0,2019-S40
REGIONAL::PORTO ALEGRE DO NORTE,2019,41,0.0,2019-S41
REGIONAL::PORTO ALEGRE DO NORTE,2019,42,0.0,2019-S42
REGIONAL::PORTO ALEGRE DO NORTE,2019,43,0.0,2019-S43
REGIONAL::PORTO ALEGRE DO NORTE,2019,44,0.0,2019-S44
REGIONAL::PORTO ALEGRE DO NORTE,2019,45,0.0,2019-S45
REGIONAL::PORTO ALEGRE DO NORTE,2019,46,0.0,2019-S46
REGIONAL::PORTO ALEGRE DO NORTE,2019,47,0.0,2019-S47
REGIONAL::PORTO ALEGRE DO NORTE,2019,48,1.0,2019-S48
REGIONAL::PORTO ALEGRE DO NORTE,2019,49,0.0,2019-S49
REGIONAL::PORTO ALEGRE DO NORTE,2019,50,0.0,2019-S50
REGIONAL::PORTO ALEGRE DO NORTE,2019,51,0.0,2019-S51
REGIONAL::PORTO ALEGRE DO NORTE,2019,52,0.0,2019-S52
REGIONAL::PORTO ALEGRE DO NORTE,2020,1,0.0,2020-S01
REGIONAL::PORTO ALEGRE DO NORTE,2020,2,0.0,2020-S02
REGIONAL::PORTO ALEGRE DO NORTE,2020,3,0.0,2020-S03
REGIONAL::PORTO ALEGRE DO NORTE,2020,4,0.0,2020-S04
REGIONAL::PORTO ALEGRE DO NORTE,2020,5,0.0,2020-S05
REGIONAL::PORTO ALEGRE DO NORTE,2020,6,0.0,2020-S06
REGIONAL::PORTO ALEGRE DO NORTE,2020,7,0.0,2020-S07
REGIONAL::PORTO ALEGRE DO NORTE,2020,8,0.0,2020-S08
REGIONAL::PORTO ALEGRE DO NORTE,2020,9,0.0,2020-S09
REGIONAL::PORTO ALEGRE DO NORTE,2020,10,1.0,2020-S10
REGIONAL::PORTO ALEGRE DO NORTE,2020,11,0.0,2020-S11
REGIONAL::PORTO ALEGRE DO NORTE,2020,12,0.0,2020-S12
REGIONAL::PORTO ALEGRE DO NORTE,2020,13,0.0,2020-S13
REGIONAL::PORTO ALEGRE DO NORTE,2020,14,0.0,2020-S14
REGIONAL::PORTO ALEGRE DO NORTE,2020,15,0.0,2020-S15
REGIONAL::PORTO ALEGRE DO NORTE,2020,16,0.0,2020-S16
REGIONAL::PORTO ALEGRE DO NORTE,2020,17,0.0,2020-S17
REGIONAL::PORTO ALEGRE DO NORTE,2020,18,0.0,2020-S18
REGIONAL::PORTO ALEGRE DO NORTE,2020,19,0.0,2020-S19
REGIONAL::PORTO ALEGRE DO NORTE,2020,20,0.0,2020-S20
REGIONAL::PORTO ALEGRE DO NORTE,2020,21,0.0,2020-S21
REGIONAL::PORTO ALEGRE DO NORTE,2020,22,0.0,2020-S22
REGIONAL::PORTO ALEGRE DO NORTE,2020,23,0.0,2020-S23
REGIONAL::PORTO ALEGRE DO NORTE,2020,24,0.0,2020-S24
REGIONAL::PORTO ALEGRE DO NORTE,2020,25,0.0,2020-S25
REGIONAL::PORTO ALEGRE DO NORTE,2020,26,0.0,2020-S26
REGIONAL::PORTO ALEGRE DO NORTE,2020,27,0.0,2020-S27
REGIONAL::PORTO ALEGRE DO NORTE,2020,28,0.0,2020-S28
REGIONAL::PORTO ALEGRE DO NORTE,2020,29,0.0,2020-S29
REGIONAL::PORTO ALEGRE DO NORTE,2020,30,0.0,2020-S30
REGIONAL::PORTO ALEGRE DO NORTE,2020,31,0.0,2020-S31
REGIONAL::PORTO ALEGRE DO NORTE,2020,32,0.0,2020-S32
REGIONAL::PORTO ALEGRE DO NORTE,2020,33,0.0,2020-S33
REGIONAL::PORTO ALEGRE DO NORTE,2020,34,0.0,2020-S34
REGIONAL::PORTO ALEGRE DO NORTE,2020,35,0.0,2020-S35
REGIONAL::PORTO ALEGRE DO NORTE,2020,36,0.0,2020-S36
REGIONAL::PORTO ALEGRE DO NORTE,2020,37,0.0,2020-S37
REGIONAL::PORTO ALEGRE DO NORTE,2020,38,0.0,2020-S38
REGIONAL::PORTO ALEGRE DO NORTE,2020,39,0.0,2020-S39
REGIONAL::PORTO ALEGRE DO NORTE,2020,40,0.0,2020-S40
REGIONAL::PORTO ALEGRE DO NORTE,2020,41,0.0,2020-S41
REGIONAL::PORTO ALEGRE DO NORTE,2020,42,0.0,2020-S42
REGIONAL::PORTO ALEGRE DO NORTE,2020,43,0.0,2020-S43
REGIONAL::PORTO ALEGRE DO NORTE,2020,44,0.0,2020-S44
REGIONAL::PORTO ALEGRE DO NORTE,2020,45,1.0,2020-S45
REGIONAL::PORTO ALEGRE DO NORTE,2020,46,0.0,2020-S46
REGIONAL::PORTO ALEGRE DO NORTE,2020,47,0.0,2020-S47
REGIONAL::PORTO ALEGRE DO NORTE,2020,48,0.0,2020-S48
REGIONAL::PORTO ALEGRE DO NORTE,2020,49,0.0,2020-S49
REGIONAL::PORTO ALEGRE DO NORTE,2020,50,0.0,2020-S50
REGIONAL::PORTO ALEGRE DO NORTE,2020,51,0.0,2020-S51
REGIONAL::PORTO ALEGRE DO NORTE,2020,52,0.0,2020-S52
REGIONAL::PORTO ALEGRE DO NORTE,2021,1,0.0,2021-S01
REGIONAL::PORTO ALEGRE DO NORTE,2021,2,0.0,2021-S02
REGIONAL::PORTO ALEGRE DO NORTE,2021,3,0.0,2021-S03
REGIONAL::PORTO ALEGRE DO NORTE,2021,4,0.0,2021-S04
REGIONAL::PORTO ALEGRE DO NORTE,2021,5,0.0,2021-S05
REGIONAL::PORTO ALEGRE DO NORTE,2021,6,0.0,2021-S06
REGIONAL::PORTO ALEGRE DO NORTE,2021,7,0.0,2021-S07
REGIONAL::PORTO ALEGRE DO NORTE,2021,8,0.0,2021-S08
REGIONAL::PORTO ALEGRE DO NORTE,2021,9,0.0,2021-S09
REGIONAL::PORTO ALEGRE DO NORTE,2021,10,0.0,2021-S10
REGIONAL::PORTO ALEGRE DO NORTE,2021,11,0.0,2021-S11
REGIONAL::PORTO ALEGRE DO NORTE,2021,12,0.0,2021-S12
REGIONAL::PORTO ALEGRE DO NORTE,2021,13,0.0,2021-S13
REGIONAL::PORTO ALEGRE DO NORTE,2021,14,0.0,2021-S14
REGIONAL::PORTO ALEGRE DO NORTE,2021,15,0.0,2021-S15
REGIONAL::PORTO ALEGRE DO NORTE,2021,16,0.0,2021-S16
REGIONAL::PORTO ALEGRE DO NORTE,2021,17,0.0,2021-S17
REGIONAL::PORTO ALEGRE DO NORTE,2021,18,0.0,2021-S18
REGIONAL::PORTO ALEGRE DO NORTE,2021,19,0.0,2021-S19
REGIONAL::PORTO ALEGRE DO NORTE,2021,20,0.0,2021-S20
REGIONAL::PORTO ALEGRE DO NORTE,2021,21,0.0,2021-S21
REGIONAL::PORTO ALEGRE DO NORTE,2021,22,0.0,2021-S22
REGIONAL::PORTO ALEGRE DO NORTE,2021,23,0.0,2021-S23
REGIONAL::PORTO ALEGRE DO NORTE,2021,24,0.0,2021-S24
REGIONAL::PORTO ALEGRE DO NORTE,2021,25,0.0,2021-S25
REGIONAL::PORTO ALEGRE DO NORTE,2021,26,0.0,2021-S26
REGIONAL::PORTO ALEGRE DO NORTE,2021,27,0.0,2021-S27
REGIONAL::PORTO ALEGRE DO NORTE,2021,28,0.0,2021-S28
REGIONAL::PORTO ALEGRE DO NORTE,2021,29,0.0,2021-S29
REGIONAL::PORTO ALEGRE DO NORTE,2021,30,0.0,2021-S30
REGIONAL::PORTO ALEGRE DO NORTE,2021,31,0.0,2021-S31
REGIONAL::PORTO ALEGRE DO NORTE,2021,32,0.0,2021-S32
REGIONAL::PORTO ALEGRE DO NORTE,2021,33,0.0,2021-S33
REGIONAL::PORTO ALEGRE DO NORTE,2021,34,0.0,2021-S34
REGIONAL::PORTO ALEGRE DO NORTE,2021,35,0.0,2021-S35
REGIONAL::PORTO ALEGRE DO NORTE,2021,36,0.0,2021-S36
REGIONAL::PORTO ALEGRE DO NORTE,2021,37,0.0,2021-S37
REGIONAL::PORTO ALEGRE DO NORTE,2021,38,0.0,2021-S38
REGIONAL::PORTO ALEGRE DO NORTE,2021,39,0.0,2021-S39
REGIONAL::PORTO ALEGRE DO NORTE,2021,40,0.0,2021-S40
REGIONAL::PORTO ALEGRE DO NORTE,2021,41,0.0,2021-S41
REGIONAL::PORTO ALEGRE DO NORTE,2021,42,0.0,2021-S42
REGIONAL::PORTO ALEGRE DO NORTE,2021,43,0.0,2021-S43
REGIONAL::PORTO ALEGRE DO NORTE,2021,44,0.0,2021-S44
REGIONAL::PORTO ALEGRE DO NORTE,2021,45,0.0,2021-S45
REGIONAL::PORTO ALEGRE DO NORTE,2021,46,0.0,2021-S46
REGIONAL::PORTO ALEGRE DO NORTE,2021,47,0.0,2021-S47
REGIONAL::PORTO ALEGRE DO NORTE,2021,48,0.0,2021-S48
REGIONAL::PORTO ALEGRE DO NORTE,2021,49,0.0,2021-S49
REGIONAL::PORTO ALEGRE DO NORTE,2021,50,0.0,2021-S50
REGIONAL::PORTO ALEGRE DO NORTE,2021,51,0.0,2021-S51
REGIONAL::PORTO ALEGRE DO NORTE,2021,52,0.0,2021-S52
REGIONAL::PORTO ALEGRE DO NORTE,2022,1,0.0,2022-S01
REGIONAL::PORTO ALEGRE DO NORTE,2022,2,0.0,2022-S02
REGIONAL::PORTO ALEGRE DO NORTE,2022,3,0.0,2022-S03
REGIONAL::PORTO ALEGRE DO NORTE,2022,4,0.0,2022-S04
REGIONAL::PORTO ALEGRE DO NORTE,2022,5,0.0,2022-S05
REGIONAL::PORTO ALEGRE DO NORTE,2022,6,0.0,2022-S06
REGIONAL::PORTO ALEGRE DO NORTE,2022,7,0.0,2022-S07
REGIONAL::PORTO ALEGRE DO NORTE,2022,8,0.0,2022-S08
REGIONAL::PORTO ALEGRE DO NORTE,2022,9,0.0,2022-S09
REGIONAL::PORTO ALEGRE DO NORTE,2022,10,0.0,2022-S10
REGIONAL::PORTO ALEGRE DO NORTE,2022,11,0.0,2022-S11
REGIONAL::PORTO ALEGRE DO NORTE,2022,12,0.0,2022-S12
REGIONAL::PORTO ALEGRE DO NORTE,2022,13,0.0,2022-S13
REGIONAL::PORTO ALEGRE DO NORTE,2022,14,0.0,2022-S14
REGIONAL::PORTO ALEGRE DO NORTE,2022,15,0.0,2022-S15
REGIONAL::PORTO ALEGRE DO NORTE,2022,16,2.0,2022-S16
REGIONAL::PORTO ALEGRE DO NORTE,2022,17,0.0,2022-S17
REGIONAL::PORTO ALEGRE DO NORTE,2022,18,0.0,2022-S18
REGIONAL::PORTO ALEGRE DO NORTE,2022,19,0.0,2022-S19
REGIONAL::PORTO ALEGRE DO NORTE,2022,20,0.0,2022-S20
REGIONAL::PORTO ALEGRE DO NORTE,2022,21,0.0,2022-S21
REGIONAL::PORTO ALEGRE DO NORTE,2022,22,0.0,2022-S22
REGIONAL::PORTO ALEGRE DO NORTE,2022,23,0.0,2022-S23
REGIONAL::PORTO ALEGRE DO NORTE,2022,24,0.0,2022-S24
REGIONAL::PORTO ALEGRE DO NORTE,2022,25,0.0,2022-S25
REGIONAL::PORTO ALEGRE DO NORTE,2022,26,0.0,2022-S26
REGIONAL::PORTO ALEGRE DO NORTE,2022,27,0.0,2022-S27
REGIONAL::PORTO ALEGRE DO NORTE,2022,28,0.0,2022-S28
REGIONAL::PORTO ALEGRE DO NORTE,2022,29,0.0,2022-S29
REGIONAL::PORTO ALEGRE DO NORTE,2022,30,0.0,2022-S30
REGIONAL::PORTO ALEGRE DO NORTE,2022,31,0.0,2022-S31
REGIONAL::PORTO ALEGRE DO NORTE,2022,32,0.0,2022-S32
REGIONAL::PORTO ALEGRE DO NORTE,2022,33,0.0,2022-S33
REGIONAL::PORTO ALEGRE DO NORTE,2022,34,0.0,2022-S34
REGIONAL::PORTO ALEGRE DO NORTE,2022,35,0.0,2022-S35
REGIONAL::PORTO ALEGRE DO NORTE,2022,36,0.0,2022-S36
REGIONAL::PORTO ALEGRE DO NORTE,2022,37,0.0,2022-S37
REGIONAL::PORTO ALEGRE DO NORTE,2022,38,0.0,2022-S38
REGIONAL::PORTO ALEGRE DO NORTE,2022,39,0.0,2022-S39
REGIONAL::PORTO ALEGRE DO NORTE,2022,40,0.0,2022-S40
REGIONAL::PORTO ALEGRE DO NORTE,2022,41,0.0,2022-S41
REGIONAL::PORTO ALEGRE DO NORTE,2022,42,0.0,2022-S42
REGIONAL::PORTO ALEGRE DO NORTE,2022,43,0.0,2022-S43
REGIONAL::PORTO ALEGRE DO NORTE,2022,44,0.0,2022-S44
REGIONAL::PORTO ALEGRE DO NORTE,2022,45,0.0,2022-S45
REGIONAL::PORTO ALEGRE DO NORTE,2022,46,0.0,2022-S46
REGIONAL::PORTO ALEGRE DO NORTE,2022,47,0.0,2022-S47
REGIONAL::PORTO ALEGRE DO NORTE,2022,48,0.0,2022-S48
REGIONAL::PORTO ALEGRE DO NORTE,2022,49,0.0,2022-S49
REGIONAL::PORTO ALEGRE DO NORTE,2022,50,0.0,2022-S50
REGIONAL::PORTO ALEGRE DO NORTE,2022,51,1.0,2022-S51
REGIONAL::PORTO ALEGRE DO NORTE,2022,52,0.0,2022-S52
REGIONAL::PORTO ALEGRE DO NORTE,2023,1,0.0,2023-S01
REGIONAL::PORTO ALEGRE DO NORTE,2023,2,0.0,2023-S02
REGIONAL::PORTO ALEGRE DO NORTE,2023,3,0.0,2023-S03
REGIONAL::PORTO ALEGRE DO NORTE,2023,4,0.0,2023-S04
REGIONAL::PORTO ALEGRE DO NORTE,2023,5,1.0,2023-S05
REGIONAL::PORTO ALEGRE DO NORTE,2023,6,0.0,2023-S06
REGIONAL::PORTO ALEGRE DO NORTE,2023,7,0.0,2023-S07
REGIONAL::PORTO ALEGRE DO NORTE,2023,8,0.0,2023-S08
REGIONAL::PORTO ALEGRE DO NORTE,2023,9,0.0,2023-S09
REGIONAL::PORTO ALEGRE DO NORTE,2023,10,0.0,2023-S10
REGIONAL::PORTO ALEGRE DO NORTE,2023,11,0.0,2023-S11
REGIONAL::PORTO ALEGRE DO NORTE,2023,12,0.0,2023-S12
REGIONAL::PORTO ALEGRE DO NORTE,2023,13,0.0,2023-S13
REGIONAL::PORTO ALEGRE DO NORTE,2023,14,0.0,2023-S14
REGIONAL::PORTO ALEGRE DO NORTE,2023,15,0.0,2023-S15
REGIONAL::PORTO ALEGRE DO NORTE,2023,16,1.0,2023-S16
REGIONAL::PORTO ALEGRE DO NORTE,2023,17,0.0,2023-S17
REGIONAL::PORTO ALEGRE DO NORTE,2023,18,3.0,2023-S18
REGIONAL::PORTO ALEGRE DO NORTE,2023,19,0.0,2023-S19
REGIONAL::PORTO ALEGRE DO NORTE,2023,20,0.0,2023-S20
REGIONAL::PORTO ALEGRE DO NORTE,2023,21,0.0,2023-S21
REGIONAL::PORTO ALEGRE DO NORTE,2023,22,0.0,2023-S22
REGIONAL::PORTO ALEGRE DO NORTE,2023,23,0.0,2023-S23
REGIONAL::PORTO ALEGRE DO NORTE,2023,24,0.0,2023-S24
REGIONAL::PORTO ALEGRE DO NORTE,2023,25,0.0,2023-S25
REGIONAL::PORTO ALEGRE DO NORTE,2023,26,0.0,2023-S26
REGIONAL::PORTO ALEGRE DO NORTE,2023,27,0.0,2023-S27
REGIONAL::PORTO ALEGRE DO NORTE,2023,28,0.0,2023-S28
REGIONAL::PORTO ALEGRE DO NORTE,2023,29,0.0,2023-S29
REGIONAL::PORTO ALEGRE DO NORTE,2023,30,0.0,2023-S30
REGIONAL::PORTO ALEGRE DO NORTE,2023,31,0.0,2023-S31
REGIONAL::PORTO ALEGRE DO NORTE,2023,32,0.0,2023-S32
REGIONAL::PORTO ALEGRE DO NORTE,2023,33,0.0,2023-S33
REGIONAL::PORTO ALEGRE DO NORTE,2023,34,0.0,2023-S34
REGIONAL::PORTO ALEGRE DO NORTE,2023,35,0.0,2023-S35
REGIONAL::PORTO ALEGRE DO NORTE,2023,36,0.0,2023-S36
REGIONAL::PORTO ALEGRE DO NORTE,2023,37,0.0,2023-S37
REGIONAL::PORTO ALEGRE DO NORTE,2023,38,0.0,2023-S38
REGIONAL::PORTO ALEGRE DO NORTE,2023,39,0.0,2023-S39
REGIONAL::PORTO ALEGRE DO NORTE,2023,40,0.0,2023-S40
REGIONAL::PORTO ALEGRE DO NORTE,2023,41,0.0,2023-S41
REGIONAL::PORTO ALEGRE DO NORTE,2023,42,0.0,2023-S42
REGIONAL::PORTO ALEGRE DO NORTE,2023,43,0.0,2023-S43
REGIONAL::PORTO ALEGRE DO NORTE,2023,44,0.0,2023-S44
REGIONAL::PORTO ALEGRE DO NORTE,2023,45,0.0,2023-S45
REGIONAL::PORTO ALEGRE DO NORTE,2023,46,0.0,2023-S46
REGIONAL::PORTO ALEGRE DO NORTE,2023,47,0.0,2023-S47
REGIONAL::PORTO ALEGRE DO NORTE,2023,48,0.0,2023-S48
REGIONAL::PORTO ALEGRE DO NORTE,2023,49,0.0,2023-S49
REGIONAL::PORTO ALEGRE DO NORTE,2023,50,1.0,2023-S50
REGIONAL::PORTO ALEGRE DO NORTE,2023,51,0.0,2023-S51
REGIONAL::PORTO ALEGRE DO NORTE,2023,52,0.0,2023-S52
REGIONAL::PORTO ALEGRE DO NORTE,2024,1,0.0,2024-S01
REGIONAL::PORTO ALEGRE DO NORTE,2024,2,1.0,2024-S02
REGIONAL::PORTO ALEGRE DO NORTE,2024,3,0.0,2024-S03
REGIONAL::PORTO ALEGRE DO NORTE,2024,4,0.0,2024-S04
REGIONAL::PORTO ALEGRE DO NORTE,2024,5,0.0,2024-S05
REGIONAL::PORTO ALEGRE DO NORTE,2024,6,0.0,2024-S06
REGIONAL::PORTO ALEGRE DO NORTE,2024,7,0.0,2024-S07
REGIONAL::PORTO ALEGRE DO NORTE,2024,8,0.0,2024-S08
REGIONAL::PORTO ALEGRE DO NORTE,2024,9,0.0,2024-S09
REGIONAL::PORTO ALEGRE DO NORTE,2024,10,0.0,2024-S10
REGIONAL::PORTO ALEGRE DO NORTE,2024,11,0.0,2024-S11
REGIONAL::PORTO ALEGRE DO NORTE,2024,12,0.0,2024-S12
REGIONAL::PORTO ALEGRE DO NORTE,2024,13,0.0,2024-S13
REGIONAL::PORTO ALEGRE DO NORTE,2024,14,0.0,2024-S14
REGIONAL::PORTO ALEGRE DO NORTE,2024,15,0.0,2024-S15
REGIONAL::PORTO ALEGRE DO NORTE,2024,16,0.0,2024-S16
REGIONAL::PORTO ALEGRE DO NORTE,2024,17,0.0,2024-S17
REGIONAL::PORTO ALEGRE DO NORTE,2024,18,0.0,2024-S18
REGIONAL::PORTO ALEGRE DO NORTE,2024,19,0.0,2024-S19
REGIONAL::PORTO ALEGRE DO NORTE,2024,20,0.0,2024-S20
REGIONAL::PORTO ALEGRE DO NORTE,2024,21,1.0,2024-S21
REGIONAL::PORTO ALEGRE DO NORTE,2024,22,0.0,2024-S22
REGIONAL::PORTO ALEGRE DO NORTE,2024,23,0.0,2024-S23
REGIONAL::PORTO ALEGRE DO NORTE,2024,24,0.0,2024-S24
REGIONAL::PORTO ALEGRE DO NORTE,2024,25,0.0,2024-S25
REGIONAL::PORTO ALEGRE DO NORTE,2024,26,0.0,2024-S26
REGIONAL::PORTO ALEGRE DO NORTE,2024,27,0.0,2024-S27
REGIONAL::PORTO ALEGRE DO NORTE,2024,28,0.0,2024-S28
REGIONAL::PORTO ALEGRE DO NORTE,2024,29,0.0,2024-S29
REGIONAL::PORTO ALEGRE DO NORTE,2024,30,1.0,2024-S30
REGIONAL::PORTO ALEGRE DO NORTE,2024,31,0.0,2024-S31
REGIONAL::PORTO ALEGRE DO NORTE,2024,32,0.0,2024-S32
REGIONAL::PORTO ALEGRE DO NORTE,2024,33,0.0,2024-S33
REGIONAL::PORTO ALEGRE DO NORTE,2024,34,0.0,2024-S34
REGIONAL::PORTO ALEGRE DO NORTE,2024,35,0.0,2024-S35
REGIONAL::PORTO ALEGRE DO NORTE,2024,36,0.0,2024-S36
REGIONAL::PORTO ALEGRE DO NORTE,2024,37,0.0,2024-S37
REGIONAL::PORTO ALEGRE DO NORTE,2024,38,0.0,2024-S38
REGIONAL::PORTO ALEGRE DO NORTE,2024,39,0.0,2024-S39
REGIONAL::PORTO ALEGRE DO NORTE,2024,40,0.0,2024-S40
REGIONAL::PORTO ALEGRE DO NORTE,2024,41,0.0,2024-S41
REGIONAL::PORTO ALEGRE DO NORTE,2024,42,0.0,2024-S42
REGIONAL::PORTO ALEGRE DO NORTE,2024,43,0.0,2024-S43
REGIONAL::PORTO ALEGRE DO NORTE,2024,44,0.0,2024-S44
REGIONAL::PORTO ALEGRE DO NORTE,2024,45,0.0,2024-S45
REGIONAL::PORTO ALEGRE DO NORTE,2024,46,0.0,2024-S46
REGIONAL::PORTO ALEGRE DO NORTE,2024,47,0.0,2024-S47
REGIONAL::PORTO ALEGRE DO NORTE,2024,48,0.0,2024-S48
REGIONAL::PORTO ALEGRE DO NORTE,2024,49,0.0,2024-S49
REGIONAL::PORTO ALEGRE DO NORTE,2024,50,1.0,2024-S50
REGIONAL::PORTO ALEGRE DO NORTE,2024,51,0.0,2024-S51
REGIONAL::PORTO ALEGRE DO NORTE,2024,52,0.0,2024-S52
REGIONAL::PORTO ALEGRE DO NORTE,2025,1,1.0,2025-S01
REGIONAL::PORTO ALEGRE DO NORTE,2025,2,0.0,2025-S02
REGIONAL::PORTO ALEGRE DO NORTE,2025,3,0.0,2025-S03
REGIONAL::PORTO ALEGRE DO NORTE,2025,4,0.0,2025-S04
REGIONAL::PORTO ALEGRE DO NORTE,2025,5,0.0,2025-S05
REGIONAL::PORTO ALEGRE DO NORTE,2025,6,0.0,2025-S06
REGIONAL::PORTO ALEGRE DO NORTE,2025,7,1.0,2025-S07
REGIONAL::PORTO ALEGRE DO NORTE,2025,8,0.0,2025-S08
REGIONAL::PORTO ALEGRE DO NORTE,2025,9,0.0,2025-S09
REGIONAL::PORTO ALEGRE DO NORTE,2025,10,0.0,2025-S10
REGIONAL::PORTO ALEGRE DO NORTE,2025,11,0.0,2025-S11
REGIONAL::PORTO ALEGRE DO NORTE,2025,12,0.0,2025-S12
REGIONAL::PORTO ALEGRE DO NORTE,2025,13,0.0,2025-S13
REGIONAL::PORTO ALEGRE DO NORTE,2025,14,0.0,2025-S14
REGIONAL::PORTO ALEGRE DO NORTE,2025,15,0.0,2025-S15
REGIONAL::PORTO ALEGRE DO NORTE,2025,16,0.0,2025-S16
REGIONAL::PORTO ALEGRE DO NORTE,2025,17,0.0,2025-S17
REGIONAL::PORTO ALEGRE DO NORTE,2025,18,0.0,2025-S18
REGIONAL::PORTO ALEGRE DO NORTE,2025,19,0.0,2025-S19
REGIONAL::PORTO ALEGRE DO NORTE,2025,20,0.0,2025-S20
REGIONAL::PORTO ALEGRE DO NORTE,2025,21,0.0,2025-S21
REGIONAL::PORTO ALEGRE DO NORTE,2025,22,0.0,2025-S22
REGIONAL::PORTO ALEGRE DO NORTE,2025,23,0.0,2025-S23
REGIONAL::PORTO ALEGRE DO NORTE,2025,24,0.0,2025-S24
REGIONAL::PORTO ALEGRE DO NORTE,2025,25,0.0,2025-S25
REGIONAL::PORTO ALEGRE DO NORTE,2025,26,0.0,2025-S26
REGIONAL::PORTO ALEGRE DO NORTE,2025,27,0.0,2025-S27
REGIONAL::PORTO ALEGRE DO NORTE,2025,28,0.0,2025-S28
REGIONAL::PORTO ALEGRE DO NORTE,2025,29,0.0,2025-S29
REGIONAL::PORTO ALEGRE DO NORTE,2025,30,0.0,2025-S30
REGIONAL::PORTO ALEGRE DO NORTE,2025,31,0.0,2025-S31
REGIONAL::PORTO ALEGRE DO NORTE,2025,32,0.0,2025-S32
REGIONAL::PORTO ALEGRE DO NORTE,2025,33,0.0,2025-S33
REGIONAL::PORTO ALEGRE DO NORTE,2025,34,0.0,2025-S34
REGIONAL::PORTO ALEGRE DO NORTE,2025,35,1.0,2025-S35
REGIONAL::PORTO ALEGRE DO NORTE,2025,36,0.0,2025-S36
REGIONAL::PORTO ALEGRE DO NORTE,2025,37,1.0,2025-S37
REGIONAL::PORTO ALEGRE DO NORTE,2025,38,0.0,2025-S38
REGIONAL::PORTO ALEGRE DO NORTE,2025,39,0.0,2025-S39
REGIONAL::PORTO ALEGRE DO NORTE,2025,40,0.0,2025-S40
REGIONAL::PORTO ALEGRE DO NORTE,2025,41,0.0,2025-S41
REGIONAL::PORTO ALEGRE DO NORTE,2025,42,1.0,2025-S42
REGIONAL::PORTO ALEGRE DO NORTE,2025,43,0.0,2025-S43
REGIONAL::PORTO ALEGRE DO NORTE,2025,44,0.0,2025-S44
REGIONAL::PORTO ALEGRE DO NORTE,2025,45,1.0,2025-S45
REGIONAL::PORTO ALEGRE DO NORTE,2025,46,0.0,2025-S46
REGIONAL::PORTO ALEGRE DO NORTE,2025,47,1.0,2025-S47
REGIONAL::PORTO ALEGRE DO NORTE,2025,48,1.0,2025-S48
REGIONAL::PORTO ALEGRE DO NORTE,2025,49,0.0,2025-S49
REGIONAL::PORTO ALEGRE DO NORTE,2025,50,0.0,2025-S50
REGIONAL::PORTO ALEGRE DO NORTE,2025,51,0.0,2025-S51
REGIONAL::PORTO ALEGRE DO NORTE,2025,52,0.0,2025-S52
REGIONAL::PORTO ALEGRE DO NORTE,2026,1,1.0,2026-S01
REGIONAL::PORTO ALEGRE DO NORTE,2026,2,0.0,2026-S02
REGIONAL::PORTO ALEGRE DO NORTE,2026,3,0.0,2026-S03
REGIONAL::PORTO ALEGRE DO NORTE,2026,4,1.0,2026-S04
REGIONAL::PORTO ALEGRE DO NORTE,2026,5,0.0,2026-S05
REGIONAL::PORTO ALEGRE DO NORTE,2026,6,0.0,2026-S06
REGIONAL::PORTO ALEGRE DO NORTE,2026,7,0.0,2026-S07
REGIONAL::PORTO ALEGRE DO NORTE,2026,8,0.0,2026-S08
REGIONAL::PORTO ALEGRE DO NORTE,2026,9,0.0,2026-S09
REGIONAL::PORTO ALEGRE DO NORTE,2026,10,0.0,2026-S10
REGIONAL::PORTO ALEGRE DO NORTE,2026,11,1.0,2026-S11
REGIONAL::PORTO ALEGRE DO NORTE,2026,12,0.0,2026-S12
REGIONAL::PORTO ALEGRE DO NORTE,2026,13,0.0,2026-S13
REGIONAL::PORTO ALEGRE DO NORTE,2026,14,0.0,2026-S14
REGIONAL::PORTO ALEGRE DO NORTE,2026,15,0.0,2026-S15
REGIONAL::PORTO ALEGRE DO NORTE,2026,16,0.0,2026-S16
REGIONAL::PORTO ALEGRE DO NORTE,2026,17,0.0,2026-S17
REGIONAL::PORTO ALEGRE DO NORTE,2026,18,0.0,2026-S18
REGIONAL::PORTO ALEGRE DO NORTE,2026,19,0.0,2026-S19
REGIONAL::PORTO ALEGRE DO NORTE,2026,20,0.0,2026-S20
REGIONAL::PORTO ALEGRE DO NORTE,2026,21,0.0,2026-S21
REGIONAL::PORTO ALEGRE DO NORTE,2026,22,0.0,2026-S22
REGIONAL::PORTO ALEGRE DO NORTE,2026,23,0.0,2026-S23
REGIONAL::PORTO ALEGRE DO NORTE,2026,24,0.0,2026-S24
REGIONAL::PORTO ALEGRE DO NORTE,2026,25,0.0,2026-S25
REGIONAL::PORTO ALEGRE DO NORTE,2026,26,0.0,2026-S26
REGIONAL::PORTO ALEGRE DO NORTE,2026,27,0.0,2026-S27
REGIONAL::PORTO ALEGRE DO NORTE,2026,28,0.0,2026-S28
REGIONAL::PORTO ALEGRE DO NORTE,2026,29,0.0,2026-S29
REGIONAL::PORTO ALEGRE DO NORTE,2026,30,0.0,2026-S30
REGIONAL::PORTO ALEGRE DO NORTE,2026,31,0.0,2026-S31
REGIONAL::RONDONOPOLIS,2007,1,1.0,2007-S01
REGIONAL::RONDONOPOLIS,2007,2,0.0,2007-S02
REGIONAL::RONDONOPOLIS,2007,3,0.0,2007-S03
REGIONAL::RONDONOPOLIS,2007,4,0.0,2007-S04
REGIONAL::RONDONOPOLIS,2007,5,2.0,2007-S05
REGIONAL::RONDONOPOLIS,2007,6,1.0,2007-S06
REGIONAL::RONDONOPOLIS,2007,7,3.0,2007-S07
REGIONAL::RONDONOPOLIS,2007,8,4.0,2007-S08
REGIONAL::RONDONOPOLIS,2007,9,2.0,2007-S09
REGIONAL::RONDONOPOLIS,2007,10,1.0,2007-S10
REGIONAL::RONDONOPOLIS,2007,11,0.0,2007-S11
REGIONAL::RONDONOPOLIS,2007,12,4.0,2007-S12
REGIONAL::RONDONOPOLIS,2007,13,9.0,2007-S13
REGIONAL::RONDONOPOLIS,2007,14,5.0,2007-S14
REGIONAL::RONDONOPOLIS,2007,15,5.0,2007-S15
REGIONAL::RONDONOPOLIS,2007,16,4.0,2007-S16
REGIONAL::RONDONOPOLIS,2007,17,6.0,2007-S17
REGIONAL::RONDONOPOLIS,2007,18,2.0,2007-S18
REGIONAL::RONDONOPOLIS,2007,19,2.0,2007-S19
REGIONAL::RONDONOPOLIS,2007,20,3.0,2007-S20
REGIONAL::RONDONOPOLIS,2007,21,0.0,2007-S21
REGIONAL::RONDONOPOLIS,2007,22,2.0,2007-S22
REGIONAL::RONDONOPOLIS,2007,23,6.0,2007-S23
REGIONAL::RONDONOPOLIS,2007,24,3.0,2007-S24
REGIONAL::RONDONOPOLIS,2007,25,1.0,2007-S25
REGIONAL::RONDONOPOLIS,2007,26,5.0,2007-S26
REGIONAL::RONDONOPOLIS,2007,27,2.0,2007-S27
REGIONAL::RONDONOPOLIS,2007,28,1.0,2007-S28
REGIONAL::RONDONOPOLIS,2007,29,1.0,2007-S29
REGIONAL::RONDONOPOLIS,2007,30,1.0,2007-S30
REGIONAL::RONDONOPOLIS,2007,31,3.0,2007-S31
REGIONAL::RONDONOPOLIS,2007,32,0.0,2007-S32
REGIONAL::RONDONOPOLIS,2007,33,1.0,2007-S33
REGIONAL::RONDONOPOLIS,2007,34,1.0,2007-S34
REGIONAL::RONDONOPOLIS,2007,35,1.0,2007-S35
REGIONAL::RONDONOPOLIS,2007,36,0.0,2007-S36
REGIONAL::RONDONOPOLIS,2007,37,0.0,2007-S37
REGIONAL::RONDONOPOLIS,2007,38,0.0,2007-S38
REGIONAL::RONDONOPOLIS,2007,39,3.0,2007-S39
REGIONAL::RONDONOPOLIS,2007,40,0.0,2007-S40
REGIONAL::RONDONOPOLIS,2007,41,0.0,2007-S41
REGIONAL::RONDONOPOLIS,2007,42,0.0,2007-S42
REGIONAL::RONDONOPOLIS,2007,43,2.0,2007-S43
REGIONAL::RONDONOPOLIS,2007,44,0.0,2007-S44
REGIONAL::RONDONOPOLIS,2007,45,3.0,2007-S45
REGIONAL::RONDONOPOLIS,2007,46,0.0,2007-S46
REGIONAL::RONDONOPOLIS,2007,47,2.0,2007-S47
REGIONAL::RONDONOPOLIS,2007,48,0.0,2007-S48
REGIONAL::RONDONOPOLIS,2007,49,2.0,2007-S49
REGIONAL::RONDONOPOLIS,2007,50,5.0,2007-S50
REGIONAL::RONDONOPOLIS,2007,51,0.0,2007-S51
REGIONAL::RONDONOPOLIS,2007,52,2.0,2007-S52
REGIONAL::RONDONOPOLIS,2008,1,1.0,2008-S01
REGIONAL::RONDONOPOLIS,2008,2,3.0,2008-S02
REGIONAL::RONDONOPOLIS,2008,3,1.0,2008-S03
REGIONAL::RONDONOPOLIS,2008,4,1.0,2008-S04
REGIONAL::RONDONOPOLIS,2008,5,2.0,2008-S05
REGIONAL::RONDONOPOLIS,2008,6,1.0,2008-S06
REGIONAL::RONDONOPOLIS,2008,7,1.0,2008-S07
REGIONAL::RONDONOPOLIS,2008,8,1.0,2008-S08
REGIONAL::RONDONOPOLIS,2008,9,2.0,2008-S09
REGIONAL::RONDONOPOLIS,2008,10,0.0,2008-S10
REGIONAL::RONDONOPOLIS,2008,11,3.0,2008-S11
REGIONAL::RONDONOPOLIS,2008,12,0.0,2008-S12
REGIONAL::RONDONOPOLIS,2008,13,4.0,2008-S13
REGIONAL::RONDONOPOLIS,2008,14,1.0,2008-S14
REGIONAL::RONDONOPOLIS,2008,15,2.0,2008-S15
REGIONAL::RONDONOPOLIS,2008,16,1.0,2008-S16
REGIONAL::RONDONOPOLIS,2008,17,2.0,2008-S17
REGIONAL::RONDONOPOLIS,2008,18,0.0,2008-S18
REGIONAL::RONDONOPOLIS,2008,19,0.0,2008-S19
REGIONAL::RONDONOPOLIS,2008,20,1.0,2008-S20
REGIONAL::RONDONOPOLIS,2008,21,1.0,2008-S21
REGIONAL::RONDONOPOLIS,2008,22,0.0,2008-S22
REGIONAL::RONDONOPOLIS,2008,23,0.0,2008-S23
REGIONAL::RONDONOPOLIS,2008,24,4.0,2008-S24
REGIONAL::RONDONOPOLIS,2008,25,1.0,2008-S25
REGIONAL::RONDONOPOLIS,2008,26,2.0,2008-S26
REGIONAL::RONDONOPOLIS,2008,27,4.0,2008-S27
REGIONAL::RONDONOPOLIS,2008,28,2.0,2008-S28
REGIONAL::RONDONOPOLIS,2008,29,2.0,2008-S29
REGIONAL::RONDONOPOLIS,2008,30,3.0,2008-S30
REGIONAL::RONDONOPOLIS,2008,31,0.0,2008-S31
REGIONAL::RONDONOPOLIS,2008,32,1.0,2008-S32
REGIONAL::RONDONOPOLIS,2008,33,1.0,2008-S33
REGIONAL::RONDONOPOLIS,2008,34,0.0,2008-S34
REGIONAL::RONDONOPOLIS,2008,35,0.0,2008-S35
REGIONAL::RONDONOPOLIS,2008,36,3.0,2008-S36
REGIONAL::RONDONOPOLIS,2008,37,1.0,2008-S37
REGIONAL::RONDONOPOLIS,2008,38,1.0,2008-S38
REGIONAL::RONDONOPOLIS,2008,39,2.0,2008-S39
REGIONAL::RONDONOPOLIS,2008,40,1.0,2008-S40
REGIONAL::RONDONOPOLIS,2008,41,2.0,2008-S41
REGIONAL::RONDONOPOLIS,2008,42,2.0,2008-S42
REGIONAL::RONDONOPOLIS,2008,43,0.0,2008-S43
REGIONAL::RONDONOPOLIS,2008,44,0.0,2008-S44
REGIONAL::RONDONOPOLIS,2008,45,0.0,2008-S45
REGIONAL::RONDONOPOLIS,2008,46,0.0,2008-S46
REGIONAL::RONDONOPOLIS,2008,47,2.0,2008-S47
REGIONAL::RONDONOPOLIS,2008,48,0.0,2008-S48
REGIONAL::RONDONOPOLIS,2008,49,1.0,2008-S49
REGIONAL::RONDONOPOLIS,2008,50,1.0,2008-S50
REGIONAL::RONDONOPOLIS,2008,51,0.0,2008-S51
REGIONAL::RONDONOPOLIS,2008,52,0.0,2008-S52
REGIONAL::RONDONOPOLIS,2009,1,1.0,2009-S01
REGIONAL::RONDONOPOLIS,2009,2,1.0,2009-S02
REGIONAL::RONDONOPOLIS,2009,3,1.0,2009-S03
REGIONAL::RONDONOPOLIS,2009,4,4.0,2009-S04
REGIONAL::RONDONOPOLIS,2009,5,0.0,2009-S05
REGIONAL::RONDONOPOLIS,2009,6,1.0,2009-S06
REGIONAL::RONDONOPOLIS,2009,7,1.0,2009-S07
REGIONAL::RONDONOPOLIS,2009,8,0.0,2009-S08
REGIONAL::RONDONOPOLIS,2009,9,1.0,2009-S09
REGIONAL::RONDONOPOLIS,2009,10,1.0,2009-S10
REGIONAL::RONDONOPOLIS,2009,11,3.0,2009-S11
REGIONAL::RONDONOPOLIS,2009,12,5.0,2009-S12
REGIONAL::RONDONOPOLIS,2009,13,3.0,2009-S13
REGIONAL::RONDONOPOLIS,2009,14,1.0,2009-S14
REGIONAL::RONDONOPOLIS,2009,15,1.0,2009-S15
REGIONAL::RONDONOPOLIS,2009,16,1.0,2009-S16
REGIONAL::RONDONOPOLIS,2009,17,0.0,2009-S17
REGIONAL::RONDONOPOLIS,2009,18,1.0,2009-S18
REGIONAL::RONDONOPOLIS,2009,19,0.0,2009-S19
REGIONAL::RONDONOPOLIS,2009,20,1.0,2009-S20
REGIONAL::RONDONOPOLIS,2009,21,0.0,2009-S21
REGIONAL::RONDONOPOLIS,2009,22,2.0,2009-S22
REGIONAL::RONDONOPOLIS,2009,23,1.0,2009-S23
REGIONAL::RONDONOPOLIS,2009,24,1.0,2009-S24
REGIONAL::RONDONOPOLIS,2009,25,4.0,2009-S25
REGIONAL::RONDONOPOLIS,2009,26,0.0,2009-S26
REGIONAL::RONDONOPOLIS,2009,27,1.0,2009-S27
REGIONAL::RONDONOPOLIS,2009,28,0.0,2009-S28
REGIONAL::RONDONOPOLIS,2009,29,0.0,2009-S29
REGIONAL::RONDONOPOLIS,2009,30,1.0,2009-S30
REGIONAL::RONDONOPOLIS,2009,31,3.0,2009-S31
REGIONAL::RONDONOPOLIS,2009,32,0.0,2009-S32
REGIONAL::RONDONOPOLIS,2009,33,1.0,2009-S33
REGIONAL::RONDONOPOLIS,2009,34,0.0,2009-S34
REGIONAL::RONDONOPOLIS,2009,35,0.0,2009-S35
REGIONAL::RONDONOPOLIS,2009,36,2.0,2009-S36
REGIONAL::RONDONOPOLIS,2009,37,2.0,2009-S37
REGIONAL::RONDONOPOLIS,2009,38,0.0,2009-S38
REGIONAL::RONDONOPOLIS,2009,39,0.0,2009-S39
REGIONAL::RONDONOPOLIS,2009,40,1.0,2009-S40
REGIONAL::RONDONOPOLIS,2009,41,3.0,2009-S41
REGIONAL::RONDONOPOLIS,2009,42,0.0,2009-S42
REGIONAL::RONDONOPOLIS,2009,43,1.0,2009-S43
REGIONAL::RONDONOPOLIS,2009,44,1.0,2009-S44
REGIONAL::RONDONOPOLIS,2009,45,1.0,2009-S45
REGIONAL::RONDONOPOLIS,2009,46,1.0,2009-S46
REGIONAL::RONDONOPOLIS,2009,47,2.0,2009-S47
REGIONAL::RONDONOPOLIS,2009,48,1.0,2009-S48
REGIONAL::RONDONOPOLIS,2009,49,4.0,2009-S49
REGIONAL::RONDONOPOLIS,2009,50,1.0,2009-S50
REGIONAL::RONDONOPOLIS,2009,51,1.0,2009-S51
REGIONAL::RONDONOPOLIS,2009,52,1.0,2009-S52
REGIONAL::RONDONOPOLIS,2010,1,2.0,2010-S01
REGIONAL::RONDONOPOLIS,2010,2,0.0,2010-S02
REGIONAL::RONDONOPOLIS,2010,3,1.0,2010-S03
REGIONAL::RONDONOPOLIS,2010,4,1.0,2010-S04
REGIONAL::RONDONOPOLIS,2010,5,1.0,2010-S05
REGIONAL::RONDONOPOLIS,2010,6,1.0,2010-S06
REGIONAL::RONDONOPOLIS,2010,7,1.0,2010-S07
REGIONAL::RONDONOPOLIS,2010,8,0.0,2010-S08
REGIONAL::RONDONOPOLIS,2010,9,2.0,2010-S09
REGIONAL::RONDONOPOLIS,2010,10,2.0,2010-S10
REGIONAL::RONDONOPOLIS,2010,11,1.0,2010-S11
REGIONAL::RONDONOPOLIS,2010,12,2.0,2010-S12
REGIONAL::RONDONOPOLIS,2010,13,1.0,2010-S13
REGIONAL::RONDONOPOLIS,2010,14,1.0,2010-S14
REGIONAL::RONDONOPOLIS,2010,15,0.0,2010-S15
REGIONAL::RONDONOPOLIS,2010,16,1.0,2010-S16
REGIONAL::RONDONOPOLIS,2010,17,1.0,2010-S17
REGIONAL::RONDONOPOLIS,2010,18,1.0,2010-S18
REGIONAL::RONDONOPOLIS,2010,19,1.0,2010-S19
REGIONAL::RONDONOPOLIS,2010,20,1.0,2010-S20
REGIONAL::RONDONOPOLIS,2010,21,0.0,2010-S21
REGIONAL::RONDONOPOLIS,2010,22,3.0,2010-S22
REGIONAL::RONDONOPOLIS,2010,23,2.0,2010-S23
REGIONAL::RONDONOPOLIS,2010,24,1.0,2010-S24
REGIONAL::RONDONOPOLIS,2010,25,1.0,2010-S25
REGIONAL::RONDONOPOLIS,2010,26,0.0,2010-S26
REGIONAL::RONDONOPOLIS,2010,27,1.0,2010-S27
REGIONAL::RONDONOPOLIS,2010,28,2.0,2010-S28
REGIONAL::RONDONOPOLIS,2010,29,1.0,2010-S29
REGIONAL::RONDONOPOLIS,2010,30,0.0,2010-S30
REGIONAL::RONDONOPOLIS,2010,31,0.0,2010-S31
REGIONAL::RONDONOPOLIS,2010,32,3.0,2010-S32
REGIONAL::RONDONOPOLIS,2010,33,1.0,2010-S33
REGIONAL::RONDONOPOLIS,2010,34,0.0,2010-S34
REGIONAL::RONDONOPOLIS,2010,35,1.0,2010-S35
REGIONAL::RONDONOPOLIS,2010,36,5.0,2010-S36
REGIONAL::RONDONOPOLIS,2010,37,4.0,2010-S37
REGIONAL::RONDONOPOLIS,2010,38,3.0,2010-S38
REGIONAL::RONDONOPOLIS,2010,39,3.0,2010-S39
REGIONAL::RONDONOPOLIS,2010,40,2.0,2010-S40
REGIONAL::RONDONOPOLIS,2010,41,2.0,2010-S41
REGIONAL::RONDONOPOLIS,2010,42,1.0,2010-S42
REGIONAL::RONDONOPOLIS,2010,43,3.0,2010-S43
REGIONAL::RONDONOPOLIS,2010,44,1.0,2010-S44
REGIONAL::RONDONOPOLIS,2010,45,0.0,2010-S45
REGIONAL::RONDONOPOLIS,2010,46,0.0,2010-S46
REGIONAL::RONDONOPOLIS,2010,47,3.0,2010-S47
REGIONAL::RONDONOPOLIS,2010,48,0.0,2010-S48
REGIONAL::RONDONOPOLIS,2010,49,0.0,2010-S49
REGIONAL::RONDONOPOLIS,2010,50,0.0,2010-S50
REGIONAL::RONDONOPOLIS,2010,51,1.0,2010-S51
REGIONAL::RONDONOPOLIS,2010,52,2.0,2010-S52
REGIONAL::RONDONOPOLIS,2011,1,1.0,2011-S01
REGIONAL::RONDONOPOLIS,2011,2,1.0,2011-S02
REGIONAL::RONDONOPOLIS,2011,3,1.0,2011-S03
REGIONAL::RONDONOPOLIS,2011,4,0.0,2011-S04
REGIONAL::RONDONOPOLIS,2011,5,0.0,2011-S05
REGIONAL::RONDONOPOLIS,2011,6,1.0,2011-S06
REGIONAL::RONDONOPOLIS,2011,7,0.0,2011-S07
REGIONAL::RONDONOPOLIS,2011,8,1.0,2011-S08
REGIONAL::RONDONOPOLIS,2011,9,1.0,2011-S09
REGIONAL::RONDONOPOLIS,2011,10,1.0,2011-S10
REGIONAL::RONDONOPOLIS,2011,11,2.0,2011-S11
REGIONAL::RONDONOPOLIS,2011,12,1.0,2011-S12
REGIONAL::RONDONOPOLIS,2011,13,0.0,2011-S13
REGIONAL::RONDONOPOLIS,2011,14,0.0,2011-S14
REGIONAL::RONDONOPOLIS,2011,15,2.0,2011-S15
REGIONAL::RONDONOPOLIS,2011,16,1.0,2011-S16
REGIONAL::RONDONOPOLIS,2011,17,0.0,2011-S17
REGIONAL::RONDONOPOLIS,2011,18,3.0,2011-S18
REGIONAL::RONDONOPOLIS,2011,19,0.0,2011-S19
REGIONAL::RONDONOPOLIS,2011,20,0.0,2011-S20
REGIONAL::RONDONOPOLIS,2011,21,2.0,2011-S21
REGIONAL::RONDONOPOLIS,2011,22,1.0,2011-S22
REGIONAL::RONDONOPOLIS,2011,23,1.0,2011-S23
REGIONAL::RONDONOPOLIS,2011,24,2.0,2011-S24
REGIONAL::RONDONOPOLIS,2011,25,1.0,2011-S25
REGIONAL::RONDONOPOLIS,2011,26,2.0,2011-S26
REGIONAL::RONDONOPOLIS,2011,27,2.0,2011-S27
REGIONAL::RONDONOPOLIS,2011,28,0.0,2011-S28
REGIONAL::RONDONOPOLIS,2011,29,0.0,2011-S29
REGIONAL::RONDONOPOLIS,2011,30,0.0,2011-S30
REGIONAL::RONDONOPOLIS,2011,31,0.0,2011-S31
REGIONAL::RONDONOPOLIS,2011,32,0.0,2011-S32
REGIONAL::RONDONOPOLIS,2011,33,1.0,2011-S33
REGIONAL::RONDONOPOLIS,2011,34,1.0,2011-S34
REGIONAL::RONDONOPOLIS,2011,35,3.0,2011-S35
REGIONAL::RONDONOPOLIS,2011,36,0.0,2011-S36
REGIONAL::RONDONOPOLIS,2011,37,3.0,2011-S37
REGIONAL::RONDONOPOLIS,2011,38,1.0,2011-S38
REGIONAL::RONDONOPOLIS,2011,39,3.0,2011-S39
REGIONAL::RONDONOPOLIS,2011,40,0.0,2011-S40
REGIONAL::RONDONOPOLIS,2011,41,2.0,2011-S41
REGIONAL::RONDONOPOLIS,2011,42,0.0,2011-S42
REGIONAL::RONDONOPOLIS,2011,43,0.0,2011-S43
REGIONAL::RONDONOPOLIS,2011,44,1.0,2011-S44
REGIONAL::RONDONOPOLIS,2011,45,2.0,2011-S45
REGIONAL::RONDONOPOLIS,2011,46,1.0,2011-S46
REGIONAL::RONDONOPOLIS,2011,47,1.0,2011-S47
REGIONAL::RONDONOPOLIS,2011,48,2.0,2011-S48
REGIONAL::RONDONOPOLIS,2011,49,0.0,2011-S49
REGIONAL::RONDONOPOLIS,2011,50,1.0,2011-S50
REGIONAL::RONDONOPOLIS,2011,51,2.0,2011-S51
REGIONAL::RONDONOPOLIS,2011,52,1.0,2011-S52
REGIONAL::RONDONOPOLIS,2012,1,2.0,2012-S01
REGIONAL::RONDONOPOLIS,2012,2,1.0,2012-S02
REGIONAL::RONDONOPOLIS,2012,3,2.0,2012-S03
REGIONAL::RONDONOPOLIS,2012,4,0.0,2012-S04
REGIONAL::RONDONOPOLIS,2012,5,0.0,2012-S05
REGIONAL::RONDONOPOLIS,2012,6,0.0,2012-S06
REGIONAL::RONDONOPOLIS,2012,7,2.0,2012-S07
REGIONAL::RONDONOPOLIS,2012,8,2.0,2012-S08
REGIONAL::RONDONOPOLIS,2012,9,1.0,2012-S09
REGIONAL::RONDONOPOLIS,2012,10,1.0,2012-S10
REGIONAL::RONDONOPOLIS,2012,11,0.0,2012-S11
REGIONAL::RONDONOPOLIS,2012,12,2.0,2012-S12
REGIONAL::RONDONOPOLIS,2012,13,0.0,2012-S13
REGIONAL::RONDONOPOLIS,2012,14,0.0,2012-S14
REGIONAL::RONDONOPOLIS,2012,15,0.0,2012-S15
REGIONAL::RONDONOPOLIS,2012,16,0.0,2012-S16
REGIONAL::RONDONOPOLIS,2012,17,2.0,2012-S17
REGIONAL::RONDONOPOLIS,2012,18,1.0,2012-S18
REGIONAL::RONDONOPOLIS,2012,19,2.0,2012-S19
REGIONAL::RONDONOPOLIS,2012,20,1.0,2012-S20
REGIONAL::RONDONOPOLIS,2012,21,1.0,2012-S21
REGIONAL::RONDONOPOLIS,2012,22,4.0,2012-S22
REGIONAL::RONDONOPOLIS,2012,23,0.0,2012-S23
REGIONAL::RONDONOPOLIS,2012,24,0.0,2012-S24
REGIONAL::RONDONOPOLIS,2012,25,1.0,2012-S25
REGIONAL::RONDONOPOLIS,2012,26,0.0,2012-S26
REGIONAL::RONDONOPOLIS,2012,27,1.0,2012-S27
REGIONAL::RONDONOPOLIS,2012,28,2.0,2012-S28
REGIONAL::RONDONOPOLIS,2012,29,0.0,2012-S29
REGIONAL::RONDONOPOLIS,2012,30,1.0,2012-S30
REGIONAL::RONDONOPOLIS,2012,31,1.0,2012-S31
REGIONAL::RONDONOPOLIS,2012,32,1.0,2012-S32
REGIONAL::RONDONOPOLIS,2012,33,0.0,2012-S33
REGIONAL::RONDONOPOLIS,2012,34,2.0,2012-S34
REGIONAL::RONDONOPOLIS,2012,35,1.0,2012-S35
REGIONAL::RONDONOPOLIS,2012,36,0.0,2012-S36
REGIONAL::RONDONOPOLIS,2012,37,2.0,2012-S37
REGIONAL::RONDONOPOLIS,2012,38,1.0,2012-S38
REGIONAL::RONDONOPOLIS,2012,39,0.0,2012-S39
REGIONAL::RONDONOPOLIS,2012,40,1.0,2012-S40
REGIONAL::RONDONOPOLIS,2012,41,0.0,2012-S41
REGIONAL::RONDONOPOLIS,2012,42,0.0,2012-S42
REGIONAL::RONDONOPOLIS,2012,43,3.0,2012-S43
REGIONAL::RONDONOPOLIS,2012,44,0.0,2012-S44
REGIONAL::RONDONOPOLIS,2012,45,2.0,2012-S45
REGIONAL::RONDONOPOLIS,2012,46,2.0,2012-S46
REGIONAL::RONDONOPOLIS,2012,47,0.0,2012-S47
REGIONAL::RONDONOPOLIS,2012,48,0.0,2012-S48
REGIONAL::RONDONOPOLIS,2012,49,0.0,2012-S49
REGIONAL::RONDONOPOLIS,2012,50,1.0,2012-S50
REGIONAL::RONDONOPOLIS,2012,51,1.0,2012-S51
REGIONAL::RONDONOPOLIS,2012,52,0.0,2012-S52
REGIONAL::RONDONOPOLIS,2013,1,0.0,2013-S01
REGIONAL::RONDONOPOLIS,2013,2,0.0,2013-S02
REGIONAL::RONDONOPOLIS,2013,3,0.0,2013-S03
REGIONAL::RONDONOPOLIS,2013,4,0.0,2013-S04
REGIONAL::RONDONOPOLIS,2013,5,2.0,2013-S05
REGIONAL::RONDONOPOLIS,2013,6,1.0,2013-S06
REGIONAL::RONDONOPOLIS,2013,7,2.0,2013-S07
REGIONAL::RONDONOPOLIS,2013,8,0.0,2013-S08
REGIONAL::RONDONOPOLIS,2013,9,5.0,2013-S09
REGIONAL::RONDONOPOLIS,2013,10,1.0,2013-S10
REGIONAL::RONDONOPOLIS,2013,11,0.0,2013-S11
REGIONAL::RONDONOPOLIS,2013,12,2.0,2013-S12
REGIONAL::RONDONOPOLIS,2013,13,2.0,2013-S13
REGIONAL::RONDONOPOLIS,2013,14,1.0,2013-S14
REGIONAL::RONDONOPOLIS,2013,15,1.0,2013-S15
REGIONAL::RONDONOPOLIS,2013,16,1.0,2013-S16
REGIONAL::RONDONOPOLIS,2013,17,1.0,2013-S17
REGIONAL::RONDONOPOLIS,2013,18,1.0,2013-S18
REGIONAL::RONDONOPOLIS,2013,19,1.0,2013-S19
REGIONAL::RONDONOPOLIS,2013,20,2.0,2013-S20
REGIONAL::RONDONOPOLIS,2013,21,0.0,2013-S21
REGIONAL::RONDONOPOLIS,2013,22,4.0,2013-S22
REGIONAL::RONDONOPOLIS,2013,23,0.0,2013-S23
REGIONAL::RONDONOPOLIS,2013,24,2.0,2013-S24
REGIONAL::RONDONOPOLIS,2013,25,0.0,2013-S25
REGIONAL::RONDONOPOLIS,2013,26,1.0,2013-S26
REGIONAL::RONDONOPOLIS,2013,27,1.0,2013-S27
REGIONAL::RONDONOPOLIS,2013,28,2.0,2013-S28
REGIONAL::RONDONOPOLIS,2013,29,2.0,2013-S29
REGIONAL::RONDONOPOLIS,2013,30,2.0,2013-S30
REGIONAL::RONDONOPOLIS,2013,31,2.0,2013-S31
REGIONAL::RONDONOPOLIS,2013,32,2.0,2013-S32
REGIONAL::RONDONOPOLIS,2013,33,2.0,2013-S33
REGIONAL::RONDONOPOLIS,2013,34,0.0,2013-S34
REGIONAL::RONDONOPOLIS,2013,35,0.0,2013-S35
REGIONAL::RONDONOPOLIS,2013,36,1.0,2013-S36
REGIONAL::RONDONOPOLIS,2013,37,1.0,2013-S37
REGIONAL::RONDONOPOLIS,2013,38,2.0,2013-S38
REGIONAL::RONDONOPOLIS,2013,39,0.0,2013-S39
REGIONAL::RONDONOPOLIS,2013,40,0.0,2013-S40
REGIONAL::RONDONOPOLIS,2013,41,0.0,2013-S41
REGIONAL::RONDONOPOLIS,2013,42,3.0,2013-S42
REGIONAL::RONDONOPOLIS,2013,43,0.0,2013-S43
REGIONAL::RONDONOPOLIS,2013,44,1.0,2013-S44
REGIONAL::RONDONOPOLIS,2013,45,1.0,2013-S45
REGIONAL::RONDONOPOLIS,2013,46,1.0,2013-S46
REGIONAL::RONDONOPOLIS,2013,47,2.0,2013-S47
REGIONAL::RONDONOPOLIS,2013,48,1.0,2013-S48
REGIONAL::RONDONOPOLIS,2013,49,1.0,2013-S49
REGIONAL::RONDONOPOLIS,2013,50,2.0,2013-S50
REGIONAL::RONDONOPOLIS,2013,51,0.0,2013-S51
REGIONAL::RONDONOPOLIS,2013,52,1.0,2013-S52
REGIONAL::RONDONOPOLIS,2014,1,0.0,2014-S01
REGIONAL::RONDONOPOLIS,2014,2,1.0,2014-S02
REGIONAL::RONDONOPOLIS,2014,3,1.0,2014-S03
REGIONAL::RONDONOPOLIS,2014,4,3.0,2014-S04
REGIONAL::RONDONOPOLIS,2014,5,0.0,2014-S05
REGIONAL::RONDONOPOLIS,2014,6,0.0,2014-S06
REGIONAL::RONDONOPOLIS,2014,7,2.0,2014-S07
REGIONAL::RONDONOPOLIS,2014,8,1.0,2014-S08
REGIONAL::RONDONOPOLIS,2014,9,0.0,2014-S09
REGIONAL::RONDONOPOLIS,2014,10,0.0,2014-S10
REGIONAL::RONDONOPOLIS,2014,11,0.0,2014-S11
REGIONAL::RONDONOPOLIS,2014,12,1.0,2014-S12
REGIONAL::RONDONOPOLIS,2014,13,0.0,2014-S13
REGIONAL::RONDONOPOLIS,2014,14,0.0,2014-S14
REGIONAL::RONDONOPOLIS,2014,15,2.0,2014-S15
REGIONAL::RONDONOPOLIS,2014,16,2.0,2014-S16
REGIONAL::RONDONOPOLIS,2014,17,0.0,2014-S17
REGIONAL::RONDONOPOLIS,2014,18,1.0,2014-S18
REGIONAL::RONDONOPOLIS,2014,19,2.0,2014-S19
REGIONAL::RONDONOPOLIS,2014,20,0.0,2014-S20
REGIONAL::RONDONOPOLIS,2014,21,0.0,2014-S21
REGIONAL::RONDONOPOLIS,2014,22,2.0,2014-S22
REGIONAL::RONDONOPOLIS,2014,23,2.0,2014-S23
REGIONAL::RONDONOPOLIS,2014,24,2.0,2014-S24
REGIONAL::RONDONOPOLIS,2014,25,0.0,2014-S25
REGIONAL::RONDONOPOLIS,2014,26,5.0,2014-S26
REGIONAL::RONDONOPOLIS,2014,27,1.0,2014-S27
REGIONAL::RONDONOPOLIS,2014,28,0.0,2014-S28
REGIONAL::RONDONOPOLIS,2014,29,0.0,2014-S29
REGIONAL::RONDONOPOLIS,2014,30,2.0,2014-S30
REGIONAL::RONDONOPOLIS,2014,31,1.0,2014-S31
REGIONAL::RONDONOPOLIS,2014,32,1.0,2014-S32
REGIONAL::RONDONOPOLIS,2014,33,3.0,2014-S33
REGIONAL::RONDONOPOLIS,2014,34,2.0,2014-S34
REGIONAL::RONDONOPOLIS,2014,35,1.0,2014-S35
REGIONAL::RONDONOPOLIS,2014,36,0.0,2014-S36
REGIONAL::RONDONOPOLIS,2014,37,3.0,2014-S37
REGIONAL::RONDONOPOLIS,2014,38,0.0,2014-S38
REGIONAL::RONDONOPOLIS,2014,39,0.0,2014-S39
REGIONAL::RONDONOPOLIS,2014,40,1.0,2014-S40
REGIONAL::RONDONOPOLIS,2014,41,0.0,2014-S41
REGIONAL::RONDONOPOLIS,2014,42,2.0,2014-S42
REGIONAL::RONDONOPOLIS,2014,43,1.0,2014-S43
REGIONAL::RONDONOPOLIS,2014,44,0.0,2014-S44
REGIONAL::RONDONOPOLIS,2014,45,1.0,2014-S45
REGIONAL::RONDONOPOLIS,2014,46,1.0,2014-S46
REGIONAL::RONDONOPOLIS,2014,47,1.0,2014-S47
REGIONAL::RONDONOPOLIS,2014,48,1.0,2014-S48
REGIONAL::RONDONOPOLIS,2014,49,2.0,2014-S49
REGIONAL::RONDONOPOLIS,2014,50,2.0,2014-S50
REGIONAL::RONDONOPOLIS,2014,51,2.0,2014-S51
REGIONAL::RONDONOPOLIS,2014,52,0.0,2014-S52
REGIONAL::RONDONOPOLIS,2015,1,1.0,2015-S01
REGIONAL::RONDONOPOLIS,2015,2,1.0,2015-S02
REGIONAL::RONDONOPOLIS,2015,3,1.0,2015-S03
REGIONAL::RONDONOPOLIS,2015,4,1.0,2015-S04
REGIONAL::RONDONOPOLIS,2015,5,1.0,2015-S05
REGIONAL::RONDONOPOLIS,2015,6,0.0,2015-S06
REGIONAL::RONDONOPOLIS,2015,7,0.0,2015-S07
REGIONAL::RONDONOPOLIS,2015,8,0.0,2015-S08
REGIONAL::RONDONOPOLIS,2015,9,2.0,2015-S09
REGIONAL::RONDONOPOLIS,2015,10,0.0,2015-S10
REGIONAL::RONDONOPOLIS,2015,11,0.0,2015-S11
REGIONAL::RONDONOPOLIS,2015,12,1.0,2015-S12
REGIONAL::RONDONOPOLIS,2015,13,2.0,2015-S13
REGIONAL::RONDONOPOLIS,2015,14,0.0,2015-S14
REGIONAL::RONDONOPOLIS,2015,15,4.0,2015-S15
REGIONAL::RONDONOPOLIS,2015,16,0.0,2015-S16
REGIONAL::RONDONOPOLIS,2015,17,1.0,2015-S17
REGIONAL::RONDONOPOLIS,2015,18,0.0,2015-S18
REGIONAL::RONDONOPOLIS,2015,19,0.0,2015-S19
REGIONAL::RONDONOPOLIS,2015,20,0.0,2015-S20
REGIONAL::RONDONOPOLIS,2015,21,0.0,2015-S21
REGIONAL::RONDONOPOLIS,2015,22,0.0,2015-S22
REGIONAL::RONDONOPOLIS,2015,23,0.0,2015-S23
REGIONAL::RONDONOPOLIS,2015,24,3.0,2015-S24
REGIONAL::RONDONOPOLIS,2015,25,0.0,2015-S25
REGIONAL::RONDONOPOLIS,2015,26,0.0,2015-S26
REGIONAL::RONDONOPOLIS,2015,27,2.0,2015-S27
REGIONAL::RONDONOPOLIS,2015,28,1.0,2015-S28
REGIONAL::RONDONOPOLIS,2015,29,1.0,2015-S29
REGIONAL::RONDONOPOLIS,2015,30,0.0,2015-S30
REGIONAL::RONDONOPOLIS,2015,31,1.0,2015-S31
REGIONAL::RONDONOPOLIS,2015,32,1.0,2015-S32
REGIONAL::RONDONOPOLIS,2015,33,0.0,2015-S33
REGIONAL::RONDONOPOLIS,2015,34,1.0,2015-S34
REGIONAL::RONDONOPOLIS,2015,35,0.0,2015-S35
REGIONAL::RONDONOPOLIS,2015,36,2.0,2015-S36
REGIONAL::RONDONOPOLIS,2015,37,2.0,2015-S37
REGIONAL::RONDONOPOLIS,2015,38,3.0,2015-S38
REGIONAL::RONDONOPOLIS,2015,39,0.0,2015-S39
REGIONAL::RONDONOPOLIS,2015,40,0.0,2015-S40
REGIONAL::RONDONOPOLIS,2015,41,0.0,2015-S41
REGIONAL::RONDONOPOLIS,2015,42,1.0,2015-S42
REGIONAL::RONDONOPOLIS,2015,43,0.0,2015-S43
REGIONAL::RONDONOPOLIS,2015,44,1.0,2015-S44
REGIONAL::RONDONOPOLIS,2015,45,0.0,2015-S45
REGIONAL::RONDONOPOLIS,2015,46,1.0,2015-S46
REGIONAL::RONDONOPOLIS,2015,47,3.0,2015-S47
REGIONAL::RONDONOPOLIS,2015,48,1.0,2015-S48
REGIONAL::RONDONOPOLIS,2015,49,1.0,2015-S49
REGIONAL::RONDONOPOLIS,2015,50,0.0,2015-S50
REGIONAL::RONDONOPOLIS,2015,51,1.0,2015-S51
REGIONAL::RONDONOPOLIS,2015,52,0.0,2015-S52
REGIONAL::RONDONOPOLIS,2016,1,2.0,2016-S01
REGIONAL::RONDONOPOLIS,2016,2,0.0,2016-S02
REGIONAL::RONDONOPOLIS,2016,3,1.0,2016-S03
REGIONAL::RONDONOPOLIS,2016,4,0.0,2016-S04
REGIONAL::RONDONOPOLIS,2016,5,0.0,2016-S05
REGIONAL::RONDONOPOLIS,2016,6,0.0,2016-S06
REGIONAL::RONDONOPOLIS,2016,7,1.0,2016-S07
REGIONAL::RONDONOPOLIS,2016,8,1.0,2016-S08
REGIONAL::RONDONOPOLIS,2016,9,3.0,2016-S09
REGIONAL::RONDONOPOLIS,2016,10,2.0,2016-S10
REGIONAL::RONDONOPOLIS,2016,11,0.0,2016-S11
REGIONAL::RONDONOPOLIS,2016,12,1.0,2016-S12
REGIONAL::RONDONOPOLIS,2016,13,1.0,2016-S13
REGIONAL::RONDONOPOLIS,2016,14,2.0,2016-S14
REGIONAL::RONDONOPOLIS,2016,15,1.0,2016-S15
REGIONAL::RONDONOPOLIS,2016,16,0.0,2016-S16
REGIONAL::RONDONOPOLIS,2016,17,2.0,2016-S17
REGIONAL::RONDONOPOLIS,2016,18,2.0,2016-S18
REGIONAL::RONDONOPOLIS,2016,19,0.0,2016-S19
REGIONAL::RONDONOPOLIS,2016,20,2.0,2016-S20
REGIONAL::RONDONOPOLIS,2016,21,0.0,2016-S21
REGIONAL::RONDONOPOLIS,2016,22,1.0,2016-S22
REGIONAL::RONDONOPOLIS,2016,23,0.0,2016-S23
REGIONAL::RONDONOPOLIS,2016,24,0.0,2016-S24
REGIONAL::RONDONOPOLIS,2016,25,0.0,2016-S25
REGIONAL::RONDONOPOLIS,2016,26,1.0,2016-S26
REGIONAL::RONDONOPOLIS,2016,27,1.0,2016-S27
REGIONAL::RONDONOPOLIS,2016,28,1.0,2016-S28
REGIONAL::RONDONOPOLIS,2016,29,0.0,2016-S29
REGIONAL::RONDONOPOLIS,2016,30,1.0,2016-S30
REGIONAL::RONDONOPOLIS,2016,31,0.0,2016-S31
REGIONAL::RONDONOPOLIS,2016,32,0.0,2016-S32
REGIONAL::RONDONOPOLIS,2016,33,1.0,2016-S33
REGIONAL::RONDONOPOLIS,2016,34,0.0,2016-S34
REGIONAL::RONDONOPOLIS,2016,35,1.0,2016-S35
REGIONAL::RONDONOPOLIS,2016,36,2.0,2016-S36
REGIONAL::RONDONOPOLIS,2016,37,0.0,2016-S37
REGIONAL::RONDONOPOLIS,2016,38,0.0,2016-S38
REGIONAL::RONDONOPOLIS,2016,39,0.0,2016-S39
REGIONAL::RONDONOPOLIS,2016,40,0.0,2016-S40
REGIONAL::RONDONOPOLIS,2016,41,0.0,2016-S41
REGIONAL::RONDONOPOLIS,2016,42,1.0,2016-S42
REGIONAL::RONDONOPOLIS,2016,43,0.0,2016-S43
REGIONAL::RONDONOPOLIS,2016,44,1.0,2016-S44
REGIONAL::RONDONOPOLIS,2016,45,1.0,2016-S45
REGIONAL::RONDONOPOLIS,2016,46,0.0,2016-S46
REGIONAL::RONDONOPOLIS,2016,47,0.0,2016-S47
REGIONAL::RONDONOPOLIS,2016,48,0.0,2016-S48
REGIONAL::RONDONOPOLIS,2016,49,1.0,2016-S49
REGIONAL::RONDONOPOLIS,2016,50,0.0,2016-S50
REGIONAL::RONDONOPOLIS,2016,51,0.0,2016-S51
REGIONAL::RONDONOPOLIS,2016,52,3.0,2016-S52
REGIONAL::RONDONOPOLIS,2017,1,0.0,2017-S01
REGIONAL::RONDONOPOLIS,2017,2,1.0,2017-S02
REGIONAL::RONDONOPOLIS,2017,3,0.0,2017-S03
REGIONAL::RONDONOPOLIS,2017,4,1.0,2017-S04
REGIONAL::RONDONOPOLIS,2017,5,0.0,2017-S05
REGIONAL::RONDONOPOLIS,2017,6,0.0,2017-S06
REGIONAL::RONDONOPOLIS,2017,7,1.0,2017-S07
REGIONAL::RONDONOPOLIS,2017,8,0.0,2017-S08
REGIONAL::RONDONOPOLIS,2017,9,1.0,2017-S09
REGIONAL::RONDONOPOLIS,2017,10,0.0,2017-S10
REGIONAL::RONDONOPOLIS,2017,11,1.0,2017-S11
REGIONAL::RONDONOPOLIS,2017,12,0.0,2017-S12
REGIONAL::RONDONOPOLIS,2017,13,0.0,2017-S13
REGIONAL::RONDONOPOLIS,2017,14,0.0,2017-S14
REGIONAL::RONDONOPOLIS,2017,15,0.0,2017-S15
REGIONAL::RONDONOPOLIS,2017,16,0.0,2017-S16
REGIONAL::RONDONOPOLIS,2017,17,1.0,2017-S17
REGIONAL::RONDONOPOLIS,2017,18,0.0,2017-S18
REGIONAL::RONDONOPOLIS,2017,19,0.0,2017-S19
REGIONAL::RONDONOPOLIS,2017,20,2.0,2017-S20
REGIONAL::RONDONOPOLIS,2017,21,1.0,2017-S21
REGIONAL::RONDONOPOLIS,2017,22,0.0,2017-S22
REGIONAL::RONDONOPOLIS,2017,23,0.0,2017-S23
REGIONAL::RONDONOPOLIS,2017,24,0.0,2017-S24
REGIONAL::RONDONOPOLIS,2017,25,0.0,2017-S25
REGIONAL::RONDONOPOLIS,2017,26,0.0,2017-S26
REGIONAL::RONDONOPOLIS,2017,27,0.0,2017-S27
REGIONAL::RONDONOPOLIS,2017,28,1.0,2017-S28
REGIONAL::RONDONOPOLIS,2017,29,0.0,2017-S29
REGIONAL::RONDONOPOLIS,2017,30,0.0,2017-S30
REGIONAL::RONDONOPOLIS,2017,31,0.0,2017-S31
REGIONAL::RONDONOPOLIS,2017,32,0.0,2017-S32
REGIONAL::RONDONOPOLIS,2017,33,0.0,2017-S33
REGIONAL::RONDONOPOLIS,2017,34,3.0,2017-S34
REGIONAL::RONDONOPOLIS,2017,35,0.0,2017-S35
REGIONAL::RONDONOPOLIS,2017,36,0.0,2017-S36
REGIONAL::RONDONOPOLIS,2017,37,0.0,2017-S37
REGIONAL::RONDONOPOLIS,2017,38,0.0,2017-S38
REGIONAL::RONDONOPOLIS,2017,39,0.0,2017-S39
REGIONAL::RONDONOPOLIS,2017,40,0.0,2017-S40
REGIONAL::RONDONOPOLIS,2017,41,1.0,2017-S41
REGIONAL::RONDONOPOLIS,2017,42,2.0,2017-S42
REGIONAL::RONDONOPOLIS,2017,43,2.0,2017-S43
REGIONAL::RONDONOPOLIS,2017,44,1.0,2017-S44
REGIONAL::RONDONOPOLIS,2017,45,0.0,2017-S45
REGIONAL::RONDONOPOLIS,2017,46,1.0,2017-S46
REGIONAL::RONDONOPOLIS,2017,47,1.0,2017-S47
REGIONAL::RONDONOPOLIS,2017,48,3.0,2017-S48
REGIONAL::RONDONOPOLIS,2017,49,1.0,2017-S49
REGIONAL::RONDONOPOLIS,2017,50,1.0,2017-S50
REGIONAL::RONDONOPOLIS,2017,51,0.0,2017-S51
REGIONAL::RONDONOPOLIS,2017,52,0.0,2017-S52
REGIONAL::RONDONOPOLIS,2018,1,0.0,2018-S01
REGIONAL::RONDONOPOLIS,2018,2,2.0,2018-S02
REGIONAL::RONDONOPOLIS,2018,3,0.0,2018-S03
REGIONAL::RONDONOPOLIS,2018,4,2.0,2018-S04
REGIONAL::RONDONOPOLIS,2018,5,3.0,2018-S05
REGIONAL::RONDONOPOLIS,2018,6,0.0,2018-S06
REGIONAL::RONDONOPOLIS,2018,7,1.0,2018-S07
REGIONAL::RONDONOPOLIS,2018,8,0.0,2018-S08
REGIONAL::RONDONOPOLIS,2018,9,0.0,2018-S09
REGIONAL::RONDONOPOLIS,2018,10,2.0,2018-S10
REGIONAL::RONDONOPOLIS,2018,11,1.0,2018-S11
REGIONAL::RONDONOPOLIS,2018,12,1.0,2018-S12
REGIONAL::RONDONOPOLIS,2018,13,0.0,2018-S13
REGIONAL::RONDONOPOLIS,2018,14,0.0,2018-S14
REGIONAL::RONDONOPOLIS,2018,15,0.0,2018-S15
REGIONAL::RONDONOPOLIS,2018,16,1.0,2018-S16
REGIONAL::RONDONOPOLIS,2018,17,2.0,2018-S17
REGIONAL::RONDONOPOLIS,2018,18,0.0,2018-S18
REGIONAL::RONDONOPOLIS,2018,19,0.0,2018-S19
REGIONAL::RONDONOPOLIS,2018,20,2.0,2018-S20
REGIONAL::RONDONOPOLIS,2018,21,2.0,2018-S21
REGIONAL::RONDONOPOLIS,2018,22,0.0,2018-S22
REGIONAL::RONDONOPOLIS,2018,23,1.0,2018-S23
REGIONAL::RONDONOPOLIS,2018,24,0.0,2018-S24
REGIONAL::RONDONOPOLIS,2018,25,2.0,2018-S25
REGIONAL::RONDONOPOLIS,2018,26,1.0,2018-S26
REGIONAL::RONDONOPOLIS,2018,27,4.0,2018-S27
REGIONAL::RONDONOPOLIS,2018,28,1.0,2018-S28
REGIONAL::RONDONOPOLIS,2018,29,0.0,2018-S29
REGIONAL::RONDONOPOLIS,2018,30,0.0,2018-S30
REGIONAL::RONDONOPOLIS,2018,31,1.0,2018-S31
REGIONAL::RONDONOPOLIS,2018,32,0.0,2018-S32
REGIONAL::RONDONOPOLIS,2018,33,2.0,2018-S33
REGIONAL::RONDONOPOLIS,2018,34,5.0,2018-S34
REGIONAL::RONDONOPOLIS,2018,35,5.0,2018-S35
REGIONAL::RONDONOPOLIS,2018,36,1.0,2018-S36
REGIONAL::RONDONOPOLIS,2018,37,7.0,2018-S37
REGIONAL::RONDONOPOLIS,2018,38,1.0,2018-S38
REGIONAL::RONDONOPOLIS,2018,39,1.0,2018-S39
REGIONAL::RONDONOPOLIS,2018,40,0.0,2018-S40
REGIONAL::RONDONOPOLIS,2018,41,1.0,2018-S41
REGIONAL::RONDONOPOLIS,2018,42,0.0,2018-S42
REGIONAL::RONDONOPOLIS,2018,43,0.0,2018-S43
REGIONAL::RONDONOPOLIS,2018,44,0.0,2018-S44
REGIONAL::RONDONOPOLIS,2018,45,0.0,2018-S45
REGIONAL::RONDONOPOLIS,2018,46,0.0,2018-S46
REGIONAL::RONDONOPOLIS,2018,47,0.0,2018-S47
REGIONAL::RONDONOPOLIS,2018,48,1.0,2018-S48
REGIONAL::RONDONOPOLIS,2018,49,0.0,2018-S49
REGIONAL::RONDONOPOLIS,2018,50,1.0,2018-S50
REGIONAL::RONDONOPOLIS,2018,51,0.0,2018-S51
REGIONAL::RONDONOPOLIS,2018,52,1.0,2018-S52
REGIONAL::RONDONOPOLIS,2019,1,0.0,2019-S01
REGIONAL::RONDONOPOLIS,2019,2,0.0,2019-S02
REGIONAL::RONDONOPOLIS,2019,3,0.0,2019-S03
REGIONAL::RONDONOPOLIS,2019,4,1.0,2019-S04
REGIONAL::RONDONOPOLIS,2019,5,0.0,2019-S05
REGIONAL::RONDONOPOLIS,2019,6,1.0,2019-S06
REGIONAL::RONDONOPOLIS,2019,7,2.0,2019-S07
REGIONAL::RONDONOPOLIS,2019,8,0.0,2019-S08
REGIONAL::RONDONOPOLIS,2019,9,0.0,2019-S09
REGIONAL::RONDONOPOLIS,2019,10,1.0,2019-S10
REGIONAL::RONDONOPOLIS,2019,11,1.0,2019-S11
REGIONAL::RONDONOPOLIS,2019,12,3.0,2019-S12
REGIONAL::RONDONOPOLIS,2019,13,2.0,2019-S13
REGIONAL::RONDONOPOLIS,2019,14,0.0,2019-S14
REGIONAL::RONDONOPOLIS,2019,15,0.0,2019-S15
REGIONAL::RONDONOPOLIS,2019,16,0.0,2019-S16
REGIONAL::RONDONOPOLIS,2019,17,0.0,2019-S17
REGIONAL::RONDONOPOLIS,2019,18,1.0,2019-S18
REGIONAL::RONDONOPOLIS,2019,19,0.0,2019-S19
REGIONAL::RONDONOPOLIS,2019,20,0.0,2019-S20
REGIONAL::RONDONOPOLIS,2019,21,0.0,2019-S21
REGIONAL::RONDONOPOLIS,2019,22,0.0,2019-S22
REGIONAL::RONDONOPOLIS,2019,23,1.0,2019-S23
REGIONAL::RONDONOPOLIS,2019,24,1.0,2019-S24
REGIONAL::RONDONOPOLIS,2019,25,1.0,2019-S25
REGIONAL::RONDONOPOLIS,2019,26,0.0,2019-S26
REGIONAL::RONDONOPOLIS,2019,27,1.0,2019-S27
REGIONAL::RONDONOPOLIS,2019,28,0.0,2019-S28
REGIONAL::RONDONOPOLIS,2019,29,2.0,2019-S29
REGIONAL::RONDONOPOLIS,2019,30,1.0,2019-S30
REGIONAL::RONDONOPOLIS,2019,31,2.0,2019-S31
REGIONAL::RONDONOPOLIS,2019,32,0.0,2019-S32
REGIONAL::RONDONOPOLIS,2019,33,1.0,2019-S33
REGIONAL::RONDONOPOLIS,2019,34,1.0,2019-S34
REGIONAL::RONDONOPOLIS,2019,35,0.0,2019-S35
REGIONAL::RONDONOPOLIS,2019,36,2.0,2019-S36
REGIONAL::RONDONOPOLIS,2019,37,0.0,2019-S37
REGIONAL::RONDONOPOLIS,2019,38,2.0,2019-S38
REGIONAL::RONDONOPOLIS,2019,39,1.0,2019-S39
REGIONAL::RONDONOPOLIS,2019,40,1.0,2019-S40
REGIONAL::RONDONOPOLIS,2019,41,1.0,2019-S41
REGIONAL::RONDONOPOLIS,2019,42,0.0,2019-S42
REGIONAL::RONDONOPOLIS,2019,43,1.0,2019-S43
REGIONAL::RONDONOPOLIS,2019,44,0.0,2019-S44
REGIONAL::RONDONOPOLIS,2019,45,2.0,2019-S45
REGIONAL::RONDONOPOLIS,2019,46,0.0,2019-S46
REGIONAL::RONDONOPOLIS,2019,47,0.0,2019-S47
REGIONAL::RONDONOPOLIS,2019,48,0.0,2019-S48
REGIONAL::RONDONOPOLIS,2019,49,1.0,2019-S49
REGIONAL::RONDONOPOLIS,2019,50,0.0,2019-S50
REGIONAL::RONDONOPOLIS,2019,51,0.0,2019-S51
REGIONAL::RONDONOPOLIS,2019,52,1.0,2019-S52
REGIONAL::RONDONOPOLIS,2020,1,2.0,2020-S01
REGIONAL::RONDONOPOLIS,2020,2,0.0,2020-S02
REGIONAL::RONDONOPOLIS,2020,3,0.0,2020-S03
REGIONAL::RONDONOPOLIS,2020,4,0.0,2020-S04
REGIONAL::RONDONOPOLIS,2020,5,0.0,2020-S05
REGIONAL::RONDONOPOLIS,2020,6,1.0,2020-S06
REGIONAL::RONDONOPOLIS,2020,7,1.0,2020-S07
REGIONAL::RONDONOPOLIS,2020,8,0.0,2020-S08
REGIONAL::RONDONOPOLIS,2020,9,1.0,2020-S09
REGIONAL::RONDONOPOLIS,2020,10,0.0,2020-S10
REGIONAL::RONDONOPOLIS,2020,11,0.0,2020-S11
REGIONAL::RONDONOPOLIS,2020,12,1.0,2020-S12
REGIONAL::RONDONOPOLIS,2020,13,1.0,2020-S13
REGIONAL::RONDONOPOLIS,2020,14,1.0,2020-S14
REGIONAL::RONDONOPOLIS,2020,15,0.0,2020-S15
REGIONAL::RONDONOPOLIS,2020,16,0.0,2020-S16
REGIONAL::RONDONOPOLIS,2020,17,0.0,2020-S17
REGIONAL::RONDONOPOLIS,2020,18,0.0,2020-S18
REGIONAL::RONDONOPOLIS,2020,19,1.0,2020-S19
REGIONAL::RONDONOPOLIS,2020,20,0.0,2020-S20
REGIONAL::RONDONOPOLIS,2020,21,0.0,2020-S21
REGIONAL::RONDONOPOLIS,2020,22,1.0,2020-S22
REGIONAL::RONDONOPOLIS,2020,23,0.0,2020-S23
REGIONAL::RONDONOPOLIS,2020,24,0.0,2020-S24
REGIONAL::RONDONOPOLIS,2020,25,0.0,2020-S25
REGIONAL::RONDONOPOLIS,2020,26,2.0,2020-S26
REGIONAL::RONDONOPOLIS,2020,27,0.0,2020-S27
REGIONAL::RONDONOPOLIS,2020,28,0.0,2020-S28
REGIONAL::RONDONOPOLIS,2020,29,0.0,2020-S29
REGIONAL::RONDONOPOLIS,2020,30,0.0,2020-S30
REGIONAL::RONDONOPOLIS,2020,31,0.0,2020-S31
REGIONAL::RONDONOPOLIS,2020,32,0.0,2020-S32
REGIONAL::RONDONOPOLIS,2020,33,0.0,2020-S33
REGIONAL::RONDONOPOLIS,2020,34,1.0,2020-S34
REGIONAL::RONDONOPOLIS,2020,35,0.0,2020-S35
REGIONAL::RONDONOPOLIS,2020,36,0.0,2020-S36
REGIONAL::RONDONOPOLIS,2020,37,0.0,2020-S37
REGIONAL::RONDONOPOLIS,2020,38,1.0,2020-S38
REGIONAL::RONDONOPOLIS,2020,39,0.0,2020-S39
REGIONAL::RONDONOPOLIS,2020,40,0.0,2020-S40
REGIONAL::RONDONOPOLIS,2020,41,0.0,2020-S41
REGIONAL::RONDONOPOLIS,2020,42,0.0,2020-S42
REGIONAL::RONDONOPOLIS,2020,43,1.0,2020-S43
REGIONAL::RONDONOPOLIS,2020,44,0.0,2020-S44
REGIONAL::RONDONOPOLIS,2020,45,0.0,2020-S45
REGIONAL::RONDONOPOLIS,2020,46,0.0,2020-S46
REGIONAL::RONDONOPOLIS,2020,47,1.0,2020-S47
REGIONAL::RONDONOPOLIS,2020,48,1.0,2020-S48
REGIONAL::RONDONOPOLIS,2020,49,0.0,2020-S49
REGIONAL::RONDONOPOLIS,2020,50,0.0,2020-S50
REGIONAL::RONDONOPOLIS,2020,51,1.0,2020-S51
REGIONAL::RONDONOPOLIS,2020,52,0.0,2020-S52
REGIONAL::RONDONOPOLIS,2021,1,0.0,2021-S01
REGIONAL::RONDONOPOLIS,2021,2,1.0,2021-S02
REGIONAL::RONDONOPOLIS,2021,3,0.0,2021-S03
REGIONAL::RONDONOPOLIS,2021,4,0.0,2021-S04
REGIONAL::RONDONOPOLIS,2021,5,0.0,2021-S05
REGIONAL::RONDONOPOLIS,2021,6,0.0,2021-S06
REGIONAL::RONDONOPOLIS,2021,7,0.0,2021-S07
REGIONAL::RONDONOPOLIS,2021,8,0.0,2021-S08
REGIONAL::RONDONOPOLIS,2021,9,0.0,2021-S09
REGIONAL::RONDONOPOLIS,2021,10,0.0,2021-S10
REGIONAL::RONDONOPOLIS,2021,11,0.0,2021-S11
REGIONAL::RONDONOPOLIS,2021,12,0.0,2021-S12
REGIONAL::RONDONOPOLIS,2021,13,0.0,2021-S13
REGIONAL::RONDONOPOLIS,2021,14,1.0,2021-S14
REGIONAL::RONDONOPOLIS,2021,15,0.0,2021-S15
REGIONAL::RONDONOPOLIS,2021,16,1.0,2021-S16
REGIONAL::RONDONOPOLIS,2021,17,1.0,2021-S17
REGIONAL::RONDONOPOLIS,2021,18,1.0,2021-S18
REGIONAL::RONDONOPOLIS,2021,19,0.0,2021-S19
REGIONAL::RONDONOPOLIS,2021,20,0.0,2021-S20
REGIONAL::RONDONOPOLIS,2021,21,1.0,2021-S21
REGIONAL::RONDONOPOLIS,2021,22,2.0,2021-S22
REGIONAL::RONDONOPOLIS,2021,23,0.0,2021-S23
REGIONAL::RONDONOPOLIS,2021,24,0.0,2021-S24
REGIONAL::RONDONOPOLIS,2021,25,2.0,2021-S25
REGIONAL::RONDONOPOLIS,2021,26,0.0,2021-S26
REGIONAL::RONDONOPOLIS,2021,27,0.0,2021-S27
REGIONAL::RONDONOPOLIS,2021,28,1.0,2021-S28
REGIONAL::RONDONOPOLIS,2021,29,0.0,2021-S29
REGIONAL::RONDONOPOLIS,2021,30,1.0,2021-S30
REGIONAL::RONDONOPOLIS,2021,31,0.0,2021-S31
REGIONAL::RONDONOPOLIS,2021,32,0.0,2021-S32
REGIONAL::RONDONOPOLIS,2021,33,0.0,2021-S33
REGIONAL::RONDONOPOLIS,2021,34,0.0,2021-S34
REGIONAL::RONDONOPOLIS,2021,35,1.0,2021-S35
REGIONAL::RONDONOPOLIS,2021,36,0.0,2021-S36
REGIONAL::RONDONOPOLIS,2021,37,2.0,2021-S37
REGIONAL::RONDONOPOLIS,2021,38,0.0,2021-S38
REGIONAL::RONDONOPOLIS,2021,39,0.0,2021-S39
REGIONAL::RONDONOPOLIS,2021,40,0.0,2021-S40
REGIONAL::RONDONOPOLIS,2021,41,2.0,2021-S41
REGIONAL::RONDONOPOLIS,2021,42,1.0,2021-S42
REGIONAL::RONDONOPOLIS,2021,43,0.0,2021-S43
REGIONAL::RONDONOPOLIS,2021,44,1.0,2021-S44
REGIONAL::RONDONOPOLIS,2021,45,1.0,2021-S45
REGIONAL::RONDONOPOLIS,2021,46,0.0,2021-S46
REGIONAL::RONDONOPOLIS,2021,47,0.0,2021-S47
REGIONAL::RONDONOPOLIS,2021,48,1.0,2021-S48
REGIONAL::RONDONOPOLIS,2021,49,1.0,2021-S49
REGIONAL::RONDONOPOLIS,2021,50,1.0,2021-S50
REGIONAL::RONDONOPOLIS,2021,51,2.0,2021-S51
REGIONAL::RONDONOPOLIS,2021,52,0.0,2021-S52
REGIONAL::RONDONOPOLIS,2022,1,0.0,2022-S01
REGIONAL::RONDONOPOLIS,2022,2,1.0,2022-S02
REGIONAL::RONDONOPOLIS,2022,3,1.0,2022-S03
REGIONAL::RONDONOPOLIS,2022,4,1.0,2022-S04
REGIONAL::RONDONOPOLIS,2022,5,0.0,2022-S05
REGIONAL::RONDONOPOLIS,2022,6,0.0,2022-S06
REGIONAL::RONDONOPOLIS,2022,7,0.0,2022-S07
REGIONAL::RONDONOPOLIS,2022,8,0.0,2022-S08
REGIONAL::RONDONOPOLIS,2022,9,0.0,2022-S09
REGIONAL::RONDONOPOLIS,2022,10,0.0,2022-S10
REGIONAL::RONDONOPOLIS,2022,11,0.0,2022-S11
REGIONAL::RONDONOPOLIS,2022,12,1.0,2022-S12
REGIONAL::RONDONOPOLIS,2022,13,0.0,2022-S13
REGIONAL::RONDONOPOLIS,2022,14,1.0,2022-S14
REGIONAL::RONDONOPOLIS,2022,15,2.0,2022-S15
REGIONAL::RONDONOPOLIS,2022,16,0.0,2022-S16
REGIONAL::RONDONOPOLIS,2022,17,0.0,2022-S17
REGIONAL::RONDONOPOLIS,2022,18,0.0,2022-S18
REGIONAL::RONDONOPOLIS,2022,19,2.0,2022-S19
REGIONAL::RONDONOPOLIS,2022,20,0.0,2022-S20
REGIONAL::RONDONOPOLIS,2022,21,0.0,2022-S21
REGIONAL::RONDONOPOLIS,2022,22,0.0,2022-S22
REGIONAL::RONDONOPOLIS,2022,23,0.0,2022-S23
REGIONAL::RONDONOPOLIS,2022,24,0.0,2022-S24
REGIONAL::RONDONOPOLIS,2022,25,0.0,2022-S25
REGIONAL::RONDONOPOLIS,2022,26,0.0,2022-S26
REGIONAL::RONDONOPOLIS,2022,27,0.0,2022-S27
REGIONAL::RONDONOPOLIS,2022,28,0.0,2022-S28
REGIONAL::RONDONOPOLIS,2022,29,1.0,2022-S29
REGIONAL::RONDONOPOLIS,2022,30,0.0,2022-S30
REGIONAL::RONDONOPOLIS,2022,31,1.0,2022-S31
REGIONAL::RONDONOPOLIS,2022,32,1.0,2022-S32
REGIONAL::RONDONOPOLIS,2022,33,0.0,2022-S33
REGIONAL::RONDONOPOLIS,2022,34,0.0,2022-S34
REGIONAL::RONDONOPOLIS,2022,35,0.0,2022-S35
REGIONAL::RONDONOPOLIS,2022,36,1.0,2022-S36
REGIONAL::RONDONOPOLIS,2022,37,1.0,2022-S37
REGIONAL::RONDONOPOLIS,2022,38,1.0,2022-S38
REGIONAL::RONDONOPOLIS,2022,39,1.0,2022-S39
REGIONAL::RONDONOPOLIS,2022,40,0.0,2022-S40
REGIONAL::RONDONOPOLIS,2022,41,0.0,2022-S41
REGIONAL::RONDONOPOLIS,2022,42,0.0,2022-S42
REGIONAL::RONDONOPOLIS,2022,43,0.0,2022-S43
REGIONAL::RONDONOPOLIS,2022,44,1.0,2022-S44
REGIONAL::RONDONOPOLIS,2022,45,0.0,2022-S45
REGIONAL::RONDONOPOLIS,2022,46,0.0,2022-S46
REGIONAL::RONDONOPOLIS,2022,47,0.0,2022-S47
REGIONAL::RONDONOPOLIS,2022,48,1.0,2022-S48
REGIONAL::RONDONOPOLIS,2022,49,0.0,2022-S49
REGIONAL::RONDONOPOLIS,2022,50,0.0,2022-S50
REGIONAL::RONDONOPOLIS,2022,51,0.0,2022-S51
REGIONAL::RONDONOPOLIS,2022,52,0.0,2022-S52
REGIONAL::RONDONOPOLIS,2023,1,1.0,2023-S01
REGIONAL::RONDONOPOLIS,2023,2,0.0,2023-S02
REGIONAL::RONDONOPOLIS,2023,3,0.0,2023-S03
REGIONAL::RONDONOPOLIS,2023,4,0.0,2023-S04
REGIONAL::RONDONOPOLIS,2023,5,0.0,2023-S05
REGIONAL::RONDONOPOLIS,2023,6,0.0,2023-S06
REGIONAL::RONDONOPOLIS,2023,7,0.0,2023-S07
REGIONAL::RONDONOPOLIS,2023,8,3.0,2023-S08
REGIONAL::RONDONOPOLIS,2023,9,2.0,2023-S09
REGIONAL::RONDONOPOLIS,2023,10,0.0,2023-S10
REGIONAL::RONDONOPOLIS,2023,11,0.0,2023-S11
REGIONAL::RONDONOPOLIS,2023,12,1.0,2023-S12
REGIONAL::RONDONOPOLIS,2023,13,0.0,2023-S13
REGIONAL::RONDONOPOLIS,2023,14,0.0,2023-S14
REGIONAL::RONDONOPOLIS,2023,15,1.0,2023-S15
REGIONAL::RONDONOPOLIS,2023,16,2.0,2023-S16
REGIONAL::RONDONOPOLIS,2023,17,0.0,2023-S17
REGIONAL::RONDONOPOLIS,2023,18,1.0,2023-S18
REGIONAL::RONDONOPOLIS,2023,19,1.0,2023-S19
REGIONAL::RONDONOPOLIS,2023,20,0.0,2023-S20
REGIONAL::RONDONOPOLIS,2023,21,0.0,2023-S21
REGIONAL::RONDONOPOLIS,2023,22,2.0,2023-S22
REGIONAL::RONDONOPOLIS,2023,23,0.0,2023-S23
REGIONAL::RONDONOPOLIS,2023,24,2.0,2023-S24
REGIONAL::RONDONOPOLIS,2023,25,0.0,2023-S25
REGIONAL::RONDONOPOLIS,2023,26,0.0,2023-S26
REGIONAL::RONDONOPOLIS,2023,27,1.0,2023-S27
REGIONAL::RONDONOPOLIS,2023,28,1.0,2023-S28
REGIONAL::RONDONOPOLIS,2023,29,0.0,2023-S29
REGIONAL::RONDONOPOLIS,2023,30,1.0,2023-S30
REGIONAL::RONDONOPOLIS,2023,31,2.0,2023-S31
REGIONAL::RONDONOPOLIS,2023,32,0.0,2023-S32
REGIONAL::RONDONOPOLIS,2023,33,0.0,2023-S33
REGIONAL::RONDONOPOLIS,2023,34,0.0,2023-S34
REGIONAL::RONDONOPOLIS,2023,35,1.0,2023-S35
REGIONAL::RONDONOPOLIS,2023,36,0.0,2023-S36
REGIONAL::RONDONOPOLIS,2023,37,1.0,2023-S37
REGIONAL::RONDONOPOLIS,2023,38,0.0,2023-S38
REGIONAL::RONDONOPOLIS,2023,39,1.0,2023-S39
REGIONAL::RONDONOPOLIS,2023,40,0.0,2023-S40
REGIONAL::RONDONOPOLIS,2023,41,0.0,2023-S41
REGIONAL::RONDONOPOLIS,2023,42,0.0,2023-S42
REGIONAL::RONDONOPOLIS,2023,43,1.0,2023-S43
REGIONAL::RONDONOPOLIS,2023,44,1.0,2023-S44
REGIONAL::RONDONOPOLIS,2023,45,0.0,2023-S45
REGIONAL::RONDONOPOLIS,2023,46,0.0,2023-S46
REGIONAL::RONDONOPOLIS,2023,47,0.0,2023-S47
REGIONAL::RONDONOPOLIS,2023,48,0.0,2023-S48
REGIONAL::RONDONOPOLIS,2023,49,0.0,2023-S49
REGIONAL::RONDONOPOLIS,2023,50,0.0,2023-S50
REGIONAL::RONDONOPOLIS,2023,51,1.0,2023-S51
REGIONAL::RONDONOPOLIS,2023,52,2.0,2023-S52
REGIONAL::RONDONOPOLIS,2024,1,2.0,2024-S01
REGIONAL::RONDONOPOLIS,2024,2,1.0,2024-S02
REGIONAL::RONDONOPOLIS,2024,3,1.0,2024-S03
REGIONAL::RONDONOPOLIS,2024,4,1.0,2024-S04
REGIONAL::RONDONOPOLIS,2024,5,1.0,2024-S05
REGIONAL::RONDONOPOLIS,2024,6,1.0,2024-S06
REGIONAL::RONDONOPOLIS,2024,7,0.0,2024-S07
REGIONAL::RONDONOPOLIS,2024,8,1.0,2024-S08
REGIONAL::RONDONOPOLIS,2024,9,0.0,2024-S09
REGIONAL::RONDONOPOLIS,2024,10,1.0,2024-S10
REGIONAL::RONDONOPOLIS,2024,11,1.0,2024-S11
REGIONAL::RONDONOPOLIS,2024,12,0.0,2024-S12
REGIONAL::RONDONOPOLIS,2024,13,0.0,2024-S13
REGIONAL::RONDONOPOLIS,2024,14,0.0,2024-S14
REGIONAL::RONDONOPOLIS,2024,15,1.0,2024-S15
REGIONAL::RONDONOPOLIS,2024,16,1.0,2024-S16
REGIONAL::RONDONOPOLIS,2024,17,0.0,2024-S17
REGIONAL::RONDONOPOLIS,2024,18,1.0,2024-S18
REGIONAL::RONDONOPOLIS,2024,19,0.0,2024-S19
REGIONAL::RONDONOPOLIS,2024,20,3.0,2024-S20
REGIONAL::RONDONOPOLIS,2024,21,2.0,2024-S21
REGIONAL::RONDONOPOLIS,2024,22,0.0,2024-S22
REGIONAL::RONDONOPOLIS,2024,23,0.0,2024-S23
REGIONAL::RONDONOPOLIS,2024,24,1.0,2024-S24
REGIONAL::RONDONOPOLIS,2024,25,3.0,2024-S25
REGIONAL::RONDONOPOLIS,2024,26,2.0,2024-S26
REGIONAL::RONDONOPOLIS,2024,27,1.0,2024-S27
REGIONAL::RONDONOPOLIS,2024,28,0.0,2024-S28
REGIONAL::RONDONOPOLIS,2024,29,3.0,2024-S29
REGIONAL::RONDONOPOLIS,2024,30,1.0,2024-S30
REGIONAL::RONDONOPOLIS,2024,31,1.0,2024-S31
REGIONAL::RONDONOPOLIS,2024,32,0.0,2024-S32
REGIONAL::RONDONOPOLIS,2024,33,5.0,2024-S33
REGIONAL::RONDONOPOLIS,2024,34,1.0,2024-S34
REGIONAL::RONDONOPOLIS,2024,35,1.0,2024-S35
REGIONAL::RONDONOPOLIS,2024,36,1.0,2024-S36
REGIONAL::RONDONOPOLIS,2024,37,2.0,2024-S37
REGIONAL::RONDONOPOLIS,2024,38,0.0,2024-S38
REGIONAL::RONDONOPOLIS,2024,39,0.0,2024-S39
REGIONAL::RONDONOPOLIS,2024,40,0.0,2024-S40
REGIONAL::RONDONOPOLIS,2024,41,2.0,2024-S41
REGIONAL::RONDONOPOLIS,2024,42,2.0,2024-S42
REGIONAL::RONDONOPOLIS,2024,43,1.0,2024-S43
REGIONAL::RONDONOPOLIS,2024,44,0.0,2024-S44
REGIONAL::RONDONOPOLIS,2024,45,0.0,2024-S45
REGIONAL::RONDONOPOLIS,2024,46,2.0,2024-S46
REGIONAL::RONDONOPOLIS,2024,47,1.0,2024-S47
REGIONAL::RONDONOPOLIS,2024,48,0.0,2024-S48
REGIONAL::RONDONOPOLIS,2024,49,1.0,2024-S49
REGIONAL::RONDONOPOLIS,2024,50,3.0,2024-S50
REGIONAL::RONDONOPOLIS,2024,51,1.0,2024-S51
REGIONAL::RONDONOPOLIS,2024,52,1.0,2024-S52
REGIONAL::RONDONOPOLIS,2025,1,1.0,2025-S01
REGIONAL::RONDONOPOLIS,2025,2,0.0,2025-S02
REGIONAL::RONDONOPOLIS,2025,3,1.0,2025-S03
REGIONAL::RONDONOPOLIS,2025,4,1.0,2025-S04
REGIONAL::RONDONOPOLIS,2025,5,2.0,2025-S05
REGIONAL::RONDONOPOLIS,2025,6,0.0,2025-S06
REGIONAL::RONDONOPOLIS,2025,7,0.0,2025-S07
REGIONAL::RONDONOPOLIS,2025,8,0.0,2025-S08
REGIONAL::RONDONOPOLIS,2025,9,0.0,2025-S09
REGIONAL::RONDONOPOLIS,2025,10,0.0,2025-S10
REGIONAL::RONDONOPOLIS,2025,11,0.0,2025-S11
REGIONAL::RONDONOPOLIS,2025,12,0.0,2025-S12
REGIONAL::RONDONOPOLIS,2025,13,0.0,2025-S13
REGIONAL::RONDONOPOLIS,2025,14,0.0,2025-S14
REGIONAL::RONDONOPOLIS,2025,15,0.0,2025-S15
REGIONAL::RONDONOPOLIS,2025,16,0.0,2025-S16
REGIONAL::RONDONOPOLIS,2025,17,0.0,2025-S17
REGIONAL::RONDONOPOLIS,2025,18,1.0,2025-S18
REGIONAL::RONDONOPOLIS,2025,19,0.0,2025-S19
REGIONAL::RONDONOPOLIS,2025,20,0.0,2025-S20
REGIONAL::RONDONOPOLIS,2025,21,1.0,2025-S21
REGIONAL::RONDONOPOLIS,2025,22,0.0,2025-S22
REGIONAL::RONDONOPOLIS,2025,23,1.0,2025-S23
REGIONAL::RONDONOPOLIS,2025,24,0.0,2025-S24
REGIONAL::RONDONOPOLIS,2025,25,0.0,2025-S25
REGIONAL::RONDONOPOLIS,2025,26,0.0,2025-S26
REGIONAL::RONDONOPOLIS,2025,27,0.0,2025-S27
REGIONAL::RONDONOPOLIS,2025,28,1.0,2025-S28
REGIONAL::RONDONOPOLIS,2025,29,0.0,2025-S29
REGIONAL::RONDONOPOLIS,2025,30,0.0,2025-S30
REGIONAL::RONDONOPOLIS,2025,31,0.0,2025-S31
REGIONAL::RONDONOPOLIS,2025,32,0.0,2025-S32
REGIONAL::RONDONOPOLIS,2025,33,2.0,2025-S33
REGIONAL::RONDONOPOLIS,2025,34,1.0,2025-S34
REGIONAL::RONDONOPOLIS,2025,35,0.0,2025-S35
REGIONAL::RONDONOPOLIS,2025,36,0.0,2025-S36
REGIONAL::RONDONOPOLIS,2025,37,1.0,2025-S37
REGIONAL::RONDONOPOLIS,2025,38,2.0,2025-S38
REGIONAL::RONDONOPOLIS,2025,39,0.0,2025-S39
REGIONAL::RONDONOPOLIS,2025,40,0.0,2025-S40
REGIONAL::RONDONOPOLIS,2025,41,2.0,2025-S41
REGIONAL::RONDONOPOLIS,2025,42,0.0,2025-S42
REGIONAL::RONDONOPOLIS,2025,43,0.0,2025-S43
REGIONAL::RONDONOPOLIS,2025,44,0.0,2025-S44
REGIONAL::RONDONOPOLIS,2025,45,0.0,2025-S45
REGIONAL::RONDONOPOLIS,2025,46,0.0,2025-S46
REGIONAL::RONDONOPOLIS,2025,47,1.0,2025-S47
REGIONAL::RONDONOPOLIS,2025,48,0.0,2025-S48
REGIONAL::RONDONOPOLIS,2025,49,1.0,2025-S49
REGIONAL::RONDONOPOLIS,2025,50,1.0,2025-S50
REGIONAL::RONDONOPOLIS,2025,51,0.0,2025-S51
REGIONAL::RONDONOPOLIS,2025,52,0.0,2025-S52
REGIONAL::RONDONOPOLIS,2026,1,1.0,2026-S01
REGIONAL::RONDONOPOLIS,2026,2,1.0,2026-S02
REGIONAL::RONDONOPOLIS,2026,3,0.0,2026-S03
REGIONAL::RONDONOPOLIS,2026,4,0.0,2026-S04
REGIONAL::RONDONOPOLIS,2026,5,0.0,2026-S05
REGIONAL::RONDONOPOLIS,2026,6,0.0,2026-S06
REGIONAL::RONDONOPOLIS,2026,7,0.0,2026-S07
REGIONAL::RONDONOPOLIS,2026,8,1.0,2026-S08
REGIONAL::RONDONOPOLIS,2026,9,1.0,2026-S09
REGIONAL::RONDONOPOLIS,2026,10,0.0,2026-S10
REGIONAL::RONDONOPOLIS,2026,11,1.0,2026-S11
REGIONAL::RONDONOPOLIS,2026,12,2.0,2026-S12
REGIONAL::RONDONOPOLIS,2026,13,1.0,2026-S13
REGIONAL::RONDONOPOLIS,2026,14,0.0,2026-S14
REGIONAL::RONDONOPOLIS,2026,15,1.0,2026-S15
REGIONAL::RONDONOPOLIS,2026,16,0.0,2026-S16
REGIONAL::RONDONOPOLIS,2026,17,0.0,2026-S17
REGIONAL::RONDONOPOLIS,2026,18,0.0,2026-S18
REGIONAL::RONDONOPOLIS,2026,19,0.0,2026-S19
REGIONAL::RONDONOPOLIS,2026,20,0.0,2026-S20
REGIONAL::RONDONOPOLIS,2026,21,0.0,2026-S21
REGIONAL::RONDONOPOLIS,2026,22,1.0,2026-S22
REGIONAL::RONDONOPOLIS,2026,23,1.0,2026-S23
REGIONAL::RONDONOPOLIS,2026,24,1.0,2026-S24
REGIONAL::RONDONOPOLIS,2026,25,1.0,2026-S25
REGIONAL::RONDONOPOLIS,2026,26,0.0,2026-S26
REGIONAL::RONDONOPOLIS,2026,27,0.0,2026-S27
REGIONAL::RONDONOPOLIS,2026,28,0.0,2026-S28
REGIONAL::RONDONOPOLIS,2026,29,0.0,2026-S29
REGIONAL::RONDONOPOLIS,2026,30,0.0,2026-S30
REGIONAL::RONDONOPOLIS,2026,31,0.0,2026-S31
REGIONAL::SINOP,2007,1,3.0,2007-S01
REGIONAL::SINOP,2007,2,2.0,2007-S02
REGIONAL::SINOP,2007,3,1.0,2007-S03
REGIONAL::SINOP,2007,4,3.0,2007-S04
REGIONAL::SINOP,2007,5,0.0,2007-S05
REGIONAL::SINOP,2007,6,2.0,2007-S06
REGIONAL::SINOP,2007,7,3.0,2007-S07
REGIONAL::SINOP,2007,8,1.0,2007-S08
REGIONAL::SINOP,2007,9,1.0,2007-S09
REGIONAL::SINOP,2007,10,1.0,2007-S10
REGIONAL::SINOP,2007,11,0.0,2007-S11
REGIONAL::SINOP,2007,12,1.0,2007-S12
REGIONAL::SINOP,2007,13,2.0,2007-S13
REGIONAL::SINOP,2007,14,0.0,2007-S14
REGIONAL::SINOP,2007,15,2.0,2007-S15
REGIONAL::SINOP,2007,16,2.0,2007-S16
REGIONAL::SINOP,2007,17,1.0,2007-S17
REGIONAL::SINOP,2007,18,0.0,2007-S18
REGIONAL::SINOP,2007,19,2.0,2007-S19
REGIONAL::SINOP,2007,20,1.0,2007-S20
REGIONAL::SINOP,2007,21,1.0,2007-S21
REGIONAL::SINOP,2007,22,1.0,2007-S22
REGIONAL::SINOP,2007,23,2.0,2007-S23
REGIONAL::SINOP,2007,24,0.0,2007-S24
REGIONAL::SINOP,2007,25,0.0,2007-S25
REGIONAL::SINOP,2007,26,2.0,2007-S26
REGIONAL::SINOP,2007,27,3.0,2007-S27
REGIONAL::SINOP,2007,28,3.0,2007-S28
REGIONAL::SINOP,2007,29,0.0,2007-S29
REGIONAL::SINOP,2007,30,0.0,2007-S30
REGIONAL::SINOP,2007,31,3.0,2007-S31
REGIONAL::SINOP,2007,32,0.0,2007-S32
REGIONAL::SINOP,2007,33,1.0,2007-S33
REGIONAL::SINOP,2007,34,1.0,2007-S34
REGIONAL::SINOP,2007,35,0.0,2007-S35
REGIONAL::SINOP,2007,36,1.0,2007-S36
REGIONAL::SINOP,2007,37,2.0,2007-S37
REGIONAL::SINOP,2007,38,0.0,2007-S38
REGIONAL::SINOP,2007,39,0.0,2007-S39
REGIONAL::SINOP,2007,40,1.0,2007-S40
REGIONAL::SINOP,2007,41,0.0,2007-S41
REGIONAL::SINOP,2007,42,4.0,2007-S42
REGIONAL::SINOP,2007,43,3.0,2007-S43
REGIONAL::SINOP,2007,44,2.0,2007-S44
REGIONAL::SINOP,2007,45,1.0,2007-S45
REGIONAL::SINOP,2007,46,3.0,2007-S46
REGIONAL::SINOP,2007,47,1.0,2007-S47
REGIONAL::SINOP,2007,48,1.0,2007-S48
REGIONAL::SINOP,2007,49,0.0,2007-S49
REGIONAL::SINOP,2007,50,2.0,2007-S50
REGIONAL::SINOP,2007,51,0.0,2007-S51
REGIONAL::SINOP,2007,52,0.0,2007-S52
REGIONAL::SINOP,2008,1,1.0,2008-S01
REGIONAL::SINOP,2008,2,2.0,2008-S02
REGIONAL::SINOP,2008,3,4.0,2008-S03
REGIONAL::SINOP,2008,4,0.0,2008-S04
REGIONAL::SINOP,2008,5,0.0,2008-S05
REGIONAL::SINOP,2008,6,1.0,2008-S06
REGIONAL::SINOP,2008,7,0.0,2008-S07
REGIONAL::SINOP,2008,8,1.0,2008-S08
REGIONAL::SINOP,2008,9,1.0,2008-S09
REGIONAL::SINOP,2008,10,2.0,2008-S10
REGIONAL::SINOP,2008,11,3.0,2008-S11
REGIONAL::SINOP,2008,12,1.0,2008-S12
REGIONAL::SINOP,2008,13,5.0,2008-S13
REGIONAL::SINOP,2008,14,0.0,2008-S14
REGIONAL::SINOP,2008,15,2.0,2008-S15
REGIONAL::SINOP,2008,16,0.0,2008-S16
REGIONAL::SINOP,2008,17,3.0,2008-S17
REGIONAL::SINOP,2008,18,3.0,2008-S18
REGIONAL::SINOP,2008,19,0.0,2008-S19
REGIONAL::SINOP,2008,20,3.0,2008-S20
REGIONAL::SINOP,2008,21,0.0,2008-S21
REGIONAL::SINOP,2008,22,0.0,2008-S22
REGIONAL::SINOP,2008,23,0.0,2008-S23
REGIONAL::SINOP,2008,24,0.0,2008-S24
REGIONAL::SINOP,2008,25,1.0,2008-S25
REGIONAL::SINOP,2008,26,2.0,2008-S26
REGIONAL::SINOP,2008,27,1.0,2008-S27
REGIONAL::SINOP,2008,28,2.0,2008-S28
REGIONAL::SINOP,2008,29,0.0,2008-S29
REGIONAL::SINOP,2008,30,1.0,2008-S30
REGIONAL::SINOP,2008,31,1.0,2008-S31
REGIONAL::SINOP,2008,32,0.0,2008-S32
REGIONAL::SINOP,2008,33,2.0,2008-S33
REGIONAL::SINOP,2008,34,1.0,2008-S34
REGIONAL::SINOP,2008,35,2.0,2008-S35
REGIONAL::SINOP,2008,36,2.0,2008-S36
REGIONAL::SINOP,2008,37,0.0,2008-S37
REGIONAL::SINOP,2008,38,1.0,2008-S38
REGIONAL::SINOP,2008,39,1.0,2008-S39
REGIONAL::SINOP,2008,40,1.0,2008-S40
REGIONAL::SINOP,2008,41,3.0,2008-S41
REGIONAL::SINOP,2008,42,1.0,2008-S42
REGIONAL::SINOP,2008,43,1.0,2008-S43
REGIONAL::SINOP,2008,44,2.0,2008-S44
REGIONAL::SINOP,2008,45,1.0,2008-S45
REGIONAL::SINOP,2008,46,2.0,2008-S46
REGIONAL::SINOP,2008,47,2.0,2008-S47
REGIONAL::SINOP,2008,48,4.0,2008-S48
REGIONAL::SINOP,2008,49,0.0,2008-S49
REGIONAL::SINOP,2008,50,2.0,2008-S50
REGIONAL::SINOP,2008,51,2.0,2008-S51
REGIONAL::SINOP,2008,52,1.0,2008-S52
REGIONAL::SINOP,2009,1,1.0,2009-S01
REGIONAL::SINOP,2009,2,1.0,2009-S02
REGIONAL::SINOP,2009,3,5.0,2009-S03
REGIONAL::SINOP,2009,4,2.0,2009-S04
REGIONAL::SINOP,2009,5,0.0,2009-S05
REGIONAL::SINOP,2009,6,1.0,2009-S06
REGIONAL::SINOP,2009,7,3.0,2009-S07
REGIONAL::SINOP,2009,8,3.0,2009-S08
REGIONAL::SINOP,2009,9,2.0,2009-S09
REGIONAL::SINOP,2009,10,1.0,2009-S10
REGIONAL::SINOP,2009,11,1.0,2009-S11
REGIONAL::SINOP,2009,12,0.0,2009-S12
REGIONAL::SINOP,2009,13,2.0,2009-S13
REGIONAL::SINOP,2009,14,4.0,2009-S14
REGIONAL::SINOP,2009,15,0.0,2009-S15
REGIONAL::SINOP,2009,16,2.0,2009-S16
REGIONAL::SINOP,2009,17,1.0,2009-S17
REGIONAL::SINOP,2009,18,0.0,2009-S18
REGIONAL::SINOP,2009,19,3.0,2009-S19
REGIONAL::SINOP,2009,20,3.0,2009-S20
REGIONAL::SINOP,2009,21,3.0,2009-S21
REGIONAL::SINOP,2009,22,0.0,2009-S22
REGIONAL::SINOP,2009,23,1.0,2009-S23
REGIONAL::SINOP,2009,24,0.0,2009-S24
REGIONAL::SINOP,2009,25,0.0,2009-S25
REGIONAL::SINOP,2009,26,0.0,2009-S26
REGIONAL::SINOP,2009,27,4.0,2009-S27
REGIONAL::SINOP,2009,28,1.0,2009-S28
REGIONAL::SINOP,2009,29,2.0,2009-S29
REGIONAL::SINOP,2009,30,1.0,2009-S30
REGIONAL::SINOP,2009,31,0.0,2009-S31
REGIONAL::SINOP,2009,32,1.0,2009-S32
REGIONAL::SINOP,2009,33,3.0,2009-S33
REGIONAL::SINOP,2009,34,2.0,2009-S34
REGIONAL::SINOP,2009,35,2.0,2009-S35
REGIONAL::SINOP,2009,36,1.0,2009-S36
REGIONAL::SINOP,2009,37,1.0,2009-S37
REGIONAL::SINOP,2009,38,1.0,2009-S38
REGIONAL::SINOP,2009,39,1.0,2009-S39
REGIONAL::SINOP,2009,40,3.0,2009-S40
REGIONAL::SINOP,2009,41,0.0,2009-S41
REGIONAL::SINOP,2009,42,0.0,2009-S42
REGIONAL::SINOP,2009,43,0.0,2009-S43
REGIONAL::SINOP,2009,44,0.0,2009-S44
REGIONAL::SINOP,2009,45,1.0,2009-S45
REGIONAL::SINOP,2009,46,0.0,2009-S46
REGIONAL::SINOP,2009,47,6.0,2009-S47
REGIONAL::SINOP,2009,48,2.0,2009-S48
REGIONAL::SINOP,2009,49,1.0,2009-S49
REGIONAL::SINOP,2009,50,2.0,2009-S50
REGIONAL::SINOP,2009,51,2.0,2009-S51
REGIONAL::SINOP,2009,52,1.0,2009-S52
REGIONAL::SINOP,2010,1,1.0,2010-S01
REGIONAL::SINOP,2010,2,0.0,2010-S02
REGIONAL::SINOP,2010,3,1.0,2010-S03
REGIONAL::SINOP,2010,4,0.0,2010-S04
REGIONAL::SINOP,2010,5,0.0,2010-S05
REGIONAL::SINOP,2010,6,0.0,2010-S06
REGIONAL::SINOP,2010,7,2.0,2010-S07
REGIONAL::SINOP,2010,8,0.0,2010-S08
REGIONAL::SINOP,2010,9,1.0,2010-S09
REGIONAL::SINOP,2010,10,0.0,2010-S10
REGIONAL::SINOP,2010,11,0.0,2010-S11
REGIONAL::SINOP,2010,12,0.0,2010-S12
REGIONAL::SINOP,2010,13,1.0,2010-S13
REGIONAL::SINOP,2010,14,0.0,2010-S14
REGIONAL::SINOP,2010,15,1.0,2010-S15
REGIONAL::SINOP,2010,16,1.0,2010-S16
REGIONAL::SINOP,2010,17,0.0,2010-S17
REGIONAL::SINOP,2010,18,1.0,2010-S18
REGIONAL::SINOP,2010,19,2.0,2010-S19
REGIONAL::SINOP,2010,20,1.0,2010-S20
REGIONAL::SINOP,2010,21,3.0,2010-S21
REGIONAL::SINOP,2010,22,0.0,2010-S22
REGIONAL::SINOP,2010,23,3.0,2010-S23
REGIONAL::SINOP,2010,24,1.0,2010-S24
REGIONAL::SINOP,2010,25,1.0,2010-S25
REGIONAL::SINOP,2010,26,0.0,2010-S26
REGIONAL::SINOP,2010,27,0.0,2010-S27
REGIONAL::SINOP,2010,28,0.0,2010-S28
REGIONAL::SINOP,2010,29,0.0,2010-S29
REGIONAL::SINOP,2010,30,1.0,2010-S30
REGIONAL::SINOP,2010,31,2.0,2010-S31
REGIONAL::SINOP,2010,32,0.0,2010-S32
REGIONAL::SINOP,2010,33,1.0,2010-S33
REGIONAL::SINOP,2010,34,1.0,2010-S34
REGIONAL::SINOP,2010,35,0.0,2010-S35
REGIONAL::SINOP,2010,36,0.0,2010-S36
REGIONAL::SINOP,2010,37,0.0,2010-S37
REGIONAL::SINOP,2010,38,0.0,2010-S38
REGIONAL::SINOP,2010,39,0.0,2010-S39
REGIONAL::SINOP,2010,40,0.0,2010-S40
REGIONAL::SINOP,2010,41,0.0,2010-S41
REGIONAL::SINOP,2010,42,0.0,2010-S42
REGIONAL::SINOP,2010,43,0.0,2010-S43
REGIONAL::SINOP,2010,44,2.0,2010-S44
REGIONAL::SINOP,2010,45,3.0,2010-S45
REGIONAL::SINOP,2010,46,0.0,2010-S46
REGIONAL::SINOP,2010,47,0.0,2010-S47
REGIONAL::SINOP,2010,48,1.0,2010-S48
REGIONAL::SINOP,2010,49,2.0,2010-S49
REGIONAL::SINOP,2010,50,0.0,2010-S50
REGIONAL::SINOP,2010,51,0.0,2010-S51
REGIONAL::SINOP,2010,52,1.0,2010-S52
REGIONAL::SINOP,2011,1,2.0,2011-S01
REGIONAL::SINOP,2011,2,0.0,2011-S02
REGIONAL::SINOP,2011,3,1.0,2011-S03
REGIONAL::SINOP,2011,4,1.0,2011-S04
REGIONAL::SINOP,2011,5,1.0,2011-S05
REGIONAL::SINOP,2011,6,1.0,2011-S06
REGIONAL::SINOP,2011,7,1.0,2011-S07
REGIONAL::SINOP,2011,8,0.0,2011-S08
REGIONAL::SINOP,2011,9,0.0,2011-S09
REGIONAL::SINOP,2011,10,0.0,2011-S10
REGIONAL::SINOP,2011,11,2.0,2011-S11
REGIONAL::SINOP,2011,12,0.0,2011-S12
REGIONAL::SINOP,2011,13,0.0,2011-S13
REGIONAL::SINOP,2011,14,1.0,2011-S14
REGIONAL::SINOP,2011,15,1.0,2011-S15
REGIONAL::SINOP,2011,16,1.0,2011-S16
REGIONAL::SINOP,2011,17,0.0,2011-S17
REGIONAL::SINOP,2011,18,0.0,2011-S18
REGIONAL::SINOP,2011,19,0.0,2011-S19
REGIONAL::SINOP,2011,20,2.0,2011-S20
REGIONAL::SINOP,2011,21,0.0,2011-S21
REGIONAL::SINOP,2011,22,1.0,2011-S22
REGIONAL::SINOP,2011,23,1.0,2011-S23
REGIONAL::SINOP,2011,24,0.0,2011-S24
REGIONAL::SINOP,2011,25,1.0,2011-S25
REGIONAL::SINOP,2011,26,0.0,2011-S26
REGIONAL::SINOP,2011,27,0.0,2011-S27
REGIONAL::SINOP,2011,28,1.0,2011-S28
REGIONAL::SINOP,2011,29,0.0,2011-S29
REGIONAL::SINOP,2011,30,0.0,2011-S30
REGIONAL::SINOP,2011,31,0.0,2011-S31
REGIONAL::SINOP,2011,32,1.0,2011-S32
REGIONAL::SINOP,2011,33,1.0,2011-S33
REGIONAL::SINOP,2011,34,2.0,2011-S34
REGIONAL::SINOP,2011,35,2.0,2011-S35
REGIONAL::SINOP,2011,36,3.0,2011-S36
REGIONAL::SINOP,2011,37,3.0,2011-S37
REGIONAL::SINOP,2011,38,2.0,2011-S38
REGIONAL::SINOP,2011,39,7.0,2011-S39
REGIONAL::SINOP,2011,40,2.0,2011-S40
REGIONAL::SINOP,2011,41,2.0,2011-S41
REGIONAL::SINOP,2011,42,3.0,2011-S42
REGIONAL::SINOP,2011,43,0.0,2011-S43
REGIONAL::SINOP,2011,44,0.0,2011-S44
REGIONAL::SINOP,2011,45,0.0,2011-S45
REGIONAL::SINOP,2011,46,4.0,2011-S46
REGIONAL::SINOP,2011,47,3.0,2011-S47
REGIONAL::SINOP,2011,48,3.0,2011-S48
REGIONAL::SINOP,2011,49,3.0,2011-S49
REGIONAL::SINOP,2011,50,7.0,2011-S50
REGIONAL::SINOP,2011,51,1.0,2011-S51
REGIONAL::SINOP,2011,52,2.0,2011-S52
REGIONAL::SINOP,2012,1,1.0,2012-S01
REGIONAL::SINOP,2012,2,0.0,2012-S02
REGIONAL::SINOP,2012,3,1.0,2012-S03
REGIONAL::SINOP,2012,4,2.0,2012-S04
REGIONAL::SINOP,2012,5,1.0,2012-S05
REGIONAL::SINOP,2012,6,0.0,2012-S06
REGIONAL::SINOP,2012,7,1.0,2012-S07
REGIONAL::SINOP,2012,8,1.0,2012-S08
REGIONAL::SINOP,2012,9,1.0,2012-S09
REGIONAL::SINOP,2012,10,1.0,2012-S10
REGIONAL::SINOP,2012,11,0.0,2012-S11
REGIONAL::SINOP,2012,12,2.0,2012-S12
REGIONAL::SINOP,2012,13,0.0,2012-S13
REGIONAL::SINOP,2012,14,1.0,2012-S14
REGIONAL::SINOP,2012,15,0.0,2012-S15
REGIONAL::SINOP,2012,16,0.0,2012-S16
REGIONAL::SINOP,2012,17,0.0,2012-S17
REGIONAL::SINOP,2012,18,1.0,2012-S18
REGIONAL::SINOP,2012,19,1.0,2012-S19
REGIONAL::SINOP,2012,20,1.0,2012-S20
REGIONAL::SINOP,2012,21,1.0,2012-S21
REGIONAL::SINOP,2012,22,0.0,2012-S22
REGIONAL::SINOP,2012,23,0.0,2012-S23
REGIONAL::SINOP,2012,24,1.0,2012-S24
REGIONAL::SINOP,2012,25,1.0,2012-S25
REGIONAL::SINOP,2012,26,0.0,2012-S26
REGIONAL::SINOP,2012,27,1.0,2012-S27
REGIONAL::SINOP,2012,28,5.0,2012-S28
REGIONAL::SINOP,2012,29,1.0,2012-S29
REGIONAL::SINOP,2012,30,3.0,2012-S30
REGIONAL::SINOP,2012,31,4.0,2012-S31
REGIONAL::SINOP,2012,32,1.0,2012-S32
REGIONAL::SINOP,2012,33,2.0,2012-S33
REGIONAL::SINOP,2012,34,1.0,2012-S34
REGIONAL::SINOP,2012,35,3.0,2012-S35
REGIONAL::SINOP,2012,36,1.0,2012-S36
REGIONAL::SINOP,2012,37,3.0,2012-S37
REGIONAL::SINOP,2012,38,2.0,2012-S38
REGIONAL::SINOP,2012,39,0.0,2012-S39
REGIONAL::SINOP,2012,40,3.0,2012-S40
REGIONAL::SINOP,2012,41,1.0,2012-S41
REGIONAL::SINOP,2012,42,2.0,2012-S42
REGIONAL::SINOP,2012,43,1.0,2012-S43
REGIONAL::SINOP,2012,44,0.0,2012-S44
REGIONAL::SINOP,2012,45,2.0,2012-S45
REGIONAL::SINOP,2012,46,0.0,2012-S46
REGIONAL::SINOP,2012,47,1.0,2012-S47
REGIONAL::SINOP,2012,48,1.0,2012-S48
REGIONAL::SINOP,2012,49,1.0,2012-S49
REGIONAL::SINOP,2012,50,0.0,2012-S50
REGIONAL::SINOP,2012,51,0.0,2012-S51
REGIONAL::SINOP,2012,52,1.0,2012-S52
REGIONAL::SINOP,2013,1,2.0,2013-S01
REGIONAL::SINOP,2013,2,0.0,2013-S02
REGIONAL::SINOP,2013,3,0.0,2013-S03
REGIONAL::SINOP,2013,4,0.0,2013-S04
REGIONAL::SINOP,2013,5,0.0,2013-S05
REGIONAL::SINOP,2013,6,1.0,2013-S06
REGIONAL::SINOP,2013,7,1.0,2013-S07
REGIONAL::SINOP,2013,8,1.0,2013-S08
REGIONAL::SINOP,2013,9,2.0,2013-S09
REGIONAL::SINOP,2013,10,2.0,2013-S10
REGIONAL::SINOP,2013,11,2.0,2013-S11
REGIONAL::SINOP,2013,12,0.0,2013-S12
REGIONAL::SINOP,2013,13,0.0,2013-S13
REGIONAL::SINOP,2013,14,0.0,2013-S14
REGIONAL::SINOP,2013,15,1.0,2013-S15
REGIONAL::SINOP,2013,16,3.0,2013-S16
REGIONAL::SINOP,2013,17,0.0,2013-S17
REGIONAL::SINOP,2013,18,0.0,2013-S18
REGIONAL::SINOP,2013,19,1.0,2013-S19
REGIONAL::SINOP,2013,20,0.0,2013-S20
REGIONAL::SINOP,2013,21,2.0,2013-S21
REGIONAL::SINOP,2013,22,0.0,2013-S22
REGIONAL::SINOP,2013,23,0.0,2013-S23
REGIONAL::SINOP,2013,24,0.0,2013-S24
REGIONAL::SINOP,2013,25,1.0,2013-S25
REGIONAL::SINOP,2013,26,1.0,2013-S26
REGIONAL::SINOP,2013,27,0.0,2013-S27
REGIONAL::SINOP,2013,28,2.0,2013-S28
REGIONAL::SINOP,2013,29,3.0,2013-S29
REGIONAL::SINOP,2013,30,0.0,2013-S30
REGIONAL::SINOP,2013,31,3.0,2013-S31
REGIONAL::SINOP,2013,32,2.0,2013-S32
REGIONAL::SINOP,2013,33,0.0,2013-S33
REGIONAL::SINOP,2013,34,1.0,2013-S34
REGIONAL::SINOP,2013,35,0.0,2013-S35
REGIONAL::SINOP,2013,36,1.0,2013-S36
REGIONAL::SINOP,2013,37,3.0,2013-S37
REGIONAL::SINOP,2013,38,0.0,2013-S38
REGIONAL::SINOP,2013,39,2.0,2013-S39
REGIONAL::SINOP,2013,40,1.0,2013-S40
REGIONAL::SINOP,2013,41,0.0,2013-S41
REGIONAL::SINOP,2013,42,0.0,2013-S42
REGIONAL::SINOP,2013,43,0.0,2013-S43
REGIONAL::SINOP,2013,44,0.0,2013-S44
REGIONAL::SINOP,2013,45,1.0,2013-S45
REGIONAL::SINOP,2013,46,0.0,2013-S46
REGIONAL::SINOP,2013,47,0.0,2013-S47
REGIONAL::SINOP,2013,48,0.0,2013-S48
REGIONAL::SINOP,2013,49,1.0,2013-S49
REGIONAL::SINOP,2013,50,2.0,2013-S50
REGIONAL::SINOP,2013,51,2.0,2013-S51
REGIONAL::SINOP,2013,52,1.0,2013-S52
REGIONAL::SINOP,2014,1,0.0,2014-S01
REGIONAL::SINOP,2014,2,1.0,2014-S02
REGIONAL::SINOP,2014,3,0.0,2014-S03
REGIONAL::SINOP,2014,4,0.0,2014-S04
REGIONAL::SINOP,2014,5,0.0,2014-S05
REGIONAL::SINOP,2014,6,1.0,2014-S06
REGIONAL::SINOP,2014,7,1.0,2014-S07
REGIONAL::SINOP,2014,8,0.0,2014-S08
REGIONAL::SINOP,2014,9,2.0,2014-S09
REGIONAL::SINOP,2014,10,0.0,2014-S10
REGIONAL::SINOP,2014,11,0.0,2014-S11
REGIONAL::SINOP,2014,12,0.0,2014-S12
REGIONAL::SINOP,2014,13,0.0,2014-S13
REGIONAL::SINOP,2014,14,2.0,2014-S14
REGIONAL::SINOP,2014,15,1.0,2014-S15
REGIONAL::SINOP,2014,16,2.0,2014-S16
REGIONAL::SINOP,2014,17,2.0,2014-S17
REGIONAL::SINOP,2014,18,1.0,2014-S18
REGIONAL::SINOP,2014,19,0.0,2014-S19
REGIONAL::SINOP,2014,20,0.0,2014-S20
REGIONAL::SINOP,2014,21,1.0,2014-S21
REGIONAL::SINOP,2014,22,1.0,2014-S22
REGIONAL::SINOP,2014,23,0.0,2014-S23
REGIONAL::SINOP,2014,24,0.0,2014-S24
REGIONAL::SINOP,2014,25,3.0,2014-S25
REGIONAL::SINOP,2014,26,2.0,2014-S26
REGIONAL::SINOP,2014,27,0.0,2014-S27
REGIONAL::SINOP,2014,28,0.0,2014-S28
REGIONAL::SINOP,2014,29,0.0,2014-S29
REGIONAL::SINOP,2014,30,1.0,2014-S30
REGIONAL::SINOP,2014,31,0.0,2014-S31
REGIONAL::SINOP,2014,32,1.0,2014-S32
REGIONAL::SINOP,2014,33,1.0,2014-S33
REGIONAL::SINOP,2014,34,1.0,2014-S34
REGIONAL::SINOP,2014,35,1.0,2014-S35
REGIONAL::SINOP,2014,36,3.0,2014-S36
REGIONAL::SINOP,2014,37,0.0,2014-S37
REGIONAL::SINOP,2014,38,2.0,2014-S38
REGIONAL::SINOP,2014,39,0.0,2014-S39
REGIONAL::SINOP,2014,40,0.0,2014-S40
REGIONAL::SINOP,2014,41,0.0,2014-S41
REGIONAL::SINOP,2014,42,2.0,2014-S42
REGIONAL::SINOP,2014,43,2.0,2014-S43
REGIONAL::SINOP,2014,44,3.0,2014-S44
REGIONAL::SINOP,2014,45,2.0,2014-S45
REGIONAL::SINOP,2014,46,2.0,2014-S46
REGIONAL::SINOP,2014,47,5.0,2014-S47
REGIONAL::SINOP,2014,48,3.0,2014-S48
REGIONAL::SINOP,2014,49,5.0,2014-S49
REGIONAL::SINOP,2014,50,4.0,2014-S50
REGIONAL::SINOP,2014,51,1.0,2014-S51
REGIONAL::SINOP,2014,52,1.0,2014-S52
REGIONAL::SINOP,2015,1,0.0,2015-S01
REGIONAL::SINOP,2015,2,0.0,2015-S02
REGIONAL::SINOP,2015,3,1.0,2015-S03
REGIONAL::SINOP,2015,4,2.0,2015-S04
REGIONAL::SINOP,2015,5,0.0,2015-S05
REGIONAL::SINOP,2015,6,0.0,2015-S06
REGIONAL::SINOP,2015,7,0.0,2015-S07
REGIONAL::SINOP,2015,8,0.0,2015-S08
REGIONAL::SINOP,2015,9,0.0,2015-S09
REGIONAL::SINOP,2015,10,1.0,2015-S10
REGIONAL::SINOP,2015,11,0.0,2015-S11
REGIONAL::SINOP,2015,12,0.0,2015-S12
REGIONAL::SINOP,2015,13,2.0,2015-S13
REGIONAL::SINOP,2015,14,1.0,2015-S14
REGIONAL::SINOP,2015,15,2.0,2015-S15
REGIONAL::SINOP,2015,16,0.0,2015-S16
REGIONAL::SINOP,2015,17,1.0,2015-S17
REGIONAL::SINOP,2015,18,0.0,2015-S18
REGIONAL::SINOP,2015,19,2.0,2015-S19
REGIONAL::SINOP,2015,20,0.0,2015-S20
REGIONAL::SINOP,2015,21,1.0,2015-S21
REGIONAL::SINOP,2015,22,0.0,2015-S22
REGIONAL::SINOP,2015,23,1.0,2015-S23
REGIONAL::SINOP,2015,24,0.0,2015-S24
REGIONAL::SINOP,2015,25,0.0,2015-S25
REGIONAL::SINOP,2015,26,0.0,2015-S26
REGIONAL::SINOP,2015,27,1.0,2015-S27
REGIONAL::SINOP,2015,28,1.0,2015-S28
REGIONAL::SINOP,2015,29,0.0,2015-S29
REGIONAL::SINOP,2015,30,0.0,2015-S30
REGIONAL::SINOP,2015,31,0.0,2015-S31
REGIONAL::SINOP,2015,32,1.0,2015-S32
REGIONAL::SINOP,2015,33,0.0,2015-S33
REGIONAL::SINOP,2015,34,0.0,2015-S34
REGIONAL::SINOP,2015,35,2.0,2015-S35
REGIONAL::SINOP,2015,36,2.0,2015-S36
REGIONAL::SINOP,2015,37,0.0,2015-S37
REGIONAL::SINOP,2015,38,1.0,2015-S38
REGIONAL::SINOP,2015,39,2.0,2015-S39
REGIONAL::SINOP,2015,40,1.0,2015-S40
REGIONAL::SINOP,2015,41,1.0,2015-S41
REGIONAL::SINOP,2015,42,0.0,2015-S42
REGIONAL::SINOP,2015,43,1.0,2015-S43
REGIONAL::SINOP,2015,44,0.0,2015-S44
REGIONAL::SINOP,2015,45,0.0,2015-S45
REGIONAL::SINOP,2015,46,0.0,2015-S46
REGIONAL::SINOP,2015,47,0.0,2015-S47
REGIONAL::SINOP,2015,48,0.0,2015-S48
REGIONAL::SINOP,2015,49,1.0,2015-S49
REGIONAL::SINOP,2015,50,0.0,2015-S50
REGIONAL::SINOP,2015,51,0.0,2015-S51
REGIONAL::SINOP,2015,52,0.0,2015-S52
REGIONAL::SINOP,2016,1,1.0,2016-S01
REGIONAL::SINOP,2016,2,0.0,2016-S02
REGIONAL::SINOP,2016,3,0.0,2016-S03
REGIONAL::SINOP,2016,4,1.0,2016-S04
REGIONAL::SINOP,2016,5,0.0,2016-S05
REGIONAL::SINOP,2016,6,0.0,2016-S06
REGIONAL::SINOP,2016,7,0.0,2016-S07
REGIONAL::SINOP,2016,8,2.0,2016-S08
REGIONAL::SINOP,2016,9,0.0,2016-S09
REGIONAL::SINOP,2016,10,0.0,2016-S10
REGIONAL::SINOP,2016,11,0.0,2016-S11
REGIONAL::SINOP,2016,12,1.0,2016-S12
REGIONAL::SINOP,2016,13,0.0,2016-S13
REGIONAL::SINOP,2016,14,2.0,2016-S14
REGIONAL::SINOP,2016,15,0.0,2016-S15
REGIONAL::SINOP,2016,16,1.0,2016-S16
REGIONAL::SINOP,2016,17,0.0,2016-S17
REGIONAL::SINOP,2016,18,2.0,2016-S18
REGIONAL::SINOP,2016,19,0.0,2016-S19
REGIONAL::SINOP,2016,20,1.0,2016-S20
REGIONAL::SINOP,2016,21,2.0,2016-S21
REGIONAL::SINOP,2016,22,0.0,2016-S22
REGIONAL::SINOP,2016,23,0.0,2016-S23
REGIONAL::SINOP,2016,24,0.0,2016-S24
REGIONAL::SINOP,2016,25,0.0,2016-S25
REGIONAL::SINOP,2016,26,0.0,2016-S26
REGIONAL::SINOP,2016,27,0.0,2016-S27
REGIONAL::SINOP,2016,28,1.0,2016-S28
REGIONAL::SINOP,2016,29,2.0,2016-S29
REGIONAL::SINOP,2016,30,1.0,2016-S30
REGIONAL::SINOP,2016,31,0.0,2016-S31
REGIONAL::SINOP,2016,32,0.0,2016-S32
REGIONAL::SINOP,2016,33,0.0,2016-S33
REGIONAL::SINOP,2016,34,0.0,2016-S34
REGIONAL::SINOP,2016,35,0.0,2016-S35
REGIONAL::SINOP,2016,36,0.0,2016-S36
REGIONAL::SINOP,2016,37,3.0,2016-S37
REGIONAL::SINOP,2016,38,0.0,2016-S38
REGIONAL::SINOP,2016,39,1.0,2016-S39
REGIONAL::SINOP,2016,40,2.0,2016-S40
REGIONAL::SINOP,2016,41,2.0,2016-S41
REGIONAL::SINOP,2016,42,1.0,2016-S42
REGIONAL::SINOP,2016,43,0.0,2016-S43
REGIONAL::SINOP,2016,44,0.0,2016-S44
REGIONAL::SINOP,2016,45,1.0,2016-S45
REGIONAL::SINOP,2016,46,0.0,2016-S46
REGIONAL::SINOP,2016,47,0.0,2016-S47
REGIONAL::SINOP,2016,48,0.0,2016-S48
REGIONAL::SINOP,2016,49,0.0,2016-S49
REGIONAL::SINOP,2016,50,1.0,2016-S50
REGIONAL::SINOP,2016,51,1.0,2016-S51
REGIONAL::SINOP,2016,52,0.0,2016-S52
REGIONAL::SINOP,2017,1,1.0,2017-S01
REGIONAL::SINOP,2017,2,0.0,2017-S02
REGIONAL::SINOP,2017,3,0.0,2017-S03
REGIONAL::SINOP,2017,4,0.0,2017-S04
REGIONAL::SINOP,2017,5,2.0,2017-S05
REGIONAL::SINOP,2017,6,1.0,2017-S06
REGIONAL::SINOP,2017,7,1.0,2017-S07
REGIONAL::SINOP,2017,8,0.0,2017-S08
REGIONAL::SINOP,2017,9,3.0,2017-S09
REGIONAL::SINOP,2017,10,0.0,2017-S10
REGIONAL::SINOP,2017,11,0.0,2017-S11
REGIONAL::SINOP,2017,12,1.0,2017-S12
REGIONAL::SINOP,2017,13,3.0,2017-S13
REGIONAL::SINOP,2017,14,1.0,2017-S14
REGIONAL::SINOP,2017,15,0.0,2017-S15
REGIONAL::SINOP,2017,16,1.0,2017-S16
REGIONAL::SINOP,2017,17,2.0,2017-S17
REGIONAL::SINOP,2017,18,0.0,2017-S18
REGIONAL::SINOP,2017,19,0.0,2017-S19
REGIONAL::SINOP,2017,20,2.0,2017-S20
REGIONAL::SINOP,2017,21,0.0,2017-S21
REGIONAL::SINOP,2017,22,0.0,2017-S22
REGIONAL::SINOP,2017,23,1.0,2017-S23
REGIONAL::SINOP,2017,24,1.0,2017-S24
REGIONAL::SINOP,2017,25,1.0,2017-S25
REGIONAL::SINOP,2017,26,0.0,2017-S26
REGIONAL::SINOP,2017,27,1.0,2017-S27
REGIONAL::SINOP,2017,28,0.0,2017-S28
REGIONAL::SINOP,2017,29,0.0,2017-S29
REGIONAL::SINOP,2017,30,0.0,2017-S30
REGIONAL::SINOP,2017,31,0.0,2017-S31
REGIONAL::SINOP,2017,32,1.0,2017-S32
REGIONAL::SINOP,2017,33,1.0,2017-S33
REGIONAL::SINOP,2017,34,1.0,2017-S34
REGIONAL::SINOP,2017,35,1.0,2017-S35
REGIONAL::SINOP,2017,36,1.0,2017-S36
REGIONAL::SINOP,2017,37,2.0,2017-S37
REGIONAL::SINOP,2017,38,0.0,2017-S38
REGIONAL::SINOP,2017,39,1.0,2017-S39
REGIONAL::SINOP,2017,40,0.0,2017-S40
REGIONAL::SINOP,2017,41,0.0,2017-S41
REGIONAL::SINOP,2017,42,0.0,2017-S42
REGIONAL::SINOP,2017,43,1.0,2017-S43
REGIONAL::SINOP,2017,44,0.0,2017-S44
REGIONAL::SINOP,2017,45,0.0,2017-S45
REGIONAL::SINOP,2017,46,2.0,2017-S46
REGIONAL::SINOP,2017,47,0.0,2017-S47
REGIONAL::SINOP,2017,48,0.0,2017-S48
REGIONAL::SINOP,2017,49,2.0,2017-S49
REGIONAL::SINOP,2017,50,0.0,2017-S50
REGIONAL::SINOP,2017,51,1.0,2017-S51
REGIONAL::SINOP,2017,52,2.0,2017-S52
REGIONAL::SINOP,2018,1,1.0,2018-S01
REGIONAL::SINOP,2018,2,0.0,2018-S02
REGIONAL::SINOP,2018,3,2.0,2018-S03
REGIONAL::SINOP,2018,4,0.0,2018-S04
REGIONAL::SINOP,2018,5,1.0,2018-S05
REGIONAL::SINOP,2018,6,0.0,2018-S06
REGIONAL::SINOP,2018,7,0.0,2018-S07
REGIONAL::SINOP,2018,8,0.0,2018-S08
REGIONAL::SINOP,2018,9,0.0,2018-S09
REGIONAL::SINOP,2018,10,1.0,2018-S10
REGIONAL::SINOP,2018,11,0.0,2018-S11
REGIONAL::SINOP,2018,12,3.0,2018-S12
REGIONAL::SINOP,2018,13,0.0,2018-S13
REGIONAL::SINOP,2018,14,1.0,2018-S14
REGIONAL::SINOP,2018,15,2.0,2018-S15
REGIONAL::SINOP,2018,16,0.0,2018-S16
REGIONAL::SINOP,2018,17,1.0,2018-S17
REGIONAL::SINOP,2018,18,0.0,2018-S18
REGIONAL::SINOP,2018,19,1.0,2018-S19
REGIONAL::SINOP,2018,20,0.0,2018-S20
REGIONAL::SINOP,2018,21,2.0,2018-S21
REGIONAL::SINOP,2018,22,1.0,2018-S22
REGIONAL::SINOP,2018,23,3.0,2018-S23
REGIONAL::SINOP,2018,24,0.0,2018-S24
REGIONAL::SINOP,2018,25,0.0,2018-S25
REGIONAL::SINOP,2018,26,1.0,2018-S26
REGIONAL::SINOP,2018,27,1.0,2018-S27
REGIONAL::SINOP,2018,28,0.0,2018-S28
REGIONAL::SINOP,2018,29,3.0,2018-S29
REGIONAL::SINOP,2018,30,0.0,2018-S30
REGIONAL::SINOP,2018,31,0.0,2018-S31
REGIONAL::SINOP,2018,32,0.0,2018-S32
REGIONAL::SINOP,2018,33,1.0,2018-S33
REGIONAL::SINOP,2018,34,0.0,2018-S34
REGIONAL::SINOP,2018,35,0.0,2018-S35
REGIONAL::SINOP,2018,36,0.0,2018-S36
REGIONAL::SINOP,2018,37,0.0,2018-S37
REGIONAL::SINOP,2018,38,0.0,2018-S38
REGIONAL::SINOP,2018,39,0.0,2018-S39
REGIONAL::SINOP,2018,40,0.0,2018-S40
REGIONAL::SINOP,2018,41,0.0,2018-S41
REGIONAL::SINOP,2018,42,0.0,2018-S42
REGIONAL::SINOP,2018,43,0.0,2018-S43
REGIONAL::SINOP,2018,44,0.0,2018-S44
REGIONAL::SINOP,2018,45,1.0,2018-S45
REGIONAL::SINOP,2018,46,1.0,2018-S46
REGIONAL::SINOP,2018,47,0.0,2018-S47
REGIONAL::SINOP,2018,48,0.0,2018-S48
REGIONAL::SINOP,2018,49,1.0,2018-S49
REGIONAL::SINOP,2018,50,1.0,2018-S50
REGIONAL::SINOP,2018,51,1.0,2018-S51
REGIONAL::SINOP,2018,52,0.0,2018-S52
REGIONAL::SINOP,2019,1,0.0,2019-S01
REGIONAL::SINOP,2019,2,0.0,2019-S02
REGIONAL::SINOP,2019,3,1.0,2019-S03
REGIONAL::SINOP,2019,4,1.0,2019-S04
REGIONAL::SINOP,2019,5,1.0,2019-S05
REGIONAL::SINOP,2019,6,2.0,2019-S06
REGIONAL::SINOP,2019,7,0.0,2019-S07
REGIONAL::SINOP,2019,8,1.0,2019-S08
REGIONAL::SINOP,2019,9,0.0,2019-S09
REGIONAL::SINOP,2019,10,0.0,2019-S10
REGIONAL::SINOP,2019,11,1.0,2019-S11
REGIONAL::SINOP,2019,12,1.0,2019-S12
REGIONAL::SINOP,2019,13,0.0,2019-S13
REGIONAL::SINOP,2019,14,0.0,2019-S14
REGIONAL::SINOP,2019,15,1.0,2019-S15
REGIONAL::SINOP,2019,16,0.0,2019-S16
REGIONAL::SINOP,2019,17,1.0,2019-S17
REGIONAL::SINOP,2019,18,0.0,2019-S18
REGIONAL::SINOP,2019,19,0.0,2019-S19
REGIONAL::SINOP,2019,20,0.0,2019-S20
REGIONAL::SINOP,2019,21,0.0,2019-S21
REGIONAL::SINOP,2019,22,0.0,2019-S22
REGIONAL::SINOP,2019,23,0.0,2019-S23
REGIONAL::SINOP,2019,24,1.0,2019-S24
REGIONAL::SINOP,2019,25,0.0,2019-S25
REGIONAL::SINOP,2019,26,0.0,2019-S26
REGIONAL::SINOP,2019,27,0.0,2019-S27
REGIONAL::SINOP,2019,28,0.0,2019-S28
REGIONAL::SINOP,2019,29,2.0,2019-S29
REGIONAL::SINOP,2019,30,1.0,2019-S30
REGIONAL::SINOP,2019,31,0.0,2019-S31
REGIONAL::SINOP,2019,32,0.0,2019-S32
REGIONAL::SINOP,2019,33,0.0,2019-S33
REGIONAL::SINOP,2019,34,0.0,2019-S34
REGIONAL::SINOP,2019,35,1.0,2019-S35
REGIONAL::SINOP,2019,36,1.0,2019-S36
REGIONAL::SINOP,2019,37,0.0,2019-S37
REGIONAL::SINOP,2019,38,1.0,2019-S38
REGIONAL::SINOP,2019,39,0.0,2019-S39
REGIONAL::SINOP,2019,40,1.0,2019-S40
REGIONAL::SINOP,2019,41,0.0,2019-S41
REGIONAL::SINOP,2019,42,0.0,2019-S42
REGIONAL::SINOP,2019,43,1.0,2019-S43
REGIONAL::SINOP,2019,44,2.0,2019-S44
REGIONAL::SINOP,2019,45,0.0,2019-S45
REGIONAL::SINOP,2019,46,1.0,2019-S46
REGIONAL::SINOP,2019,47,0.0,2019-S47
REGIONAL::SINOP,2019,48,0.0,2019-S48
REGIONAL::SINOP,2019,49,2.0,2019-S49
REGIONAL::SINOP,2019,50,2.0,2019-S50
REGIONAL::SINOP,2019,51,1.0,2019-S51
REGIONAL::SINOP,2019,52,0.0,2019-S52
REGIONAL::SINOP,2020,1,0.0,2020-S01
REGIONAL::SINOP,2020,2,0.0,2020-S02
REGIONAL::SINOP,2020,3,0.0,2020-S03
REGIONAL::SINOP,2020,4,0.0,2020-S04
REGIONAL::SINOP,2020,5,0.0,2020-S05
REGIONAL::SINOP,2020,6,0.0,2020-S06
REGIONAL::SINOP,2020,7,0.0,2020-S07
REGIONAL::SINOP,2020,8,0.0,2020-S08
REGIONAL::SINOP,2020,9,1.0,2020-S09
REGIONAL::SINOP,2020,10,0.0,2020-S10
REGIONAL::SINOP,2020,11,0.0,2020-S11
REGIONAL::SINOP,2020,12,0.0,2020-S12
REGIONAL::SINOP,2020,13,0.0,2020-S13
REGIONAL::SINOP,2020,14,0.0,2020-S14
REGIONAL::SINOP,2020,15,0.0,2020-S15
REGIONAL::SINOP,2020,16,0.0,2020-S16
REGIONAL::SINOP,2020,17,1.0,2020-S17
REGIONAL::SINOP,2020,18,1.0,2020-S18
REGIONAL::SINOP,2020,19,0.0,2020-S19
REGIONAL::SINOP,2020,20,1.0,2020-S20
REGIONAL::SINOP,2020,21,1.0,2020-S21
REGIONAL::SINOP,2020,22,0.0,2020-S22
REGIONAL::SINOP,2020,23,0.0,2020-S23
REGIONAL::SINOP,2020,24,0.0,2020-S24
REGIONAL::SINOP,2020,25,0.0,2020-S25
REGIONAL::SINOP,2020,26,0.0,2020-S26
REGIONAL::SINOP,2020,27,0.0,2020-S27
REGIONAL::SINOP,2020,28,0.0,2020-S28
REGIONAL::SINOP,2020,29,0.0,2020-S29
REGIONAL::SINOP,2020,30,0.0,2020-S30
REGIONAL::SINOP,2020,31,0.0,2020-S31
REGIONAL::SINOP,2020,32,0.0,2020-S32
REGIONAL::SINOP,2020,33,1.0,2020-S33
REGIONAL::SINOP,2020,34,0.0,2020-S34
REGIONAL::SINOP,2020,35,0.0,2020-S35
REGIONAL::SINOP,2020,36,0.0,2020-S36
REGIONAL::SINOP,2020,37,0.0,2020-S37
REGIONAL::SINOP,2020,38,0.0,2020-S38
REGIONAL::SINOP,2020,39,0.0,2020-S39
REGIONAL::SINOP,2020,40,0.0,2020-S40
REGIONAL::SINOP,2020,41,2.0,2020-S41
REGIONAL::SINOP,2020,42,0.0,2020-S42
REGIONAL::SINOP,2020,43,0.0,2020-S43
REGIONAL::SINOP,2020,44,1.0,2020-S44
REGIONAL::SINOP,2020,45,0.0,2020-S45
REGIONAL::SINOP,2020,46,0.0,2020-S46
REGIONAL::SINOP,2020,47,0.0,2020-S47
REGIONAL::SINOP,2020,48,0.0,2020-S48
REGIONAL::SINOP,2020,49,0.0,2020-S49
REGIONAL::SINOP,2020,50,0.0,2020-S50
REGIONAL::SINOP,2020,51,0.0,2020-S51
REGIONAL::SINOP,2020,52,0.0,2020-S52
REGIONAL::SINOP,2021,1,0.0,2021-S01
REGIONAL::SINOP,2021,2,0.0,2021-S02
REGIONAL::SINOP,2021,3,0.0,2021-S03
REGIONAL::SINOP,2021,4,0.0,2021-S04
REGIONAL::SINOP,2021,5,0.0,2021-S05
REGIONAL::SINOP,2021,6,0.0,2021-S06
REGIONAL::SINOP,2021,7,1.0,2021-S07
REGIONAL::SINOP,2021,8,0.0,2021-S08
REGIONAL::SINOP,2021,9,1.0,2021-S09
REGIONAL::SINOP,2021,10,0.0,2021-S10
REGIONAL::SINOP,2021,11,0.0,2021-S11
REGIONAL::SINOP,2021,12,0.0,2021-S12
REGIONAL::SINOP,2021,13,0.0,2021-S13
REGIONAL::SINOP,2021,14,0.0,2021-S14
REGIONAL::SINOP,2021,15,0.0,2021-S15
REGIONAL::SINOP,2021,16,0.0,2021-S16
REGIONAL::SINOP,2021,17,0.0,2021-S17
REGIONAL::SINOP,2021,18,0.0,2021-S18
REGIONAL::SINOP,2021,19,0.0,2021-S19
REGIONAL::SINOP,2021,20,0.0,2021-S20
REGIONAL::SINOP,2021,21,0.0,2021-S21
REGIONAL::SINOP,2021,22,0.0,2021-S22
REGIONAL::SINOP,2021,23,0.0,2021-S23
REGIONAL::SINOP,2021,24,0.0,2021-S24
REGIONAL::SINOP,2021,25,0.0,2021-S25
REGIONAL::SINOP,2021,26,0.0,2021-S26
REGIONAL::SINOP,2021,27,0.0,2021-S27
REGIONAL::SINOP,2021,28,1.0,2021-S28
REGIONAL::SINOP,2021,29,0.0,2021-S29
REGIONAL::SINOP,2021,30,0.0,2021-S30
REGIONAL::SINOP,2021,31,2.0,2021-S31
REGIONAL::SINOP,2021,32,0.0,2021-S32
REGIONAL::SINOP,2021,33,1.0,2021-S33
REGIONAL::SINOP,2021,34,1.0,2021-S34
REGIONAL::SINOP,2021,35,0.0,2021-S35
REGIONAL::SINOP,2021,36,1.0,2021-S36
REGIONAL::SINOP,2021,37,1.0,2021-S37
REGIONAL::SINOP,2021,38,0.0,2021-S38
REGIONAL::SINOP,2021,39,2.0,2021-S39
REGIONAL::SINOP,2021,40,0.0,2021-S40
REGIONAL::SINOP,2021,41,0.0,2021-S41
REGIONAL::SINOP,2021,42,0.0,2021-S42
REGIONAL::SINOP,2021,43,0.0,2021-S43
REGIONAL::SINOP,2021,44,0.0,2021-S44
REGIONAL::SINOP,2021,45,0.0,2021-S45
REGIONAL::SINOP,2021,46,0.0,2021-S46
REGIONAL::SINOP,2021,47,0.0,2021-S47
REGIONAL::SINOP,2021,48,0.0,2021-S48
REGIONAL::SINOP,2021,49,0.0,2021-S49
REGIONAL::SINOP,2021,50,1.0,2021-S50
REGIONAL::SINOP,2021,51,0.0,2021-S51
REGIONAL::SINOP,2021,52,0.0,2021-S52
REGIONAL::SINOP,2022,1,0.0,2022-S01
REGIONAL::SINOP,2022,2,1.0,2022-S02
REGIONAL::SINOP,2022,3,0.0,2022-S03
REGIONAL::SINOP,2022,4,0.0,2022-S04
REGIONAL::SINOP,2022,5,0.0,2022-S05
REGIONAL::SINOP,2022,6,1.0,2022-S06
REGIONAL::SINOP,2022,7,0.0,2022-S07
REGIONAL::SINOP,2022,8,0.0,2022-S08
REGIONAL::SINOP,2022,9,0.0,2022-S09
REGIONAL::SINOP,2022,10,1.0,2022-S10
REGIONAL::SINOP,2022,11,0.0,2022-S11
REGIONAL::SINOP,2022,12,3.0,2022-S12
REGIONAL::SINOP,2022,13,1.0,2022-S13
REGIONAL::SINOP,2022,14,2.0,2022-S14
REGIONAL::SINOP,2022,15,0.0,2022-S15
REGIONAL::SINOP,2022,16,0.0,2022-S16
REGIONAL::SINOP,2022,17,0.0,2022-S17
REGIONAL::SINOP,2022,18,0.0,2022-S18
REGIONAL::SINOP,2022,19,0.0,2022-S19
REGIONAL::SINOP,2022,20,1.0,2022-S20
REGIONAL::SINOP,2022,21,2.0,2022-S21
REGIONAL::SINOP,2022,22,0.0,2022-S22
REGIONAL::SINOP,2022,23,2.0,2022-S23
REGIONAL::SINOP,2022,24,0.0,2022-S24
REGIONAL::SINOP,2022,25,1.0,2022-S25
REGIONAL::SINOP,2022,26,1.0,2022-S26
REGIONAL::SINOP,2022,27,0.0,2022-S27
REGIONAL::SINOP,2022,28,1.0,2022-S28
REGIONAL::SINOP,2022,29,0.0,2022-S29
REGIONAL::SINOP,2022,30,0.0,2022-S30
REGIONAL::SINOP,2022,31,1.0,2022-S31
REGIONAL::SINOP,2022,32,1.0,2022-S32
REGIONAL::SINOP,2022,33,1.0,2022-S33
REGIONAL::SINOP,2022,34,1.0,2022-S34
REGIONAL::SINOP,2022,35,1.0,2022-S35
REGIONAL::SINOP,2022,36,0.0,2022-S36
REGIONAL::SINOP,2022,37,0.0,2022-S37
REGIONAL::SINOP,2022,38,0.0,2022-S38
REGIONAL::SINOP,2022,39,1.0,2022-S39
REGIONAL::SINOP,2022,40,1.0,2022-S40
REGIONAL::SINOP,2022,41,1.0,2022-S41
REGIONAL::SINOP,2022,42,1.0,2022-S42
REGIONAL::SINOP,2022,43,0.0,2022-S43
REGIONAL::SINOP,2022,44,1.0,2022-S44
REGIONAL::SINOP,2022,45,3.0,2022-S45
REGIONAL::SINOP,2022,46,1.0,2022-S46
REGIONAL::SINOP,2022,47,1.0,2022-S47
REGIONAL::SINOP,2022,48,0.0,2022-S48
REGIONAL::SINOP,2022,49,1.0,2022-S49
REGIONAL::SINOP,2022,50,0.0,2022-S50
REGIONAL::SINOP,2022,51,0.0,2022-S51
REGIONAL::SINOP,2022,52,0.0,2022-S52
REGIONAL::SINOP,2023,1,0.0,2023-S01
REGIONAL::SINOP,2023,2,1.0,2023-S02
REGIONAL::SINOP,2023,3,0.0,2023-S03
REGIONAL::SINOP,2023,4,0.0,2023-S04
REGIONAL::SINOP,2023,5,2.0,2023-S05
REGIONAL::SINOP,2023,6,3.0,2023-S06
REGIONAL::SINOP,2023,7,1.0,2023-S07
REGIONAL::SINOP,2023,8,2.0,2023-S08
REGIONAL::SINOP,2023,9,1.0,2023-S09
REGIONAL::SINOP,2023,10,2.0,2023-S10
REGIONAL::SINOP,2023,11,0.0,2023-S11
REGIONAL::SINOP,2023,12,4.0,2023-S12
REGIONAL::SINOP,2023,13,1.0,2023-S13
REGIONAL::SINOP,2023,14,2.0,2023-S14
REGIONAL::SINOP,2023,15,1.0,2023-S15
REGIONAL::SINOP,2023,16,0.0,2023-S16
REGIONAL::SINOP,2023,17,0.0,2023-S17
REGIONAL::SINOP,2023,18,0.0,2023-S18
REGIONAL::SINOP,2023,19,0.0,2023-S19
REGIONAL::SINOP,2023,20,0.0,2023-S20
REGIONAL::SINOP,2023,21,0.0,2023-S21
REGIONAL::SINOP,2023,22,1.0,2023-S22
REGIONAL::SINOP,2023,23,0.0,2023-S23
REGIONAL::SINOP,2023,24,1.0,2023-S24
REGIONAL::SINOP,2023,25,1.0,2023-S25
REGIONAL::SINOP,2023,26,1.0,2023-S26
REGIONAL::SINOP,2023,27,0.0,2023-S27
REGIONAL::SINOP,2023,28,2.0,2023-S28
REGIONAL::SINOP,2023,29,0.0,2023-S29
REGIONAL::SINOP,2023,30,1.0,2023-S30
REGIONAL::SINOP,2023,31,2.0,2023-S31
REGIONAL::SINOP,2023,32,0.0,2023-S32
REGIONAL::SINOP,2023,33,0.0,2023-S33
REGIONAL::SINOP,2023,34,0.0,2023-S34
REGIONAL::SINOP,2023,35,2.0,2023-S35
REGIONAL::SINOP,2023,36,0.0,2023-S36
REGIONAL::SINOP,2023,37,1.0,2023-S37
REGIONAL::SINOP,2023,38,0.0,2023-S38
REGIONAL::SINOP,2023,39,0.0,2023-S39
REGIONAL::SINOP,2023,40,1.0,2023-S40
REGIONAL::SINOP,2023,41,0.0,2023-S41
REGIONAL::SINOP,2023,42,0.0,2023-S42
REGIONAL::SINOP,2023,43,1.0,2023-S43
REGIONAL::SINOP,2023,44,0.0,2023-S44
REGIONAL::SINOP,2023,45,0.0,2023-S45
REGIONAL::SINOP,2023,46,0.0,2023-S46
REGIONAL::SINOP,2023,47,1.0,2023-S47
REGIONAL::SINOP,2023,48,0.0,2023-S48
REGIONAL::SINOP,2023,49,1.0,2023-S49
REGIONAL::SINOP,2023,50,0.0,2023-S50
REGIONAL::SINOP,2023,51,2.0,2023-S51
REGIONAL::SINOP,2023,52,2.0,2023-S52
REGIONAL::SINOP,2024,1,0.0,2024-S01
REGIONAL::SINOP,2024,2,1.0,2024-S02
REGIONAL::SINOP,2024,3,0.0,2024-S03
REGIONAL::SINOP,2024,4,1.0,2024-S04
REGIONAL::SINOP,2024,5,0.0,2024-S05
REGIONAL::SINOP,2024,6,2.0,2024-S06
REGIONAL::SINOP,2024,7,0.0,2024-S07
REGIONAL::SINOP,2024,8,0.0,2024-S08
REGIONAL::SINOP,2024,9,3.0,2024-S09
REGIONAL::SINOP,2024,10,0.0,2024-S10
REGIONAL::SINOP,2024,11,1.0,2024-S11
REGIONAL::SINOP,2024,12,0.0,2024-S12
REGIONAL::SINOP,2024,13,0.0,2024-S13
REGIONAL::SINOP,2024,14,0.0,2024-S14
REGIONAL::SINOP,2024,15,1.0,2024-S15
REGIONAL::SINOP,2024,16,0.0,2024-S16
REGIONAL::SINOP,2024,17,1.0,2024-S17
REGIONAL::SINOP,2024,18,2.0,2024-S18
REGIONAL::SINOP,2024,19,2.0,2024-S19
REGIONAL::SINOP,2024,20,0.0,2024-S20
REGIONAL::SINOP,2024,21,0.0,2024-S21
REGIONAL::SINOP,2024,22,0.0,2024-S22
REGIONAL::SINOP,2024,23,0.0,2024-S23
REGIONAL::SINOP,2024,24,1.0,2024-S24
REGIONAL::SINOP,2024,25,3.0,2024-S25
REGIONAL::SINOP,2024,26,0.0,2024-S26
REGIONAL::SINOP,2024,27,1.0,2024-S27
REGIONAL::SINOP,2024,28,0.0,2024-S28
REGIONAL::SINOP,2024,29,0.0,2024-S29
REGIONAL::SINOP,2024,30,1.0,2024-S30
REGIONAL::SINOP,2024,31,0.0,2024-S31
REGIONAL::SINOP,2024,32,1.0,2024-S32
REGIONAL::SINOP,2024,33,0.0,2024-S33
REGIONAL::SINOP,2024,34,1.0,2024-S34
REGIONAL::SINOP,2024,35,0.0,2024-S35
REGIONAL::SINOP,2024,36,0.0,2024-S36
REGIONAL::SINOP,2024,37,0.0,2024-S37
REGIONAL::SINOP,2024,38,0.0,2024-S38
REGIONAL::SINOP,2024,39,0.0,2024-S39
REGIONAL::SINOP,2024,40,3.0,2024-S40
REGIONAL::SINOP,2024,41,2.0,2024-S41
REGIONAL::SINOP,2024,42,0.0,2024-S42
REGIONAL::SINOP,2024,43,3.0,2024-S43
REGIONAL::SINOP,2024,44,0.0,2024-S44
REGIONAL::SINOP,2024,45,1.0,2024-S45
REGIONAL::SINOP,2024,46,3.0,2024-S46
REGIONAL::SINOP,2024,47,1.0,2024-S47
REGIONAL::SINOP,2024,48,0.0,2024-S48
REGIONAL::SINOP,2024,49,1.0,2024-S49
REGIONAL::SINOP,2024,50,0.0,2024-S50
REGIONAL::SINOP,2024,51,1.0,2024-S51
REGIONAL::SINOP,2024,52,0.0,2024-S52
REGIONAL::SINOP,2025,1,1.0,2025-S01
REGIONAL::SINOP,2025,2,1.0,2025-S02
REGIONAL::SINOP,2025,3,0.0,2025-S03
REGIONAL::SINOP,2025,4,0.0,2025-S04
REGIONAL::SINOP,2025,5,1.0,2025-S05
REGIONAL::SINOP,2025,6,0.0,2025-S06
REGIONAL::SINOP,2025,7,0.0,2025-S07
REGIONAL::SINOP,2025,8,0.0,2025-S08
REGIONAL::SINOP,2025,9,0.0,2025-S09
REGIONAL::SINOP,2025,10,0.0,2025-S10
REGIONAL::SINOP,2025,11,0.0,2025-S11
REGIONAL::SINOP,2025,12,0.0,2025-S12
REGIONAL::SINOP,2025,13,0.0,2025-S13
REGIONAL::SINOP,2025,14,2.0,2025-S14
REGIONAL::SINOP,2025,15,0.0,2025-S15
REGIONAL::SINOP,2025,16,1.0,2025-S16
REGIONAL::SINOP,2025,17,0.0,2025-S17
REGIONAL::SINOP,2025,18,0.0,2025-S18
REGIONAL::SINOP,2025,19,2.0,2025-S19
REGIONAL::SINOP,2025,20,0.0,2025-S20
REGIONAL::SINOP,2025,21,2.0,2025-S21
REGIONAL::SINOP,2025,22,0.0,2025-S22
REGIONAL::SINOP,2025,23,0.0,2025-S23
REGIONAL::SINOP,2025,24,1.0,2025-S24
REGIONAL::SINOP,2025,25,0.0,2025-S25
REGIONAL::SINOP,2025,26,2.0,2025-S26
REGIONAL::SINOP,2025,27,0.0,2025-S27
REGIONAL::SINOP,2025,28,1.0,2025-S28
REGIONAL::SINOP,2025,29,0.0,2025-S29
REGIONAL::SINOP,2025,30,0.0,2025-S30
REGIONAL::SINOP,2025,31,0.0,2025-S31
REGIONAL::SINOP,2025,32,1.0,2025-S32
REGIONAL::SINOP,2025,33,1.0,2025-S33
REGIONAL::SINOP,2025,34,0.0,2025-S34
REGIONAL::SINOP,2025,35,2.0,2025-S35
REGIONAL::SINOP,2025,36,1.0,2025-S36
REGIONAL::SINOP,2025,37,1.0,2025-S37
REGIONAL::SINOP,2025,38,0.0,2025-S38
REGIONAL::SINOP,2025,39,1.0,2025-S39
REGIONAL::SINOP,2025,40,1.0,2025-S40
REGIONAL::SINOP,2025,41,1.0,2025-S41
REGIONAL::SINOP,2025,42,0.0,2025-S42
REGIONAL::SINOP,2025,43,1.0,2025-S43
REGIONAL::SINOP,2025,44,1.0,2025-S44
REGIONAL::SINOP,2025,45,1.0,2025-S45
REGIONAL::SINOP,2025,46,0.0,2025-S46
REGIONAL::SINOP,2025,47,1.0,2025-S47
REGIONAL::SINOP,2025,48,0.0,2025-S48
REGIONAL::SINOP,2025,49,0.0,2025-S49
REGIONAL::SINOP,2025,50,0.0,2025-S50
REGIONAL::SINOP,2025,51,2.0,2025-S51
REGIONAL::SINOP,2025,52,1.0,2025-S52
REGIONAL::SINOP,2026,1,1.0,2026-S01
REGIONAL::SINOP,2026,2,1.0,2026-S02
REGIONAL::SINOP,2026,3,1.0,2026-S03
REGIONAL::SINOP,2026,4,1.0,2026-S04
REGIONAL::SINOP,2026,5,0.0,2026-S05
REGIONAL::SINOP,2026,6,1.0,2026-S06
REGIONAL::SINOP,2026,7,2.0,2026-S07
REGIONAL::SINOP,2026,8,1.0,2026-S08
REGIONAL::SINOP,2026,9,1.0,2026-S09
REGIONAL::SINOP,2026,10,4.0,2026-S10
REGIONAL::SINOP,2026,11,0.0,2026-S11
REGIONAL::SINOP,2026,12,2.0,2026-S12
REGIONAL::SINOP,2026,13,0.0,2026-S13
REGIONAL::SINOP,2026,14,0.0,2026-S14
REGIONAL::SINOP,2026,15,0.0,2026-S15
REGIONAL::SINOP,2026,16,7.0,2026-S16
REGIONAL::SINOP,2026,17,3.0,2026-S17
REGIONAL::SINOP,2026,18,2.0,2026-S18
REGIONAL::SINOP,2026,19,1.0,2026-S19
REGIONAL::SINOP,2026,20,1.0,2026-S20
REGIONAL::SINOP,2026,21,0.0,2026-S21
REGIONAL::SINOP,2026,22,1.0,2026-S22
REGIONAL::SINOP,2026,23,2.0,2026-S23
REGIONAL::SINOP,2026,24,1.0,2026-S24
REGIONAL::SINOP,2026,25,2.0,2026-S25
REGIONAL::SINOP,2026,26,0.0,2026-S26
REGIONAL::SINOP,2026,27,1.0,2026-S27
REGIONAL::SINOP,2026,28,0.0,2026-S28
REGIONAL::SINOP,2026,29,0.0,2026-S29
REGIONAL::SINOP,2026,30,0.0,2026-S30
REGIONAL::SINOP,2026,31,0.0,2026-S31
REGIONAL::TANGARA DA SERRA,2007,3,1.0,2007-S03
REGIONAL::TANGARA DA SERRA,2007,4,0.0,2007-S04
REGIONAL::TANGARA DA SERRA,2007,5,1.0,2007-S05
REGIONAL::TANGARA DA SERRA,2007,6,2.0,2007-S06
REGIONAL::TANGARA DA SERRA,2007,7,0.0,2007-S07
REGIONAL::TANGARA DA SERRA,2007,8,2.0,2007-S08
REGIONAL::TANGARA DA SERRA,2007,9,5.0,2007-S09
REGIONAL::TANGARA DA SERRA,2007,10,2.0,2007-S10
REGIONAL::TANGARA DA SERRA,2007,11,5.0,2007-S11
REGIONAL::TANGARA DA SERRA,2007,12,6.0,2007-S12
REGIONAL::TANGARA DA SERRA,2007,13,5.0,2007-S13
REGIONAL::TANGARA DA SERRA,2007,14,12.0,2007-S14
REGIONAL::TANGARA DA SERRA,2007,15,15.0,2007-S15
REGIONAL::TANGARA DA SERRA,2007,16,6.0,2007-S16
REGIONAL::TANGARA DA SERRA,2007,17,6.0,2007-S17
REGIONAL::TANGARA DA SERRA,2007,18,7.0,2007-S18
REGIONAL::TANGARA DA SERRA,2007,19,2.0,2007-S19
REGIONAL::TANGARA DA SERRA,2007,20,3.0,2007-S20
REGIONAL::TANGARA DA SERRA,2007,21,1.0,2007-S21
REGIONAL::TANGARA DA SERRA,2007,22,0.0,2007-S22
REGIONAL::TANGARA DA SERRA,2007,23,1.0,2007-S23
REGIONAL::TANGARA DA SERRA,2007,24,0.0,2007-S24
REGIONAL::TANGARA DA SERRA,2007,25,0.0,2007-S25
REGIONAL::TANGARA DA SERRA,2007,26,1.0,2007-S26
REGIONAL::TANGARA DA SERRA,2007,27,0.0,2007-S27
REGIONAL::TANGARA DA SERRA,2007,28,0.0,2007-S28
REGIONAL::TANGARA DA SERRA,2007,29,1.0,2007-S29
REGIONAL::TANGARA DA SERRA,2007,30,0.0,2007-S30
REGIONAL::TANGARA DA SERRA,2007,31,0.0,2007-S31
REGIONAL::TANGARA DA SERRA,2007,32,0.0,2007-S32
REGIONAL::TANGARA DA SERRA,2007,33,0.0,2007-S33
REGIONAL::TANGARA DA SERRA,2007,34,0.0,2007-S34
REGIONAL::TANGARA DA SERRA,2007,35,0.0,2007-S35
REGIONAL::TANGARA DA SERRA,2007,36,0.0,2007-S36
REGIONAL::TANGARA DA SERRA,2007,37,1.0,2007-S37
REGIONAL::TANGARA DA SERRA,2007,38,0.0,2007-S38
REGIONAL::TANGARA DA SERRA,2007,39,1.0,2007-S39
REGIONAL::TANGARA DA SERRA,2007,40,1.0,2007-S40
REGIONAL::TANGARA DA SERRA,2007,41,1.0,2007-S41
REGIONAL::TANGARA DA SERRA,2007,42,1.0,2007-S42
REGIONAL::TANGARA DA SERRA,2007,43,1.0,2007-S43
REGIONAL::TANGARA DA SERRA,2007,44,0.0,2007-S44
REGIONAL::TANGARA DA SERRA,2007,45,0.0,2007-S45
REGIONAL::TANGARA DA SERRA,2007,46,0.0,2007-S46
REGIONAL::TANGARA DA SERRA,2007,47,0.0,2007-S47
REGIONAL::TANGARA DA SERRA,2007,48,0.0,2007-S48
REGIONAL::TANGARA DA SERRA,2007,49,1.0,2007-S49
REGIONAL::TANGARA DA SERRA,2007,50,0.0,2007-S50
REGIONAL::TANGARA DA SERRA,2007,51,1.0,2007-S51
REGIONAL::TANGARA DA SERRA,2007,52,2.0,2007-S52
REGIONAL::TANGARA DA SERRA,2008,1,1.0,2008-S01
REGIONAL::TANGARA DA SERRA,2008,2,0.0,2008-S02
REGIONAL::TANGARA DA SERRA,2008,3,0.0,2008-S03
REGIONAL::TANGARA DA SERRA,2008,4,1.0,2008-S04
REGIONAL::TANGARA DA SERRA,2008,5,1.0,2008-S05
REGIONAL::TANGARA DA SERRA,2008,6,2.0,2008-S06
REGIONAL::TANGARA DA SERRA,2008,7,1.0,2008-S07
REGIONAL::TANGARA DA SERRA,2008,8,1.0,2008-S08
REGIONAL::TANGARA DA SERRA,2008,9,0.0,2008-S09
REGIONAL::TANGARA DA SERRA,2008,10,0.0,2008-S10
REGIONAL::TANGARA DA SERRA,2008,11,0.0,2008-S11
REGIONAL::TANGARA DA SERRA,2008,12,0.0,2008-S12
REGIONAL::TANGARA DA SERRA,2008,13,0.0,2008-S13
REGIONAL::TANGARA DA SERRA,2008,14,3.0,2008-S14
REGIONAL::TANGARA DA SERRA,2008,15,2.0,2008-S15
REGIONAL::TANGARA DA SERRA,2008,16,0.0,2008-S16
REGIONAL::TANGARA DA SERRA,2008,17,0.0,2008-S17
REGIONAL::TANGARA DA SERRA,2008,18,0.0,2008-S18
REGIONAL::TANGARA DA SERRA,2008,19,1.0,2008-S19
REGIONAL::TANGARA DA SERRA,2008,20,0.0,2008-S20
REGIONAL::TANGARA DA SERRA,2008,21,0.0,2008-S21
REGIONAL::TANGARA DA SERRA,2008,22,1.0,2008-S22
REGIONAL::TANGARA DA SERRA,2008,23,0.0,2008-S23
REGIONAL::TANGARA DA SERRA,2008,24,0.0,2008-S24
REGIONAL::TANGARA DA SERRA,2008,25,1.0,2008-S25
REGIONAL::TANGARA DA SERRA,2008,26,1.0,2008-S26
REGIONAL::TANGARA DA SERRA,2008,27,2.0,2008-S27
REGIONAL::TANGARA DA SERRA,2008,28,1.0,2008-S28
REGIONAL::TANGARA DA SERRA,2008,29,1.0,2008-S29
REGIONAL::TANGARA DA SERRA,2008,30,0.0,2008-S30
REGIONAL::TANGARA DA SERRA,2008,31,0.0,2008-S31
REGIONAL::TANGARA DA SERRA,2008,32,1.0,2008-S32
REGIONAL::TANGARA DA SERRA,2008,33,0.0,2008-S33
REGIONAL::TANGARA DA SERRA,2008,34,0.0,2008-S34
REGIONAL::TANGARA DA SERRA,2008,35,1.0,2008-S35
REGIONAL::TANGARA DA SERRA,2008,36,0.0,2008-S36
REGIONAL::TANGARA DA SERRA,2008,37,1.0,2008-S37
REGIONAL::TANGARA DA SERRA,2008,38,0.0,2008-S38
REGIONAL::TANGARA DA SERRA,2008,39,0.0,2008-S39
REGIONAL::TANGARA DA SERRA,2008,40,0.0,2008-S40
REGIONAL::TANGARA DA SERRA,2008,41,0.0,2008-S41
REGIONAL::TANGARA DA SERRA,2008,42,0.0,2008-S42
REGIONAL::TANGARA DA SERRA,2008,43,0.0,2008-S43
REGIONAL::TANGARA DA SERRA,2008,44,0.0,2008-S44
REGIONAL::TANGARA DA SERRA,2008,45,0.0,2008-S45
REGIONAL::TANGARA DA SERRA,2008,46,1.0,2008-S46
REGIONAL::TANGARA DA SERRA,2008,47,0.0,2008-S47
REGIONAL::TANGARA DA SERRA,2008,48,2.0,2008-S48
REGIONAL::TANGARA DA SERRA,2008,49,0.0,2008-S49
REGIONAL::TANGARA DA SERRA,2008,50,0.0,2008-S50
REGIONAL::TANGARA DA SERRA,2008,51,0.0,2008-S51
REGIONAL::TANGARA DA SERRA,2008,52,0.0,2008-S52
REGIONAL::TANGARA DA SERRA,2009,1,0.0,2009-S01
REGIONAL::TANGARA DA SERRA,2009,2,0.0,2009-S02
REGIONAL::TANGARA DA SERRA,2009,3,0.0,2009-S03
REGIONAL::TANGARA DA SERRA,2009,4,0.0,2009-S04
REGIONAL::TANGARA DA SERRA,2009,5,1.0,2009-S05
REGIONAL::TANGARA DA SERRA,2009,6,0.0,2009-S06
REGIONAL::TANGARA DA SERRA,2009,7,1.0,2009-S07
REGIONAL::TANGARA DA SERRA,2009,8,1.0,2009-S08
REGIONAL::TANGARA DA SERRA,2009,9,0.0,2009-S09
REGIONAL::TANGARA DA SERRA,2009,10,2.0,2009-S10
REGIONAL::TANGARA DA SERRA,2009,11,3.0,2009-S11
REGIONAL::TANGARA DA SERRA,2009,12,1.0,2009-S12
REGIONAL::TANGARA DA SERRA,2009,13,1.0,2009-S13
REGIONAL::TANGARA DA SERRA,2009,14,1.0,2009-S14
REGIONAL::TANGARA DA SERRA,2009,15,0.0,2009-S15
REGIONAL::TANGARA DA SERRA,2009,16,0.0,2009-S16
REGIONAL::TANGARA DA SERRA,2009,17,1.0,2009-S17
REGIONAL::TANGARA DA SERRA,2009,18,2.0,2009-S18
REGIONAL::TANGARA DA SERRA,2009,19,0.0,2009-S19
REGIONAL::TANGARA DA SERRA,2009,20,0.0,2009-S20
REGIONAL::TANGARA DA SERRA,2009,21,1.0,2009-S21
REGIONAL::TANGARA DA SERRA,2009,22,1.0,2009-S22
REGIONAL::TANGARA DA SERRA,2009,23,2.0,2009-S23
REGIONAL::TANGARA DA SERRA,2009,24,2.0,2009-S24
REGIONAL::TANGARA DA SERRA,2009,25,3.0,2009-S25
REGIONAL::TANGARA DA SERRA,2009,26,0.0,2009-S26
REGIONAL::TANGARA DA SERRA,2009,27,0.0,2009-S27
REGIONAL::TANGARA DA SERRA,2009,28,0.0,2009-S28
REGIONAL::TANGARA DA SERRA,2009,29,1.0,2009-S29
REGIONAL::TANGARA DA SERRA,2009,30,0.0,2009-S30
REGIONAL::TANGARA DA SERRA,2009,31,1.0,2009-S31
REGIONAL::TANGARA DA SERRA,2009,32,0.0,2009-S32
REGIONAL::TANGARA DA SERRA,2009,33,1.0,2009-S33
REGIONAL::TANGARA DA SERRA,2009,34,0.0,2009-S34
REGIONAL::TANGARA DA SERRA,2009,35,0.0,2009-S35
REGIONAL::TANGARA DA SERRA,2009,36,0.0,2009-S36
REGIONAL::TANGARA DA SERRA,2009,37,0.0,2009-S37
REGIONAL::TANGARA DA SERRA,2009,38,0.0,2009-S38
REGIONAL::TANGARA DA SERRA,2009,39,0.0,2009-S39
REGIONAL::TANGARA DA SERRA,2009,40,0.0,2009-S40
REGIONAL::TANGARA DA SERRA,2009,41,0.0,2009-S41
REGIONAL::TANGARA DA SERRA,2009,42,0.0,2009-S42
REGIONAL::TANGARA DA SERRA,2009,43,0.0,2009-S43
REGIONAL::TANGARA DA SERRA,2009,44,0.0,2009-S44
REGIONAL::TANGARA DA SERRA,2009,45,0.0,2009-S45
REGIONAL::TANGARA DA SERRA,2009,46,0.0,2009-S46
REGIONAL::TANGARA DA SERRA,2009,47,0.0,2009-S47
REGIONAL::TANGARA DA SERRA,2009,48,0.0,2009-S48
REGIONAL::TANGARA DA SERRA,2009,49,0.0,2009-S49
REGIONAL::TANGARA DA SERRA,2009,50,0.0,2009-S50
REGIONAL::TANGARA DA SERRA,2009,51,0.0,2009-S51
REGIONAL::TANGARA DA SERRA,2009,52,0.0,2009-S52
REGIONAL::TANGARA DA SERRA,2010,1,0.0,2010-S01
REGIONAL::TANGARA DA SERRA,2010,2,0.0,2010-S02
REGIONAL::TANGARA DA SERRA,2010,3,0.0,2010-S03
REGIONAL::TANGARA DA SERRA,2010,4,0.0,2010-S04
REGIONAL::TANGARA DA SERRA,2010,5,0.0,2010-S05
REGIONAL::TANGARA DA SERRA,2010,6,1.0,2010-S06
REGIONAL::TANGARA DA SERRA,2010,7,0.0,2010-S07
REGIONAL::TANGARA DA SERRA,2010,8,0.0,2010-S08
REGIONAL::TANGARA DA SERRA,2010,9,2.0,2010-S09
REGIONAL::TANGARA DA SERRA,2010,10,0.0,2010-S10
REGIONAL::TANGARA DA SERRA,2010,11,0.0,2010-S11
REGIONAL::TANGARA DA SERRA,2010,12,0.0,2010-S12
REGIONAL::TANGARA DA SERRA,2010,13,0.0,2010-S13
REGIONAL::TANGARA DA SERRA,2010,14,1.0,2010-S14
REGIONAL::TANGARA DA SERRA,2010,15,0.0,2010-S15
REGIONAL::TANGARA DA SERRA,2010,16,0.0,2010-S16
REGIONAL::TANGARA DA SERRA,2010,17,0.0,2010-S17
REGIONAL::TANGARA DA SERRA,2010,18,0.0,2010-S18
REGIONAL::TANGARA DA SERRA,2010,19,2.0,2010-S19
REGIONAL::TANGARA DA SERRA,2010,20,0.0,2010-S20
REGIONAL::TANGARA DA SERRA,2010,21,0.0,2010-S21
REGIONAL::TANGARA DA SERRA,2010,22,0.0,2010-S22
REGIONAL::TANGARA DA SERRA,2010,23,1.0,2010-S23
REGIONAL::TANGARA DA SERRA,2010,24,0.0,2010-S24
REGIONAL::TANGARA DA SERRA,2010,25,1.0,2010-S25
REGIONAL::TANGARA DA SERRA,2010,26,2.0,2010-S26
REGIONAL::TANGARA DA SERRA,2010,27,0.0,2010-S27
REGIONAL::TANGARA DA SERRA,2010,28,0.0,2010-S28
REGIONAL::TANGARA DA SERRA,2010,29,0.0,2010-S29
REGIONAL::TANGARA DA SERRA,2010,30,0.0,2010-S30
REGIONAL::TANGARA DA SERRA,2010,31,0.0,2010-S31
REGIONAL::TANGARA DA SERRA,2010,32,1.0,2010-S32
REGIONAL::TANGARA DA SERRA,2010,33,0.0,2010-S33
REGIONAL::TANGARA DA SERRA,2010,34,0.0,2010-S34
REGIONAL::TANGARA DA SERRA,2010,35,0.0,2010-S35
REGIONAL::TANGARA DA SERRA,2010,36,0.0,2010-S36
REGIONAL::TANGARA DA SERRA,2010,37,2.0,2010-S37
REGIONAL::TANGARA DA SERRA,2010,38,0.0,2010-S38
REGIONAL::TANGARA DA SERRA,2010,39,1.0,2010-S39
REGIONAL::TANGARA DA SERRA,2010,40,1.0,2010-S40
REGIONAL::TANGARA DA SERRA,2010,41,0.0,2010-S41
REGIONAL::TANGARA DA SERRA,2010,42,0.0,2010-S42
REGIONAL::TANGARA DA SERRA,2010,43,0.0,2010-S43
REGIONAL::TANGARA DA SERRA,2010,44,0.0,2010-S44
REGIONAL::TANGARA DA SERRA,2010,45,0.0,2010-S45
REGIONAL::TANGARA DA SERRA,2010,46,1.0,2010-S46
REGIONAL::TANGARA DA SERRA,2010,47,0.0,2010-S47
REGIONAL::TANGARA DA SERRA,2010,48,1.0,2010-S48
REGIONAL::TANGARA DA SERRA,2010,49,0.0,2010-S49
REGIONAL::TANGARA DA SERRA,2010,50,0.0,2010-S50
REGIONAL::TANGARA DA SERRA,2010,51,1.0,2010-S51
REGIONAL::TANGARA DA SERRA,2010,52,0.0,2010-S52
REGIONAL::TANGARA DA SERRA,2011,1,0.0,2011-S01
REGIONAL::TANGARA DA SERRA,2011,2,0.0,2011-S02
REGIONAL::TANGARA DA SERRA,2011,3,1.0,2011-S03
REGIONAL::TANGARA DA SERRA,2011,4,1.0,2011-S04
REGIONAL::TANGARA DA SERRA,2011,5,1.0,2011-S05
REGIONAL::TANGARA DA SERRA,2011,6,1.0,2011-S06
REGIONAL::TANGARA DA SERRA,2011,7,0.0,2011-S07
REGIONAL::TANGARA DA SERRA,2011,8,0.0,2011-S08
REGIONAL::TANGARA DA SERRA,2011,9,0.0,2011-S09
REGIONAL::TANGARA DA SERRA,2011,10,1.0,2011-S10
REGIONAL::TANGARA DA SERRA,2011,11,1.0,2011-S11
REGIONAL::TANGARA DA SERRA,2011,12,0.0,2011-S12
REGIONAL::TANGARA DA SERRA,2011,13,0.0,2011-S13
REGIONAL::TANGARA DA SERRA,2011,14,0.0,2011-S14
REGIONAL::TANGARA DA SERRA,2011,15,0.0,2011-S15
REGIONAL::TANGARA DA SERRA,2011,16,1.0,2011-S16
REGIONAL::TANGARA DA SERRA,2011,17,0.0,2011-S17
REGIONAL::TANGARA DA SERRA,2011,18,1.0,2011-S18
REGIONAL::TANGARA DA SERRA,2011,19,0.0,2011-S19
REGIONAL::TANGARA DA SERRA,2011,20,0.0,2011-S20
REGIONAL::TANGARA DA SERRA,2011,21,1.0,2011-S21
REGIONAL::TANGARA DA SERRA,2011,22,2.0,2011-S22
REGIONAL::TANGARA DA SERRA,2011,23,0.0,2011-S23
REGIONAL::TANGARA DA SERRA,2011,24,0.0,2011-S24
REGIONAL::TANGARA DA SERRA,2011,25,0.0,2011-S25
REGIONAL::TANGARA DA SERRA,2011,26,0.0,2011-S26
REGIONAL::TANGARA DA SERRA,2011,27,0.0,2011-S27
REGIONAL::TANGARA DA SERRA,2011,28,0.0,2011-S28
REGIONAL::TANGARA DA SERRA,2011,29,1.0,2011-S29
REGIONAL::TANGARA DA SERRA,2011,30,1.0,2011-S30
REGIONAL::TANGARA DA SERRA,2011,31,0.0,2011-S31
REGIONAL::TANGARA DA SERRA,2011,32,0.0,2011-S32
REGIONAL::TANGARA DA SERRA,2011,33,0.0,2011-S33
REGIONAL::TANGARA DA SERRA,2011,34,0.0,2011-S34
REGIONAL::TANGARA DA SERRA,2011,35,0.0,2011-S35
REGIONAL::TANGARA DA SERRA,2011,36,0.0,2011-S36
REGIONAL::TANGARA DA SERRA,2011,37,0.0,2011-S37
REGIONAL::TANGARA DA SERRA,2011,38,1.0,2011-S38
REGIONAL::TANGARA DA SERRA,2011,39,1.0,2011-S39
REGIONAL::TANGARA DA SERRA,2011,40,0.0,2011-S40
REGIONAL::TANGARA DA SERRA,2011,41,0.0,2011-S41
REGIONAL::TANGARA DA SERRA,2011,42,1.0,2011-S42
REGIONAL::TANGARA DA SERRA,2011,43,1.0,2011-S43
REGIONAL::TANGARA DA SERRA,2011,44,0.0,2011-S44
REGIONAL::TANGARA DA SERRA,2011,45,2.0,2011-S45
REGIONAL::TANGARA DA SERRA,2011,46,0.0,2011-S46
REGIONAL::TANGARA DA SERRA,2011,47,2.0,2011-S47
REGIONAL::TANGARA DA SERRA,2011,48,0.0,2011-S48
REGIONAL::TANGARA DA SERRA,2011,49,0.0,2011-S49
REGIONAL::TANGARA DA SERRA,2011,50,0.0,2011-S50
REGIONAL::TANGARA DA SERRA,2011,51,0.0,2011-S51
REGIONAL::TANGARA DA SERRA,2011,52,1.0,2011-S52
REGIONAL::TANGARA DA SERRA,2012,1,0.0,2012-S01
REGIONAL::TANGARA DA SERRA,2012,2,0.0,2012-S02
REGIONAL::TANGARA DA SERRA,2012,3,0.0,2012-S03
REGIONAL::TANGARA DA SERRA,2012,4,1.0,2012-S04
REGIONAL::TANGARA DA SERRA,2012,5,0.0,2012-S05
REGIONAL::TANGARA DA SERRA,2012,6,0.0,2012-S06
REGIONAL::TANGARA DA SERRA,2012,7,0.0,2012-S07
REGIONAL::TANGARA DA SERRA,2012,8,0.0,2012-S08
REGIONAL::TANGARA DA SERRA,2012,9,0.0,2012-S09
REGIONAL::TANGARA DA SERRA,2012,10,0.0,2012-S10
REGIONAL::TANGARA DA SERRA,2012,11,0.0,2012-S11
REGIONAL::TANGARA DA SERRA,2012,12,0.0,2012-S12
REGIONAL::TANGARA DA SERRA,2012,13,1.0,2012-S13
REGIONAL::TANGARA DA SERRA,2012,14,0.0,2012-S14
REGIONAL::TANGARA DA SERRA,2012,15,1.0,2012-S15
REGIONAL::TANGARA DA SERRA,2012,16,0.0,2012-S16
REGIONAL::TANGARA DA SERRA,2012,17,0.0,2012-S17
REGIONAL::TANGARA DA SERRA,2012,18,0.0,2012-S18
REGIONAL::TANGARA DA SERRA,2012,19,2.0,2012-S19
REGIONAL::TANGARA DA SERRA,2012,20,0.0,2012-S20
REGIONAL::TANGARA DA SERRA,2012,21,0.0,2012-S21
REGIONAL::TANGARA DA SERRA,2012,22,0.0,2012-S22
REGIONAL::TANGARA DA SERRA,2012,23,1.0,2012-S23
REGIONAL::TANGARA DA SERRA,2012,24,0.0,2012-S24
REGIONAL::TANGARA DA SERRA,2012,25,0.0,2012-S25
REGIONAL::TANGARA DA SERRA,2012,26,0.0,2012-S26
REGIONAL::TANGARA DA SERRA,2012,27,0.0,2012-S27
REGIONAL::TANGARA DA SERRA,2012,28,0.0,2012-S28
REGIONAL::TANGARA DA SERRA,2012,29,0.0,2012-S29
REGIONAL::TANGARA DA SERRA,2012,30,0.0,2012-S30
REGIONAL::TANGARA DA SERRA,2012,31,0.0,2012-S31
REGIONAL::TANGARA DA SERRA,2012,32,0.0,2012-S32
REGIONAL::TANGARA DA SERRA,2012,33,0.0,2012-S33
REGIONAL::TANGARA DA SERRA,2012,34,0.0,2012-S34
REGIONAL::TANGARA DA SERRA,2012,35,0.0,2012-S35
REGIONAL::TANGARA DA SERRA,2012,36,0.0,2012-S36
REGIONAL::TANGARA DA SERRA,2012,37,0.0,2012-S37
REGIONAL::TANGARA DA SERRA,2012,38,0.0,2012-S38
REGIONAL::TANGARA DA SERRA,2012,39,0.0,2012-S39
REGIONAL::TANGARA DA SERRA,2012,40,0.0,2012-S40
REGIONAL::TANGARA DA SERRA,2012,41,0.0,2012-S41
REGIONAL::TANGARA DA SERRA,2012,42,1.0,2012-S42
REGIONAL::TANGARA DA SERRA,2012,43,0.0,2012-S43
REGIONAL::TANGARA DA SERRA,2012,44,0.0,2012-S44
REGIONAL::TANGARA DA SERRA,2012,45,2.0,2012-S45
REGIONAL::TANGARA DA SERRA,2012,46,0.0,2012-S46
REGIONAL::TANGARA DA SERRA,2012,47,0.0,2012-S47
REGIONAL::TANGARA DA SERRA,2012,48,0.0,2012-S48
REGIONAL::TANGARA DA SERRA,2012,49,0.0,2012-S49
REGIONAL::TANGARA DA SERRA,2012,50,0.0,2012-S50
REGIONAL::TANGARA DA SERRA,2012,51,0.0,2012-S51
REGIONAL::TANGARA DA SERRA,2012,52,1.0,2012-S52
REGIONAL::TANGARA DA SERRA,2013,1,0.0,2013-S01
REGIONAL::TANGARA DA SERRA,2013,2,1.0,2013-S02
REGIONAL::TANGARA DA SERRA,2013,3,0.0,2013-S03
REGIONAL::TANGARA DA SERRA,2013,4,0.0,2013-S04
REGIONAL::TANGARA DA SERRA,2013,5,0.0,2013-S05
REGIONAL::TANGARA DA SERRA,2013,6,0.0,2013-S06
REGIONAL::TANGARA DA SERRA,2013,7,0.0,2013-S07
REGIONAL::TANGARA DA SERRA,2013,8,1.0,2013-S08
REGIONAL::TANGARA DA SERRA,2013,9,0.0,2013-S09
REGIONAL::TANGARA DA SERRA,2013,10,0.0,2013-S10
REGIONAL::TANGARA DA SERRA,2013,11,0.0,2013-S11
REGIONAL::TANGARA DA SERRA,2013,12,0.0,2013-S12
REGIONAL::TANGARA DA SERRA,2013,13,0.0,2013-S13
REGIONAL::TANGARA DA SERRA,2013,14,0.0,2013-S14
REGIONAL::TANGARA DA SERRA,2013,15,0.0,2013-S15
REGIONAL::TANGARA DA SERRA,2013,16,1.0,2013-S16
REGIONAL::TANGARA DA SERRA,2013,17,0.0,2013-S17
REGIONAL::TANGARA DA SERRA,2013,18,0.0,2013-S18
REGIONAL::TANGARA DA SERRA,2013,19,0.0,2013-S19
REGIONAL::TANGARA DA SERRA,2013,20,0.0,2013-S20
REGIONAL::TANGARA DA SERRA,2013,21,0.0,2013-S21
REGIONAL::TANGARA DA SERRA,2013,22,1.0,2013-S22
REGIONAL::TANGARA DA SERRA,2013,23,0.0,2013-S23
REGIONAL::TANGARA DA SERRA,2013,24,2.0,2013-S24
REGIONAL::TANGARA DA SERRA,2013,25,0.0,2013-S25
REGIONAL::TANGARA DA SERRA,2013,26,1.0,2013-S26
REGIONAL::TANGARA DA SERRA,2013,27,0.0,2013-S27
REGIONAL::TANGARA DA SERRA,2013,28,0.0,2013-S28
REGIONAL::TANGARA DA SERRA,2013,29,0.0,2013-S29
REGIONAL::TANGARA DA SERRA,2013,30,0.0,2013-S30
REGIONAL::TANGARA DA SERRA,2013,31,0.0,2013-S31
REGIONAL::TANGARA DA SERRA,2013,32,0.0,2013-S32
REGIONAL::TANGARA DA SERRA,2013,33,0.0,2013-S33
REGIONAL::TANGARA DA SERRA,2013,34,0.0,2013-S34
REGIONAL::TANGARA DA SERRA,2013,35,0.0,2013-S35
REGIONAL::TANGARA DA SERRA,2013,36,0.0,2013-S36
REGIONAL::TANGARA DA SERRA,2013,37,0.0,2013-S37
REGIONAL::TANGARA DA SERRA,2013,38,2.0,2013-S38
REGIONAL::TANGARA DA SERRA,2013,39,0.0,2013-S39
REGIONAL::TANGARA DA SERRA,2013,40,0.0,2013-S40
REGIONAL::TANGARA DA SERRA,2013,41,0.0,2013-S41
REGIONAL::TANGARA DA SERRA,2013,42,1.0,2013-S42
REGIONAL::TANGARA DA SERRA,2013,43,0.0,2013-S43
REGIONAL::TANGARA DA SERRA,2013,44,0.0,2013-S44
REGIONAL::TANGARA DA SERRA,2013,45,0.0,2013-S45
REGIONAL::TANGARA DA SERRA,2013,46,1.0,2013-S46
REGIONAL::TANGARA DA SERRA,2013,47,0.0,2013-S47
REGIONAL::TANGARA DA SERRA,2013,48,0.0,2013-S48
REGIONAL::TANGARA DA SERRA,2013,49,0.0,2013-S49
REGIONAL::TANGARA DA SERRA,2013,50,0.0,2013-S50
REGIONAL::TANGARA DA SERRA,2013,51,0.0,2013-S51
REGIONAL::TANGARA DA SERRA,2013,52,0.0,2013-S52
REGIONAL::TANGARA DA SERRA,2014,1,0.0,2014-S01
REGIONAL::TANGARA DA SERRA,2014,2,0.0,2014-S02
REGIONAL::TANGARA DA SERRA,2014,3,0.0,2014-S03
REGIONAL::TANGARA DA SERRA,2014,4,0.0,2014-S04
REGIONAL::TANGARA DA SERRA,2014,5,0.0,2014-S05
REGIONAL::TANGARA DA SERRA,2014,6,0.0,2014-S06
REGIONAL::TANGARA DA SERRA,2014,7,0.0,2014-S07
REGIONAL::TANGARA DA SERRA,2014,8,0.0,2014-S08
REGIONAL::TANGARA DA SERRA,2014,9,0.0,2014-S09
REGIONAL::TANGARA DA SERRA,2014,10,0.0,2014-S10
REGIONAL::TANGARA DA SERRA,2014,11,0.0,2014-S11
REGIONAL::TANGARA DA SERRA,2014,12,1.0,2014-S12
REGIONAL::TANGARA DA SERRA,2014,13,0.0,2014-S13
REGIONAL::TANGARA DA SERRA,2014,14,0.0,2014-S14
REGIONAL::TANGARA DA SERRA,2014,15,1.0,2014-S15
REGIONAL::TANGARA DA SERRA,2014,16,0.0,2014-S16
REGIONAL::TANGARA DA SERRA,2014,17,0.0,2014-S17
REGIONAL::TANGARA DA SERRA,2014,18,0.0,2014-S18
REGIONAL::TANGARA DA SERRA,2014,19,0.0,2014-S19
REGIONAL::TANGARA DA SERRA,2014,20,0.0,2014-S20
REGIONAL::TANGARA DA SERRA,2014,21,0.0,2014-S21
REGIONAL::TANGARA DA SERRA,2014,22,0.0,2014-S22
REGIONAL::TANGARA DA SERRA,2014,23,0.0,2014-S23
REGIONAL::TANGARA DA SERRA,2014,24,0.0,2014-S24
REGIONAL::TANGARA DA SERRA,2014,25,0.0,2014-S25
REGIONAL::TANGARA DA SERRA,2014,26,0.0,2014-S26
REGIONAL::TANGARA DA SERRA,2014,27,1.0,2014-S27
REGIONAL::TANGARA DA SERRA,2014,28,0.0,2014-S28
REGIONAL::TANGARA DA SERRA,2014,29,0.0,2014-S29
REGIONAL::TANGARA DA SERRA,2014,30,0.0,2014-S30
REGIONAL::TANGARA DA SERRA,2014,31,0.0,2014-S31
REGIONAL::TANGARA DA SERRA,2014,32,0.0,2014-S32
REGIONAL::TANGARA DA SERRA,2014,33,0.0,2014-S33
REGIONAL::TANGARA DA SERRA,2014,34,0.0,2014-S34
REGIONAL::TANGARA DA SERRA,2014,35,0.0,2014-S35
REGIONAL::TANGARA DA SERRA,2014,36,0.0,2014-S36
REGIONAL::TANGARA DA SERRA,2014,37,0.0,2014-S37
REGIONAL::TANGARA DA SERRA,2014,38,0.0,2014-S38
REGIONAL::TANGARA DA SERRA,2014,39,0.0,2014-S39
REGIONAL::TANGARA DA SERRA,2014,40,0.0,2014-S40
REGIONAL::TANGARA DA SERRA,2014,41,1.0,2014-S41
REGIONAL::TANGARA DA SERRA,2014,42,0.0,2014-S42
REGIONAL::TANGARA DA SERRA,2014,43,0.0,2014-S43
REGIONAL::TANGARA DA SERRA,2014,44,0.0,2014-S44
REGIONAL::TANGARA DA SERRA,2014,45,0.0,2014-S45
REGIONAL::TANGARA DA SERRA,2014,46,0.0,2014-S46
REGIONAL::TANGARA DA SERRA,2014,47,0.0,2014-S47
REGIONAL::TANGARA DA SERRA,2014,48,1.0,2014-S48
REGIONAL::TANGARA DA SERRA,2014,49,0.0,2014-S49
REGIONAL::TANGARA DA SERRA,2014,50,0.0,2014-S50
REGIONAL::TANGARA DA SERRA,2014,51,1.0,2014-S51
REGIONAL::TANGARA DA SERRA,2014,52,0.0,2014-S52
REGIONAL::TANGARA DA SERRA,2015,1,1.0,2015-S01
REGIONAL::TANGARA DA SERRA,2015,2,0.0,2015-S02
REGIONAL::TANGARA DA SERRA,2015,3,0.0,2015-S03
REGIONAL::TANGARA DA SERRA,2015,4,0.0,2015-S04
REGIONAL::TANGARA DA SERRA,2015,5,0.0,2015-S05
REGIONAL::TANGARA DA SERRA,2015,6,0.0,2015-S06
REGIONAL::TANGARA DA SERRA,2015,7,0.0,2015-S07
REGIONAL::TANGARA DA SERRA,2015,8,0.0,2015-S08
REGIONAL::TANGARA DA SERRA,2015,9,1.0,2015-S09
REGIONAL::TANGARA DA SERRA,2015,10,0.0,2015-S10
REGIONAL::TANGARA DA SERRA,2015,11,0.0,2015-S11
REGIONAL::TANGARA DA SERRA,2015,12,0.0,2015-S12
REGIONAL::TANGARA DA SERRA,2015,13,0.0,2015-S13
REGIONAL::TANGARA DA SERRA,2015,14,0.0,2015-S14
REGIONAL::TANGARA DA SERRA,2015,15,0.0,2015-S15
REGIONAL::TANGARA DA SERRA,2015,16,0.0,2015-S16
REGIONAL::TANGARA DA SERRA,2015,17,0.0,2015-S17
REGIONAL::TANGARA DA SERRA,2015,18,0.0,2015-S18
REGIONAL::TANGARA DA SERRA,2015,19,0.0,2015-S19
REGIONAL::TANGARA DA SERRA,2015,20,0.0,2015-S20
REGIONAL::TANGARA DA SERRA,2015,21,0.0,2015-S21
REGIONAL::TANGARA DA SERRA,2015,22,0.0,2015-S22
REGIONAL::TANGARA DA SERRA,2015,23,0.0,2015-S23
REGIONAL::TANGARA DA SERRA,2015,24,0.0,2015-S24
REGIONAL::TANGARA DA SERRA,2015,25,1.0,2015-S25
REGIONAL::TANGARA DA SERRA,2015,26,0.0,2015-S26
REGIONAL::TANGARA DA SERRA,2015,27,0.0,2015-S27
REGIONAL::TANGARA DA SERRA,2015,28,0.0,2015-S28
REGIONAL::TANGARA DA SERRA,2015,29,0.0,2015-S29
REGIONAL::TANGARA DA SERRA,2015,30,0.0,2015-S30
REGIONAL::TANGARA DA SERRA,2015,31,0.0,2015-S31
REGIONAL::TANGARA DA SERRA,2015,32,0.0,2015-S32
REGIONAL::TANGARA DA SERRA,2015,33,0.0,2015-S33
REGIONAL::TANGARA DA SERRA,2015,34,0.0,2015-S34
REGIONAL::TANGARA DA SERRA,2015,35,0.0,2015-S35
REGIONAL::TANGARA DA SERRA,2015,36,0.0,2015-S36
REGIONAL::TANGARA DA SERRA,2015,37,0.0,2015-S37
REGIONAL::TANGARA DA SERRA,2015,38,1.0,2015-S38
REGIONAL::TANGARA DA SERRA,2015,39,0.0,2015-S39
REGIONAL::TANGARA DA SERRA,2015,40,0.0,2015-S40
REGIONAL::TANGARA DA SERRA,2015,41,0.0,2015-S41
REGIONAL::TANGARA DA SERRA,2015,42,0.0,2015-S42
REGIONAL::TANGARA DA SERRA,2015,43,0.0,2015-S43
REGIONAL::TANGARA DA SERRA,2015,44,1.0,2015-S44
REGIONAL::TANGARA DA SERRA,2015,45,0.0,2015-S45
REGIONAL::TANGARA DA SERRA,2015,46,0.0,2015-S46
REGIONAL::TANGARA DA SERRA,2015,47,1.0,2015-S47
REGIONAL::TANGARA DA SERRA,2015,48,0.0,2015-S48
REGIONAL::TANGARA DA SERRA,2015,49,0.0,2015-S49
REGIONAL::TANGARA DA SERRA,2015,50,0.0,2015-S50
REGIONAL::TANGARA DA SERRA,2015,51,0.0,2015-S51
REGIONAL::TANGARA DA SERRA,2015,52,1.0,2015-S52
REGIONAL::TANGARA DA SERRA,2016,1,0.0,2016-S01
REGIONAL::TANGARA DA SERRA,2016,2,0.0,2016-S02
REGIONAL::TANGARA DA SERRA,2016,3,0.0,2016-S03
REGIONAL::TANGARA DA SERRA,2016,4,0.0,2016-S04
REGIONAL::TANGARA DA SERRA,2016,5,0.0,2016-S05
REGIONAL::TANGARA DA SERRA,2016,6,0.0,2016-S06
REGIONAL::TANGARA DA SERRA,2016,7,0.0,2016-S07
REGIONAL::TANGARA DA SERRA,2016,8,0.0,2016-S08
REGIONAL::TANGARA DA SERRA,2016,9,0.0,2016-S09
REGIONAL::TANGARA DA SERRA,2016,10,1.0,2016-S10
REGIONAL::TANGARA DA SERRA,2016,11,0.0,2016-S11
REGIONAL::TANGARA DA SERRA,2016,12,0.0,2016-S12
REGIONAL::TANGARA DA SERRA,2016,13,0.0,2016-S13
REGIONAL::TANGARA DA SERRA,2016,14,0.0,2016-S14
REGIONAL::TANGARA DA SERRA,2016,15,0.0,2016-S15
REGIONAL::TANGARA DA SERRA,2016,16,0.0,2016-S16
REGIONAL::TANGARA DA SERRA,2016,17,0.0,2016-S17
REGIONAL::TANGARA DA SERRA,2016,18,0.0,2016-S18
REGIONAL::TANGARA DA SERRA,2016,19,1.0,2016-S19
REGIONAL::TANGARA DA SERRA,2016,20,0.0,2016-S20
REGIONAL::TANGARA DA SERRA,2016,21,0.0,2016-S21
REGIONAL::TANGARA DA SERRA,2016,22,1.0,2016-S22
REGIONAL::TANGARA DA SERRA,2016,23,0.0,2016-S23
REGIONAL::TANGARA DA SERRA,2016,24,0.0,2016-S24
REGIONAL::TANGARA DA SERRA,2016,25,1.0,2016-S25
REGIONAL::TANGARA DA SERRA,2016,26,0.0,2016-S26
REGIONAL::TANGARA DA SERRA,2016,27,0.0,2016-S27
REGIONAL::TANGARA DA SERRA,2016,28,0.0,2016-S28
REGIONAL::TANGARA DA SERRA,2016,29,0.0,2016-S29
REGIONAL::TANGARA DA SERRA,2016,30,0.0,2016-S30
REGIONAL::TANGARA DA SERRA,2016,31,0.0,2016-S31
REGIONAL::TANGARA DA SERRA,2016,32,0.0,2016-S32
REGIONAL::TANGARA DA SERRA,2016,33,0.0,2016-S33
REGIONAL::TANGARA DA SERRA,2016,34,0.0,2016-S34
REGIONAL::TANGARA DA SERRA,2016,35,0.0,2016-S35
REGIONAL::TANGARA DA SERRA,2016,36,1.0,2016-S36
REGIONAL::TANGARA DA SERRA,2016,37,0.0,2016-S37
REGIONAL::TANGARA DA SERRA,2016,38,0.0,2016-S38
REGIONAL::TANGARA DA SERRA,2016,39,1.0,2016-S39
REGIONAL::TANGARA DA SERRA,2016,40,0.0,2016-S40
REGIONAL::TANGARA DA SERRA,2016,41,0.0,2016-S41
REGIONAL::TANGARA DA SERRA,2016,42,0.0,2016-S42
REGIONAL::TANGARA DA SERRA,2016,43,0.0,2016-S43
REGIONAL::TANGARA DA SERRA,2016,44,0.0,2016-S44
REGIONAL::TANGARA DA SERRA,2016,45,0.0,2016-S45
REGIONAL::TANGARA DA SERRA,2016,46,0.0,2016-S46
REGIONAL::TANGARA DA SERRA,2016,47,1.0,2016-S47
REGIONAL::TANGARA DA SERRA,2016,48,0.0,2016-S48
REGIONAL::TANGARA DA SERRA,2016,49,1.0,2016-S49
REGIONAL::TANGARA DA SERRA,2016,50,1.0,2016-S50
REGIONAL::TANGARA DA SERRA,2016,51,0.0,2016-S51
REGIONAL::TANGARA DA SERRA,2016,52,0.0,2016-S52
REGIONAL::TANGARA DA SERRA,2017,1,0.0,2017-S01
REGIONAL::TANGARA DA SERRA,2017,2,0.0,2017-S02
REGIONAL::TANGARA DA SERRA,2017,3,0.0,2017-S03
REGIONAL::TANGARA DA SERRA,2017,4,1.0,2017-S04
REGIONAL::TANGARA DA SERRA,2017,5,0.0,2017-S05
REGIONAL::TANGARA DA SERRA,2017,6,1.0,2017-S06
REGIONAL::TANGARA DA SERRA,2017,7,1.0,2017-S07
REGIONAL::TANGARA DA SERRA,2017,8,0.0,2017-S08
REGIONAL::TANGARA DA SERRA,2017,9,0.0,2017-S09
REGIONAL::TANGARA DA SERRA,2017,10,1.0,2017-S10
REGIONAL::TANGARA DA SERRA,2017,11,0.0,2017-S11
REGIONAL::TANGARA DA SERRA,2017,12,0.0,2017-S12
REGIONAL::TANGARA DA SERRA,2017,13,0.0,2017-S13
REGIONAL::TANGARA DA SERRA,2017,14,1.0,2017-S14
REGIONAL::TANGARA DA SERRA,2017,15,0.0,2017-S15
REGIONAL::TANGARA DA SERRA,2017,16,0.0,2017-S16
REGIONAL::TANGARA DA SERRA,2017,17,0.0,2017-S17
REGIONAL::TANGARA DA SERRA,2017,18,0.0,2017-S18
REGIONAL::TANGARA DA SERRA,2017,19,0.0,2017-S19
REGIONAL::TANGARA DA SERRA,2017,20,0.0,2017-S20
REGIONAL::TANGARA DA SERRA,2017,21,1.0,2017-S21
REGIONAL::TANGARA DA SERRA,2017,22,0.0,2017-S22
REGIONAL::TANGARA DA SERRA,2017,23,0.0,2017-S23
REGIONAL::TANGARA DA SERRA,2017,24,0.0,2017-S24
REGIONAL::TANGARA DA SERRA,2017,25,0.0,2017-S25
REGIONAL::TANGARA DA SERRA,2017,26,0.0,2017-S26
REGIONAL::TANGARA DA SERRA,2017,27,0.0,2017-S27
REGIONAL::TANGARA DA SERRA,2017,28,0.0,2017-S28
REGIONAL::TANGARA DA SERRA,2017,29,0.0,2017-S29
REGIONAL::TANGARA DA SERRA,2017,30,0.0,2017-S30
REGIONAL::TANGARA DA SERRA,2017,31,1.0,2017-S31
REGIONAL::TANGARA DA SERRA,2017,32,3.0,2017-S32
REGIONAL::TANGARA DA SERRA,2017,33,0.0,2017-S33
REGIONAL::TANGARA DA SERRA,2017,34,0.0,2017-S34
REGIONAL::TANGARA DA SERRA,2017,35,0.0,2017-S35
REGIONAL::TANGARA DA SERRA,2017,36,0.0,2017-S36
REGIONAL::TANGARA DA SERRA,2017,37,0.0,2017-S37
REGIONAL::TANGARA DA SERRA,2017,38,0.0,2017-S38
REGIONAL::TANGARA DA SERRA,2017,39,0.0,2017-S39
REGIONAL::TANGARA DA SERRA,2017,40,0.0,2017-S40
REGIONAL::TANGARA DA SERRA,2017,41,0.0,2017-S41
REGIONAL::TANGARA DA SERRA,2017,42,0.0,2017-S42
REGIONAL::TANGARA DA SERRA,2017,43,0.0,2017-S43
REGIONAL::TANGARA DA SERRA,2017,44,0.0,2017-S44
REGIONAL::TANGARA DA SERRA,2017,45,0.0,2017-S45
REGIONAL::TANGARA DA SERRA,2017,46,0.0,2017-S46
REGIONAL::TANGARA DA SERRA,2017,47,0.0,2017-S47
REGIONAL::TANGARA DA SERRA,2017,48,0.0,2017-S48
REGIONAL::TANGARA DA SERRA,2017,49,0.0,2017-S49
REGIONAL::TANGARA DA SERRA,2017,50,0.0,2017-S50
REGIONAL::TANGARA DA SERRA,2017,51,0.0,2017-S51
REGIONAL::TANGARA DA SERRA,2017,52,0.0,2017-S52
REGIONAL::TANGARA DA SERRA,2018,1,0.0,2018-S01
REGIONAL::TANGARA DA SERRA,2018,2,0.0,2018-S02
REGIONAL::TANGARA DA SERRA,2018,3,0.0,2018-S03
REGIONAL::TANGARA DA SERRA,2018,4,1.0,2018-S04
REGIONAL::TANGARA DA SERRA,2018,5,0.0,2018-S05
REGIONAL::TANGARA DA SERRA,2018,6,0.0,2018-S06
REGIONAL::TANGARA DA SERRA,2018,7,0.0,2018-S07
REGIONAL::TANGARA DA SERRA,2018,8,0.0,2018-S08
REGIONAL::TANGARA DA SERRA,2018,9,0.0,2018-S09
REGIONAL::TANGARA DA SERRA,2018,10,1.0,2018-S10
REGIONAL::TANGARA DA SERRA,2018,11,1.0,2018-S11
REGIONAL::TANGARA DA SERRA,2018,12,0.0,2018-S12
REGIONAL::TANGARA DA SERRA,2018,13,0.0,2018-S13
REGIONAL::TANGARA DA SERRA,2018,14,0.0,2018-S14
REGIONAL::TANGARA DA SERRA,2018,15,0.0,2018-S15
REGIONAL::TANGARA DA SERRA,2018,16,0.0,2018-S16
REGIONAL::TANGARA DA SERRA,2018,17,0.0,2018-S17
REGIONAL::TANGARA DA SERRA,2018,18,3.0,2018-S18
REGIONAL::TANGARA DA SERRA,2018,19,0.0,2018-S19
REGIONAL::TANGARA DA SERRA,2018,20,0.0,2018-S20
REGIONAL::TANGARA DA SERRA,2018,21,0.0,2018-S21
REGIONAL::TANGARA DA SERRA,2018,22,1.0,2018-S22
REGIONAL::TANGARA DA SERRA,2018,23,0.0,2018-S23
REGIONAL::TANGARA DA SERRA,2018,24,1.0,2018-S24
REGIONAL::TANGARA DA SERRA,2018,25,0.0,2018-S25
REGIONAL::TANGARA DA SERRA,2018,26,1.0,2018-S26
REGIONAL::TANGARA DA SERRA,2018,27,0.0,2018-S27
REGIONAL::TANGARA DA SERRA,2018,28,0.0,2018-S28
REGIONAL::TANGARA DA SERRA,2018,29,0.0,2018-S29
REGIONAL::TANGARA DA SERRA,2018,30,1.0,2018-S30
REGIONAL::TANGARA DA SERRA,2018,31,0.0,2018-S31
REGIONAL::TANGARA DA SERRA,2018,32,0.0,2018-S32
REGIONAL::TANGARA DA SERRA,2018,33,0.0,2018-S33
REGIONAL::TANGARA DA SERRA,2018,34,0.0,2018-S34
REGIONAL::TANGARA DA SERRA,2018,35,0.0,2018-S35
REGIONAL::TANGARA DA SERRA,2018,36,0.0,2018-S36
REGIONAL::TANGARA DA SERRA,2018,37,1.0,2018-S37
REGIONAL::TANGARA DA SERRA,2018,38,0.0,2018-S38
REGIONAL::TANGARA DA SERRA,2018,39,0.0,2018-S39
REGIONAL::TANGARA DA SERRA,2018,40,0.0,2018-S40
REGIONAL::TANGARA DA SERRA,2018,41,0.0,2018-S41
REGIONAL::TANGARA DA SERRA,2018,42,0.0,2018-S42
REGIONAL::TANGARA DA SERRA,2018,43,0.0,2018-S43
REGIONAL::TANGARA DA SERRA,2018,44,0.0,2018-S44
REGIONAL::TANGARA DA SERRA,2018,45,0.0,2018-S45
REGIONAL::TANGARA DA SERRA,2018,46,0.0,2018-S46
REGIONAL::TANGARA DA SERRA,2018,47,0.0,2018-S47
REGIONAL::TANGARA DA SERRA,2018,48,0.0,2018-S48
REGIONAL::TANGARA DA SERRA,2018,49,0.0,2018-S49
REGIONAL::TANGARA DA SERRA,2018,50,0.0,2018-S50
REGIONAL::TANGARA DA SERRA,2018,51,0.0,2018-S51
REGIONAL::TANGARA DA SERRA,2018,52,0.0,2018-S52
REGIONAL::TANGARA DA SERRA,2019,1,0.0,2019-S01
REGIONAL::TANGARA DA SERRA,2019,2,0.0,2019-S02
REGIONAL::TANGARA DA SERRA,2019,3,0.0,2019-S03
REGIONAL::TANGARA DA SERRA,2019,4,0.0,2019-S04
REGIONAL::TANGARA DA SERRA,2019,5,0.0,2019-S05
REGIONAL::TANGARA DA SERRA,2019,6,0.0,2019-S06
REGIONAL::TANGARA DA SERRA,2019,7,1.0,2019-S07
REGIONAL::TANGARA DA SERRA,2019,8,0.0,2019-S08
REGIONAL::TANGARA DA SERRA,2019,9,1.0,2019-S09
REGIONAL::TANGARA DA SERRA,2019,10,0.0,2019-S10
REGIONAL::TANGARA DA SERRA,2019,11,1.0,2019-S11
REGIONAL::TANGARA DA SERRA,2019,12,1.0,2019-S12
REGIONAL::TANGARA DA SERRA,2019,13,0.0,2019-S13
REGIONAL::TANGARA DA SERRA,2019,14,0.0,2019-S14
REGIONAL::TANGARA DA SERRA,2019,15,0.0,2019-S15
REGIONAL::TANGARA DA SERRA,2019,16,0.0,2019-S16
REGIONAL::TANGARA DA SERRA,2019,17,0.0,2019-S17
REGIONAL::TANGARA DA SERRA,2019,18,1.0,2019-S18
REGIONAL::TANGARA DA SERRA,2019,19,0.0,2019-S19
REGIONAL::TANGARA DA SERRA,2019,20,0.0,2019-S20
REGIONAL::TANGARA DA SERRA,2019,21,0.0,2019-S21
REGIONAL::TANGARA DA SERRA,2019,22,2.0,2019-S22
REGIONAL::TANGARA DA SERRA,2019,23,2.0,2019-S23
REGIONAL::TANGARA DA SERRA,2019,24,0.0,2019-S24
REGIONAL::TANGARA DA SERRA,2019,25,0.0,2019-S25
REGIONAL::TANGARA DA SERRA,2019,26,2.0,2019-S26
REGIONAL::TANGARA DA SERRA,2019,27,1.0,2019-S27
REGIONAL::TANGARA DA SERRA,2019,28,0.0,2019-S28
REGIONAL::TANGARA DA SERRA,2019,29,0.0,2019-S29
REGIONAL::TANGARA DA SERRA,2019,30,0.0,2019-S30
REGIONAL::TANGARA DA SERRA,2019,31,0.0,2019-S31
REGIONAL::TANGARA DA SERRA,2019,32,0.0,2019-S32
REGIONAL::TANGARA DA SERRA,2019,33,0.0,2019-S33
REGIONAL::TANGARA DA SERRA,2019,34,0.0,2019-S34
REGIONAL::TANGARA DA SERRA,2019,35,1.0,2019-S35
REGIONAL::TANGARA DA SERRA,2019,36,0.0,2019-S36
REGIONAL::TANGARA DA SERRA,2019,37,0.0,2019-S37
REGIONAL::TANGARA DA SERRA,2019,38,0.0,2019-S38
REGIONAL::TANGARA DA SERRA,2019,39,0.0,2019-S39
REGIONAL::TANGARA DA SERRA,2019,40,0.0,2019-S40
REGIONAL::TANGARA DA SERRA,2019,41,0.0,2019-S41
REGIONAL::TANGARA DA SERRA,2019,42,0.0,2019-S42
REGIONAL::TANGARA DA SERRA,2019,43,1.0,2019-S43
REGIONAL::TANGARA DA SERRA,2019,44,0.0,2019-S44
REGIONAL::TANGARA DA SERRA,2019,45,0.0,2019-S45
REGIONAL::TANGARA DA SERRA,2019,46,0.0,2019-S46
REGIONAL::TANGARA DA SERRA,2019,47,0.0,2019-S47
REGIONAL::TANGARA DA SERRA,2019,48,1.0,2019-S48
REGIONAL::TANGARA DA SERRA,2019,49,2.0,2019-S49
REGIONAL::TANGARA DA SERRA,2019,50,0.0,2019-S50
REGIONAL::TANGARA DA SERRA,2019,51,0.0,2019-S51
REGIONAL::TANGARA DA SERRA,2019,52,0.0,2019-S52
REGIONAL::TANGARA DA SERRA,2020,1,1.0,2020-S01
REGIONAL::TANGARA DA SERRA,2020,2,0.0,2020-S02
REGIONAL::TANGARA DA SERRA,2020,3,0.0,2020-S03
REGIONAL::TANGARA DA SERRA,2020,4,0.0,2020-S04
REGIONAL::TANGARA DA SERRA,2020,5,0.0,2020-S05
REGIONAL::TANGARA DA SERRA,2020,6,2.0,2020-S06
REGIONAL::TANGARA DA SERRA,2020,7,0.0,2020-S07
REGIONAL::TANGARA DA SERRA,2020,8,0.0,2020-S08
REGIONAL::TANGARA DA SERRA,2020,9,0.0,2020-S09
REGIONAL::TANGARA DA SERRA,2020,10,0.0,2020-S10
REGIONAL::TANGARA DA SERRA,2020,11,0.0,2020-S11
REGIONAL::TANGARA DA SERRA,2020,12,0.0,2020-S12
REGIONAL::TANGARA DA SERRA,2020,13,0.0,2020-S13
REGIONAL::TANGARA DA SERRA,2020,14,0.0,2020-S14
REGIONAL::TANGARA DA SERRA,2020,15,0.0,2020-S15
REGIONAL::TANGARA DA SERRA,2020,16,0.0,2020-S16
REGIONAL::TANGARA DA SERRA,2020,17,0.0,2020-S17
REGIONAL::TANGARA DA SERRA,2020,18,0.0,2020-S18
REGIONAL::TANGARA DA SERRA,2020,19,0.0,2020-S19
REGIONAL::TANGARA DA SERRA,2020,20,0.0,2020-S20
REGIONAL::TANGARA DA SERRA,2020,21,0.0,2020-S21
REGIONAL::TANGARA DA SERRA,2020,22,0.0,2020-S22
REGIONAL::TANGARA DA SERRA,2020,23,0.0,2020-S23
REGIONAL::TANGARA DA SERRA,2020,24,0.0,2020-S24
REGIONAL::TANGARA DA SERRA,2020,25,0.0,2020-S25
REGIONAL::TANGARA DA SERRA,2020,26,0.0,2020-S26
REGIONAL::TANGARA DA SERRA,2020,27,0.0,2020-S27
REGIONAL::TANGARA DA SERRA,2020,28,0.0,2020-S28
REGIONAL::TANGARA DA SERRA,2020,29,0.0,2020-S29
REGIONAL::TANGARA DA SERRA,2020,30,0.0,2020-S30
REGIONAL::TANGARA DA SERRA,2020,31,1.0,2020-S31
REGIONAL::TANGARA DA SERRA,2020,32,0.0,2020-S32
REGIONAL::TANGARA DA SERRA,2020,33,0.0,2020-S33
REGIONAL::TANGARA DA SERRA,2020,34,0.0,2020-S34
REGIONAL::TANGARA DA SERRA,2020,35,0.0,2020-S35
REGIONAL::TANGARA DA SERRA,2020,36,0.0,2020-S36
REGIONAL::TANGARA DA SERRA,2020,37,0.0,2020-S37
REGIONAL::TANGARA DA SERRA,2020,38,1.0,2020-S38
REGIONAL::TANGARA DA SERRA,2020,39,0.0,2020-S39
REGIONAL::TANGARA DA SERRA,2020,40,0.0,2020-S40
REGIONAL::TANGARA DA SERRA,2020,41,0.0,2020-S41
REGIONAL::TANGARA DA SERRA,2020,42,0.0,2020-S42
REGIONAL::TANGARA DA SERRA,2020,43,0.0,2020-S43
REGIONAL::TANGARA DA SERRA,2020,44,0.0,2020-S44
REGIONAL::TANGARA DA SERRA,2020,45,0.0,2020-S45
REGIONAL::TANGARA DA SERRA,2020,46,0.0,2020-S46
REGIONAL::TANGARA DA SERRA,2020,47,0.0,2020-S47
REGIONAL::TANGARA DA SERRA,2020,48,0.0,2020-S48
REGIONAL::TANGARA DA SERRA,2020,49,2.0,2020-S49
REGIONAL::TANGARA DA SERRA,2020,50,1.0,2020-S50
REGIONAL::TANGARA DA SERRA,2020,51,0.0,2020-S51
REGIONAL::TANGARA DA SERRA,2020,52,0.0,2020-S52
REGIONAL::TANGARA DA SERRA,2021,1,0.0,2021-S01
REGIONAL::TANGARA DA SERRA,2021,2,0.0,2021-S02
REGIONAL::TANGARA DA SERRA,2021,3,0.0,2021-S03
REGIONAL::TANGARA DA SERRA,2021,4,0.0,2021-S04
REGIONAL::TANGARA DA SERRA,2021,5,0.0,2021-S05
REGIONAL::TANGARA DA SERRA,2021,6,0.0,2021-S06
REGIONAL::TANGARA DA SERRA,2021,7,0.0,2021-S07
REGIONAL::TANGARA DA SERRA,2021,8,0.0,2021-S08
REGIONAL::TANGARA DA SERRA,2021,9,0.0,2021-S09
REGIONAL::TANGARA DA SERRA,2021,10,0.0,2021-S10
REGIONAL::TANGARA DA SERRA,2021,11,0.0,2021-S11
REGIONAL::TANGARA DA SERRA,2021,12,0.0,2021-S12
REGIONAL::TANGARA DA SERRA,2021,13,1.0,2021-S13
REGIONAL::TANGARA DA SERRA,2021,14,0.0,2021-S14
REGIONAL::TANGARA DA SERRA,2021,15,0.0,2021-S15
REGIONAL::TANGARA DA SERRA,2021,16,0.0,2021-S16
REGIONAL::TANGARA DA SERRA,2021,17,2.0,2021-S17
REGIONAL::TANGARA DA SERRA,2021,18,0.0,2021-S18
REGIONAL::TANGARA DA SERRA,2021,19,0.0,2021-S19
REGIONAL::TANGARA DA SERRA,2021,20,0.0,2021-S20
REGIONAL::TANGARA DA SERRA,2021,21,0.0,2021-S21
REGIONAL::TANGARA DA SERRA,2021,22,0.0,2021-S22
REGIONAL::TANGARA DA SERRA,2021,23,0.0,2021-S23
REGIONAL::TANGARA DA SERRA,2021,24,0.0,2021-S24
REGIONAL::TANGARA DA SERRA,2021,25,0.0,2021-S25
REGIONAL::TANGARA DA SERRA,2021,26,0.0,2021-S26
REGIONAL::TANGARA DA SERRA,2021,27,0.0,2021-S27
REGIONAL::TANGARA DA SERRA,2021,28,0.0,2021-S28
REGIONAL::TANGARA DA SERRA,2021,29,0.0,2021-S29
REGIONAL::TANGARA DA SERRA,2021,30,0.0,2021-S30
REGIONAL::TANGARA DA SERRA,2021,31,0.0,2021-S31
REGIONAL::TANGARA DA SERRA,2021,32,0.0,2021-S32
REGIONAL::TANGARA DA SERRA,2021,33,0.0,2021-S33
REGIONAL::TANGARA DA SERRA,2021,34,0.0,2021-S34
REGIONAL::TANGARA DA SERRA,2021,35,0.0,2021-S35
REGIONAL::TANGARA DA SERRA,2021,36,0.0,2021-S36
REGIONAL::TANGARA DA SERRA,2021,37,0.0,2021-S37
REGIONAL::TANGARA DA SERRA,2021,38,0.0,2021-S38
REGIONAL::TANGARA DA SERRA,2021,39,0.0,2021-S39
REGIONAL::TANGARA DA SERRA,2021,40,0.0,2021-S40
REGIONAL::TANGARA DA SERRA,2021,41,0.0,2021-S41
REGIONAL::TANGARA DA SERRA,2021,42,0.0,2021-S42
REGIONAL::TANGARA DA SERRA,2021,43,0.0,2021-S43
REGIONAL::TANGARA DA SERRA,2021,44,0.0,2021-S44
REGIONAL::TANGARA DA SERRA,2021,45,0.0,2021-S45
REGIONAL::TANGARA DA SERRA,2021,46,0.0,2021-S46
REGIONAL::TANGARA DA SERRA,2021,47,0.0,2021-S47
REGIONAL::TANGARA DA SERRA,2021,48,0.0,2021-S48
REGIONAL::TANGARA DA SERRA,2021,49,0.0,2021-S49
REGIONAL::TANGARA DA SERRA,2021,50,0.0,2021-S50
REGIONAL::TANGARA DA SERRA,2021,51,0.0,2021-S51
REGIONAL::TANGARA DA SERRA,2021,52,0.0,2021-S52
REGIONAL::TANGARA DA SERRA,2022,1,0.0,2022-S01
REGIONAL::TANGARA DA SERRA,2022,2,0.0,2022-S02
REGIONAL::TANGARA DA SERRA,2022,3,0.0,2022-S03
REGIONAL::TANGARA DA SERRA,2022,4,0.0,2022-S04
REGIONAL::TANGARA DA SERRA,2022,5,0.0,2022-S05
REGIONAL::TANGARA DA SERRA,2022,6,0.0,2022-S06
REGIONAL::TANGARA DA SERRA,2022,7,0.0,2022-S07
REGIONAL::TANGARA DA SERRA,2022,8,0.0,2022-S08
REGIONAL::TANGARA DA SERRA,2022,9,0.0,2022-S09
REGIONAL::TANGARA DA SERRA,2022,10,0.0,2022-S10
REGIONAL::TANGARA DA SERRA,2022,11,0.0,2022-S11
REGIONAL::TANGARA DA SERRA,2022,12,0.0,2022-S12
REGIONAL::TANGARA DA SERRA,2022,13,0.0,2022-S13
REGIONAL::TANGARA DA SERRA,2022,14,0.0,2022-S14
REGIONAL::TANGARA DA SERRA,2022,15,0.0,2022-S15
REGIONAL::TANGARA DA SERRA,2022,16,0.0,2022-S16
REGIONAL::TANGARA DA SERRA,2022,17,0.0,2022-S17
REGIONAL::TANGARA DA SERRA,2022,18,0.0,2022-S18
REGIONAL::TANGARA DA SERRA,2022,19,0.0,2022-S19
REGIONAL::TANGARA DA SERRA,2022,20,0.0,2022-S20
REGIONAL::TANGARA DA SERRA,2022,21,0.0,2022-S21
REGIONAL::TANGARA DA SERRA,2022,22,1.0,2022-S22
REGIONAL::TANGARA DA SERRA,2022,23,0.0,2022-S23
REGIONAL::TANGARA DA SERRA,2022,24,0.0,2022-S24
REGIONAL::TANGARA DA SERRA,2022,25,0.0,2022-S25
REGIONAL::TANGARA DA SERRA,2022,26,0.0,2022-S26
REGIONAL::TANGARA DA SERRA,2022,27,0.0,2022-S27
REGIONAL::TANGARA DA SERRA,2022,28,1.0,2022-S28
REGIONAL::TANGARA DA SERRA,2022,29,0.0,2022-S29
REGIONAL::TANGARA DA SERRA,2022,30,0.0,2022-S30
REGIONAL::TANGARA DA SERRA,2022,31,0.0,2022-S31
REGIONAL::TANGARA DA SERRA,2022,32,0.0,2022-S32
REGIONAL::TANGARA DA SERRA,2022,33,1.0,2022-S33
REGIONAL::TANGARA DA SERRA,2022,34,0.0,2022-S34
REGIONAL::TANGARA DA SERRA,2022,35,1.0,2022-S35
REGIONAL::TANGARA DA SERRA,2022,36,0.0,2022-S36
REGIONAL::TANGARA DA SERRA,2022,37,0.0,2022-S37
REGIONAL::TANGARA DA SERRA,2022,38,0.0,2022-S38
REGIONAL::TANGARA DA SERRA,2022,39,1.0,2022-S39
REGIONAL::TANGARA DA SERRA,2022,40,1.0,2022-S40
REGIONAL::TANGARA DA SERRA,2022,41,0.0,2022-S41
REGIONAL::TANGARA DA SERRA,2022,42,0.0,2022-S42
REGIONAL::TANGARA DA SERRA,2022,43,0.0,2022-S43
REGIONAL::TANGARA DA SERRA,2022,44,0.0,2022-S44
REGIONAL::TANGARA DA SERRA,2022,45,0.0,2022-S45
REGIONAL::TANGARA DA SERRA,2022,46,0.0,2022-S46
REGIONAL::TANGARA DA SERRA,2022,47,0.0,2022-S47
REGIONAL::TANGARA DA SERRA,2022,48,0.0,2022-S48
REGIONAL::TANGARA DA SERRA,2022,49,0.0,2022-S49
REGIONAL::TANGARA DA SERRA,2022,50,0.0,2022-S50
REGIONAL::TANGARA DA SERRA,2022,51,0.0,2022-S51
REGIONAL::TANGARA DA SERRA,2022,52,0.0,2022-S52
REGIONAL::TANGARA DA SERRA,2023,1,0.0,2023-S01
REGIONAL::TANGARA DA SERRA,2023,2,0.0,2023-S02
REGIONAL::TANGARA DA SERRA,2023,3,0.0,2023-S03
REGIONAL::TANGARA DA SERRA,2023,4,0.0,2023-S04
REGIONAL::TANGARA DA SERRA,2023,5,0.0,2023-S05
REGIONAL::TANGARA DA SERRA,2023,6,0.0,2023-S06
REGIONAL::TANGARA DA SERRA,2023,7,0.0,2023-S07
REGIONAL::TANGARA DA SERRA,2023,8,0.0,2023-S08
REGIONAL::TANGARA DA SERRA,2023,9,0.0,2023-S09
REGIONAL::TANGARA DA SERRA,2023,10,1.0,2023-S10
REGIONAL::TANGARA DA SERRA,2023,11,0.0,2023-S11
REGIONAL::TANGARA DA SERRA,2023,12,2.0,2023-S12
REGIONAL::TANGARA DA SERRA,2023,13,1.0,2023-S13
REGIONAL::TANGARA DA SERRA,2023,14,0.0,2023-S14
REGIONAL::TANGARA DA SERRA,2023,15,1.0,2023-S15
REGIONAL::TANGARA DA SERRA,2023,16,0.0,2023-S16
REGIONAL::TANGARA DA SERRA,2023,17,0.0,2023-S17
REGIONAL::TANGARA DA SERRA,2023,18,0.0,2023-S18
REGIONAL::TANGARA DA SERRA,2023,19,0.0,2023-S19
REGIONAL::TANGARA DA SERRA,2023,20,1.0,2023-S20
REGIONAL::TANGARA DA SERRA,2023,21,0.0,2023-S21
REGIONAL::TANGARA DA SERRA,2023,22,0.0,2023-S22
REGIONAL::TANGARA DA SERRA,2023,23,0.0,2023-S23
REGIONAL::TANGARA DA SERRA,2023,24,1.0,2023-S24
REGIONAL::TANGARA DA SERRA,2023,25,0.0,2023-S25
REGIONAL::TANGARA DA SERRA,2023,26,0.0,2023-S26
REGIONAL::TANGARA DA SERRA,2023,27,0.0,2023-S27
REGIONAL::TANGARA DA SERRA,2023,28,0.0,2023-S28
REGIONAL::TANGARA DA SERRA,2023,29,0.0,2023-S29
REGIONAL::TANGARA DA SERRA,2023,30,0.0,2023-S30
REGIONAL::TANGARA DA SERRA,2023,31,0.0,2023-S31
REGIONAL::TANGARA DA SERRA,2023,32,0.0,2023-S32
REGIONAL::TANGARA DA SERRA,2023,33,0.0,2023-S33
REGIONAL::TANGARA DA SERRA,2023,34,0.0,2023-S34
REGIONAL::TANGARA DA SERRA,2023,35,0.0,2023-S35
REGIONAL::TANGARA DA SERRA,2023,36,0.0,2023-S36
REGIONAL::TANGARA DA SERRA,2023,37,0.0,2023-S37
REGIONAL::TANGARA DA SERRA,2023,38,0.0,2023-S38
REGIONAL::TANGARA DA SERRA,2023,39,1.0,2023-S39
REGIONAL::TANGARA DA SERRA,2023,40,0.0,2023-S40
REGIONAL::TANGARA DA SERRA,2023,41,1.0,2023-S41
REGIONAL::TANGARA DA SERRA,2023,42,1.0,2023-S42
REGIONAL::TANGARA DA SERRA,2023,43,0.0,2023-S43
REGIONAL::TANGARA DA SERRA,2023,44,2.0,2023-S44
REGIONAL::TANGARA DA SERRA,2023,45,0.0,2023-S45
REGIONAL::TANGARA DA SERRA,2023,46,0.0,2023-S46
REGIONAL::TANGARA DA SERRA,2023,47,0.0,2023-S47
REGIONAL::TANGARA DA SERRA,2023,48,0.0,2023-S48
REGIONAL::TANGARA DA SERRA,2023,49,0.0,2023-S49
REGIONAL::TANGARA DA SERRA,2023,50,0.0,2023-S50
REGIONAL::TANGARA DA SERRA,2023,51,0.0,2023-S51
REGIONAL::TANGARA DA SERRA,2023,52,0.0,2023-S52
REGIONAL::TANGARA DA SERRA,2024,1,0.0,2024-S01
REGIONAL::TANGARA DA SERRA,2024,2,1.0,2024-S02
REGIONAL::TANGARA DA SERRA,2024,3,0.0,2024-S03
REGIONAL::TANGARA DA SERRA,2024,4,1.0,2024-S04
REGIONAL::TANGARA DA SERRA,2024,5,0.0,2024-S05
REGIONAL::TANGARA DA SERRA,2024,6,0.0,2024-S06
REGIONAL::TANGARA DA SERRA,2024,7,0.0,2024-S07
REGIONAL::TANGARA DA SERRA,2024,8,0.0,2024-S08
REGIONAL::TANGARA DA SERRA,2024,9,0.0,2024-S09
REGIONAL::TANGARA DA SERRA,2024,10,0.0,2024-S10
REGIONAL::TANGARA DA SERRA,2024,11,1.0,2024-S11
REGIONAL::TANGARA DA SERRA,2024,12,0.0,2024-S12
REGIONAL::TANGARA DA SERRA,2024,13,0.0,2024-S13
REGIONAL::TANGARA DA SERRA,2024,14,1.0,2024-S14
REGIONAL::TANGARA DA SERRA,2024,15,0.0,2024-S15
REGIONAL::TANGARA DA SERRA,2024,16,1.0,2024-S16
REGIONAL::TANGARA DA SERRA,2024,17,0.0,2024-S17
REGIONAL::TANGARA DA SERRA,2024,18,0.0,2024-S18
REGIONAL::TANGARA DA SERRA,2024,19,1.0,2024-S19
REGIONAL::TANGARA DA SERRA,2024,20,0.0,2024-S20
REGIONAL::TANGARA DA SERRA,2024,21,1.0,2024-S21
REGIONAL::TANGARA DA SERRA,2024,22,0.0,2024-S22
REGIONAL::TANGARA DA SERRA,2024,23,0.0,2024-S23
REGIONAL::TANGARA DA SERRA,2024,24,1.0,2024-S24
REGIONAL::TANGARA DA SERRA,2024,25,0.0,2024-S25
REGIONAL::TANGARA DA SERRA,2024,26,2.0,2024-S26
REGIONAL::TANGARA DA SERRA,2024,27,3.0,2024-S27
REGIONAL::TANGARA DA SERRA,2024,28,0.0,2024-S28
REGIONAL::TANGARA DA SERRA,2024,29,2.0,2024-S29
REGIONAL::TANGARA DA SERRA,2024,30,1.0,2024-S30
REGIONAL::TANGARA DA SERRA,2024,31,0.0,2024-S31
REGIONAL::TANGARA DA SERRA,2024,32,0.0,2024-S32
REGIONAL::TANGARA DA SERRA,2024,33,1.0,2024-S33
REGIONAL::TANGARA DA SERRA,2024,34,1.0,2024-S34
REGIONAL::TANGARA DA SERRA,2024,35,1.0,2024-S35
REGIONAL::TANGARA DA SERRA,2024,36,0.0,2024-S36
REGIONAL::TANGARA DA SERRA,2024,37,1.0,2024-S37
REGIONAL::TANGARA DA SERRA,2024,38,0.0,2024-S38
REGIONAL::TANGARA DA SERRA,2024,39,0.0,2024-S39
REGIONAL::TANGARA DA SERRA,2024,40,0.0,2024-S40
REGIONAL::TANGARA DA SERRA,2024,41,0.0,2024-S41
REGIONAL::TANGARA DA SERRA,2024,42,0.0,2024-S42
REGIONAL::TANGARA DA SERRA,2024,43,0.0,2024-S43
REGIONAL::TANGARA DA SERRA,2024,44,0.0,2024-S44
REGIONAL::TANGARA DA SERRA,2024,45,0.0,2024-S45
REGIONAL::TANGARA DA SERRA,2024,46,0.0,2024-S46
REGIONAL::TANGARA DA SERRA,2024,47,1.0,2024-S47
REGIONAL::TANGARA DA SERRA,2024,48,0.0,2024-S48
REGIONAL::TANGARA DA SERRA,2024,49,0.0,2024-S49
REGIONAL::TANGARA DA SERRA,2024,50,0.0,2024-S50
REGIONAL::TANGARA DA SERRA,2024,51,0.0,2024-S51
REGIONAL::TANGARA DA SERRA,2024,52,0.0,2024-S52
REGIONAL::TANGARA DA SERRA,2025,1,0.0,2025-S01
REGIONAL::TANGARA DA SERRA,2025,2,0.0,2025-S02
REGIONAL::TANGARA DA SERRA,2025,3,0.0,2025-S03
REGIONAL::TANGARA DA SERRA,2025,4,0.0,2025-S04
REGIONAL::TANGARA DA SERRA,2025,5,0.0,2025-S05
REGIONAL::TANGARA DA SERRA,2025,6,0.0,2025-S06
REGIONAL::TANGARA DA SERRA,2025,7,0.0,2025-S07
REGIONAL::TANGARA DA SERRA,2025,8,0.0,2025-S08
REGIONAL::TANGARA DA SERRA,2025,9,0.0,2025-S09
REGIONAL::TANGARA DA SERRA,2025,10,0.0,2025-S10
REGIONAL::TANGARA DA SERRA,2025,11,0.0,2025-S11
REGIONAL::TANGARA DA SERRA,2025,12,0.0,2025-S12
REGIONAL::TANGARA DA SERRA,2025,13,0.0,2025-S13
REGIONAL::TANGARA DA SERRA,2025,14,0.0,2025-S14
REGIONAL::TANGARA DA SERRA,2025,15,0.0,2025-S15
REGIONAL::TANGARA DA SERRA,2025,16,0.0,2025-S16
REGIONAL::TANGARA DA SERRA,2025,17,1.0,2025-S17
REGIONAL::TANGARA DA SERRA,2025,18,0.0,2025-S18
REGIONAL::TANGARA DA SERRA,2025,19,0.0,2025-S19
REGIONAL::TANGARA DA SERRA,2025,20,0.0,2025-S20
REGIONAL::TANGARA DA SERRA,2025,21,0.0,2025-S21
REGIONAL::TANGARA DA SERRA,2025,22,1.0,2025-S22
REGIONAL::TANGARA DA SERRA,2025,23,1.0,2025-S23
REGIONAL::TANGARA DA SERRA,2025,24,0.0,2025-S24
REGIONAL::TANGARA DA SERRA,2025,25,1.0,2025-S25
REGIONAL::TANGARA DA SERRA,2025,26,0.0,2025-S26
REGIONAL::TANGARA DA SERRA,2025,27,0.0,2025-S27
REGIONAL::TANGARA DA SERRA,2025,28,0.0,2025-S28
REGIONAL::TANGARA DA SERRA,2025,29,0.0,2025-S29
REGIONAL::TANGARA DA SERRA,2025,30,0.0,2025-S30
REGIONAL::TANGARA DA SERRA,2025,31,0.0,2025-S31
REGIONAL::TANGARA DA SERRA,2025,32,2.0,2025-S32
REGIONAL::TANGARA DA SERRA,2025,33,0.0,2025-S33
REGIONAL::TANGARA DA SERRA,2025,34,1.0,2025-S34
REGIONAL::TANGARA DA SERRA,2025,35,0.0,2025-S35
REGIONAL::TANGARA DA SERRA,2025,36,1.0,2025-S36
REGIONAL::TANGARA DA SERRA,2025,37,0.0,2025-S37
REGIONAL::TANGARA DA SERRA,2025,38,1.0,2025-S38
REGIONAL::TANGARA DA SERRA,2025,39,0.0,2025-S39
REGIONAL::TANGARA DA SERRA,2025,40,0.0,2025-S40
REGIONAL::TANGARA DA SERRA,2025,41,2.0,2025-S41
REGIONAL::TANGARA DA SERRA,2025,42,1.0,2025-S42
REGIONAL::TANGARA DA SERRA,2025,43,1.0,2025-S43
REGIONAL::TANGARA DA SERRA,2025,44,0.0,2025-S44
REGIONAL::TANGARA DA SERRA,2025,45,1.0,2025-S45
REGIONAL::TANGARA DA SERRA,2025,46,1.0,2025-S46
REGIONAL::TANGARA DA SERRA,2025,47,0.0,2025-S47
REGIONAL::TANGARA DA SERRA,2025,48,0.0,2025-S48
REGIONAL::TANGARA DA SERRA,2025,49,0.0,2025-S49
REGIONAL::TANGARA DA SERRA,2025,50,0.0,2025-S50
REGIONAL::TANGARA DA SERRA,2025,51,0.0,2025-S51
REGIONAL::TANGARA DA SERRA,2025,52,0.0,2025-S52
REGIONAL::TANGARA DA SERRA,2026,1,0.0,2026-S01
REGIONAL::TANGARA DA SERRA,2026,2,1.0,2026-S02
REGIONAL::TANGARA DA SERRA,2026,3,0.0,2026-S03
REGIONAL::TANGARA DA SERRA,2026,4,0.0,2026-S04
REGIONAL::TANGARA DA SERRA,2026,5,0.0,2026-S05
REGIONAL::TANGARA DA SERRA,2026,6,0.0,2026-S06
REGIONAL::TANGARA DA SERRA,2026,7,1.0,2026-S07
REGIONAL::TANGARA DA SERRA,2026,8,0.0,2026-S08
REGIONAL::TANGARA DA SERRA,2026,9,0.0,2026-S09
REGIONAL::TANGARA DA SERRA,2026,10,0.0,2026-S10
REGIONAL::TANGARA DA SERRA,2026,11,0.0,2026-S11
REGIONAL::TANGARA DA SERRA,2026,12,0.0,2026-S12
REGIONAL::TANGARA DA SERRA,2026,13,0.0,2026-S13
REGIONAL::TANGARA DA SERRA,2026,14,0.0,2026-S14
REGIONAL::TANGARA DA SERRA,2026,15,1.0,2026-S15
REGIONAL::TANGARA DA SERRA,2026,16,0.0,2026-S16
REGIONAL::TANGARA DA SERRA,2026,17,1.0,2026-S17
REGIONAL::TANGARA DA SERRA,2026,18,2.0,2026-S18
REGIONAL::TANGARA DA SERRA,2026,19,3.0,2026-S19
REGIONAL::TANGARA DA SERRA,2026,20,0.0,2026-S20
REGIONAL::TANGARA DA SERRA,2026,21,0.0,2026-S21
REGIONAL::TANGARA DA SERRA,2026,22,1.0,2026-S22
REGIONAL::TANGARA DA SERRA,2026,23,0.0,2026-S23
REGIONAL::TANGARA DA SERRA,2026,24,0.0,2026-S24
REGIONAL::TANGARA DA SERRA,2026,25,1.0,2026-S25
REGIONAL::TANGARA DA SERRA,2026,26,0.0,2026-S26
REGIONAL::TANGARA DA SERRA,2026,27,0.0,2026-S27
REGIONAL::TANGARA DA SERRA,2026,28,0.0,2026-S28
REGIONAL::TANGARA DA SERRA,2026,29,0.0,2026-S29
REGIONAL::TANGARA DA SERRA,2026,30,0.0,2026-S30
REGIONAL::TANGARA DA SERRA,2026,31,0.0,2026-S31
