ano_evento_v17,codigo_municipio_v17,municipio_v17,regional_v17,casos,confirmados,obitos_meningite,populacao_estado,populacao_origem,populacao_municipio,populacao_ref,incidencia_100mil,mortalidade_100mil,letalidade_pct
1966,510520,JUSCIMEIRA,RONDONOPOLIS,1,1,1,2546572.0,municipal_soma_com_carry,11692.0,11692.0,8.552856654122477,8.552856654122477,100.0
1976,510840,VARZEA GRANDE,CUIABA,1,1,0,2546572.0,municipal_soma_com_carry,260491.0,260491.0,0.38389042231785364,0.0,0.0
1980,510340,CUIABA,CUIABA,1,1,0,2546572.0,municipal_soma_com_carry,571065.0,571065.0,0.17511141463756316,0.0,0.0
2006,510340,CUIABA,CUIABA,1,1,0,2546572.0,municipal_soma_com_carry,571065.0,571065.0,0.17511141463756316,0.0,0.0
2006,510517,JURUENA,JUINA,1,1,0,2546572.0,municipal_soma_com_carry,11210.0,11210.0,8.920606601248885,0.0,0.0
2006,510650,POCONE,CUIABA,1,1,0,2546572.0,municipal_soma_com_carry,32222.0,32222.0,3.1034696791012357,0.0,0.0
2006,510680,PORTO DOS GAUCHOS,JUARA,1,1,0,2546572.0,municipal_soma_com_carry,5596.0,5596.0,17.8699070764832,0.0,0.0
2006,510760,RONDONOPOLIS,RONDONOPOLIS,1,1,0,2546572.0,municipal_soma_com_carry,200422.0,200422.0,0.49894722136292424,0.0,0.0
2006,510790,SINOP,SINOP,1,1,0,2546572.0,municipal_soma_com_carry,115102.0,115102.0,0.8687946343243385,0.0,0.0
2007,510020,AGUA BOA,AGUA BOA,1,1,0,2546572.0,municipal_soma_com_carry,21037.0,21037.0,4.75352949565052,0.0,0.0
2007,510025,ALTA FLORESTA,ALTA FLORESTA,6,6,3,2546572.0,municipal_soma_com_carry,50771.0,50771.0,11.81776998680349,5.908884993401745,50.0
2007,510030,ALTO ARAGUAIA,RONDONOPOLIS,1,1,0,2546572.0,municipal_soma_com_carry,15782.0,15782.0,6.336332530731213,0.0,0.0
2007,510080,APIACAS,ALTA FLORESTA,1,1,0,2546572.0,municipal_soma_com_carry,8715.0,8715.0,11.474469305794607,0.0,0.0
2007,510125,ARAPUTANGA,CACERES,2,2,0,2546572.0,municipal_soma_com_carry,15379.0,15379.0,13.004746732557383,0.0,0.0
2007,510170,BARRA DO BUGRES,TANGARA DA SERRA,1,1,0,2546572.0,municipal_soma_com_carry,31622.0,31622.0,3.1623553222440073,0.0,0.0
2007,510180,BARRA DO GARCAS,BARRA DO GARCAS,2,2,0,2546572.0,municipal_soma_com_carry,57764.0,57764.0,3.4623641022089884,0.0,0.0
2007,510250,CACERES,CACERES,12,12,1,2546572.0,municipal_soma_com_carry,89900.0,89900.0,13.348164627363738,1.1123470522803116,8.333333333333332
2007,510260,CAMPINAPOLIS,BARRA DO GARCAS,1,1,1,2546572.0,municipal_soma_com_carry,14407.0,14407.0,6.941070313042272,6.941070313042272,100.0
2007,510263,CAMPO NOVO DO PARECIS,TANGARA DA SERRA,1,1,0,2546572.0,municipal_soma_com_carry,27862.0,27862.0,3.5891177948460267,0.0,0.0
2007,510267,CAMPO VERDE,RONDONOPOLIS,4,4,0,2546572.0,municipal_soma_com_carry,31631.0,31631.0,12.64582213651165,0.0,0.0
2007,510270,CANARANA,AGUA BOA,1,1,0,2546572.0,municipal_soma_com_carry,18982.0,18982.0,5.268148772521336,0.0,0.0
2007,510340,CUIABA,CUIABA,127,127,5,2546572.0,municipal_soma_com_carry,571065.0,571065.0,22.239149658970522,0.8755570731878156,3.937007874015748
2007,510345,DENISE,TANGARA DA SERRA,2,2,0,2546572.0,municipal_soma_com_carry,7002.0,7002.0,28.563267637817766,0.0,0.0
2007,510350,DIAMANTINO,DIAMANTINO,2,2,0,2546572.0,municipal_soma_com_carry,20658.0,20658.0,9.68147933004163,0.0,0.0
2007,510370,FELIZ NATAL,SINOP,1,1,0,2546572.0,municipal_soma_com_carry,10953.0,10953.0,9.12991874372318,0.0,0.0
2007,510380,FIGUEIROPOLIS D OESTE,PONTES E LACERDA,1,1,0,2546572.0,municipal_soma_com_carry,3506.0,3506.0,28.522532800912717,0.0,0.0
2007,510385,GAUCHA DO NORTE,AGUA BOA,1,1,0,2546572.0,municipal_soma_com_carry,8103.0,8103.0,12.341108231519192,0.0,0.0
2007,510410,GUARANTA DO NORTE,PEIXOTO DE AZEVEDO,4,4,0,2546572.0,municipal_soma_com_carry,32962.0,32962.0,12.135185971725017,0.0,0.0
2007,510420,GUIRATINGA,RONDONOPOLIS,4,4,0,2546572.0,municipal_soma_com_carry,13101.0,13101.0,30.532020456453704,0.0,0.0
2007,510460,ITIQUIRA,RONDONOPOLIS,2,2,2,2546572.0,municipal_soma_com_carry,11606.0,11606.0,17.232465965879715,17.232465965879715,100.0
2007,510480,JACIARA,RONDONOPOLIS,2,2,0,2546572.0,municipal_soma_com_carry,26511.0,26511.0,7.544038323714685,0.0,0.0
2007,510490,JANGADA,CUIABA,1,1,0,2546572.0,municipal_soma_com_carry,7695.0,7695.0,12.99545159194282,0.0,0.0
2007,510510,JUARA,JUARA,1,1,0,2546572.0,municipal_soma_com_carry,33818.0,33818.0,2.9570051451889525,0.0,0.0
2007,510515,JUINA,JUINA,2,2,0,2546572.0,municipal_soma_com_carry,40717.0,40717.0,4.9119532382051725,0.0,0.0
2007,510520,JUSCIMEIRA,RONDONOPOLIS,1,1,0,2546572.0,municipal_soma_com_carry,11692.0,11692.0,8.552856654122477,0.0,0.0
2007,510525,LUCAS DO RIO VERDE,SINOP,2,2,0,2546572.0,municipal_soma_com_carry,45529.0,45529.0,4.392804586087988,0.0,0.0
2007,510550,VILA BELA DA S TRINDADE,PONTES E LACERDA,1,1,0,2546572.0,municipal_soma_com_carry,14899.0,14899.0,6.711859856366199,0.0,0.0
2007,510562,MIRASSOL D OESTE,CACERES,5,5,0,2546572.0,municipal_soma_com_carry,25874.0,25874.0,19.324418335008115,0.0,0.0
2007,510610,NOSSA SENHORA DO LIVRAMENTO,CUIABA,1,1,0,2546572.0,municipal_soma_com_carry,11668.0,11668.0,8.570449091532396,0.0,0.0
2007,510615,NOVA BANDEIRANTES,ALTA FLORESTA,2,2,2,2546572.0,municipal_soma_com_carry,11751.0,11751.0,17.01982809973619,17.01982809973619,100.0
2007,510618,NOVA LACERDA,PONTES E LACERDA,1,1,0,2546572.0,municipal_soma_com_carry,5598.0,5598.0,17.86352268667381,0.0,0.0
2007,510622,NOVA MUTUM,SINOP,4,4,0,2546572.0,municipal_soma_com_carry,31510.0,31510.0,12.69438273563948,0.0,0.0
2007,510625,NOVA XAVANTINA,BARRA DO GARCAS,3,3,0,2546572.0,municipal_soma_com_carry,20051.0,20051.0,14.961847289411999,0.0,0.0
2007,510629,PARANAITA,ALTA FLORESTA,6,6,0,2546572.0,municipal_soma_com_carry,10960.0,10960.0,54.744525547445264,0.0,0.0
2007,510630,PARANATINGA,RONDONOPOLIS,1,1,0,2546572.0,municipal_soma_com_carry,19602.0,19602.0,5.101520253035405,0.0,0.0
2007,510637,PEDRA PRETA,RONDONOPOLIS,1,1,1,2546572.0,municipal_soma_com_carry,15879.0,15879.0,6.297625795075257,6.297625795075257,100.0
2007,510642,PEIXOTO DE AZEVEDO,PEIXOTO DE AZEVEDO,1,1,0,2546572.0,municipal_soma_com_carry,31763.0,31763.0,3.1483172244435353,0.0,0.0
2007,510650,POCONE,CUIABA,8,8,2,2546572.0,municipal_soma_com_carry,32222.0,32222.0,24.827757432809886,6.2069393582024714,25.0
2007,510675,PONTES E LACERDA,PONTES E LACERDA,6,6,1,2546572.0,municipal_soma_com_carry,42433.0,42433.0,14.139938255602951,2.356656375933825,16.666666666666664
2007,510682,PORTO ESPERIDIAO,CACERES,1,1,0,2546572.0,municipal_soma_com_carry,11077.0,11077.0,9.027715085311907,0.0,0.0
2007,510685,PORTO ESTRELA,TANGARA DA SERRA,1,1,0,2546572.0,municipal_soma_com_carry,3710.0,3710.0,26.954177897574127,0.0,0.0
2007,510704,PRIMAVERA DO LESTE,RONDONOPOLIS,3,3,0,2546572.0,municipal_soma_com_carry,53198.0,53198.0,5.639309748486785,0.0,0.0
2007,510710,SAO JOSE DOS QUATRO MARCOS,CACERES,1,1,0,2546572.0,municipal_soma_com_carry,18972.0,18972.0,5.270925574530888,0.0,0.0
2007,510730,SAO JOSE DO RIO CLARO,DIAMANTINO,3,3,0,2546572.0,municipal_soma_com_carry,16902.0,16902.0,17.74937877174299,0.0,0.0
2007,510740,SAO PEDRO DA CIPA,RONDONOPOLIS,1,1,0,2546572.0,municipal_soma_com_carry,4179.0,4179.0,23.929169657812874,0.0,0.0
2007,510760,RONDONOPOLIS,RONDONOPOLIS,66,66,1,2546572.0,municipal_soma_com_carry,200422.0,200422.0,32.930516609952996,0.49894722136292424,1.5151515151515151
2007,510770,ROSARIO OESTE,DIAMANTINO,1,1,1,2546572.0,municipal_soma_com_carry,17682.0,17682.0,5.6554688383667004,5.6554688383667004,100.0
2007,510777,SANTA TEREZINHA,PORTO ALEGRE DO NORTE,1,1,0,2546572.0,municipal_soma_com_carry,3803.0,3803.0,26.295030239284777,0.0,0.0
2007,510780,SANTO ANTONIO DO LEVERGER,CUIABA,6,6,0,2546572.0,municipal_soma_com_carry,16225.0,16225.0,36.97996918335901,0.0,0.0
2007,510787,SAPEZAL,TANGARA DA SERRA,4,4,1,2546572.0,municipal_soma_com_carry,17871.0,17871.0,22.38263107828325,5.5956577695708125,25.0
2007,510790,SINOP,SINOP,25,25,1,2546572.0,municipal_soma_com_carry,115102.0,115102.0,21.71986585810846,0.8687946343243385,4.0
2007,510792,SORRISO,SINOP,6,6,2,2546572.0,municipal_soma_com_carry,66605.0,66605.0,9.008332707754672,3.0027775692515575,33.33333333333333
2007,510794,TABAPORA,JUARA,1,1,1,2546572.0,municipal_soma_com_carry,10055.0,10055.0,9.945300845350571,9.945300845350571,100.0
2007,510795,TANGARA DA SERRA,TANGARA DA SERRA,7,7,0,2546572.0,municipal_soma_com_carry,85616.0,85616.0,8.17604186133433,0.0,0.0
2007,510840,VARZEA GRANDE,CUIABA,51,51,2,2546572.0,municipal_soma_com_carry,260491.0,260491.0,19.57841153821053,0.7677808446357073,3.9215686274509802
2007,510850,VERA,SINOP,1,1,0,2546572.0,municipal_soma_com_carry,10675.0,10675.0,9.36768149882904,0.0,0.0
2007,510895,NOVA MONTE VERDE,ALTA FLORESTA,7,7,0,2546572.0,municipal_soma_com_carry,8219.0,8219.0,85.16851198442633,0.0,0.0
2008,510020,AGUA BOA,AGUA BOA,1,1,0,2546572.0,municipal_soma_com_carry,21037.0,21037.0,4.75352949565052,0.0,0.0
2008,510025,ALTA FLORESTA,ALTA FLORESTA,1,1,0,2546572.0,municipal_soma_com_carry,50771.0,50771.0,1.9696283311339151,0.0,0.0
2008,510030,ALTO ARAGUAIA,RONDONOPOLIS,1,1,0,2546572.0,municipal_soma_com_carry,15782.0,15782.0,6.336332530731213,0.0,0.0
2008,510140,ARIPUANA,JUINA,1,1,1,2546572.0,municipal_soma_com_carry,19011.0,19011.0,5.260112566408922,5.260112566408922,100.0
2008,510250,CACERES,CACERES,12,12,0,2546572.0,municipal_soma_com_carry,89900.0,89900.0,13.348164627363738,0.0,0.0
2008,510263,CAMPO NOVO DO PARECIS,TANGARA DA SERRA,1,1,0,2546572.0,municipal_soma_com_carry,27862.0,27862.0,3.5891177948460267,0.0,0.0
2008,510268,CAMPOS DE JULIO,PONTES E LACERDA,1,1,0,2546572.0,municipal_soma_com_carry,5214.0,5214.0,19.179133103183734,0.0,0.0
2008,510270,CANARANA,AGUA BOA,4,4,0,2546572.0,municipal_soma_com_carry,18982.0,18982.0,21.072595090085343,0.0,0.0
2008,510300,CHAPADA DOS GUIMARAES,CUIABA,1,1,0,2546572.0,municipal_soma_com_carry,18380.0,18380.0,5.4406964091403704,0.0,0.0
2008,510310,COCALINHO,AGUA BOA,1,1,0,2546572.0,municipal_soma_com_carry,5609.0,5609.0,17.828489926903192,0.0,0.0
2008,510325,COLNIZA,JUINA,2,2,1,2546572.0,municipal_soma_com_carry,26160.0,26160.0,7.64525993883792,3.82262996941896,50.0
2008,510330,COMODORO,PONTES E LACERDA,1,1,0,2546572.0,municipal_soma_com_carry,18374.0,18374.0,5.442473059758354,0.0,0.0
2008,510335,CONFRESA,PORTO ALEGRE DO NORTE,1,1,0,2546572.0,municipal_soma_com_carry,25456.0,25456.0,3.928346951602766,0.0,0.0
2008,510340,CUIABA,CUIABA,68,68,2,2546572.0,municipal_soma_com_carry,571065.0,571065.0,11.907576195354293,0.3502228292751263,2.941176470588235
2008,510350,DIAMANTINO,DIAMANTINO,3,3,0,2546572.0,municipal_soma_com_carry,20658.0,20658.0,14.522218995062445,0.0,0.0
2008,510410,GUARANTA DO NORTE,PEIXOTO DE AZEVEDO,2,2,0,2546572.0,municipal_soma_com_carry,32962.0,32962.0,6.067592985862508,0.0,0.0
2008,510420,GUIRATINGA,RONDONOPOLIS,1,1,0,2546572.0,municipal_soma_com_carry,13101.0,13101.0,7.633005114113426,0.0,0.0
2008,510450,INDIAVAI,CACERES,1,1,0,2546572.0,municipal_soma_com_carry,2435.0,2435.0,41.067761806981515,0.0,0.0
2008,510454,ITANHANGA,SINOP,1,1,0,2546572.0,municipal_soma_com_carry,5341.0,5341.0,18.72308556450103,0.0,0.0
2008,510480,JACIARA,RONDONOPOLIS,3,3,0,2546572.0,municipal_soma_com_carry,26511.0,26511.0,11.316057485572028,0.0,0.0
2008,510523,LAMBARI D OESTE,CACERES,1,1,0,2546572.0,municipal_soma_com_carry,5203.0,5203.0,19.219680953296173,0.0,0.0
2008,510558,MARCELANDIA,COLIDER,3,3,0,2546572.0,municipal_soma_com_carry,12355.0,12355.0,24.281667341157426,0.0,0.0
2008,510590,NOBRES,DIAMANTINO,3,3,0,2546572.0,municipal_soma_com_carry,15253.0,15253.0,19.66826198124959,0.0,0.0
2008,510615,NOVA BANDEIRANTES,ALTA FLORESTA,1,1,0,2546572.0,municipal_soma_com_carry,11751.0,11751.0,8.509914049868096,0.0,0.0
2008,510622,NOVA MUTUM,SINOP,1,1,0,2546572.0,municipal_soma_com_carry,31510.0,31510.0,3.17359568390987,0.0,0.0
2008,510623,NOVA OLIMPIA,TANGARA DA SERRA,1,1,0,2546572.0,municipal_soma_com_carry,17598.0,17598.0,5.6824639163541315,0.0,0.0
2008,510629,PARANAITA,ALTA FLORESTA,2,2,1,2546572.0,municipal_soma_com_carry,10960.0,10960.0,18.248175182481752,9.124087591240876,50.0
2008,510630,PARANATINGA,RONDONOPOLIS,1,1,0,2546572.0,municipal_soma_com_carry,19602.0,19602.0,5.101520253035405,0.0,0.0
2008,510637,PEDRA PRETA,RONDONOPOLIS,3,3,0,2546572.0,municipal_soma_com_carry,15879.0,15879.0,18.89287738522577,0.0,0.0
2008,510642,PEIXOTO DE AZEVEDO,PEIXOTO DE AZEVEDO,1,1,0,2546572.0,municipal_soma_com_carry,31763.0,31763.0,3.1483172244435353,0.0,0.0
2008,510650,POCONE,CUIABA,2,2,0,2546572.0,municipal_soma_com_carry,32222.0,32222.0,6.2069393582024714,0.0,0.0
2008,510675,PONTES E LACERDA,PONTES E LACERDA,2,2,0,2546572.0,municipal_soma_com_carry,42433.0,42433.0,4.71331275186765,0.0,0.0
2008,510700,POXOREO,RONDONOPOLIS,1,1,0,2546572.0,municipal_soma_com_carry,18236.0,18236.0,5.483658697082694,0.0,0.0
2008,510704,PRIMAVERA DO LESTE,RONDONOPOLIS,1,1,0,2546572.0,municipal_soma_com_carry,53198.0,53198.0,1.8797699161622616,0.0,0.0
2008,510710,SAO JOSE DOS QUATRO MARCOS,CACERES,1,1,0,2546572.0,municipal_soma_com_carry,18972.0,18972.0,5.270925574530888,0.0,0.0
2008,510715,RESERVA DO CABACAL,CACERES,1,1,0,2546572.0,municipal_soma_com_carry,2516.0,2516.0,39.7456279809221,0.0,0.0
2008,510735,SAO JOSE DO XINGU,PORTO ALEGRE DO NORTE,1,1,0,2546572.0,municipal_soma_com_carry,4179.0,4179.0,23.929169657812874,0.0,0.0
2008,510740,SAO PEDRO DA CIPA,RONDONOPOLIS,1,1,0,2546572.0,municipal_soma_com_carry,4179.0,4179.0,23.929169657812874,0.0,0.0
2008,510760,RONDONOPOLIS,RONDONOPOLIS,38,38,1,2546572.0,municipal_soma_com_carry,200422.0,200422.0,18.95999441179112,0.49894722136292424,2.631578947368421
2008,510770,ROSARIO OESTE,DIAMANTINO,1,1,0,2546572.0,municipal_soma_com_carry,17682.0,17682.0,5.6554688383667004,0.0,0.0
2008,510780,SANTO ANTONIO DO LEVERGER,CUIABA,1,1,0,2546572.0,municipal_soma_com_carry,16225.0,16225.0,6.163328197226502,0.0,0.0
2008,510787,SAPEZAL,TANGARA DA SERRA,2,2,1,2546572.0,municipal_soma_com_carry,17871.0,17871.0,11.191315539141625,5.5956577695708125,50.0
2008,510790,SINOP,SINOP,31,31,0,2546572.0,municipal_soma_com_carry,115102.0,115102.0,26.93263366405449,0.0,0.0
2008,510792,SORRISO,SINOP,7,7,2,2546572.0,municipal_soma_com_carry,66605.0,66605.0,10.509721492380452,3.0027775692515575,28.57142857142857
2008,510795,TANGARA DA SERRA,TANGARA DA SERRA,5,5,0,2546572.0,municipal_soma_com_carry,85616.0,85616.0,5.840029900953093,0.0,0.0
2008,510805,TERRA NOVA DO NORTE,PEIXOTO DE AZEVEDO,1,1,1,2546572.0,municipal_soma_com_carry,11433.0,11433.0,8.746610688358261,8.746610688358261,100.0
2008,510810,TESOURO,RONDONOPOLIS,1,1,1,2546572.0,municipal_soma_com_carry,3428.0,3428.0,29.171528588098013,29.171528588098013,100.0
2008,510840,VARZEA GRANDE,CUIABA,44,44,2,2546572.0,municipal_soma_com_carry,260491.0,260491.0,16.891178581985557,0.7677808446357073,4.545454545454546
2008,510850,VERA,SINOP,1,1,0,2546572.0,municipal_soma_com_carry,10675.0,10675.0,9.36768149882904,0.0,0.0
2008,510890,NOVA MARINGA,DIAMANTINO,2,2,0,2546572.0,municipal_soma_com_carry,6260.0,6260.0,31.94888178913738,0.0,0.0
2009,510025,ALTA FLORESTA,ALTA FLORESTA,3,3,0,2546572.0,municipal_soma_com_carry,50771.0,50771.0,5.908884993401745,0.0,0.0
2009,510080,APIACAS,ALTA FLORESTA,1,1,1,2546572.0,municipal_soma_com_carry,8715.0,8715.0,11.474469305794607,11.474469305794607,100.0
2009,510125,ARAPUTANGA,CACERES,1,1,0,2546572.0,municipal_soma_com_carry,15379.0,15379.0,6.502373366278691,0.0,0.0
2009,510130,ARENAPOLIS,TANGARA DA SERRA,1,1,0,2546572.0,municipal_soma_com_carry,10538.0,10538.0,9.489466691971911,0.0,0.0
2009,510170,BARRA DO BUGRES,TANGARA DA SERRA,2,2,0,2546572.0,municipal_soma_com_carry,31622.0,31622.0,6.324710644488015,0.0,0.0
2009,510190,BRASNORTE,JUINA,2,2,1,2546572.0,municipal_soma_com_carry,15879.0,15879.0,12.595251590150514,6.297625795075257,50.0
2009,510250,CACERES,CACERES,5,5,1,2546572.0,municipal_soma_com_carry,89900.0,89900.0,5.561735261401558,1.1123470522803116,20.0
2009,510263,CAMPO NOVO DO PARECIS,TANGARA DA SERRA,1,1,1,2546572.0,municipal_soma_com_carry,27862.0,27862.0,3.5891177948460267,3.5891177948460267,100.0
2009,510267,CAMPO VERDE,RONDONOPOLIS,2,2,0,2546572.0,municipal_soma_com_carry,31631.0,31631.0,6.322911068255825,0.0,0.0
2009,510270,CANARANA,AGUA BOA,1,1,0,2546572.0,municipal_soma_com_carry,18982.0,18982.0,5.268148772521336,0.0,0.0
2009,510279,CARLINDA,ALTA FLORESTA,1,1,0,2546572.0,municipal_soma_com_carry,11033.0,11033.0,9.063717937097797,0.0,0.0
2009,510300,CHAPADA DOS GUIMARAES,CUIABA,1,1,0,2546572.0,municipal_soma_com_carry,18380.0,18380.0,5.4406964091403704,0.0,0.0
2009,510330,COMODORO,PONTES E LACERDA,1,1,0,2546572.0,municipal_soma_com_carry,18374.0,18374.0,5.442473059758354,0.0,0.0
2009,510335,CONFRESA,PORTO ALEGRE DO NORTE,1,1,0,2546572.0,municipal_soma_com_carry,25456.0,25456.0,3.928346951602766,0.0,0.0
2009,510336,CONQUISTA D OESTE,PONTES E LACERDA,2,2,0,2546572.0,municipal_soma_com_carry,3405.0,3405.0,58.737151248164466,0.0,0.0
2009,510340,CUIABA,CUIABA,49,49,5,2546572.0,municipal_soma_com_carry,571065.0,571065.0,8.580459317240594,0.8755570731878156,10.204081632653061
2009,510360,DOM AQUINO,RONDONOPOLIS,1,1,0,2546572.0,municipal_soma_com_carry,8151.0,8151.0,12.2684333210649,0.0,0.0
2009,510370,FELIZ NATAL,SINOP,2,2,2,2546572.0,municipal_soma_com_carry,10953.0,10953.0,18.25983748744636,18.25983748744636,100.0
2009,510420,GUIRATINGA,RONDONOPOLIS,1,1,0,2546572.0,municipal_soma_com_carry,13101.0,13101.0,7.633005114113426,0.0,0.0
2009,510460,ITIQUIRA,RONDONOPOLIS,2,2,0,2546572.0,municipal_soma_com_carry,11606.0,11606.0,17.232465965879715,0.0,0.0
2009,510480,JACIARA,RONDONOPOLIS,1,1,0,2546572.0,municipal_soma_com_carry,26511.0,26511.0,3.7720191618573424,0.0,0.0
2009,510490,JANGADA,CUIABA,1,1,0,2546572.0,municipal_soma_com_carry,7695.0,7695.0,12.99545159194282,0.0,0.0
2009,510510,JUARA,JUARA,1,1,1,2546572.0,municipal_soma_com_carry,33818.0,33818.0,2.9570051451889525,2.9570051451889525,100.0
2009,510515,JUINA,JUINA,3,3,1,2546572.0,municipal_soma_com_carry,40717.0,40717.0,7.367929857307758,2.4559766191025862,33.33333333333333
2009,510520,JUSCIMEIRA,RONDONOPOLIS,2,2,0,2546572.0,municipal_soma_com_carry,11692.0,11692.0,17.105713308244955,0.0,0.0
2009,510523,LAMBARI D OESTE,CACERES,1,1,0,2546572.0,municipal_soma_com_carry,5203.0,5203.0,19.219680953296173,0.0,0.0
2009,510525,LUCAS DO RIO VERDE,SINOP,4,4,1,2546572.0,municipal_soma_com_carry,45529.0,45529.0,8.785609172175976,2.196402293043994,25.0
2009,510550,VILA BELA DA S TRINDADE,PONTES E LACERDA,1,1,1,2546572.0,municipal_soma_com_carry,14899.0,14899.0,6.711859856366199,6.711859856366199,100.0
2009,510590,NOBRES,DIAMANTINO,1,1,0,2546572.0,municipal_soma_com_carry,15253.0,15253.0,6.556087327083197,0.0,0.0
2009,510600,NORTELANDIA,DIAMANTINO,1,1,0,2546572.0,municipal_soma_com_carry,6441.0,6441.0,15.525539512498058,0.0,0.0
2009,510622,NOVA MUTUM,SINOP,1,1,0,2546572.0,municipal_soma_com_carry,31510.0,31510.0,3.17359568390987,0.0,0.0
2009,510630,PARANATINGA,RONDONOPOLIS,4,4,0,2546572.0,municipal_soma_com_carry,19602.0,19602.0,20.40608101214162,0.0,0.0
2009,510637,PEDRA PRETA,RONDONOPOLIS,1,1,0,2546572.0,municipal_soma_com_carry,15879.0,15879.0,6.297625795075257,0.0,0.0
2009,510675,PONTES E LACERDA,PONTES E LACERDA,5,5,1,2546572.0,municipal_soma_com_carry,42433.0,42433.0,11.783281879669126,2.356656375933825,20.0
2009,510700,POXOREO,RONDONOPOLIS,4,4,0,2546572.0,municipal_soma_com_carry,18236.0,18236.0,21.934634788330776,0.0,0.0
2009,510704,PRIMAVERA DO LESTE,RONDONOPOLIS,8,8,0,2546572.0,municipal_soma_com_carry,53198.0,53198.0,15.038159329298093,0.0,0.0
2009,510706,QUERENCIA,AGUA BOA,1,1,0,2546572.0,municipal_soma_com_carry,13807.0,13807.0,7.242702976750923,0.0,0.0
2009,510718,RIBEIRAO CASCALHEIRA,AGUA BOA,1,1,0,2546572.0,municipal_soma_com_carry,8998.0,8998.0,11.113580795732386,0.0,0.0
2009,510724,SANTA CARMEM,SINOP,3,3,0,2546572.0,municipal_soma_com_carry,4346.0,4346.0,69.02899217671421,0.0,0.0
2009,510729,SAO JOSE DO POVO,RONDONOPOLIS,1,1,1,2546572.0,municipal_soma_com_carry,3429.0,3429.0,29.163021289005545,29.163021289005545,100.0
2009,510735,SAO JOSE DO XINGU,PORTO ALEGRE DO NORTE,1,1,0,2546572.0,municipal_soma_com_carry,4179.0,4179.0,23.929169657812874,0.0,0.0
2009,510760,RONDONOPOLIS,RONDONOPOLIS,22,22,2,2546572.0,municipal_soma_com_carry,200422.0,200422.0,10.976838869984332,0.9978944427258485,9.090909090909092
2009,510770,ROSARIO OESTE,DIAMANTINO,1,1,0,2546572.0,municipal_soma_com_carry,17682.0,17682.0,5.6554688383667004,0.0,0.0
2009,510787,SAPEZAL,TANGARA DA SERRA,10,10,0,2546572.0,municipal_soma_com_carry,17871.0,17871.0,55.95657769570813,0.0,0.0
2009,510790,SINOP,SINOP,25,25,1,2546572.0,municipal_soma_com_carry,115102.0,115102.0,21.71986585810846,0.8687946343243385,4.0
2009,510792,SORRISO,SINOP,8,8,1,2546572.0,municipal_soma_com_carry,66605.0,66605.0,12.01111027700623,1.5013887846257787,12.5
2009,510795,TANGARA DA SERRA,TANGARA DA SERRA,2,2,0,2546572.0,municipal_soma_com_carry,85616.0,85616.0,2.3360119603812373,0.0,0.0
2009,510840,VARZEA GRANDE,CUIABA,20,20,3,2546572.0,municipal_soma_com_carry,260491.0,260491.0,7.677808446357072,1.1516712669535607,15.0
2009,510850,VERA,SINOP,1,1,1,2546572.0,municipal_soma_com_carry,10675.0,10675.0,9.36768149882904,9.36768149882904,100.0
2009,510860,VILA RICA,PORTO ALEGRE DO NORTE,1,1,1,2546572.0,municipal_soma_com_carry,21368.0,21368.0,4.679895170348185,4.679895170348185,100.0
2010,510020,AGUA BOA,AGUA BOA,1,1,0,2546572.0,municipal_soma_com_carry,21037.0,21037.0,4.75352949565052,0.0,0.0
2010,510030,ALTO ARAGUAIA,RONDONOPOLIS,1,1,0,2546572.0,municipal_soma_com_carry,15782.0,15782.0,6.336332530731213,0.0,0.0
2010,510140,ARIPUANA,JUINA,1,1,0,2546572.0,municipal_soma_com_carry,19011.0,19011.0,5.260112566408922,0.0,0.0
2010,510170,BARRA DO BUGRES,TANGARA DA SERRA,2,2,0,2546572.0,municipal_soma_com_carry,31622.0,31622.0,6.324710644488015,0.0,0.0
2010,510180,BARRA DO GARCAS,BARRA DO GARCAS,5,5,0,2546572.0,municipal_soma_com_carry,57764.0,57764.0,8.655910255522471,0.0,0.0
2010,510250,CACERES,CACERES,12,12,2,2546572.0,municipal_soma_com_carry,89900.0,89900.0,13.348164627363738,2.224694104560623,16.666666666666664
2010,510263,CAMPO NOVO DO PARECIS,TANGARA DA SERRA,1,1,0,2546572.0,municipal_soma_com_carry,27862.0,27862.0,3.5891177948460267,0.0,0.0
2010,510267,CAMPO VERDE,RONDONOPOLIS,3,3,0,2546572.0,municipal_soma_com_carry,31631.0,31631.0,9.484366602383737,0.0,0.0
2010,510268,CAMPOS DE JULIO,PONTES E LACERDA,2,2,1,2546572.0,municipal_soma_com_carry,5214.0,5214.0,38.35826620636747,19.179133103183734,50.0
2010,510300,CHAPADA DOS GUIMARAES,CUIABA,1,1,0,2546572.0,municipal_soma_com_carry,18380.0,18380.0,5.4406964091403704,0.0,0.0
2010,510310,COCALINHO,AGUA BOA,1,1,0,2546572.0,municipal_soma_com_carry,5609.0,5609.0,17.828489926903192,0.0,0.0
2010,510320,COLIDER,COLIDER,2,2,1,2546572.0,municipal_soma_com_carry,31685.0,31685.0,6.312135079690706,3.156067539845353,50.0
2010,510325,COLNIZA,JUINA,1,1,0,2546572.0,municipal_soma_com_carry,26160.0,26160.0,3.82262996941896,0.0,0.0
2010,510336,CONQUISTA D OESTE,PONTES E LACERDA,1,1,0,2546572.0,municipal_soma_com_carry,3405.0,3405.0,29.368575624082233,0.0,0.0
2010,510340,CUIABA,CUIABA,34,34,2,2546572.0,municipal_soma_com_carry,571065.0,571065.0,5.953788097677147,0.3502228292751263,5.88235294117647
2010,510370,FELIZ NATAL,SINOP,2,2,0,2546572.0,municipal_soma_com_carry,10953.0,10953.0,18.25983748744636,0.0,0.0
2010,510410,GUARANTA DO NORTE,PEIXOTO DE AZEVEDO,3,3,1,2546572.0,municipal_soma_com_carry,32962.0,32962.0,9.101389478793763,3.033796492931254,33.33333333333333
2010,510460,ITIQUIRA,RONDONOPOLIS,1,1,0,2546572.0,municipal_soma_com_carry,11606.0,11606.0,8.616232982939858,0.0,0.0
2010,510480,JACIARA,RONDONOPOLIS,5,5,4,2546572.0,municipal_soma_com_carry,26511.0,26511.0,18.86009580928671,15.08807664742937,80.0
2010,510510,JUARA,JUARA,1,1,0,2546572.0,municipal_soma_com_carry,33818.0,33818.0,2.9570051451889525,0.0,0.0
2010,510520,JUSCIMEIRA,RONDONOPOLIS,2,2,0,2546572.0,municipal_soma_com_carry,11692.0,11692.0,17.105713308244955,0.0,0.0
2010,510558,MARCELANDIA,COLIDER,1,1,0,2546572.0,municipal_soma_com_carry,12355.0,12355.0,8.093889113719143,0.0,0.0
2010,510562,MIRASSOL D OESTE,CACERES,1,1,0,2546572.0,municipal_soma_com_carry,25874.0,25874.0,3.8648836670016236,0.0,0.0
2010,510590,NOBRES,DIAMANTINO,1,1,0,2546572.0,municipal_soma_com_carry,15253.0,15253.0,6.556087327083197,0.0,0.0
2010,510618,NOVA LACERDA,PONTES E LACERDA,1,1,1,2546572.0,municipal_soma_com_carry,5598.0,5598.0,17.86352268667381,17.86352268667381,100.0
2010,510622,NOVA MUTUM,SINOP,1,1,1,2546572.0,municipal_soma_com_carry,31510.0,31510.0,3.17359568390987,3.17359568390987,100.0
2010,510623,NOVA OLIMPIA,TANGARA DA SERRA,1,1,0,2546572.0,municipal_soma_com_carry,17598.0,17598.0,5.6824639163541315,0.0,0.0
2010,510624,NOVA UBIRATA,SINOP,1,1,0,2546572.0,municipal_soma_com_carry,9216.0,9216.0,10.850694444444445,0.0,0.0
2010,510625,NOVA XAVANTINA,BARRA DO GARCAS,1,1,0,2546572.0,municipal_soma_com_carry,20051.0,20051.0,4.987282429803999,0.0,0.0
2010,510626,NOVO MUNDO,PEIXOTO DE AZEVEDO,1,1,0,2546572.0,municipal_soma_com_carry,7296.0,7296.0,13.706140350877192,0.0,0.0
2010,510630,PARANATINGA,RONDONOPOLIS,3,3,0,2546572.0,municipal_soma_com_carry,19602.0,19602.0,15.304560759106213,0.0,0.0
2010,510637,PEDRA PRETA,RONDONOPOLIS,2,2,0,2546572.0,municipal_soma_com_carry,15879.0,15879.0,12.595251590150514,0.0,0.0
2010,510642,PEIXOTO DE AZEVEDO,PEIXOTO DE AZEVEDO,1,1,0,2546572.0,municipal_soma_com_carry,31763.0,31763.0,3.1483172244435353,0.0,0.0
2010,510645,PLANALTO DA SERRA,CUIABA,1,1,0,2546572.0,municipal_soma_com_carry,2788.0,2788.0,35.86800573888092,0.0,0.0
2010,510650,POCONE,CUIABA,1,1,0,2546572.0,municipal_soma_com_carry,32222.0,32222.0,3.1034696791012357,0.0,0.0
2010,510670,PONTE BRANCA,BARRA DO GARCAS,1,1,1,2546572.0,municipal_soma_com_carry,1810.0,1810.0,55.24861878453039,55.24861878453039,100.0
2010,510675,PONTES E LACERDA,PONTES E LACERDA,2,2,0,2546572.0,municipal_soma_com_carry,42433.0,42433.0,4.71331275186765,0.0,0.0
2010,510682,PORTO ESPERIDIAO,CACERES,1,1,0,2546572.0,municipal_soma_com_carry,11077.0,11077.0,9.027715085311907,0.0,0.0
2010,510685,PORTO ESTRELA,TANGARA DA SERRA,1,1,0,2546572.0,municipal_soma_com_carry,3710.0,3710.0,26.954177897574127,0.0,0.0
2010,510700,POXOREO,RONDONOPOLIS,2,2,1,2546572.0,municipal_soma_com_carry,18236.0,18236.0,10.967317394165388,5.483658697082694,50.0
2010,510704,PRIMAVERA DO LESTE,RONDONOPOLIS,5,5,1,2546572.0,municipal_soma_com_carry,53198.0,53198.0,9.398849580811309,1.8797699161622616,20.0
2010,510726,SANTO AFONSO,TANGARA DA SERRA,1,1,0,2546572.0,municipal_soma_com_carry,2951.0,2951.0,33.88681802778719,0.0,0.0
2010,510740,SAO PEDRO DA CIPA,RONDONOPOLIS,1,1,0,2546572.0,municipal_soma_com_carry,4179.0,4179.0,23.929169657812874,0.0,0.0
2010,510760,RONDONOPOLIS,RONDONOPOLIS,21,21,0,2546572.0,municipal_soma_com_carry,200422.0,200422.0,10.477891648621409,0.0,0.0
2010,510770,ROSARIO OESTE,DIAMANTINO,1,1,0,2546572.0,municipal_soma_com_carry,17682.0,17682.0,5.6554688383667004,0.0,0.0
2010,510774,SANTA CRUZ DO XINGU,PORTO ALEGRE DO NORTE,1,1,0,2546572.0,municipal_soma_com_carry,1876.0,1876.0,53.304904051172706,0.0,0.0
2010,510787,SAPEZAL,TANGARA DA SERRA,3,3,2,2546572.0,municipal_soma_com_carry,17871.0,17871.0,16.78697330871244,11.191315539141625,66.66666666666666
2010,510790,SINOP,SINOP,12,12,2,2546572.0,municipal_soma_com_carry,115102.0,115102.0,10.42553561189206,1.737589268648677,16.666666666666664
2010,510792,SORRISO,SINOP,5,5,0,2546572.0,municipal_soma_com_carry,66605.0,66605.0,7.506943923128894,0.0,0.0
2010,510795,TANGARA DA SERRA,TANGARA DA SERRA,3,3,0,2546572.0,municipal_soma_com_carry,85616.0,85616.0,3.5040179405718557,0.0,0.0
2010,510805,TERRA NOVA DO NORTE,PEIXOTO DE AZEVEDO,1,1,1,2546572.0,municipal_soma_com_carry,11433.0,11433.0,8.746610688358261,8.746610688358261,100.0
2010,510840,VARZEA GRANDE,CUIABA,17,17,1,2546572.0,municipal_soma_com_carry,260491.0,260491.0,6.52613717940351,0.38389042231785364,5.88235294117647
2011,510025,ALTA FLORESTA,ALTA FLORESTA,1,1,0,2513545.0,municipal_soma_com_carry,51138.0,51138.0,1.9554929797802025,0.0,0.0
2011,510030,ALTO ARAGUAIA,RONDONOPOLIS,1,1,0,2513545.0,municipal_soma_com_carry,15977.0,15977.0,6.258997308631157,0.0,0.0
2011,510060,ALTO TAQUARI,RONDONOPOLIS,1,1,0,2513545.0,municipal_soma_com_carry,8348.0,8348.0,11.978917105893627,0.0,0.0
2011,510120,ARAGUAINHA,RONDONOPOLIS,1,1,1,2513545.0,municipal_soma_com_carry,1083.0,1083.0,92.33610341643582,92.33610341643582,100.0
2011,510125,ARAPUTANGA,CACERES,2,2,0,2513545.0,municipal_soma_com_carry,15379.0,15379.0,13.004746732557383,0.0,0.0
2011,510170,BARRA DO BUGRES,TANGARA DA SERRA,2,2,0,2513545.0,municipal_soma_com_carry,31564.0,31564.0,6.336332530731213,0.0,0.0
2011,510180,BARRA DO GARCAS,BARRA DO GARCAS,1,1,0,2513545.0,municipal_soma_com_carry,58375.0,58375.0,1.7130620985010707,0.0,0.0
2011,510250,CACERES,CACERES,11,11,1,2513545.0,municipal_soma_com_carry,89914.0,89914.0,12.233912405187178,1.1121738550170162,9.090909090909092
2011,510263,CAMPO NOVO DO PARECIS,TANGARA DA SERRA,1,1,0,2513545.0,municipal_soma_com_carry,28980.0,28980.0,3.450655624568668,0.0,0.0
2011,510270,CANARANA,AGUA BOA,1,1,0,2513545.0,municipal_soma_com_carry,19398.0,19398.0,5.155170636148057,0.0,0.0
2011,510300,CHAPADA DOS GUIMARAES,CUIABA,1,1,0,2513545.0,municipal_soma_com_carry,18419.0,18419.0,5.42917639394104,0.0,0.0
2011,510335,CONFRESA,PORTO ALEGRE DO NORTE,1,1,0,2513545.0,municipal_soma_com_carry,26173.0,26173.0,3.8207312879685174,0.0,0.0
2011,510336,CONQUISTA D OESTE,PONTES E LACERDA,1,1,0,2513545.0,municipal_soma_com_carry,3436.0,3436.0,29.10360884749709,0.0,0.0
2011,510340,CUIABA,CUIABA,58,58,4,2513545.0,municipal_soma_com_carry,576533.0,576533.0,10.060135326165199,0.693802436287255,6.896551724137931
2011,510350,DIAMANTINO,DIAMANTINO,1,1,0,2513545.0,municipal_soma_com_carry,20728.0,20728.0,4.824392126592049,0.0,0.0
2011,510410,GUARANTA DO NORTE,PEIXOTO DE AZEVEDO,1,1,0,2513545.0,municipal_soma_com_carry,32886.0,32886.0,3.0408076385087877,0.0,0.0
2011,510450,INDIAVAI,CACERES,1,1,0,2513545.0,municipal_soma_com_carry,2435.0,2435.0,41.067761806981515,0.0,0.0
2011,510454,ITANHANGA,SINOP,1,1,0,2513545.0,municipal_soma_com_carry,5501.0,5501.0,18.17851299763679,0.0,0.0
2011,510455,ITAUBA,COLIDER,1,1,1,2513545.0,municipal_soma_com_carry,4696.0,4696.0,21.294718909710394,21.294718909710394,100.0
2011,510480,JACIARA,RONDONOPOLIS,4,4,0,2513545.0,municipal_soma_com_carry,26629.0,26629.0,15.021217469675916,0.0,0.0
2011,510510,JUARA,JUARA,6,6,0,2513545.0,municipal_soma_com_carry,33864.0,33864.0,17.71793054571226,0.0,0.0
2011,510520,JUSCIMEIRA,RONDONOPOLIS,1,1,0,2513545.0,municipal_soma_com_carry,11617.0,11617.0,8.608074373762589,0.0,0.0
2011,510525,LUCAS DO RIO VERDE,SINOP,3,3,2,2513545.0,municipal_soma_com_carry,48226.0,48226.0,6.220710819889686,4.147140546593124,66.66666666666666
2011,510558,MARCELANDIA,COLIDER,1,1,0,2513545.0,municipal_soma_com_carry,12205.0,12205.0,8.19336337566571,0.0,0.0
2011,510560,MATUPA,PEIXOTO DE AZEVEDO,1,1,0,2513545.0,municipal_soma_com_carry,14758.0,14758.0,6.775985905949315,0.0,0.0
2011,510590,NOBRES,DIAMANTINO,1,1,1,2513545.0,municipal_soma_com_carry,15231.0,15231.0,6.565557087518877,6.565557087518877,100.0
2011,510610,NOSSA SENHORA DO LIVRAMENTO,CUIABA,1,1,0,2513545.0,municipal_soma_com_carry,11668.0,11668.0,8.570449091532396,0.0,0.0
2011,510618,NOVA LACERDA,PONTES E LACERDA,1,1,1,2513545.0,municipal_soma_com_carry,5678.0,5678.0,17.611835153222966,17.611835153222966,100.0
2011,510622,NOVA MUTUM,SINOP,2,2,1,2513545.0,municipal_soma_com_carry,33343.0,33343.0,5.998260504453708,2.999130252226854,50.0
2011,510629,PARANAITA,ALTA FLORESTA,1,1,0,2513545.0,municipal_soma_com_carry,10974.0,10974.0,9.112447603426281,0.0,0.0
2011,510630,PARANATINGA,RONDONOPOLIS,2,2,0,2513545.0,municipal_soma_com_carry,20034.0,20034.0,9.98302885095338,0.0,0.0
2011,510637,PEDRA PRETA,RONDONOPOLIS,5,5,3,2513545.0,municipal_soma_com_carry,16033.0,16033.0,31.18567953595709,18.711407721574254,60.0
2011,510642,PEIXOTO DE AZEVEDO,PEIXOTO DE AZEVEDO,1,1,1,2513545.0,municipal_soma_com_carry,31887.0,31887.0,3.13607426223853,3.13607426223853,100.0
2011,510650,POCONE,CUIABA,2,2,0,2513545.0,municipal_soma_com_carry,32079.0,32079.0,6.234608310732879,0.0,0.0
2011,510675,PONTES E LACERDA,PONTES E LACERDA,3,3,1,2513545.0,municipal_soma_com_carry,43006.0,43006.0,6.975770822675906,2.3252569408919688,33.33333333333333
2011,510682,PORTO ESPERIDIAO,CACERES,3,3,0,2513545.0,municipal_soma_com_carry,11018.0,11018.0,27.22817208204756,0.0,0.0
2011,510700,POXOREO,RONDONOPOLIS,2,2,2,2513545.0,municipal_soma_com_carry,18345.0,18345.0,10.902153175252112,10.902153175252112,100.0
2011,510704,PRIMAVERA DO LESTE,RONDONOPOLIS,5,5,2,2513545.0,municipal_soma_com_carry,54843.0,54843.0,9.116933792826796,3.6467735171307187,40.0
2011,510706,QUERENCIA,AGUA BOA,1,1,1,2513545.0,municipal_soma_com_carry,13807.0,13807.0,7.242702976750923,7.242702976750923,100.0
2011,510715,RESERVA DO CABACAL,CACERES,1,1,1,2513545.0,municipal_soma_com_carry,2516.0,2516.0,39.7456279809221,39.7456279809221,100.0
2011,510730,SAO JOSE DO RIO CLARO,DIAMANTINO,1,1,1,2513545.0,municipal_soma_com_carry,16902.0,16902.0,5.916459590580996,5.916459590580996,100.0
2011,510760,RONDONOPOLIS,RONDONOPOLIS,22,22,1,2513545.0,municipal_soma_com_carry,204005.0,204005.0,10.784049410553664,0.49018406411607557,4.545454545454546
2011,510775,SALTO DO CEU,CACERES,1,1,0,2513545.0,municipal_soma_com_carry,3924.0,3924.0,25.484199796126404,0.0,0.0
2011,510780,SANTO ANTONIO DO LEVERGER,CUIABA,5,5,1,2513545.0,municipal_soma_com_carry,16272.0,16272.0,30.727630285152408,6.145526057030482,20.0
2011,510787,SAPEZAL,TANGARA DA SERRA,1,1,1,2513545.0,municipal_soma_com_carry,18801.0,18801.0,5.318866017765012,5.318866017765012,100.0
2011,510790,SINOP,SINOP,32,32,4,2513545.0,municipal_soma_com_carry,119910.0,119910.0,26.68668167792511,3.335835209740639,12.5
2011,510792,SORRISO,SINOP,8,8,1,2513545.0,municipal_soma_com_carry,69692.0,69692.0,11.479079377833898,1.4348849222292372,12.5
2011,510795,TANGARA DA SERRA,TANGARA DA SERRA,6,6,1,2513545.0,municipal_soma_com_carry,87385.0,87385.0,6.8661669622933,1.1443611603822166,16.666666666666664
2011,510800,TAPURAH,SINOP,2,2,0,2513545.0,municipal_soma_com_carry,10708.0,10708.0,18.67762420620097,0.0,0.0
2011,510805,TERRA NOVA DO NORTE,PEIXOTO DE AZEVEDO,1,1,0,2513545.0,municipal_soma_com_carry,11277.0,11277.0,8.86760663296976,0.0,0.0
2011,510810,TESOURO,RONDONOPOLIS,1,1,0,2513545.0,municipal_soma_com_carry,3428.0,3428.0,29.171528588098013,0.0,0.0
2011,510840,VARZEA GRANDE,CUIABA,17,17,0,2513545.0,municipal_soma_com_carry,263180.0,263180.0,6.459457405577931,0.0,0.0
2011,510850,VERA,SINOP,3,3,0,2513545.0,municipal_soma_com_carry,10794.0,10794.0,27.79321845469705,0.0,0.0
2012,510010,ACORIZAL,CUIABA,1,1,0,2484818.0,municipal_soma_com_carry,5418.0,5418.0,18.456995201181247,0.0,0.0
2012,510020,AGUA BOA,AGUA BOA,1,1,0,2484818.0,municipal_soma_com_carry,22258.0,22258.0,4.492766645700422,0.0,0.0
2012,510025,ALTA FLORESTA,ALTA FLORESTA,3,3,0,2484818.0,municipal_soma_com_carry,51797.0,51797.0,5.7918412263258485,0.0,0.0
2012,510030,ALTO ARAGUAIA,RONDONOPOLIS,2,2,1,2484818.0,municipal_soma_com_carry,16124.0,16124.0,12.403870007442322,6.201935003721161,50.0
2012,510080,APIACAS,ALTA FLORESTA,1,1,0,2484818.0,municipal_soma_com_carry,8715.0,8715.0,11.474469305794607,0.0,0.0
2012,510100,ARAGUAIANA,BARRA DO GARCAS,1,1,0,2484818.0,municipal_soma_com_carry,3323.0,3323.0,30.09328919650918,0.0,0.0
2012,510140,ARIPUANA,JUINA,1,1,0,2484818.0,municipal_soma_com_carry,19919.0,19919.0,5.020332346001306,0.0,0.0
2012,510170,BARRA DO BUGRES,TANGARA DA SERRA,2,2,1,2484818.0,municipal_soma_com_carry,31428.0,31428.0,6.363752068219422,3.181876034109711,50.0
2012,510180,BARRA DO GARCAS,BARRA DO GARCAS,3,3,1,2484818.0,municipal_soma_com_carry,59258.0,59258.0,5.0626075804110835,1.6875358601370278,33.33333333333333
2012,510250,CACERES,CACERES,13,13,0,2484818.0,municipal_soma_com_carry,89998.0,89998.0,14.444765439231984,0.0,0.0
2012,510260,CAMPINAPOLIS,BARRA DO GARCAS,1,1,1,2484818.0,municipal_soma_com_carry,14687.0,14687.0,6.808742425274052,6.808742425274052,100.0
2012,510263,CAMPO NOVO DO PARECIS,TANGARA DA SERRA,1,1,0,2484818.0,municipal_soma_com_carry,30212.0,30212.0,3.3099430689792135,0.0,0.0
2012,510270,CANARANA,AGUA BOA,2,2,0,2484818.0,municipal_soma_com_carry,19919.0,19919.0,10.040664692002611,0.0,0.0
2012,510279,CARLINDA,ALTA FLORESTA,2,2,0,2484818.0,municipal_soma_com_carry,11033.0,11033.0,18.127435874195594,0.0,0.0
2012,510320,COLIDER,COLIDER,1,1,0,2484818.0,municipal_soma_com_carry,31666.0,31666.0,3.1579612202362153,0.0,0.0
2012,510337,COTRIGUACU,JUINA,1,1,0,2484818.0,municipal_soma_com_carry,14233.0,14233.0,7.025925665706457,0.0,0.0
2012,510340,CUIABA,CUIABA,70,70,11,2484818.0,municipal_soma_com_carry,583297.0,583297.0,12.00074747512845,1.8858317460916139,15.714285714285714
2012,510370,FELIZ NATAL,SINOP,1,1,0,2484818.0,municipal_soma_com_carry,11052.0,11052.0,9.048136083966703,0.0,0.0
2012,510480,JACIARA,RONDONOPOLIS,3,3,0,2484818.0,municipal_soma_com_carry,26799.0,26799.0,11.194447554013209,0.0,0.0
2012,510517,JURUENA,JUINA,1,1,0,2484818.0,municipal_soma_com_carry,11210.0,11210.0,8.920606601248885,0.0,0.0
2012,510520,JUSCIMEIRA,RONDONOPOLIS,1,1,0,2484818.0,municipal_soma_com_carry,11584.0,11584.0,8.632596685082872,0.0,0.0
2012,510525,LUCAS DO RIO VERDE,SINOP,1,1,0,2484818.0,municipal_soma_com_carry,50902.0,50902.0,1.9645593493379434,0.0,0.0
2012,510550,VILA BELA DA S TRINDADE,PONTES E LACERDA,1,1,0,2484818.0,municipal_soma_com_carry,15076.0,15076.0,6.633059166887768,0.0,0.0
2012,510562,MIRASSOL D OESTE,CACERES,5,5,0,2484818.0,municipal_soma_com_carry,26071.0,26071.0,19.17839745310882,0.0,0.0
2012,510590,NOBRES,DIAMANTINO,1,1,0,2484818.0,municipal_soma_com_carry,15242.0,15242.0,6.5608187901850155,0.0,0.0
2012,510615,NOVA BANDEIRANTES,ALTA FLORESTA,1,1,1,2484818.0,municipal_soma_com_carry,12181.0,12181.0,8.20950660865282,8.20950660865282,100.0
2012,510626,NOVO MUNDO,PEIXOTO DE AZEVEDO,1,1,0,2484818.0,municipal_soma_com_carry,7246.0,7246.0,13.80071763731714,0.0,0.0
2012,510629,PARANAITA,ALTA FLORESTA,1,1,0,2484818.0,municipal_soma_com_carry,11037.0,11037.0,9.06043308870164,0.0,0.0
2012,510630,PARANATINGA,RONDONOPOLIS,1,1,0,2484818.0,municipal_soma_com_carry,20546.0,20546.0,4.867127421395892,0.0,0.0
2012,510637,PEDRA PRETA,RONDONOPOLIS,1,1,1,2484818.0,municipal_soma_com_carry,16208.0,16208.0,6.169792694965449,6.169792694965449,100.0
2012,510650,POCONE,CUIABA,1,1,0,2484818.0,municipal_soma_com_carry,31982.0,31982.0,3.1267588018260275,0.0,0.0
2012,510675,PONTES E LACERDA,PONTES E LACERDA,5,5,0,2484818.0,municipal_soma_com_carry,43771.0,43771.0,11.423088346165269,0.0,0.0
2012,510682,PORTO ESPERIDIAO,CACERES,2,2,0,2484818.0,municipal_soma_com_carry,10946.0,10946.0,18.27151470856934,0.0,0.0
2012,510704,PRIMAVERA DO LESTE,RONDONOPOLIS,9,9,0,2484818.0,municipal_soma_com_carry,56867.0,56867.0,15.826401955439888,0.0,0.0
2012,510710,SAO JOSE DOS QUATRO MARCOS,CACERES,1,1,0,2484818.0,municipal_soma_com_carry,18972.0,18972.0,5.270925574530888,0.0,0.0
2012,510724,SANTA CARMEM,SINOP,1,1,1,2484818.0,municipal_soma_com_carry,4346.0,4346.0,23.00966405890474,23.00966405890474,100.0
2012,510729,SAO JOSE DO POVO,RONDONOPOLIS,1,1,0,2484818.0,municipal_soma_com_carry,3429.0,3429.0,29.163021289005545,0.0,0.0
2012,510730,SAO JOSE DO RIO CLARO,DIAMANTINO,2,2,0,2484818.0,municipal_soma_com_carry,16742.0,16742.0,11.94600406164138,0.0,0.0
2012,510760,RONDONOPOLIS,RONDONOPOLIS,24,24,0,2484818.0,municipal_soma_com_carry,207766.0,207766.0,11.551456927504983,0.0,0.0
2012,510790,SINOP,SINOP,30,30,3,2484818.0,municipal_soma_com_carry,125568.0,125568.0,23.8914373088685,2.3891437308868504,10.0
2012,510792,SORRISO,SINOP,12,12,2,2484818.0,municipal_soma_com_carry,72896.0,72896.0,16.46180860403863,2.743634767339772,16.666666666666664
2012,510795,TANGARA DA SERRA,TANGARA DA SERRA,1,1,0,2484818.0,municipal_soma_com_carry,89101.0,89101.0,1.1223218594628568,0.0,0.0
2012,510800,TAPURAH,SINOP,2,2,0,2484818.0,municipal_soma_com_carry,11005.0,11005.0,18.173557473875512,0.0,0.0
2012,510810,TESOURO,RONDONOPOLIS,1,1,0,2484818.0,municipal_soma_com_carry,3390.0,3390.0,29.49852507374631,0.0,0.0
2012,510820,TORIXOREU,BARRA DO GARCAS,1,1,1,2484818.0,municipal_soma_com_carry,4130.0,4130.0,24.213075060532688,24.213075060532688,100.0
2012,510840,VARZEA GRANDE,CUIABA,27,27,3,2484818.0,municipal_soma_com_carry,266454.0,266454.0,10.133081132202932,1.1258979035781036,11.11111111111111
2012,510850,VERA,SINOP,1,1,0,2484818.0,municipal_soma_com_carry,10968.0,10968.0,9.11743253099927,0.0,0.0
2013,510030,ALTO ARAGUAIA,RONDONOPOLIS,1,1,1,2569358.0,municipal_soma_com_carry,16246.0,16246.0,6.155361319709468,6.155361319709468,100.0
2013,510040,ALTO GARCAS,RONDONOPOLIS,1,1,1,2569358.0,municipal_soma_com_carry,11032.0,11032.0,9.064539521392314,9.064539521392314,100.0
2013,510080,APIACAS,ALTA FLORESTA,1,1,0,2569358.0,municipal_soma_com_carry,8720.0,8720.0,11.46788990825688,0.0,0.0
2013,510100,ARAGUAIANA,BARRA DO GARCAS,1,1,0,2569358.0,municipal_soma_com_carry,3371.0,3371.0,29.66478789676654,0.0,0.0
2013,510125,ARAPUTANGA,CACERES,1,1,0,2569358.0,municipal_soma_com_carry,15259.0,15259.0,6.553509404285996,0.0,0.0
2013,510170,BARRA DO BUGRES,TANGARA DA SERRA,3,3,0,2569358.0,municipal_soma_com_carry,31264.0,31264.0,9.595701125895598,0.0,0.0
2013,510180,BARRA DO GARCAS,BARRA DO GARCAS,9,9,1,2569358.0,municipal_soma_com_carry,60267.0,60267.0,14.93354572153915,1.6592828579487946,11.11111111111111
2013,510190,BRASNORTE,JUINA,1,1,0,2569358.0,municipal_soma_com_carry,15879.0,15879.0,6.297625795075257,0.0,0.0
2013,510250,CACERES,CACERES,37,37,0,2569358.0,municipal_soma_com_carry,90110.0,90110.0,41.06092553545666,0.0,0.0
2013,510260,CAMPINAPOLIS,BARRA DO GARCAS,1,1,0,2569358.0,municipal_soma_com_carry,14785.0,14785.0,6.763611768684478,0.0,0.0
2013,510267,CAMPO VERDE,RONDONOPOLIS,2,2,0,2569358.0,municipal_soma_com_carry,34787.0,34787.0,5.74927415413804,0.0,0.0
2013,510270,CANARANA,AGUA BOA,1,1,1,2569358.0,municipal_soma_com_carry,20474.0,20474.0,4.884243430692585,4.884243430692585,100.0
2013,510300,CHAPADA DOS GUIMARAES,CUIABA,4,4,1,2569358.0,municipal_soma_com_carry,18512.0,18512.0,21.6076058772688,5.4019014693172,25.0
2013,510305,CLAUDIA,SINOP,2,2,0,2569358.0,municipal_soma_com_carry,10791.0,10791.0,18.533963488091928,0.0,0.0
2013,510340,CUIABA,CUIABA,59,59,7,2569358.0,municipal_soma_com_carry,590950.0,590950.0,9.983924189863778,1.1845333784584144,11.864406779661017
2013,510350,DIAMANTINO,DIAMANTINO,1,1,0,2569358.0,municipal_soma_com_carry,20928.0,20928.0,4.778287461773701,0.0,0.0
2013,510360,DOM AQUINO,RONDONOPOLIS,2,2,0,2569358.0,municipal_soma_com_carry,8151.0,8151.0,24.5368666421298,0.0,0.0
2013,510370,FELIZ NATAL,SINOP,1,1,1,2569358.0,municipal_soma_com_carry,11013.0,11013.0,9.08017797148824,9.08017797148824,100.0
2013,510410,GUARANTA DO NORTE,PEIXOTO DE AZEVEDO,3,3,0,2569358.0,municipal_soma_com_carry,32683.0,32683.0,9.179083927424044,0.0,0.0
2013,510420,GUIRATINGA,RONDONOPOLIS,1,1,0,2569358.0,municipal_soma_com_carry,13101.0,13101.0,7.633005114113426,0.0,0.0
2013,510454,ITANHANGA,SINOP,2,2,0,2569358.0,municipal_soma_com_carry,5853.0,5853.0,34.170510849137194,0.0,0.0
2013,510455,ITAUBA,COLIDER,2,2,0,2569358.0,municipal_soma_com_carry,4757.0,4757.0,42.04330460374186,0.0,0.0
2013,510460,ITIQUIRA,RONDONOPOLIS,3,3,0,2569358.0,municipal_soma_com_carry,11789.0,11789.0,25.4474510136568,0.0,0.0
2013,510480,JACIARA,RONDONOPOLIS,5,5,1,2569358.0,municipal_soma_com_carry,26996.0,26996.0,18.521262409245814,3.7042524818491627,20.0
2013,510500,JAURU,PONTES E LACERDA,1,1,0,2569358.0,municipal_soma_com_carry,9895.0,9895.0,10.106114199090449,0.0,0.0
2013,510525,LUCAS DO RIO VERDE,SINOP,1,1,1,2569358.0,municipal_soma_com_carry,53663.0,53663.0,1.8634813558690344,1.8634813558690344,100.0
2013,510558,MARCELANDIA,COLIDER,2,2,0,2569358.0,municipal_soma_com_carry,12075.0,12075.0,16.563146997929607,0.0,0.0
2013,510615,NOVA BANDEIRANTES,ALTA FLORESTA,1,1,0,2569358.0,municipal_soma_com_carry,12334.0,12334.0,8.107669855683477,0.0,0.0
2013,510618,NOVA LACERDA,PONTES E LACERDA,3,3,0,2569358.0,municipal_soma_com_carry,5856.0,5856.0,51.22950819672131,0.0,0.0
2013,510622,NOVA MUTUM,SINOP,2,2,2,2569358.0,municipal_soma_com_carry,36895.0,36895.0,5.420788724759452,5.420788724759452,100.0
2013,510625,NOVA XAVANTINA,BARRA DO GARCAS,1,1,0,2569358.0,municipal_soma_com_carry,20992.0,20992.0,4.763719512195122,0.0,0.0
2013,510627,NOVO HORIZONTE DO NORTE,JUARA,1,1,1,2569358.0,municipal_soma_com_carry,3694.0,3694.0,27.070925825663238,27.070925825663238,100.0
2013,510629,PARANAITA,ALTA FLORESTA,1,1,0,2569358.0,municipal_soma_com_carry,11118.0,11118.0,8.994423457456378,0.0,0.0
2013,510630,PARANATINGA,RONDONOPOLIS,2,2,0,2569358.0,municipal_soma_com_carry,21107.0,21107.0,9.47552944520775,0.0,0.0
2013,510637,PEDRA PRETA,RONDONOPOLIS,1,1,1,2569358.0,municipal_soma_com_carry,16395.0,16395.0,6.099420555047271,6.099420555047271,100.0
2013,510642,PEIXOTO DE AZEVEDO,PEIXOTO DE AZEVEDO,1,1,0,2569358.0,municipal_soma_com_carry,32179.0,32179.0,3.1076167687000837,0.0,0.0
2013,510650,POCONE,CUIABA,3,3,0,2569358.0,municipal_soma_com_carry,31893.0,31893.0,9.406452826639073,0.0,0.0
2013,510665,PONTAL DO ARAGUAIA,BARRA DO GARCAS,1,1,1,2569358.0,municipal_soma_com_carry,5800.0,5800.0,17.241379310344826,17.241379310344826,100.0
2013,510675,PONTES E LACERDA,PONTES E LACERDA,1,1,0,2569358.0,municipal_soma_com_carry,44617.0,44617.0,2.2412981598942108,0.0,0.0
2013,510685,PORTO ESTRELA,TANGARA DA SERRA,1,1,0,2569358.0,municipal_soma_com_carry,3542.0,3542.0,28.2326369282891,0.0,0.0
2013,510700,POXOREO,RONDONOPOLIS,1,1,0,2569358.0,municipal_soma_com_carry,19054.0,19054.0,5.24824183898394,0.0,0.0
2013,510704,PRIMAVERA DO LESTE,RONDONOPOLIS,7,7,1,2569358.0,municipal_soma_com_carry,59222.0,59222.0,11.819931782108,1.6885616831582857,14.285714285714285
2013,510710,SAO JOSE DOS QUATRO MARCOS,CACERES,1,1,0,2569358.0,municipal_soma_com_carry,18844.0,18844.0,5.306728932286139,0.0,0.0
2013,510724,SANTA CARMEM,SINOP,2,2,0,2569358.0,municipal_soma_com_carry,4454.0,4454.0,44.903457566232596,0.0,0.0
2013,510760,RONDONOPOLIS,RONDONOPOLIS,21,21,5,2569358.0,municipal_soma_com_carry,211686.0,211686.0,9.920353731470197,2.36198898368338,23.809523809523807
2013,510779,SANTO ANTONIO DO LESTE,RONDONOPOLIS,1,1,0,2569358.0,municipal_soma_com_carry,3803.0,3803.0,26.295030239284777,0.0,0.0
2013,510787,SAPEZAL,TANGARA DA SERRA,1,1,0,2569358.0,municipal_soma_com_carry,20486.0,20486.0,4.881382407497803,0.0,0.0
2013,510790,SINOP,SINOP,14,14,2,2569358.0,municipal_soma_com_carry,131794.0,131794.0,10.622638359864638,1.5175197656949482,14.285714285714285
2013,510792,SORRISO,SINOP,9,9,0,2569358.0,municipal_soma_com_carry,76209.0,76209.0,11.80962878400189,0.0,0.0
2013,510805,TERRA NOVA DO NORTE,PEIXOTO DE AZEVEDO,1,1,0,2569358.0,municipal_soma_com_carry,11118.0,11118.0,8.994423457456378,0.0,0.0
2013,510830,UNIAO DO SUL,SINOP,1,1,0,2569358.0,municipal_soma_com_carry,3815.0,3815.0,26.21231979030144,0.0,0.0
2013,510840,VARZEA GRANDE,CUIABA,18,18,3,2569358.0,municipal_soma_com_carry,270080.0,270080.0,6.664691943127962,1.110781990521327,16.666666666666664
2013,510850,VERA,SINOP,4,4,1,2569358.0,municipal_soma_com_carry,11163.0,11163.0,35.83266147093075,8.958165367732688,25.0
2013,510895,NOVA MONTE VERDE,ALTA FLORESTA,1,1,0,2569358.0,municipal_soma_com_carry,8283.0,8283.0,12.072920439454304,0.0,0.0
2014,510025,ALTA FLORESTA,ALTA FLORESTA,2,2,0,2651551.0,municipal_soma_com_carry,53417.0,53417.0,3.7441264017073213,0.0,0.0
2014,510030,ALTO ARAGUAIA,RONDONOPOLIS,1,1,0,2651551.0,municipal_soma_com_carry,16397.0,16397.0,6.098676587180582,0.0,0.0
2014,510060,ALTO TAQUARI,RONDONOPOLIS,1,1,0,2651551.0,municipal_soma_com_carry,9041.0,9041.0,11.060723371308484,0.0,0.0
2014,510120,ARAGUAINHA,RONDONOPOLIS,1,1,0,2651551.0,municipal_soma_com_carry,1060.0,1060.0,94.33962264150944,0.0,0.0
2014,510170,BARRA DO BUGRES,TANGARA DA SERRA,1,1,0,2651551.0,municipal_soma_com_carry,31123.0,31123.0,3.213057867172188,0.0,0.0
2014,510180,BARRA DO GARCAS,BARRA DO GARCAS,6,6,2,2651551.0,municipal_soma_com_carry,61330.0,61330.0,9.783140388064568,3.261046796021523,33.33333333333333
2014,510250,CACERES,CACERES,14,14,3,2651551.0,municipal_soma_com_carry,90277.0,90277.0,15.5078259135771,3.3231055529093787,21.428571428571427
2014,510260,CAMPINAPOLIS,BARRA DO GARCAS,3,3,0,2651551.0,municipal_soma_com_carry,14893.0,14893.0,20.143691667226214,0.0,0.0
2014,510263,CAMPO NOVO DO PARECIS,TANGARA DA SERRA,1,1,0,2651551.0,municipal_soma_com_carry,32971.0,32971.0,3.032968366139941,0.0,0.0
2014,510267,CAMPO VERDE,RONDONOPOLIS,10,10,1,2651551.0,municipal_soma_com_carry,35869.0,35869.0,27.87922718782235,2.787922718782235,10.0
2014,510269,CANABRAVA DO NORTE,PORTO ALEGRE DO NORTE,1,1,0,2651551.0,municipal_soma_com_carry,4710.0,4710.0,21.231422505307858,0.0,0.0
2014,510300,CHAPADA DOS GUIMARAES,CUIABA,1,1,0,2651551.0,municipal_soma_com_carry,18591.0,18591.0,5.3789468022161255,0.0,0.0
2014,510305,CLAUDIA,SINOP,1,1,0,2651551.0,municipal_soma_com_carry,10668.0,10668.0,9.373828271466067,0.0,0.0
2014,510320,COLIDER,COLIDER,2,2,0,2651551.0,municipal_soma_com_carry,31769.0,31769.0,6.295445245364979,0.0,0.0
2014,510325,COLNIZA,JUINA,1,1,0,2651551.0,municipal_soma_com_carry,27029.0,27029.0,3.699729919715861,0.0,0.0
2014,510330,COMODORO,PONTES E LACERDA,1,1,0,2651551.0,municipal_soma_com_carry,18374.0,18374.0,5.442473059758354,0.0,0.0
2014,510335,CONFRESA,PORTO ALEGRE DO NORTE,1,1,0,2651551.0,municipal_soma_com_carry,28580.0,28580.0,3.4989503149055285,0.0,0.0
2014,510340,CUIABA,CUIABA,38,38,3,2651551.0,municipal_soma_com_carry,599192.0,599192.0,6.341873723280685,0.500674241311633,7.894736842105263
2014,510343,CURVELANDIA,CACERES,2,2,0,2651551.0,municipal_soma_com_carry,4937.0,4937.0,40.5104314360948,0.0,0.0
2014,510360,DOM AQUINO,RONDONOPOLIS,1,1,0,2651551.0,municipal_soma_com_carry,8124.0,8124.0,12.309207287050715,0.0,0.0
2014,510370,FELIZ NATAL,SINOP,1,1,1,2651551.0,municipal_soma_com_carry,10972.0,10972.0,9.11410864017499,9.11410864017499,100.0
2014,510410,GUARANTA DO NORTE,PEIXOTO DE AZEVEDO,3,3,0,2651551.0,municipal_soma_com_carry,32598.0,32598.0,9.203018590097551,0.0,0.0
2014,510450,INDIAVAI,CACERES,1,1,0,2651551.0,municipal_soma_com_carry,2379.0,2379.0,42.034468263976464,0.0,0.0
2014,510452,IPIRANGA DO NORTE,SINOP,1,1,0,2651551.0,municipal_soma_com_carry,5955.0,5955.0,16.79261125104954,0.0,0.0
2014,510455,ITAUBA,COLIDER,1,1,0,2651551.0,municipal_soma_com_carry,4794.0,4794.0,20.859407592824365,0.0,0.0
2014,510480,JACIARA,RONDONOPOLIS,2,2,0,2651551.0,municipal_soma_com_carry,27210.0,27210.0,7.350238882763689,0.0,0.0
2014,510523,LAMBARI D OESTE,CACERES,2,2,0,2651551.0,municipal_soma_com_carry,5203.0,5203.0,38.439361906592346,0.0,0.0
2014,510525,LUCAS DO RIO VERDE,SINOP,1,1,0,2651551.0,municipal_soma_com_carry,56621.0,56621.0,1.7661291746878367,0.0,0.0
2014,510550,VILA BELA DA S TRINDADE,PONTES E LACERDA,1,1,0,2651551.0,municipal_soma_com_carry,15456.0,15456.0,6.469979296066253,0.0,0.0
2014,510558,MARCELANDIA,COLIDER,1,1,0,2651551.0,municipal_soma_com_carry,12027.0,12027.0,8.314625426124552,0.0,0.0
2014,510560,MATUPA,PEIXOTO DE AZEVEDO,1,1,0,2651551.0,municipal_soma_com_carry,16095.0,16095.0,6.213109661385524,0.0,0.0
2014,510562,MIRASSOL D OESTE,CACERES,1,1,0,2651551.0,municipal_soma_com_carry,26299.0,26299.0,3.8024259477546676,0.0,0.0
2014,510618,NOVA LACERDA,PONTES E LACERDA,2,2,0,2651551.0,municipal_soma_com_carry,5969.0,5969.0,33.50644999162339,0.0,0.0
2014,510622,NOVA MUTUM,SINOP,2,2,1,2651551.0,municipal_soma_com_carry,38780.0,38780.0,5.157297576070139,2.5786487880350695,50.0
2014,510624,NOVA UBIRATA,SINOP,3,3,0,2651551.0,municipal_soma_com_carry,10041.0,10041.0,29.877502240812667,0.0,0.0
2014,510630,PARANATINGA,RONDONOPOLIS,4,4,1,2651551.0,municipal_soma_com_carry,21683.0,21683.0,18.447631785269564,4.611907946317391,25.0
2014,510637,PEDRA PRETA,RONDONOPOLIS,1,1,0,2651551.0,municipal_soma_com_carry,16606.0,16606.0,6.021919788028423,0.0,0.0
2014,510650,POCONE,CUIABA,1,1,0,2651551.0,municipal_soma_com_carry,31830.0,31830.0,3.141690229343387,0.0,0.0
2014,510675,PONTES E LACERDA,PONTES E LACERDA,5,5,0,2651551.0,municipal_soma_com_carry,45496.0,45496.0,10.989977140847547,0.0,0.0
2014,510677,PORTO ALEGRE DO NORTE,PORTO ALEGRE DO NORTE,1,1,1,2651551.0,municipal_soma_com_carry,11321.0,11321.0,8.833141948591114,8.833141948591114,100.0
2014,510680,PORTO DOS GAUCHOS,JUARA,1,1,0,2651551.0,municipal_soma_com_carry,5596.0,5596.0,17.8699070764832,0.0,0.0
2014,510682,PORTO ESPERIDIAO,CACERES,2,2,0,2651551.0,municipal_soma_com_carry,10783.0,10783.0,18.54771399425021,0.0,0.0
2014,510700,POXOREO,RONDONOPOLIS,2,2,1,2651551.0,municipal_soma_com_carry,19497.0,19497.0,10.257988408473098,5.128994204236549,50.0
2014,510704,PRIMAVERA DO LESTE,RONDONOPOLIS,3,3,0,2651551.0,municipal_soma_com_carry,61767.0,61767.0,4.856962455680218,0.0,0.0
2014,510715,RESERVA DO CABACAL,CACERES,1,1,0,2651551.0,municipal_soma_com_carry,2388.0,2388.0,41.87604690117253,0.0,0.0
2014,510720,RIO BRANCO,CACERES,2,2,0,2651551.0,municipal_soma_com_carry,4852.0,4852.0,41.22011541632317,0.0,0.0
2014,510729,SAO JOSE DO POVO,RONDONOPOLIS,1,1,0,2651551.0,municipal_soma_com_carry,3294.0,3294.0,30.35822707953856,0.0,0.0
2014,510730,SAO JOSE DO RIO CLARO,DIAMANTINO,1,1,0,2651551.0,municipal_soma_com_carry,16322.0,16322.0,6.126700159294204,0.0,0.0
2014,510760,RONDONOPOLIS,RONDONOPOLIS,24,24,0,2651551.0,municipal_soma_com_carry,215836.0,215836.0,11.119553735243425,0.0,0.0
2014,510779,SANTO ANTONIO DO LESTE,RONDONOPOLIS,1,1,1,2651551.0,municipal_soma_com_carry,3829.0,3829.0,26.116479498563596,26.116479498563596,100.0
2014,510790,SINOP,SINOP,35,35,0,2651551.0,municipal_soma_com_carry,138349.0,138349.0,25.298339706105573,0.0,0.0
2014,510792,SORRISO,SINOP,10,10,0,2651551.0,municipal_soma_com_carry,79697.0,79697.0,12.547523746188691,0.0,0.0
2014,510795,TANGARA DA SERRA,TANGARA DA SERRA,1,1,0,2651551.0,municipal_soma_com_carry,92679.0,92679.0,1.0789930836543338,0.0,0.0
2014,510800,TAPURAH,SINOP,1,1,0,2651551.0,municipal_soma_com_carry,11620.0,11620.0,8.605851979345957,0.0,0.0
2014,510835,VALE DE SAO DOMINGOS,PONTES E LACERDA,1,1,0,2651551.0,municipal_soma_com_carry,3025.0,3025.0,33.057851239669425,0.0,0.0
2014,510840,VARZEA GRANDE,CUIABA,11,11,0,2651551.0,municipal_soma_com_carry,274026.0,274026.0,4.014217628984111,0.0,0.0
2015,510020,AGUA BOA,AGUA BOA,1,1,1,2683042.0,municipal_soma_com_carry,24327.0,24327.0,4.1106589386278625,4.1106589386278625,100.0
2015,510025,ALTA FLORESTA,ALTA FLORESTA,5,5,0,2683042.0,municipal_soma_com_carry,54253.0,54253.0,9.216080216762206,0.0,0.0
2015,510160,BARAO DE MELGACO,CUIABA,1,1,0,2683042.0,municipal_soma_com_carry,7728.0,7728.0,12.939958592132506,0.0,0.0
2015,510180,BARRA DO GARCAS,BARRA DO GARCAS,5,5,1,2683042.0,municipal_soma_com_carry,62441.0,62441.0,8.007559135824218,1.6015118271648439,20.0
2015,510250,CACERES,CACERES,19,19,2,2683042.0,municipal_soma_com_carry,90469.0,90469.0,21.00166908001636,2.2107020084227744,10.526315789473683
2015,510267,CAMPO VERDE,RONDONOPOLIS,3,3,0,2683042.0,municipal_soma_com_carry,37007.0,37007.0,8.106574431864242,0.0,0.0
2015,510270,CANARANA,AGUA BOA,2,2,0,2683042.0,municipal_soma_com_carry,21656.0,21656.0,9.235315847801994,0.0,0.0
2015,510300,CHAPADA DOS GUIMARAES,CUIABA,1,1,1,2683042.0,municipal_soma_com_carry,18690.0,18690.0,5.350454788657036,5.350454788657036,100.0
2015,510330,COMODORO,PONTES E LACERDA,1,1,0,2683042.0,municipal_soma_com_carry,18390.0,18390.0,5.43773790103317,0.0,0.0
2015,510337,COTRIGUACU,JUINA,1,1,0,2683042.0,municipal_soma_com_carry,13236.0,13236.0,7.555152614082805,0.0,0.0
2015,510340,CUIABA,CUIABA,40,40,7,2683042.0,municipal_soma_com_carry,607924.0,607924.0,6.579769839651009,1.1514597219389264,17.5
2015,510343,CURVELANDIA,CACERES,1,1,0,2683042.0,municipal_soma_com_carry,4948.0,4948.0,20.21018593371059,0.0,0.0
2015,510380,FIGUEIROPOLIS D OESTE,PONTES E LACERDA,1,1,0,2683042.0,municipal_soma_com_carry,3506.0,3506.0,28.522532800912717,0.0,0.0
2015,510390,GENERAL CARNEIRO,BARRA DO GARCAS,1,1,0,2683042.0,municipal_soma_com_carry,5648.0,5648.0,17.705382436260624,0.0,0.0
2015,510410,GUARANTA DO NORTE,PEIXOTO DE AZEVEDO,1,1,1,2683042.0,municipal_soma_com_carry,32521.0,32521.0,3.074936195073952,3.074936195073952,100.0
2015,510420,GUIRATINGA,RONDONOPOLIS,1,1,0,2683042.0,municipal_soma_com_carry,12579.0,12579.0,7.949757532395262,0.0,0.0
2015,510460,ITIQUIRA,RONDONOPOLIS,2,2,0,2683042.0,municipal_soma_com_carry,11918.0,11918.0,16.78133915086424,0.0,0.0
2015,510480,JACIARA,RONDONOPOLIS,3,3,0,2683042.0,municipal_soma_com_carry,27434.0,27434.0,10.935335714806444,0.0,0.0
2015,510500,JAURU,PONTES E LACERDA,2,2,0,2683042.0,municipal_soma_com_carry,9518.0,9518.0,21.01281781886951,0.0,0.0
2015,510510,JUARA,JUARA,1,1,0,2683042.0,municipal_soma_com_carry,34594.0,34594.0,2.890674683471122,0.0,0.0
2015,510515,JUINA,JUINA,2,2,0,2683042.0,municipal_soma_com_carry,43082.0,43082.0,4.642310013462699,0.0,0.0
2015,510523,LAMBARI D OESTE,CACERES,1,1,0,2683042.0,municipal_soma_com_carry,5131.0,5131.0,19.489378288832587,0.0,0.0
2015,510525,LUCAS DO RIO VERDE,SINOP,1,1,0,2683042.0,municipal_soma_com_carry,59756.0,59756.0,1.6734721199544815,0.0,0.0
2015,510550,VILA BELA DA S TRINDADE,PONTES E LACERDA,1,1,0,2683042.0,municipal_soma_com_carry,15669.0,15669.0,6.382028208564681,0.0,0.0
2015,510562,MIRASSOL D OESTE,CACERES,2,2,0,2683042.0,municipal_soma_com_carry,26423.0,26423.0,7.569163229005033,0.0,0.0
2015,510590,NOBRES,DIAMANTINO,1,1,0,2683042.0,municipal_soma_com_carry,15348.0,15348.0,6.515506906437321,0.0,0.0
2015,510618,NOVA LACERDA,PONTES E LACERDA,1,1,0,2683042.0,municipal_soma_com_carry,6069.0,6069.0,16.47717910693689,0.0,0.0
2015,510624,NOVA UBIRATA,SINOP,1,1,0,2683042.0,municipal_soma_com_carry,10234.0,10234.0,9.771350400625366,0.0,0.0
2015,510625,NOVA XAVANTINA,BARRA DO GARCAS,1,1,0,2683042.0,municipal_soma_com_carry,21795.0,21795.0,4.588208304657031,0.0,0.0
2015,510630,PARANATINGA,RONDONOPOLIS,2,2,1,2683042.0,municipal_soma_com_carry,22295.0,22295.0,8.970621215519174,4.485310607759587,50.0
2015,510637,PEDRA PRETA,RONDONOPOLIS,1,1,0,2683042.0,municipal_soma_com_carry,16830.0,16830.0,5.941770647653001,0.0,0.0
2015,510642,PEIXOTO DE AZEVEDO,PEIXOTO DE AZEVEDO,1,1,0,2683042.0,municipal_soma_com_carry,32536.0,32536.0,3.0735185640521268,0.0,0.0
2015,510675,PONTES E LACERDA,PONTES E LACERDA,6,6,0,2683042.0,municipal_soma_com_carry,46394.0,46394.0,12.932706815536491,0.0,0.0
2015,510704,PRIMAVERA DO LESTE,RONDONOPOLIS,1,1,0,2683042.0,municipal_soma_com_carry,64466.0,64466.0,1.5512052865076165,0.0,0.0
2015,510718,RIBEIRAO CASCALHEIRA,AGUA BOA,1,1,0,2683042.0,municipal_soma_com_carry,9504.0,9504.0,10.52188552188552,0.0,0.0
2015,510724,SANTA CARMEM,SINOP,2,2,0,2683042.0,municipal_soma_com_carry,4670.0,4670.0,42.82655246252676,0.0,0.0
2015,510726,SANTO AFONSO,TANGARA DA SERRA,1,1,0,2683042.0,municipal_soma_com_carry,2772.0,2772.0,36.075036075036074,0.0,0.0
2015,510760,RONDONOPOLIS,RONDONOPOLIS,15,15,0,2683042.0,municipal_soma_com_carry,220097.0,220097.0,6.815176944710741,0.0,0.0
2015,510780,SANTO ANTONIO DO LEVERGER,CUIABA,1,1,1,2683042.0,municipal_soma_com_carry,16421.0,16421.0,6.08976310821509,6.08976310821509,100.0
2015,510790,SINOP,SINOP,12,12,2,2683042.0,municipal_soma_com_carry,145232.0,145232.0,8.262641842018288,1.3771069736697146,16.666666666666664
2015,510792,SORRISO,SINOP,8,8,1,2683042.0,municipal_soma_com_carry,83328.0,83328.0,9.600614439324117,1.2000768049155146,12.5
2015,510800,TAPURAH,SINOP,1,1,0,2683042.0,municipal_soma_com_carry,11951.0,11951.0,8.367500627562547,0.0,0.0
2015,510840,VARZEA GRANDE,CUIABA,8,8,2,2683042.0,municipal_soma_com_carry,278157.0,278157.0,2.8760735843426555,0.7190183960856639,25.0
2015,510860,VILA RICA,PORTO ALEGRE DO NORTE,1,1,0,2683042.0,municipal_soma_com_carry,20936.0,20936.0,4.776461597248758,0.0,0.0
2015,510890,NOVA MARINGA,DIAMANTINO,1,1,0,2683042.0,municipal_soma_com_carry,6260.0,6260.0,15.97444089456869,0.0,0.0
2016,510020,AGUA BOA,AGUA BOA,2,2,1,2669959.0,municipal_soma_com_carry,25047.0,25047.0,7.9849882221423725,3.9924941110711862,50.0
2016,510025,ALTA FLORESTA,ALTA FLORESTA,1,1,0,2669959.0,municipal_soma_com_carry,55045.0,55045.0,1.816695431010991,0.0,0.0
2016,510125,ARAPUTANGA,CACERES,1,1,0,2669959.0,municipal_soma_com_carry,15112.0,15112.0,6.617257808364214,0.0,0.0
2016,510180,BARRA DO GARCAS,BARRA DO GARCAS,8,8,3,2669959.0,municipal_soma_com_carry,63515.0,63515.0,12.595449893725892,4.7232937101472094,37.5
2016,510185,BOM JESUS DO ARAGUAIA,AGUA BOA,1,1,0,2669959.0,municipal_soma_com_carry,6307.0,6307.0,15.855398763278897,0.0,0.0
2016,510250,CACERES,CACERES,25,25,5,2669959.0,municipal_soma_com_carry,90604.0,90604.0,27.592600768178002,5.518520153635601,20.0
2016,510263,CAMPO NOVO DO PARECIS,TANGARA DA SERRA,2,2,0,2669959.0,municipal_soma_com_carry,36010.0,36010.0,5.55401277422938,0.0,0.0
2016,510267,CAMPO VERDE,RONDONOPOLIS,2,2,0,2669959.0,municipal_soma_com_carry,38137.0,38137.0,5.244250989852374,0.0,0.0
2016,510268,CAMPOS DE JULIO,PONTES E LACERDA,2,2,0,2669959.0,municipal_soma_com_carry,6777.0,6777.0,29.511583296443856,0.0,0.0
2016,510305,CLAUDIA,SINOP,1,1,0,2669959.0,municipal_soma_com_carry,10424.0,10424.0,9.593246354566386,0.0,0.0
2016,510320,COLIDER,COLIDER,1,1,0,2669959.0,municipal_soma_com_carry,31877.0,31877.0,3.137058066944819,0.0,0.0
2016,510335,CONFRESA,PORTO ALEGRE DO NORTE,1,1,0,2669959.0,municipal_soma_com_carry,30293.0,30293.0,3.3010926616710132,0.0,0.0
2016,510337,COTRIGUACU,JUINA,1,1,0,2669959.0,municipal_soma_com_carry,12902.0,12902.0,7.750736319950395,0.0,0.0
2016,510340,CUIABA,CUIABA,44,44,2,2669959.0,municipal_soma_com_carry,616451.0,616451.0,7.1376313770275335,0.32443778986488786,4.545454545454546
2016,510370,FELIZ NATAL,SINOP,1,1,0,2669959.0,municipal_soma_com_carry,10904.0,10904.0,9.17094644167278,0.0,0.0
2016,510452,IPIRANGA DO NORTE,SINOP,1,1,0,2669959.0,municipal_soma_com_carry,6407.0,6407.0,15.607928827844546,0.0,0.0
2016,510480,JACIARA,RONDONOPOLIS,2,2,0,2669959.0,municipal_soma_com_carry,27648.0,27648.0,7.233796296296296,0.0,0.0
2016,510500,JAURU,PONTES E LACERDA,2,2,0,2669959.0,municipal_soma_com_carry,9340.0,9340.0,21.41327623126338,0.0,0.0
2016,510510,JUARA,JUARA,2,2,0,2669959.0,municipal_soma_com_carry,34758.0,34758.0,5.754071005236205,0.0,0.0
2016,510515,JUINA,JUINA,1,1,0,2669959.0,municipal_soma_com_carry,43633.0,43633.0,2.291843329589989,0.0,0.0
2016,510523,LAMBARI D OESTE,CACERES,1,1,0,2669959.0,municipal_soma_com_carry,5064.0,5064.0,19.747235387045812,0.0,0.0
2016,510525,LUCAS DO RIO VERDE,SINOP,1,1,0,2669959.0,municipal_soma_com_carry,62962.0,62962.0,1.5882595851465964,0.0,0.0
2016,510550,VILA BELA DA S TRINDADE,PONTES E LACERDA,3,3,0,2669959.0,municipal_soma_com_carry,15868.0,15868.0,18.90597428787497,0.0,0.0
2016,510558,MARCELANDIA,COLIDER,1,1,0,2669959.0,municipal_soma_com_carry,11929.0,11929.0,8.382932349735938,0.0,0.0
2016,510562,MIRASSOL D OESTE,CACERES,3,3,0,2669959.0,municipal_soma_com_carry,26538.0,26538.0,11.304544426859598,0.0,0.0
2016,510624,NOVA UBIRATA,SINOP,1,1,0,2669959.0,municipal_soma_com_carry,10422.0,10422.0,9.595087315294569,0.0,0.0
2016,510625,NOVA XAVANTINA,BARRA DO GARCAS,1,1,0,2669959.0,municipal_soma_com_carry,22188.0,22188.0,4.506940688660538,0.0,0.0
2016,510629,PARANAITA,ALTA FLORESTA,1,1,0,2669959.0,municipal_soma_com_carry,11372.0,11372.0,8.793527963418924,0.0,0.0
2016,510675,PONTES E LACERDA,PONTES E LACERDA,7,7,0,2669959.0,municipal_soma_com_carry,47281.0,47281.0,14.805101414944692,0.0,0.0
2016,510700,POXOREO,RONDONOPOLIS,1,1,0,2669959.0,municipal_soma_com_carry,20450.0,20450.0,4.88997555012225,0.0,0.0
2016,510704,PRIMAVERA DO LESTE,RONDONOPOLIS,1,1,0,2669959.0,municipal_soma_com_carry,67232.0,67232.0,1.487386958591147,0.0,0.0
2016,510706,QUERENCIA,AGUA BOA,1,1,0,2669959.0,municipal_soma_com_carry,18706.0,18706.0,5.345878327809259,0.0,0.0
2016,510710,SAO JOSE DOS QUATRO MARCOS,CACERES,2,2,0,2669959.0,municipal_soma_com_carry,18536.0,18536.0,10.789814415192058,0.0,0.0
2016,510760,RONDONOPOLIS,RONDONOPOLIS,23,23,0,2669959.0,municipal_soma_com_carry,224285.0,224285.0,10.254809728693404,0.0,0.0
2016,510780,SANTO ANTONIO DO LEVERGER,CUIABA,2,2,0,2669959.0,municipal_soma_com_carry,16464.0,16464.0,12.147716229348882,0.0,0.0
2016,510787,SAPEZAL,TANGARA DA SERRA,1,1,0,2669959.0,municipal_soma_com_carry,23232.0,23232.0,4.304407713498622,0.0,0.0
2016,510790,SINOP,SINOP,9,9,1,2669959.0,municipal_soma_com_carry,152220.0,152220.0,5.912495072920772,0.6569438969911969,11.11111111111111
2016,510792,SORRISO,SINOP,6,6,1,2669959.0,municipal_soma_com_carry,86998.0,86998.0,6.8967102692015905,1.1494517115335985,16.666666666666664
2016,510795,TANGARA DA SERRA,TANGARA DA SERRA,2,2,0,2669959.0,municipal_soma_com_carry,96485.0,96485.0,2.0728610664870186,0.0,0.0
2016,510800,TAPURAH,SINOP,1,1,0,2669959.0,municipal_soma_com_carry,12287.0,12287.0,8.13868316106454,0.0,0.0
2016,510840,VARZEA GRANDE,CUIABA,13,13,3,2669959.0,municipal_soma_com_carry,282167.0,282167.0,4.607200700294507,1.0632001616064246,23.076923076923077
2016,510895,NOVA MONTE VERDE,ALTA FLORESTA,1,1,0,2669959.0,municipal_soma_com_carry,8352.0,8352.0,11.973180076628353,0.0,0.0
2017,510025,ALTA FLORESTA,ALTA FLORESTA,3,3,1,2802506.0,municipal_soma_com_carry,55835.0,55835.0,5.372973941076386,1.7909913136921285,33.33333333333333
2017,510050,ALTO PARAGUAI,DIAMANTINO,2,2,0,2802506.0,municipal_soma_com_carry,8713.0,8713.0,22.95420635831516,0.0,0.0
2017,510125,ARAPUTANGA,CACERES,1,1,0,2802506.0,municipal_soma_com_carry,15069.0,15069.0,6.636140420731303,0.0,0.0
2017,510180,BARRA DO GARCAS,BARRA DO GARCAS,6,6,2,2802506.0,municipal_soma_com_carry,64610.0,64610.0,9.286488159727597,3.0954960532425324,33.33333333333333
2017,510250,CACERES,CACERES,19,19,2,2802506.0,municipal_soma_com_carry,90742.0,90742.0,20.938484935311102,2.2040510458222213,10.526315789473683
2017,510263,CAMPO NOVO DO PARECIS,TANGARA DA SERRA,1,1,0,2802506.0,municipal_soma_com_carry,37585.0,37585.0,2.6606358919781825,0.0,0.0
2017,510267,CAMPO VERDE,RONDONOPOLIS,3,3,0,2802506.0,municipal_soma_com_carry,39292.0,39292.0,7.635142013641453,0.0,0.0
2017,510268,CAMPOS DE JULIO,PONTES E LACERDA,1,1,0,2802506.0,municipal_soma_com_carry,7100.0,7100.0,14.084507042253522,0.0,0.0
2017,510270,CANARANA,AGUA BOA,2,2,0,2802506.0,municipal_soma_com_carry,22864.0,22864.0,8.74737578726382,0.0,0.0
2017,510305,CLAUDIA,SINOP,3,3,2,2802506.0,municipal_soma_com_carry,10311.0,10311.0,29.09514111143439,19.39676074095626,66.66666666666666
2017,510320,COLIDER,COLIDER,1,1,1,2802506.0,municipal_soma_com_carry,31922.0,31922.0,3.13263579976192,3.13263579976192,100.0
2017,510340,CUIABA,CUIABA,56,56,6,2802506.0,municipal_soma_com_carry,624976.0,624976.0,8.960344077212566,0.9600368654156319,10.714285714285714
2017,510370,FELIZ NATAL,SINOP,2,2,1,2802506.0,municipal_soma_com_carry,10850.0,10850.0,18.433179723502302,9.216589861751151,50.0
2017,510410,GUARANTA DO NORTE,PEIXOTO DE AZEVEDO,1,1,0,2802506.0,municipal_soma_com_carry,32293.0,32293.0,3.0966463320224196,0.0,0.0
2017,510452,IPIRANGA DO NORTE,SINOP,1,1,0,2802506.0,municipal_soma_com_carry,6636.0,6636.0,15.06931886678722,0.0,0.0
2017,510455,ITAUBA,COLIDER,1,1,0,2802506.0,municipal_soma_com_carry,4915.0,4915.0,20.34587995930824,0.0,0.0
2017,510480,JACIARA,RONDONOPOLIS,1,1,0,2802506.0,municipal_soma_com_carry,27869.0,27869.0,3.588216297678424,0.0,0.0
2017,510490,JANGADA,CUIABA,1,1,0,2802506.0,municipal_soma_com_carry,7639.0,7639.0,13.090718680455556,0.0,0.0
2017,510500,JAURU,PONTES E LACERDA,2,2,0,2802506.0,municipal_soma_com_carry,9170.0,9170.0,21.810250817884405,0.0,0.0
2017,510510,JUARA,JUARA,1,1,0,2802506.0,municipal_soma_com_carry,34929.0,34929.0,2.862950556843883,0.0,0.0
2017,510520,JUSCIMEIRA,RONDONOPOLIS,1,1,0,2802506.0,municipal_soma_com_carry,11571.0,11571.0,8.642295393656555,0.0,0.0
2017,510525,LUCAS DO RIO VERDE,SINOP,1,1,1,2802506.0,municipal_soma_com_carry,66244.0,66244.0,1.5095706780991485,1.5095706780991485,100.0
2017,510550,VILA BELA DA S TRINDADE,PONTES E LACERDA,2,2,0,2802506.0,municipal_soma_com_carry,16070.0,16070.0,12.445550715619165,0.0,0.0
2017,510560,MATUPA,PEIXOTO DE AZEVEDO,1,1,0,2802506.0,municipal_soma_com_carry,17584.0,17584.0,5.686988171064605,0.0,0.0
2017,510562,MIRASSOL D OESTE,CACERES,4,4,0,2802506.0,municipal_soma_com_carry,26662.0,26662.0,15.002625459455405,0.0,0.0
2017,510590,NOBRES,DIAMANTINO,2,2,1,2802506.0,municipal_soma_com_carry,15418.0,15418.0,12.971851083149565,6.485925541574782,50.0
2017,510610,NOSSA SENHORA DO LIVRAMENTO,CUIABA,1,1,1,2802506.0,municipal_soma_com_carry,11634.0,11634.0,8.5954959601169,8.5954959601169,100.0
2017,510618,NOVA LACERDA,PONTES E LACERDA,1,1,0,2802506.0,municipal_soma_com_carry,6291.0,6291.0,15.895724050230488,0.0,0.0
2017,510622,NOVA MUTUM,SINOP,2,2,1,2802506.0,municipal_soma_com_carry,44833.0,44833.0,4.4609997100350185,2.2304998550175092,50.0
2017,510624,NOVA UBIRATA,SINOP,1,1,0,2802506.0,municipal_soma_com_carry,10613.0,10613.0,9.42240648261566,0.0,0.0
2017,510625,NOVA XAVANTINA,BARRA DO GARCAS,4,4,1,2802506.0,municipal_soma_com_carry,22589.0,22589.0,17.707733852760192,4.426933463190048,25.0
2017,510626,NOVO MUNDO,PEIXOTO DE AZEVEDO,1,1,0,2802506.0,municipal_soma_com_carry,6869.0,6869.0,14.558159848595137,0.0,0.0
2017,510628,NOVO SAO JOAQUIM,BARRA DO GARCAS,1,1,0,2802506.0,municipal_soma_com_carry,6586.0,6586.0,15.18372304889159,0.0,0.0
2017,510630,PARANATINGA,RONDONOPOLIS,1,1,0,2802506.0,municipal_soma_com_carry,23518.0,23518.0,4.252062250191343,0.0,0.0
2017,510650,POCONE,CUIABA,2,2,1,2802506.0,municipal_soma_com_carry,31709.0,31709.0,6.307357532561733,3.1536787662808665,50.0
2017,510665,PONTAL DO ARAGUAIA,BARRA DO GARCAS,1,1,0,2802506.0,municipal_soma_com_carry,6313.0,6313.0,15.84032947885316,0.0,0.0
2017,510675,PONTES E LACERDA,PONTES E LACERDA,5,5,1,2802506.0,municipal_soma_com_carry,48156.0,48156.0,10.382922169615416,2.0765844339230837,20.0
2017,510682,PORTO ESPERIDIAO,CACERES,2,2,1,2802506.0,municipal_soma_com_carry,10555.0,10555.0,18.948365703458077,9.474182851729038,50.0
2017,510704,PRIMAVERA DO LESTE,RONDONOPOLIS,5,5,0,2802506.0,municipal_soma_com_carry,70095.0,70095.0,7.133176403452457,0.0,0.0
2017,510710,SAO JOSE DOS QUATRO MARCOS,CACERES,2,2,0,2802506.0,municipal_soma_com_carry,18439.0,18439.0,10.846575193882531,0.0,0.0
2017,510724,SANTA CARMEM,SINOP,1,1,0,2802506.0,municipal_soma_com_carry,4886.0,4886.0,20.46663937781416,0.0,0.0
2017,510760,RONDONOPOLIS,RONDONOPOLIS,10,10,1,2802506.0,municipal_soma_com_carry,228463.0,228463.0,4.377076375605678,0.4377076375605678,10.0
2017,510770,ROSARIO OESTE,DIAMANTINO,1,1,0,2802506.0,municipal_soma_com_carry,16321.0,16321.0,6.1270755468414935,0.0,0.0
2017,510780,SANTO ANTONIO DO LEVERGER,CUIABA,2,2,0,2802506.0,municipal_soma_com_carry,16506.0,16506.0,12.11680600993578,0.0,0.0
2017,510787,SAPEZAL,TANGARA DA SERRA,1,1,0,2802506.0,municipal_soma_com_carry,24171.0,24171.0,4.137189193661826,0.0,0.0
2017,510790,SINOP,SINOP,10,10,0,2802506.0,municipal_soma_com_carry,159348.0,159348.0,6.275572959811231,0.0,0.0
2017,510792,SORRISO,SINOP,8,8,1,2802506.0,municipal_soma_com_carry,90756.0,90756.0,8.814844197628807,1.1018555247036008,12.5
2017,510795,TANGARA DA SERRA,TANGARA DA SERRA,3,3,0,2802506.0,municipal_soma_com_carry,98389.0,98389.0,3.049121344865788,0.0,0.0
2017,510800,TAPURAH,SINOP,1,1,0,2802506.0,municipal_soma_com_carry,12627.0,12627.0,7.919537499010058,0.0,0.0
2017,510805,TERRA NOVA DO NORTE,PEIXOTO DE AZEVEDO,1,1,0,2802506.0,municipal_soma_com_carry,10932.0,10932.0,9.147457006952067,0.0,0.0
2017,510840,VARZEA GRANDE,CUIABA,17,17,1,2802506.0,municipal_soma_com_carry,286169.0,286169.0,5.940545621643155,0.3494438600966562,5.88235294117647
2017,510885,NOVA MARILANDIA,TANGARA DA SERRA,1,1,1,2802506.0,municipal_soma_com_carry,3321.0,3321.0,30.111412225233362,30.111412225233362,100.0
2018,510025,ALTA FLORESTA,ALTA FLORESTA,1,1,0,2793031.0,municipal_soma_com_carry,56676.0,56676.0,1.764415272778601,0.0,0.0
2018,510080,APIACAS,ALTA FLORESTA,1,1,0,2793031.0,municipal_soma_com_carry,8734.0,8734.0,11.44950767117014,0.0,0.0
2018,510170,BARRA DO BUGRES,TANGARA DA SERRA,1,1,0,2793031.0,municipal_soma_com_carry,30581.0,30581.0,3.2700042510055267,0.0,0.0
2018,510180,BARRA DO GARCAS,BARRA DO GARCAS,8,8,1,2793031.0,municipal_soma_com_carry,65789.0,65789.0,12.16008755263038,1.5200109440787974,12.5
2018,510250,CACERES,CACERES,9,9,2,2793031.0,municipal_soma_com_carry,90959.0,90959.0,9.894567882232653,2.1987928627183675,22.22222222222222
2018,510267,CAMPO VERDE,RONDONOPOLIS,4,4,1,2793031.0,municipal_soma_com_carry,40476.0,40476.0,9.882399446585632,2.470599861646408,25.0
2018,510300,CHAPADA DOS GUIMARAES,CUIABA,1,1,0,2793031.0,municipal_soma_com_carry,18976.0,18976.0,5.269814502529511,0.0,0.0
2018,510325,COLNIZA,JUINA,1,1,1,2793031.0,municipal_soma_com_carry,26853.0,26853.0,3.7239786988418424,3.7239786988418424,100.0
2018,510340,CUIABA,CUIABA,35,35,2,2793031.0,municipal_soma_com_carry,634079.0,634079.0,5.519816931328746,0.31541811036164263,5.714285714285714
2018,510350,DIAMANTINO,DIAMANTINO,2,2,0,2793031.0,municipal_soma_com_carry,21618.0,21618.0,9.251549634563789,0.0,0.0
2018,510480,JACIARA,RONDONOPOLIS,6,6,0,2793031.0,municipal_soma_com_carry,28130.0,28130.0,21.32954141485958,0.0,0.0
2018,510510,JUARA,JUARA,4,4,0,2793031.0,municipal_soma_com_carry,35134.0,35134.0,11.38498320714977,0.0,0.0
2018,510515,JUINA,JUINA,2,2,1,2793031.0,municipal_soma_com_carry,44764.0,44764.0,4.467875971763024,2.233937985881512,50.0
2018,510517,JURUENA,JUINA,1,1,0,2793031.0,municipal_soma_com_carry,10738.0,10738.0,9.312721177127957,0.0,0.0
2018,510525,LUCAS DO RIO VERDE,SINOP,3,3,0,2793031.0,municipal_soma_com_carry,69668.0,69668.0,4.306137681575472,0.0,0.0
2018,510590,NOBRES,DIAMANTINO,1,1,0,2793031.0,municipal_soma_com_carry,15490.0,15490.0,6.45577792123951,0.0,0.0
2018,510600,NORTELANDIA,DIAMANTINO,1,1,0,2793031.0,municipal_soma_com_carry,6121.0,6121.0,16.337199803953602,0.0,0.0
2018,510615,NOVA BANDEIRANTES,ALTA FLORESTA,1,1,1,2793031.0,municipal_soma_com_carry,13193.0,13193.0,7.579777154551656,7.579777154551656,100.0
2018,510620,NOVA BRASILANDIA,CUIABA,1,1,0,2793031.0,municipal_soma_com_carry,4141.0,4141.0,24.14875633904854,0.0,0.0
2018,510622,NOVA MUTUM,SINOP,1,1,0,2793031.0,municipal_soma_com_carry,46948.0,46948.0,2.1300161881230295,0.0,0.0
2018,510625,NOVA XAVANTINA,BARRA DO GARCAS,2,2,0,2793031.0,municipal_soma_com_carry,23021.0,23021.0,8.68771990791017,0.0,0.0
2018,510630,PARANATINGA,RONDONOPOLIS,2,2,0,2793031.0,municipal_soma_com_carry,24163.0,24163.0,8.277117907544593,0.0,0.0
2018,510637,PEDRA PRETA,RONDONOPOLIS,1,1,0,2793031.0,municipal_soma_com_carry,17478.0,17478.0,5.721478430026319,0.0,0.0
2018,510650,POCONE,CUIABA,2,2,0,2793031.0,municipal_soma_com_carry,31687.0,31687.0,6.311736674345947,0.0,0.0
2018,510665,PONTAL DO ARAGUAIA,BARRA DO GARCAS,1,1,0,2793031.0,municipal_soma_com_carry,6464.0,6464.0,15.470297029702971,0.0,0.0
2018,510675,PONTES E LACERDA,PONTES E LACERDA,2,2,0,2793031.0,municipal_soma_com_carry,49089.0,49089.0,4.0742325164497135,0.0,0.0
2018,510682,PORTO ESPERIDIAO,CACERES,1,1,0,2793031.0,municipal_soma_com_carry,10502.0,10502.0,9.521995810321844,0.0,0.0
2018,510700,POXOREO,RONDONOPOLIS,1,1,0,2793031.0,municipal_soma_com_carry,21475.0,21475.0,4.656577415599535,0.0,0.0
2018,510704,PRIMAVERA DO LESTE,RONDONOPOLIS,4,4,0,2793031.0,municipal_soma_com_carry,73140.0,73140.0,5.468963631391851,0.0,0.0
2018,510710,SAO JOSE DOS QUATRO MARCOS,CACERES,1,1,1,2793031.0,municipal_soma_com_carry,18376.0,18376.0,5.44188071397475,5.44188071397475,100.0
2018,510740,SAO PEDRO DA CIPA,RONDONOPOLIS,1,1,0,2793031.0,municipal_soma_com_carry,4217.0,4217.0,23.713540431586438,0.0,0.0
2018,510760,RONDONOPOLIS,RONDONOPOLIS,16,16,3,2793031.0,municipal_soma_com_carry,232912.0,232912.0,6.869547296833139,1.2880401181562136,18.75
2018,510787,SAPEZAL,TANGARA DA SERRA,1,1,0,2793031.0,municipal_soma_com_carry,25128.0,25128.0,3.9796243234638653,0.0,0.0
2018,510790,SINOP,SINOP,16,16,2,2793031.0,municipal_soma_com_carry,166776.0,166776.0,9.593706528517293,1.1992133160646616,12.5
2018,510792,SORRISO,SINOP,4,4,0,2793031.0,municipal_soma_com_carry,94696.0,94696.0,4.224043254202923,0.0,0.0
2018,510795,TANGARA DA SERRA,TANGARA DA SERRA,3,3,0,2793031.0,municipal_soma_com_carry,100413.0,100413.0,2.9876609602342326,0.0,0.0
2018,510805,TERRA NOVA DO NORTE,PEIXOTO DE AZEVEDO,1,1,0,2793031.0,municipal_soma_com_carry,10904.0,10904.0,9.17094644167278,0.0,0.0
2018,510840,VARZEA GRANDE,CUIABA,18,18,2,2793031.0,municipal_soma_com_carry,290472.0,290472.0,6.196810708088904,0.6885345231209893,11.11111111111111
2018,510850,VERA,SINOP,2,2,0,2793031.0,municipal_soma_com_carry,12197.0,12197.0,16.397474788882512,0.0,0.0
2019,510020,AGUA BOA,AGUA BOA,1,1,0,2763613.0,municipal_soma_com_carry,27307.0,27307.0,3.6620646720621086,0.0,0.0
2019,510025,ALTA FLORESTA,ALTA FLORESTA,1,1,0,2763613.0,municipal_soma_com_carry,57579.0,57579.0,1.7367442991368383,0.0,0.0
2019,510040,ALTO GARCAS,RONDONOPOLIS,1,1,0,2763613.0,municipal_soma_com_carry,12427.0,12427.0,8.04699444757383,0.0,0.0
2019,510050,ALTO PARAGUAI,DIAMANTINO,1,1,0,2763613.0,municipal_soma_com_carry,8417.0,8417.0,11.880717595342759,0.0,0.0
2019,510125,ARAPUTANGA,CACERES,1,1,1,2763613.0,municipal_soma_com_carry,15058.0,15058.0,6.640988179041042,6.640988179041042,100.0
2019,510130,ARENAPOLIS,TANGARA DA SERRA,1,1,1,2763613.0,municipal_soma_com_carry,10640.0,10640.0,9.398496240601505,9.398496240601505,100.0
2019,510170,BARRA DO BUGRES,TANGARA DA SERRA,2,2,0,2763613.0,municipal_soma_com_carry,30473.0,30473.0,6.5631870836478186,0.0,0.0
2019,510180,BARRA DO GARCAS,BARRA DO GARCAS,9,9,2,2763613.0,municipal_soma_com_carry,67040.0,67040.0,13.424821002386636,2.983293556085919,22.22222222222222
2019,510185,BOM JESUS DO ARAGUAIA,AGUA BOA,1,1,0,2763613.0,municipal_soma_com_carry,6833.0,6833.0,14.634860237084736,0.0,0.0
2019,510250,CACERES,CACERES,1,1,0,2763613.0,municipal_soma_com_carry,91267.0,91267.0,1.095686283103422,0.0,0.0
2019,510260,CAMPINAPOLIS,BARRA DO GARCAS,2,2,0,2763613.0,municipal_soma_com_carry,15342.0,15342.0,13.036110024768607,0.0,0.0
2019,510267,CAMPO VERDE,RONDONOPOLIS,4,4,1,2763613.0,municipal_soma_com_carry,41700.0,41700.0,9.592326139088728,2.398081534772182,25.0
2019,510300,CHAPADA DOS GUIMARAES,CUIABA,1,1,0,2763613.0,municipal_soma_com_carry,19111.0,19111.0,5.232588561561404,0.0,0.0
2019,510320,COLIDER,COLIDER,1,1,0,2763613.0,municipal_soma_com_carry,32109.0,32109.0,3.1143916036002364,0.0,0.0
2019,510340,CUIABA,CUIABA,36,36,5,2763613.0,municipal_soma_com_carry,643385.0,643385.0,5.59540555033145,0.7771396597682569,13.88888888888889
2019,510350,DIAMANTINO,DIAMANTINO,1,1,0,2763613.0,municipal_soma_com_carry,21799.0,21799.0,4.587366392953805,0.0,0.0
2019,510380,FIGUEIROPOLIS D OESTE,PONTES E LACERDA,1,1,0,2763613.0,municipal_soma_com_carry,3311.0,3311.0,30.202355783751134,0.0,0.0
2019,510410,GUARANTA DO NORTE,PEIXOTO DE AZEVEDO,8,8,0,2763613.0,municipal_soma_com_carry,32169.0,32169.0,24.868662376822407,0.0,0.0
2019,510420,GUIRATINGA,RONDONOPOLIS,2,2,0,2763613.0,municipal_soma_com_carry,11632.0,11632.0,17.1939477303989,0.0,0.0
2019,510452,IPIRANGA DO NORTE,SINOP,1,1,1,2763613.0,municipal_soma_com_carry,7134.0,7134.0,14.017381553125876,14.017381553125876,100.0
2019,510515,JUINA,JUINA,1,1,1,2763613.0,municipal_soma_com_carry,45387.0,45387.0,2.203274065260978,2.203274065260978,100.0
2019,510558,MARCELANDIA,COLIDER,1,1,0,2763613.0,municipal_soma_com_carry,11793.0,11793.0,8.479606546256255,0.0,0.0
2019,510560,MATUPA,PEIXOTO DE AZEVEDO,1,1,0,2763613.0,municipal_soma_com_carry,18669.0,18669.0,5.356473297980609,0.0,0.0
2019,510562,MIRASSOL D OESTE,CACERES,2,2,0,2763613.0,municipal_soma_com_carry,26974.0,26974.0,7.414547341884777,0.0,0.0
2019,510610,NOSSA SENHORA DO LIVRAMENTO,CUIABA,1,1,0,2763613.0,municipal_soma_com_carry,11707.0,11707.0,8.541898009737764,0.0,0.0
2019,510620,NOVA BRASILANDIA,CUIABA,1,1,1,2763613.0,municipal_soma_com_carry,4101.0,4101.0,24.384296513045598,24.384296513045598,100.0
2019,510622,NOVA MUTUM,SINOP,1,1,0,2763613.0,municipal_soma_com_carry,49151.0,49151.0,2.0345466012899025,0.0,0.0
2019,510623,NOVA OLIMPIA,TANGARA DA SERRA,1,1,0,2763613.0,municipal_soma_com_carry,16807.0,16807.0,5.94990182661986,0.0,0.0
2019,510650,POCONE,CUIABA,1,1,0,2763613.0,municipal_soma_com_carry,31692.0,31692.0,3.1553704404897136,0.0,0.0
2019,510665,PONTAL DO ARAGUAIA,BARRA DO GARCAS,1,1,0,2763613.0,municipal_soma_com_carry,6617.0,6617.0,15.11258878645912,0.0,0.0
2019,510675,PONTES E LACERDA,PONTES E LACERDA,2,2,0,2763613.0,municipal_soma_com_carry,50063.0,50063.0,3.9949663424085653,0.0,0.0
2019,510677,PORTO ALEGRE DO NORTE,PORTO ALEGRE DO NORTE,1,1,0,2763613.0,municipal_soma_com_carry,11944.0,11944.0,8.372404554588078,0.0,0.0
2019,510682,PORTO ESPERIDIAO,CACERES,1,1,0,2763613.0,municipal_soma_com_carry,10464.0,10464.0,9.556574923547402,0.0,0.0
2019,510704,PRIMAVERA DO LESTE,RONDONOPOLIS,4,4,1,2763613.0,municipal_soma_com_carry,76360.0,76360.0,5.238344683080147,1.3095861707700367,25.0
2019,510718,RIBEIRAO CASCALHEIRA,AGUA BOA,1,1,0,2763613.0,municipal_soma_com_carry,9937.0,9937.0,10.063399416322834,0.0,0.0
2019,510729,SAO JOSE DO POVO,RONDONOPOLIS,1,1,0,2763613.0,municipal_soma_com_carry,3015.0,3015.0,33.16749585406302,0.0,0.0
2019,510740,SAO PEDRO DA CIPA,RONDONOPOLIS,1,1,0,2763613.0,municipal_soma_com_carry,4227.0,4227.0,23.65744026496333,0.0,0.0
2019,510760,RONDONOPOLIS,RONDONOPOLIS,11,11,0,2763613.0,municipal_soma_com_carry,237587.0,237587.0,4.629882948141102,0.0,0.0
2019,510787,SAPEZAL,TANGARA DA SERRA,2,2,2,2763613.0,municipal_soma_com_carry,26121.0,26121.0,7.656674706175108,7.656674706175108,100.0
2019,510790,SINOP,SINOP,13,13,0,2763613.0,municipal_soma_com_carry,174532.0,174532.0,7.448490821167465,0.0,0.0
2019,510792,SORRISO,SINOP,3,3,0,2763613.0,municipal_soma_com_carry,98829.0,98829.0,3.0355462465470664,0.0,0.0
2019,510795,TANGARA DA SERRA,TANGARA DA SERRA,3,3,0,2763613.0,municipal_soma_com_carry,102550.0,102550.0,2.925402242808386,0.0,0.0
2019,510840,VARZEA GRANDE,CUIABA,12,12,2,2763613.0,municipal_soma_com_carry,295061.0,295061.0,4.0669556464595455,0.6778259410765909,16.666666666666664
2019,510860,VILA RICA,PORTO ALEGRE DO NORTE,1,1,0,2763613.0,municipal_soma_com_carry,20455.0,20455.0,4.888780249327793,0.0,0.0
2019,510880,NOVA GUARITA,COLIDER,1,1,0,2763613.0,municipal_soma_com_carry,4730.0,4730.0,21.14164904862579,0.0,0.0
2020,510020,AGUA BOA,AGUA BOA,1,1,0,2422855.0,municipal_soma_com_carry,28090.0,28090.0,3.5599857600569598,0.0,0.0
2020,510080,APIACAS,ALTA FLORESTA,1,1,0,2422855.0,municipal_soma_com_carry,8764.0,8764.0,11.41031492469192,0.0,0.0
2020,510180,BARRA DO GARCAS,BARRA DO GARCAS,2,2,0,2422855.0,municipal_soma_com_carry,68246.0,68246.0,2.930574685695865,0.0,0.0
2020,510267,CAMPO VERDE,RONDONOPOLIS,1,1,0,2422855.0,municipal_soma_com_carry,42925.0,42925.0,2.3296447291788,0.0,0.0
2020,510270,CANARANA,AGUA BOA,1,1,1,2422855.0,municipal_soma_com_carry,24856.0,24856.0,4.023173479240425,4.023173479240425,100.0
2020,510285,CASTANHEIRA,JUINA,1,1,0,2422855.0,municipal_soma_com_carry,7790.0,7790.0,12.836970474967908,0.0,0.0
2020,510340,CUIABA,CUIABA,19,19,2,2422855.0,municipal_soma_com_carry,652318.0,652318.0,2.912689823061758,0.306598928743343,10.526315789473683
2020,510385,GAUCHA DO NORTE,AGUA BOA,1,1,0,2422855.0,municipal_soma_com_carry,8299.0,8299.0,12.049644535486204,0.0,0.0
2020,510410,GUARANTA DO NORTE,PEIXOTO DE AZEVEDO,4,4,1,2422855.0,municipal_soma_com_carry,32076.0,32076.0,12.470382840753212,3.117595710188303,25.0
2020,510460,ITIQUIRA,RONDONOPOLIS,1,1,0,2422855.0,municipal_soma_com_carry,12294.0,12294.0,8.134049129656743,0.0,0.0
2020,510562,MIRASSOL D OESTE,CACERES,1,1,0,2422855.0,municipal_soma_com_carry,27129.0,27129.0,3.686092373474879,0.0,0.0
2020,510630,PARANATINGA,RONDONOPOLIS,1,1,0,2422855.0,municipal_soma_com_carry,25519.0,25519.0,3.918648849876562,0.0,0.0
2020,510642,PEIXOTO DE AZEVEDO,PEIXOTO DE AZEVEDO,1,1,0,2422855.0,municipal_soma_com_carry,33336.0,33336.0,2.999760019198464,0.0,0.0
2020,510675,PONTES E LACERDA,PONTES E LACERDA,2,2,0,2422855.0,municipal_soma_com_carry,51026.0,51026.0,3.9195704150825073,0.0,0.0
2020,510704,PRIMAVERA DO LESTE,RONDONOPOLIS,3,3,0,2422855.0,municipal_soma_com_carry,79654.0,79654.0,3.766289200793431,0.0,0.0
2020,510710,SAO JOSE DOS QUATRO MARCOS,CACERES,1,1,0,2422855.0,municipal_soma_com_carry,18258.0,18258.0,5.477051155657794,0.0,0.0
2020,510730,SAO JOSE DO RIO CLARO,DIAMANTINO,1,1,0,2422855.0,municipal_soma_com_carry,15276.0,15276.0,6.546216286986122,0.0,0.0
2020,510760,RONDONOPOLIS,RONDONOPOLIS,6,6,0,2422855.0,municipal_soma_com_carry,242132.0,242132.0,2.477987213585978,0.0,0.0
2020,510780,SANTO ANTONIO DO LEVERGER,CUIABA,1,1,0,2422855.0,municipal_soma_com_carry,16724.0,16724.0,5.97943075819182,0.0,0.0
2020,510787,SAPEZAL,TANGARA DA SERRA,1,1,0,2422855.0,municipal_soma_com_carry,27117.0,27117.0,3.6877235682413247,0.0,0.0
2020,510792,SORRISO,SINOP,3,3,1,2422855.0,municipal_soma_com_carry,103010.0,103010.0,2.912338607902145,0.9707795359673819,33.33333333333333
2020,510800,TAPURAH,SINOP,2,2,2,2422855.0,municipal_soma_com_carry,13750.0,13750.0,14.545454545454545,14.545454545454545,100.0
2020,510840,VARZEA GRANDE,CUIABA,4,4,1,2422855.0,municipal_soma_com_carry,299504.0,299504.0,1.335541428495112,0.333885357123778,25.0
2020,510860,VILA RICA,PORTO ALEGRE DO NORTE,1,1,0,2422855.0,municipal_soma_com_carry,20336.0,20336.0,4.917387883556255,0.0,0.0
2021,510025,ALTA FLORESTA,ALTA FLORESTA,1,1,1,2378753.0,municipal_soma_com_carry,59153.0,59153.0,1.6905313339982757,1.6905313339982757,100.0
2021,510160,BARAO DE MELGACO,CUIABA,1,1,0,2378753.0,municipal_soma_com_carry,7418.0,7418.0,13.480722566729577,0.0,0.0
2021,510180,BARRA DO GARCAS,BARRA DO GARCAS,3,3,0,2378753.0,municipal_soma_com_carry,69333.0,69333.0,4.3269438795378825,0.0,0.0
2021,510250,CACERES,CACERES,4,4,3,2378753.0,municipal_soma_com_carry,91523.0,91523.0,4.370486107317286,3.277864580487965,75.0
2021,510263,CAMPO NOVO DO PARECIS,TANGARA DA SERRA,1,1,0,2378753.0,municipal_soma_com_carry,44367.0,44367.0,2.25392746861406,0.0,0.0
2021,510320,COLIDER,COLIDER,1,1,1,2378753.0,municipal_soma_com_carry,32171.0,32171.0,3.108389543377576,3.108389543377576,100.0
2021,510340,CUIABA,CUIABA,11,11,3,2378753.0,municipal_soma_com_carry,660347.0,660347.0,1.665790864500028,0.45430659940909857,27.27272727272727
2021,510343,CURVELANDIA,CACERES,1,1,1,2378753.0,municipal_soma_com_carry,4997.0,4997.0,20.012007204322593,20.012007204322593,100.0
2021,510410,GUARANTA DO NORTE,PEIXOTO DE AZEVEDO,1,1,0,2378753.0,municipal_soma_com_carry,31929.0,31929.0,3.131949011870087,0.0,0.0
2021,510480,JACIARA,RONDONOPOLIS,2,2,0,2378753.0,municipal_soma_com_carry,28932.0,28932.0,6.912760956726116,0.0,0.0
2021,510515,JUINA,JUINA,1,1,1,2378753.0,municipal_soma_com_carry,46475.0,46475.0,2.1516944593867673,2.1516944593867673,100.0
2021,510525,LUCAS DO RIO VERDE,SINOP,1,1,0,2378753.0,municipal_soma_com_carry,80500.0,80500.0,1.2422360248447204,0.0,0.0
2021,510622,NOVA MUTUM,SINOP,1,1,0,2378753.0,municipal_soma_com_carry,53662.0,53662.0,1.863516082143789,0.0,0.0
2021,510637,PEDRA PRETA,RONDONOPOLIS,1,1,0,2378753.0,municipal_soma_com_carry,18157.0,18157.0,5.507517761744782,0.0,0.0
2021,510682,PORTO ESPERIDIAO,CACERES,1,1,0,2378753.0,municipal_soma_com_carry,10363.0,10363.0,9.649715333397666,0.0,0.0
2021,510700,POXOREO,RONDONOPOLIS,1,1,0,2378753.0,municipal_soma_com_carry,23114.0,23114.0,4.326382279138184,0.0,0.0
2021,510704,PRIMAVERA DO LESTE,RONDONOPOLIS,2,2,0,2378753.0,municipal_soma_com_carry,82905.0,82905.0,2.4123997346360295,0.0,0.0
2021,510760,RONDONOPOLIS,RONDONOPOLIS,14,14,4,2378753.0,municipal_soma_com_carry,246280.0,246280.0,5.684586649342212,1.624167614097775,28.57142857142857
2021,510790,SINOP,SINOP,4,4,1,2378753.0,municipal_soma_com_carry,190216.0,190216.0,2.102872523867603,0.5257181309669008,25.0
2021,510840,VARZEA GRANDE,CUIABA,2,2,1,2378753.0,municipal_soma_com_carry,303405.0,303405.0,0.6591849178490796,0.3295924589245398,50.0
2022,510010,ACORIZAL,CUIABA,1,1,0,2733835.0,municipal_soma_com_carry,5066.0,5066.0,19.739439399921043,0.0,0.0
2022,510025,ALTA FLORESTA,ALTA FLORESTA,3,3,0,2733835.0,municipal_soma_com_carry,59853.0,59853.0,5.012280086211217,0.0,0.0
2022,510050,ALTO PARAGUAI,DIAMANTINO,2,2,2,2733835.0,municipal_soma_com_carry,7988.0,7988.0,25.03755633450175,25.03755633450175,100.0
2022,510140,ARIPUANA,JUINA,2,2,1,2733835.0,municipal_soma_com_carry,24986.0,24986.0,8.004482510205715,4.002241255102858,50.0
2022,510180,BARRA DO GARCAS,BARRA DO GARCAS,1,1,0,2733835.0,municipal_soma_com_carry,70400.0,70400.0,1.4204545454545454,0.0,0.0
2022,510250,CACERES,CACERES,6,6,0,2733835.0,municipal_soma_com_carry,91537.0,91537.0,6.554726504036619,0.0,0.0
2022,510260,CAMPINAPOLIS,BARRA DO GARCAS,1,1,1,2733835.0,municipal_soma_com_carry,15514.0,15514.0,6.445790898543251,6.445790898543251,100.0
2022,510285,CASTANHEIRA,JUINA,2,2,0,2733835.0,municipal_soma_com_carry,7626.0,7626.0,26.226068712300027,0.0,0.0
2022,510325,COLNIZA,JUINA,2,2,0,2733835.0,municipal_soma_com_carry,26403.0,26403.0,7.574896792031209,0.0,0.0
2022,510330,COMODORO,PONTES E LACERDA,1,1,0,2733835.0,municipal_soma_com_carry,18460.0,18460.0,5.417118093174431,0.0,0.0
2022,510340,CUIABA,CUIABA,36,36,6,2733835.0,municipal_soma_com_carry,667985.0,667985.0,5.389342575057824,0.8982237625096373,16.666666666666664
2022,510510,JUARA,JUARA,1,1,0,2733835.0,municipal_soma_com_carry,35766.0,35766.0,2.795951462282615,0.0,0.0
2022,510562,MIRASSOL D OESTE,CACERES,1,1,0,2733835.0,municipal_soma_com_carry,27316.0,27316.0,3.660858105139845,0.0,0.0
2022,510590,NOBRES,DIAMANTINO,1,1,0,2733835.0,municipal_soma_com_carry,15682.0,15682.0,6.376737661012626,0.0,0.0
2022,510615,NOVA BANDEIRANTES,ALTA FLORESTA,1,1,1,2733835.0,municipal_soma_com_carry,13888.0,13888.0,7.200460829493087,7.200460829493087,100.0
2022,510622,NOVA MUTUM,SINOP,2,2,0,2733835.0,municipal_soma_com_carry,56016.0,56016.0,3.570408454727221,0.0,0.0
2022,510642,PEIXOTO DE AZEVEDO,PEIXOTO DE AZEVEDO,2,2,0,2733835.0,municipal_soma_com_carry,33496.0,33496.0,5.970862192500597,0.0,0.0
2022,510700,POXOREO,RONDONOPOLIS,2,2,0,2733835.0,municipal_soma_com_carry,23611.0,23611.0,8.470628097073398,0.0,0.0
2022,510704,PRIMAVERA DO LESTE,RONDONOPOLIS,2,2,0,2733835.0,municipal_soma_com_carry,86185.0,86185.0,2.3205894297151475,0.0,0.0
2022,510720,RIO BRANCO,CACERES,1,1,0,2733835.0,municipal_soma_com_carry,4543.0,4543.0,22.01188641866608,0.0,0.0
2022,510740,SAO PEDRO DA CIPA,RONDONOPOLIS,1,1,0,2733835.0,municipal_soma_com_carry,4236.0,4236.0,23.607176581680832,0.0,0.0
2022,510760,RONDONOPOLIS,RONDONOPOLIS,7,7,0,2733835.0,municipal_soma_com_carry,250385.0,250385.0,2.795694630269385,0.0,0.0
2022,510780,SANTO ANTONIO DO LEVERGER,CUIABA,1,1,1,2733835.0,municipal_soma_com_carry,16777.0,16777.0,5.9605412171425165,5.9605412171425165,100.0
2022,510790,SINOP,SINOP,7,7,1,2733835.0,municipal_soma_com_carry,198321.0,198321.0,3.5296312543805244,0.5042330363400749,14.285714285714285
2022,510792,SORRISO,SINOP,2,2,0,2733835.0,municipal_soma_com_carry,111501.0,111501.0,1.793705886045865,0.0,0.0
2022,510840,VARZEA GRANDE,CUIABA,6,6,0,2733835.0,municipal_soma_com_carry,307135.0,307135.0,1.9535383463297897,0.0,0.0
2022,510895,NOVA MONTE VERDE,ALTA FLORESTA,1,1,0,2733835.0,municipal_soma_com_carry,8451.0,8451.0,11.832919181161992,0.0,0.0
2023,510025,ALTA FLORESTA,ALTA FLORESTA,1,1,0,3033056.0,municipal_soma_com_carry,60595.0,60595.0,1.6503011799653435,0.0,0.0
2023,510030,ALTO ARAGUAIA,RONDONOPOLIS,2,2,0,3033056.0,municipal_soma_com_carry,17567.0,17567.0,11.38498320714977,0.0,0.0
2023,510050,ALTO PARAGUAI,DIAMANTINO,1,1,0,3033056.0,municipal_soma_com_carry,7854.0,7854.0,12.732365673542143,0.0,0.0
2023,510140,ARIPUANA,JUINA,1,1,0,3033056.0,municipal_soma_com_carry,25493.0,25493.0,3.922645432079394,0.0,0.0
2023,510170,BARRA DO BUGRES,TANGARA DA SERRA,2,2,0,3033056.0,municipal_soma_com_carry,29765.0,29765.0,6.719301192675962,0.0,0.0
2023,510180,BARRA DO GARCAS,BARRA DO GARCAS,3,3,1,3033056.0,municipal_soma_com_carry,71550.0,71550.0,4.192872117400419,1.397624039133473,33.33333333333333
2023,510250,CACERES,CACERES,10,10,0,3033056.0,municipal_soma_com_carry,91623.0,91623.0,10.914290080001745,0.0,0.0
2023,510267,CAMPO VERDE,RONDONOPOLIS,1,1,0,3033056.0,municipal_soma_com_carry,46557.0,46557.0,2.1479047189466676,0.0,0.0
2023,510270,CANARANA,AGUA BOA,1,1,1,3033056.0,municipal_soma_com_carry,26904.0,26904.0,3.716919417187035,3.716919417187035,100.0
2023,510305,CLAUDIA,SINOP,2,2,1,3033056.0,municipal_soma_com_carry,9576.0,9576.0,20.885547201336674,10.442773600668337,50.0
2023,510340,CUIABA,CUIABA,26,26,3,3033056.0,municipal_soma_com_carry,676124.0,676124.0,3.8454484680324907,0.44370559246528746,11.538461538461538
2023,510343,CURVELANDIA,CACERES,1,1,0,3033056.0,municipal_soma_com_carry,4970.0,4970.0,20.120724346076457,0.0,0.0
2023,510350,DIAMANTINO,DIAMANTINO,1,1,0,3033056.0,municipal_soma_com_carry,22368.0,22368.0,4.470672389127325,0.0,0.0
2023,510360,DOM AQUINO,RONDONOPOLIS,1,1,0,3033056.0,municipal_soma_com_carry,7953.0,7953.0,12.57387149503332,0.0,0.0
2023,510385,GAUCHA DO NORTE,AGUA BOA,1,1,0,3033056.0,municipal_soma_com_carry,8938.0,8938.0,11.188185276348175,0.0,0.0
2023,510460,ITIQUIRA,RONDONOPOLIS,1,1,0,3033056.0,municipal_soma_com_carry,12472.0,12472.0,8.017960230917254,0.0,0.0
2023,510480,JACIARA,RONDONOPOLIS,1,1,0,3033056.0,municipal_soma_com_carry,29369.0,29369.0,3.404950798460962,0.0,0.0
2023,510510,JUARA,JUARA,1,1,0,3033056.0,municipal_soma_com_carry,35862.0,35862.0,2.788466900897886,0.0,0.0
2023,510560,MATUPA,PEIXOTO DE AZEVEDO,1,1,0,3033056.0,municipal_soma_com_carry,20853.0,20853.0,4.795473073418693,0.0,0.0
2023,510562,MIRASSOL D OESTE,CACERES,1,1,0,3033056.0,municipal_soma_com_carry,27434.0,27434.0,3.645111904935481,0.0,0.0
2023,510615,NOVA BANDEIRANTES,ALTA FLORESTA,1,1,0,3033056.0,municipal_soma_com_carry,14036.0,14036.0,7.124536905101169,0.0,0.0
2023,510617,NOVA NAZARE,AGUA BOA,1,1,0,3033056.0,municipal_soma_com_carry,4338.0,4338.0,23.05209774089442,0.0,0.0
2023,510622,NOVA MUTUM,SINOP,3,3,0,3033056.0,municipal_soma_com_carry,58541.0,58541.0,5.124613518730462,0.0,0.0
2023,510625,NOVA XAVANTINA,BARRA DO GARCAS,1,1,0,3033056.0,municipal_soma_com_carry,25084.0,25084.0,3.9866050071758887,0.0,0.0
2023,510665,PONTAL DO ARAGUAIA,BARRA DO GARCAS,1,1,0,3033056.0,municipal_soma_com_carry,7169.0,7169.0,13.948946854512483,0.0,0.0
2023,510675,PONTES E LACERDA,PONTES E LACERDA,4,4,0,3033056.0,municipal_soma_com_carry,53816.0,53816.0,7.432733759476735,0.0,0.0
2023,510677,PORTO ALEGRE DO NORTE,PORTO ALEGRE DO NORTE,1,1,0,3033056.0,municipal_soma_com_carry,12420.0,12420.0,8.051529790660226,0.0,0.0
2023,510704,PRIMAVERA DO LESTE,RONDONOPOLIS,3,3,0,3033056.0,municipal_soma_com_carry,89513.0,89513.0,3.3514685017818637,0.0,0.0
2023,510718,RIBEIRAO CASCALHEIRA,AGUA BOA,1,1,0,3033056.0,municipal_soma_com_carry,10340.0,10340.0,9.671179883945841,0.0,0.0
2023,510720,RIO BRANCO,CACERES,2,2,0,3033056.0,municipal_soma_com_carry,4509.0,4509.0,44.35573297848747,0.0,0.0
2023,510730,SAO JOSE DO RIO CLARO,DIAMANTINO,1,1,0,3033056.0,municipal_soma_com_carry,14813.0,14813.0,6.750826976304597,0.0,0.0
2023,510760,RONDONOPOLIS,RONDONOPOLIS,11,11,2,3033056.0,municipal_soma_com_carry,254728.0,254728.0,4.318331710687478,0.785151220124996,18.181818181818183
2023,510780,SANTO ANTONIO DO LEVERGER,CUIABA,2,2,0,3033056.0,municipal_soma_com_carry,16776.0,16776.0,11.921793037672865,0.0,0.0
2023,510790,SINOP,SINOP,20,20,0,3033056.0,municipal_soma_com_carry,206931.0,206931.0,9.665057434603805,0.0,0.0
2023,510792,SORRISO,SINOP,1,1,0,3033056.0,municipal_soma_com_carry,116105.0,116105.0,0.8612893501571853,0.0,0.0
2023,510795,TANGARA DA SERRA,TANGARA DA SERRA,1,1,0,3033056.0,municipal_soma_com_carry,110549.0,110549.0,0.9045762512550996,0.0,0.0
2023,510840,VARZEA GRANDE,CUIABA,15,15,4,3033056.0,municipal_soma_com_carry,310941.0,310941.0,4.824066301967254,1.286417680524601,26.666666666666668
2024,510025,ALTA FLORESTA,ALTA FLORESTA,2,2,1,3187507.0,municipal_soma_com_carry,61291.0,61291.0,3.263121828653473,1.6315609143267364,50.0
2024,510030,ALTO ARAGUAIA,RONDONOPOLIS,2,2,1,3187507.0,municipal_soma_com_carry,17657.0,17657.0,11.326952483434331,5.663476241717166,50.0
2024,510130,ARENAPOLIS,TANGARA DA SERRA,1,1,0,3187507.0,municipal_soma_com_carry,10747.0,10747.0,9.304922303898763,0.0,0.0
2024,510170,BARRA DO BUGRES,TANGARA DA SERRA,2,2,0,3187507.0,municipal_soma_com_carry,29576.0,29576.0,6.76223965377333,0.0,0.0
2024,510180,BARRA DO GARCAS,BARRA DO GARCAS,3,3,2,3187507.0,municipal_soma_com_carry,72694.0,72694.0,4.126888051283462,2.7512587008556415,66.66666666666666
2024,510250,CACERES,CACERES,2,2,1,3187507.0,municipal_soma_com_carry,91626.0,91626.0,2.1827865453037347,1.0913932726518674,50.0
2024,510263,CAMPO NOVO DO PARECIS,TANGARA DA SERRA,2,2,0,3187507.0,municipal_soma_com_carry,50033.0,50033.0,3.9973617412507743,0.0,0.0
2024,510267,CAMPO VERDE,RONDONOPOLIS,2,2,0,3187507.0,municipal_soma_com_carry,47831.0,47831.0,4.181388639167068,0.0,0.0
2024,510270,CANARANA,AGUA BOA,1,1,0,3187507.0,municipal_soma_com_carry,27657.0,27657.0,3.6157211555844815,0.0,0.0
2024,510300,CHAPADA DOS GUIMARAES,CUIABA,2,2,0,3187507.0,municipal_soma_com_carry,19374.0,19374.0,10.323113451016827,0.0,0.0
2024,510340,CUIABA,CUIABA,12,12,3,3187507.0,municipal_soma_com_carry,682932.0,682932.0,1.7571295531619546,0.43928238829048866,25.0
2024,510350,DIAMANTINO,DIAMANTINO,1,1,0,3187507.0,municipal_soma_com_carry,22479.0,22479.0,4.448596467814404,0.0,0.0
2024,510360,DOM AQUINO,RONDONOPOLIS,1,1,0,3187507.0,municipal_soma_com_carry,7915.0,7915.0,12.634238787113077,0.0,0.0
2024,510410,GUARANTA DO NORTE,PEIXOTO DE AZEVEDO,1,1,1,3187507.0,municipal_soma_com_carry,31328.0,31328.0,3.192032686414709,3.192032686414709,100.0
2024,510420,GUIRATINGA,RONDONOPOLIS,1,1,0,3187507.0,municipal_soma_com_carry,10532.0,10532.0,9.4948727687049,0.0,0.0
2024,510454,ITANHANGA,SINOP,1,1,0,3187507.0,municipal_soma_com_carry,8049.0,8049.0,12.423903590508138,0.0,0.0
2024,510480,JACIARA,RONDONOPOLIS,1,1,0,3187507.0,municipal_soma_com_carry,29560.0,29560.0,3.3829499323410017,0.0,0.0
2024,510510,JUARA,JUARA,1,1,0,3187507.0,municipal_soma_com_carry,35899.0,35899.0,2.785592913451628,0.0,0.0
2024,510515,JUINA,JUINA,2,2,0,3187507.0,municipal_soma_com_carry,47800.0,47800.0,4.1841004184100425,0.0,0.0
2024,510523,LAMBARI D OESTE,CACERES,1,1,0,3187507.0,municipal_soma_com_carry,4724.0,4724.0,21.168501270110074,0.0,0.0
2024,510525,LUCAS DO RIO VERDE,SINOP,2,2,2,3187507.0,municipal_soma_com_carry,92256.0,92256.0,2.1678806798473813,2.1678806798473813,100.0
2024,510562,MIRASSOL D OESTE,CACERES,2,2,0,3187507.0,municipal_soma_com_carry,27511.0,27511.0,7.269819344989277,0.0,0.0
2024,510590,NOBRES,DIAMANTINO,1,1,1,3187507.0,municipal_soma_com_carry,15753.0,15753.0,6.347997206881229,6.347997206881229,100.0
2024,510622,NOVA MUTUM,SINOP,3,3,0,3187507.0,municipal_soma_com_carry,61223.0,61223.0,4.900119236234748,0.0,0.0
2024,510625,NOVA XAVANTINA,BARRA DO GARCAS,1,1,1,3187507.0,municipal_soma_com_carry,25486.0,25486.0,3.9237228282194145,3.9237228282194145,100.0
2024,510637,PEDRA PRETA,RONDONOPOLIS,1,1,0,3187507.0,municipal_soma_com_carry,18722.0,18722.0,5.341309689135776,0.0,0.0
2024,510642,PEIXOTO DE AZEVEDO,PEIXOTO DE AZEVEDO,1,1,0,3187507.0,municipal_soma_com_carry,33599.0,33599.0,2.9762790559242838,0.0,0.0
2024,510675,PONTES E LACERDA,PONTES E LACERDA,4,4,1,3187507.0,municipal_soma_com_carry,54795.0,54795.0,7.299936125558901,1.8249840313897252,25.0
2024,510700,POXOREO,RONDONOPOLIS,3,3,0,3187507.0,municipal_soma_com_carry,24587.0,24587.0,12.20156993533168,0.0,0.0
2024,510704,PRIMAVERA DO LESTE,RONDONOPOLIS,8,8,1,3187507.0,municipal_soma_com_carry,92927.0,92927.0,8.608908067622973,1.0761135084528717,12.5
2024,510720,RIO BRANCO,CACERES,1,1,0,3187507.0,municipal_soma_com_carry,4489.0,4489.0,22.276676319893074,0.0,0.0
2024,510730,SAO JOSE DO RIO CLARO,DIAMANTINO,1,1,1,3187507.0,municipal_soma_com_carry,14662.0,14662.0,6.820351930159596,6.820351930159596,100.0
2024,510740,SAO PEDRO DA CIPA,RONDONOPOLIS,2,2,1,3187507.0,municipal_soma_com_carry,4247.0,4247.0,47.09206498704968,23.54603249352484,50.0
2024,510760,RONDONOPOLIS,RONDONOPOLIS,18,18,3,3187507.0,municipal_soma_com_carry,259167.0,259167.0,6.945328687680145,1.157554781280024,16.666666666666664
2024,510770,ROSARIO OESTE,DIAMANTINO,1,1,0,3187507.0,municipal_soma_com_carry,15236.0,15236.0,6.563402467839328,0.0,0.0
2024,510787,SAPEZAL,TANGARA DA SERRA,1,1,1,3187507.0,municipal_soma_com_carry,31499.0,31499.0,3.174703958855837,3.174703958855837,100.0
2024,510790,SINOP,SINOP,8,8,0,3187507.0,municipal_soma_com_carry,216029.0,216029.0,3.703206513940258,0.0,0.0
2024,510792,SORRISO,SINOP,3,3,1,3187507.0,municipal_soma_com_carry,120985.0,120985.0,2.4796462371368353,0.8265487457122784,33.33333333333333
2024,510795,TANGARA DA SERRA,TANGARA DA SERRA,2,2,1,3187507.0,municipal_soma_com_carry,112547.0,112547.0,1.7770353718890775,0.8885176859445387,50.0
2024,510840,VARZEA GRANDE,CUIABA,7,7,1,3187507.0,municipal_soma_com_carry,314627.0,314627.0,2.224856735118092,0.3178366764454418,14.285714285714285
2024,510885,NOVA MARILANDIA,TANGARA DA SERRA,1,1,1,3187507.0,municipal_soma_com_carry,3678.0,3678.0,27.188689505165847,27.188689505165847,100.0
2025,510025,ALTA FLORESTA,ALTA FLORESTA,2,2,1,3187507.0,municipal_soma_com_carry,61291.0,61291.0,3.263121828653473,1.6315609143267364,50.0
2025,510180,BARRA DO GARCAS,BARRA DO GARCAS,3,3,0,3187507.0,municipal_soma_com_carry,72694.0,72694.0,4.126888051283462,0.0,0.0
2025,510250,CACERES,CACERES,7,7,1,3187507.0,municipal_soma_com_carry,91626.0,91626.0,7.6397529085630715,1.0913932726518674,14.285714285714285
2025,510263,CAMPO NOVO DO PARECIS,TANGARA DA SERRA,1,1,0,3187507.0,municipal_soma_com_carry,50033.0,50033.0,1.9986808706253871,0.0,0.0
2025,510279,CARLINDA,ALTA FLORESTA,1,1,0,3187507.0,municipal_soma_com_carry,10415.0,10415.0,9.601536245799327,0.0,0.0
2025,510300,CHAPADA DOS GUIMARAES,CUIABA,1,1,0,3187507.0,municipal_soma_com_carry,19374.0,19374.0,5.161556725508413,0.0,0.0
2025,510320,COLIDER,COLIDER,2,2,0,3187507.0,municipal_soma_com_carry,32010.0,32010.0,6.248047485160888,0.0,0.0
2025,510330,COMODORO,PONTES E LACERDA,1,1,0,3187507.0,municipal_soma_com_carry,18460.0,18460.0,5.417118093174431,0.0,0.0
2025,510335,CONFRESA,PORTO ALEGRE DO NORTE,1,1,1,3187507.0,municipal_soma_com_carry,37541.0,37541.0,2.663754295303801,2.663754295303801,100.0
2025,510340,CUIABA,CUIABA,25,25,5,3187507.0,municipal_soma_com_carry,682932.0,682932.0,3.6606865690874058,0.7321373138174812,20.0
2025,510350,DIAMANTINO,DIAMANTINO,2,2,2,3187507.0,municipal_soma_com_carry,22479.0,22479.0,8.897192935628809,8.897192935628809,100.0
2025,510370,FELIZ NATAL,SINOP,1,1,0,3187507.0,municipal_soma_com_carry,10564.0,10564.0,9.46611132146914,0.0,0.0
2025,510515,JUINA,JUINA,1,1,0,3187507.0,municipal_soma_com_carry,47800.0,47800.0,2.0920502092050213,0.0,0.0
2025,510560,MATUPA,PEIXOTO DE AZEVEDO,1,1,0,3187507.0,municipal_soma_com_carry,20853.0,20853.0,4.795473073418693,0.0,0.0
2025,510562,MIRASSOL D OESTE,CACERES,1,1,0,3187507.0,municipal_soma_com_carry,27511.0,27511.0,3.6349096724946386,0.0,0.0
2025,510590,NOBRES,DIAMANTINO,1,1,0,3187507.0,municipal_soma_com_carry,15753.0,15753.0,6.347997206881229,0.0,0.0
2025,510620,NOVA BRASILANDIA,CUIABA,1,1,0,3187507.0,municipal_soma_com_carry,4101.0,4101.0,24.384296513045598,0.0,0.0
2025,510642,PEIXOTO DE AZEVEDO,PEIXOTO DE AZEVEDO,1,1,1,3187507.0,municipal_soma_com_carry,33599.0,33599.0,2.9762790559242838,2.9762790559242838,100.0
2025,510675,PONTES E LACERDA,PONTES E LACERDA,3,3,0,3187507.0,municipal_soma_com_carry,54795.0,54795.0,5.4749520941691765,0.0,0.0
2025,510760,RONDONOPOLIS,RONDONOPOLIS,8,8,3,3187507.0,municipal_soma_com_carry,259167.0,259167.0,3.0868127500800644,1.157554781280024,37.5
2025,510790,SINOP,SINOP,10,10,1,3187507.0,municipal_soma_com_carry,216029.0,216029.0,4.629008142425322,0.46290081424253227,10.0
2025,510792,SORRISO,SINOP,2,2,0,3187507.0,municipal_soma_com_carry,120985.0,120985.0,1.6530974914245569,0.0,0.0
2025,510795,TANGARA DA SERRA,TANGARA DA SERRA,3,3,0,3187507.0,municipal_soma_com_carry,112547.0,112547.0,2.665553057833616,0.0,0.0
2025,510810,TESOURO,RONDONOPOLIS,1,1,0,3187507.0,municipal_soma_com_carry,3390.0,3390.0,29.49852507374631,0.0,0.0
2025,510840,VARZEA GRANDE,CUIABA,8,8,1,3187507.0,municipal_soma_com_carry,314627.0,314627.0,2.5426934115635342,0.3178366764454418,12.5
2026,510100,ARAGUAIANA,BARRA DO GARCAS,1,1,0,3187507.0,municipal_soma_com_carry,3523.0,3523.0,28.38489923360772,0.0,0.0
2026,510140,ARIPUANA,JUINA,1,1,0,3187507.0,municipal_soma_com_carry,25493.0,25493.0,3.922645432079394,0.0,0.0
2026,510180,BARRA DO GARCAS,BARRA DO GARCAS,1,1,0,3187507.0,municipal_soma_com_carry,72694.0,72694.0,1.3756293504278208,0.0,0.0
2026,510250,CACERES,CACERES,2,2,1,3187507.0,municipal_soma_com_carry,91626.0,91626.0,2.1827865453037347,1.0913932726518674,50.0
2026,510267,CAMPO VERDE,RONDONOPOLIS,3,3,0,3187507.0,municipal_soma_com_carry,47831.0,47831.0,6.272082958750602,0.0,0.0
2026,510270,CANARANA,AGUA BOA,2,2,0,3187507.0,municipal_soma_com_carry,27657.0,27657.0,7.231442311168963,0.0,0.0
2026,510340,CUIABA,CUIABA,21,21,3,3187507.0,municipal_soma_com_carry,682932.0,682932.0,3.0749767180334207,0.43928238829048866,14.285714285714285
2026,510395,GLORIA D OESTE,CACERES,1,1,0,3187507.0,municipal_soma_com_carry,2887.0,2887.0,34.638032559750606,0.0,0.0
2026,510420,GUIRATINGA,RONDONOPOLIS,1,1,0,3187507.0,municipal_soma_com_carry,10532.0,10532.0,9.4948727687049,0.0,0.0
2026,510454,ITANHANGA,SINOP,1,1,1,3187507.0,municipal_soma_com_carry,8049.0,8049.0,12.423903590508138,12.423903590508138,100.0
2026,510510,JUARA,JUARA,2,2,0,3187507.0,municipal_soma_com_carry,35899.0,35899.0,5.571185826903256,0.0,0.0
2026,510515,JUINA,JUINA,2,2,0,3187507.0,municipal_soma_com_carry,47800.0,47800.0,4.1841004184100425,0.0,0.0
2026,510517,JURUENA,JUINA,1,1,0,3187507.0,municipal_soma_com_carry,10149.0,10149.0,9.853187506158243,0.0,0.0
2026,510520,JUSCIMEIRA,RONDONOPOLIS,1,1,0,3187507.0,municipal_soma_com_carry,11620.0,11620.0,8.605851979345957,0.0,0.0
2026,510550,VILA BELA DA S TRINDADE,PONTES E LACERDA,2,2,1,3187507.0,municipal_soma_com_carry,16279.0,16279.0,12.285766939001165,6.142883469500583,50.0
2026,510618,NOVA LACERDA,PONTES E LACERDA,1,1,0,3187507.0,municipal_soma_com_carry,6291.0,6291.0,15.895724050230488,0.0,0.0
2026,510630,PARANATINGA,RONDONOPOLIS,1,1,0,3187507.0,municipal_soma_com_carry,25519.0,25519.0,3.918648849876562,0.0,0.0
2026,510675,PONTES E LACERDA,PONTES E LACERDA,1,1,0,3187507.0,municipal_soma_com_carry,54795.0,54795.0,1.8249840313897252,0.0,0.0
2026,510677,PORTO ALEGRE DO NORTE,PORTO ALEGRE DO NORTE,2,2,2,3187507.0,municipal_soma_com_carry,12420.0,12420.0,16.10305958132045,16.10305958132045,100.0
2026,510704,PRIMAVERA DO LESTE,RONDONOPOLIS,2,2,0,3187507.0,municipal_soma_com_carry,92927.0,92927.0,2.1522270169057434,0.0,0.0
2026,510710,SAO JOSE DOS QUATRO MARCOS,CACERES,2,2,0,3187507.0,municipal_soma_com_carry,18055.0,18055.0,11.077263915812795,0.0,0.0
2026,510724,SANTA CARMEM,SINOP,1,1,0,3187507.0,municipal_soma_com_carry,5677.0,5677.0,17.61493746697199,0.0,0.0
2026,510730,SAO JOSE DO RIO CLARO,DIAMANTINO,2,2,0,3187507.0,municipal_soma_com_carry,14662.0,14662.0,13.640703860319192,0.0,0.0
2026,510760,RONDONOPOLIS,RONDONOPOLIS,6,6,0,3187507.0,municipal_soma_com_carry,259167.0,259167.0,2.315109562560048,0.0,0.0
2026,510787,SAPEZAL,TANGARA DA SERRA,1,1,0,3187507.0,municipal_soma_com_carry,31499.0,31499.0,3.174703958855837,0.0,0.0
2026,510790,SINOP,SINOP,4,4,2,3187507.0,municipal_soma_com_carry,216029.0,216029.0,1.851603256970129,0.9258016284850645,50.0
2026,510792,SORRISO,SINOP,5,5,2,3187507.0,municipal_soma_com_carry,120985.0,120985.0,4.132743728561392,1.6530974914245569,40.0
2026,510794,TABAPORA,JUARA,1,1,0,3187507.0,municipal_soma_com_carry,9932.0,9932.0,10.068465565847765,0.0,0.0
2026,510795,TANGARA DA SERRA,TANGARA DA SERRA,4,4,2,3187507.0,municipal_soma_com_carry,112547.0,112547.0,3.554070743778155,1.7770353718890775,50.0
2026,510800,TAPURAH,SINOP,4,4,0,3187507.0,municipal_soma_com_carry,14872.0,14872.0,26.896180742334586,0.0,0.0
2026,510840,VARZEA GRANDE,CUIABA,6,6,0,3187507.0,municipal_soma_com_carry,314627.0,314627.0,1.9070200586726505,0.0,0.0
