ano_evento_v17,classificacao_agrupada_v17,faixa_informe_v23,casos,confirmados,obitos_meningite,populacao_estado,populacao_origem,populacao_ref,incidencia_100mil,mortalidade_100mil,letalidade_pct
1966,Meningite fúngica,< 1 ano,1,1,1,2546572.0,municipal_soma_com_carry,2546572.0,0.03926847542500271,0.03926847542500271,100.0
1976,Meningite não especificada,< 1 ano,1,1,0,2546572.0,municipal_soma_com_carry,2546572.0,0.03926847542500271,0.0,0.0
1980,Meningite fúngica,< 1 ano,1,1,0,2546572.0,municipal_soma_com_carry,2546572.0,0.03926847542500271,0.0,0.0
2006,Meningite não especificada,15 a 19 anos,1,1,0,2546572.0,municipal_soma_com_carry,2546572.0,0.03926847542500271,0.0,0.0
2006,Meningite não especificada,30 a 39 anos,1,1,0,2546572.0,municipal_soma_com_carry,2546572.0,0.03926847542500271,0.0,0.0
2006,Meningite não especificada,40 a 49 anos,1,1,0,2546572.0,municipal_soma_com_carry,2546572.0,0.03926847542500271,0.0,0.0
2006,Meningite pneumocócica,< 1 ano,1,1,0,2546572.0,municipal_soma_com_carry,2546572.0,0.03926847542500271,0.0,0.0
2006,Meningite viral/asséptica,1 a 4 anos,1,1,0,2546572.0,municipal_soma_com_carry,2546572.0,0.03926847542500271,0.0,0.0
2006,Meningite viral/asséptica,5 a 9 anos,1,1,0,2546572.0,municipal_soma_com_carry,2546572.0,0.03926847542500271,0.0,0.0
2007,Doença meningocócica,1 a 4 anos,1,1,0,2546572.0,municipal_soma_com_carry,2546572.0,0.03926847542500271,0.0,0.0
2007,Doença meningocócica,10 a 14 anos,1,1,0,2546572.0,municipal_soma_com_carry,2546572.0,0.03926847542500271,0.0,0.0
2007,Doença meningocócica,20 a 29 anos,4,4,1,2546572.0,municipal_soma_com_carry,2546572.0,0.15707390170001084,0.03926847542500271,25.0
2007,Doença meningocócica,30 a 39 anos,6,6,2,2546572.0,municipal_soma_com_carry,2546572.0,0.23561085255001624,0.07853695085000542,33.33333333333333
2007,Doença meningocócica,40 a 49 anos,2,2,0,2546572.0,municipal_soma_com_carry,2546572.0,0.07853695085000542,0.0,0.0
2007,Doença meningocócica,5 a 9 anos,1,1,0,2546572.0,municipal_soma_com_carry,2546572.0,0.03926847542500271,0.0,0.0
2007,Doença meningocócica,< 1 ano,2,2,1,2546572.0,municipal_soma_com_carry,2546572.0,0.07853695085000542,0.03926847542500271,50.0
2007,Meningite bacteriana/outras bactérias,1 a 4 anos,4,4,1,2546572.0,municipal_soma_com_carry,2546572.0,0.15707390170001084,0.03926847542500271,25.0
2007,Meningite bacteriana/outras bactérias,10 a 14 anos,5,5,0,2546572.0,municipal_soma_com_carry,2546572.0,0.19634237712501357,0.0,0.0
2007,Meningite bacteriana/outras bactérias,15 a 19 anos,1,1,0,2546572.0,municipal_soma_com_carry,2546572.0,0.03926847542500271,0.0,0.0
2007,Meningite bacteriana/outras bactérias,20 a 29 anos,5,5,1,2546572.0,municipal_soma_com_carry,2546572.0,0.19634237712501357,0.03926847542500271,20.0
2007,Meningite bacteriana/outras bactérias,30 a 39 anos,2,2,1,2546572.0,municipal_soma_com_carry,2546572.0,0.07853695085000542,0.03926847542500271,50.0
2007,Meningite bacteriana/outras bactérias,40 a 49 anos,2,2,0,2546572.0,municipal_soma_com_carry,2546572.0,0.07853695085000542,0.0,0.0
2007,Meningite bacteriana/outras bactérias,5 a 9 anos,5,5,0,2546572.0,municipal_soma_com_carry,2546572.0,0.19634237712501357,0.0,0.0
2007,Meningite bacteriana/outras bactérias,50 a 59 anos,3,3,1,2546572.0,municipal_soma_com_carry,2546572.0,0.11780542627500812,0.03926847542500271,33.33333333333333
2007,Meningite bacteriana/outras bactérias,< 1 ano,7,7,1,2546572.0,municipal_soma_com_carry,2546572.0,0.27487932797501896,0.03926847542500271,14.285714285714285
2007,Meningite bacteriana/outras bactérias,> 60 anos,2,2,0,2546572.0,municipal_soma_com_carry,2546572.0,0.07853695085000542,0.0,0.0
2007,Meningite fúngica,20 a 29 anos,1,1,0,2546572.0,municipal_soma_com_carry,2546572.0,0.03926847542500271,0.0,0.0
2007,Meningite fúngica,30 a 39 anos,2,2,0,2546572.0,municipal_soma_com_carry,2546572.0,0.07853695085000542,0.0,0.0
2007,Meningite fúngica,40 a 49 anos,3,3,0,2546572.0,municipal_soma_com_carry,2546572.0,0.11780542627500812,0.0,0.0
2007,Meningite não especificada,1 a 4 anos,51,51,2,2546572.0,municipal_soma_com_carry,2546572.0,2.0026922466751382,0.07853695085000542,3.9215686274509802
2007,Meningite não especificada,10 a 14 anos,11,11,1,2546572.0,municipal_soma_com_carry,2546572.0,0.43195322967502975,0.03926847542500271,9.090909090909092
2007,Meningite não especificada,15 a 19 anos,9,9,2,2546572.0,municipal_soma_com_carry,2546572.0,0.35341627882502435,0.07853695085000542,22.22222222222222
2007,Meningite não especificada,20 a 29 anos,9,9,0,2546572.0,municipal_soma_com_carry,2546572.0,0.35341627882502435,0.0,0.0
2007,Meningite não especificada,30 a 39 anos,10,10,1,2546572.0,municipal_soma_com_carry,2546572.0,0.39268475425002713,0.03926847542500271,10.0
2007,Meningite não especificada,40 a 49 anos,7,7,2,2546572.0,municipal_soma_com_carry,2546572.0,0.27487932797501896,0.07853695085000542,28.57142857142857
2007,Meningite não especificada,5 a 9 anos,39,39,2,2546572.0,municipal_soma_com_carry,2546572.0,1.5314705415751055,0.07853695085000542,5.128205128205128
2007,Meningite não especificada,50 a 59 anos,2,2,0,2546572.0,municipal_soma_com_carry,2546572.0,0.07853695085000542,0.0,0.0
2007,Meningite não especificada,< 1 ano,22,22,0,2546572.0,municipal_soma_com_carry,2546572.0,0.8639064593500595,0.0,0.0
2007,Meningite não especificada,> 60 anos,2,2,0,2546572.0,municipal_soma_com_carry,2546572.0,0.07853695085000542,0.0,0.0
2007,Meningite pneumocócica,1 a 4 anos,3,3,0,2546572.0,municipal_soma_com_carry,2546572.0,0.11780542627500812,0.0,0.0
2007,Meningite pneumocócica,15 a 19 anos,1,1,0,2546572.0,municipal_soma_com_carry,2546572.0,0.03926847542500271,0.0,0.0
2007,Meningite pneumocócica,20 a 29 anos,1,1,0,2546572.0,municipal_soma_com_carry,2546572.0,0.03926847542500271,0.0,0.0
2007,Meningite pneumocócica,30 a 39 anos,1,1,0,2546572.0,municipal_soma_com_carry,2546572.0,0.03926847542500271,0.0,0.0
2007,Meningite pneumocócica,40 a 49 anos,1,1,0,2546572.0,municipal_soma_com_carry,2546572.0,0.03926847542500271,0.0,0.0
2007,Meningite pneumocócica,5 a 9 anos,2,2,1,2546572.0,municipal_soma_com_carry,2546572.0,0.07853695085000542,0.03926847542500271,50.0
2007,Meningite pneumocócica,50 a 59 anos,1,1,0,2546572.0,municipal_soma_com_carry,2546572.0,0.03926847542500271,0.0,0.0
2007,Meningite pneumocócica,< 1 ano,5,5,3,2546572.0,municipal_soma_com_carry,2546572.0,0.19634237712501357,0.11780542627500812,60.0
2007,Meningite por Hib/Hemófilo,1 a 4 anos,1,1,0,2546572.0,municipal_soma_com_carry,2546572.0,0.03926847542500271,0.0,0.0
2007,Meningite por Hib/Hemófilo,< 1 ano,2,2,1,2546572.0,municipal_soma_com_carry,2546572.0,0.07853695085000542,0.03926847542500271,50.0
2007,Meningite tuberculosa,40 a 49 anos,1,1,0,2546572.0,municipal_soma_com_carry,2546572.0,0.03926847542500271,0.0,0.0
2007,Meningite viral/asséptica,1 a 4 anos,34,34,0,2546572.0,municipal_soma_com_carry,2546572.0,1.3351281644500923,0.0,0.0
2007,Meningite viral/asséptica,10 a 14 anos,23,23,0,2546572.0,municipal_soma_com_carry,2546572.0,0.9031749347750623,0.0,0.0
2007,Meningite viral/asséptica,15 a 19 anos,5,5,0,2546572.0,municipal_soma_com_carry,2546572.0,0.19634237712501357,0.0,0.0
2007,Meningite viral/asséptica,20 a 29 anos,15,15,0,2546572.0,municipal_soma_com_carry,2546572.0,0.5890271313750407,0.0,0.0
2007,Meningite viral/asséptica,30 a 39 anos,11,11,0,2546572.0,municipal_soma_com_carry,2546572.0,0.43195322967502975,0.0,0.0
2007,Meningite viral/asséptica,40 a 49 anos,7,7,0,2546572.0,municipal_soma_com_carry,2546572.0,0.27487932797501896,0.0,0.0
2007,Meningite viral/asséptica,5 a 9 anos,51,51,0,2546572.0,municipal_soma_com_carry,2546572.0,2.0026922466751382,0.0,0.0
2007,Meningite viral/asséptica,50 a 59 anos,1,1,0,2546572.0,municipal_soma_com_carry,2546572.0,0.03926847542500271,0.0,0.0
2007,Meningite viral/asséptica,< 1 ano,15,15,0,2546572.0,municipal_soma_com_carry,2546572.0,0.5890271313750407,0.0,0.0
2007,Meningite viral/asséptica,> 60 anos,2,2,0,2546572.0,municipal_soma_com_carry,2546572.0,0.07853695085000542,0.0,0.0
2007,Outras etiologias,1 a 4 anos,1,1,0,2546572.0,municipal_soma_com_carry,2546572.0,0.03926847542500271,0.0,0.0
2007,Outras etiologias,20 a 29 anos,2,2,1,2546572.0,municipal_soma_com_carry,2546572.0,0.07853695085000542,0.03926847542500271,50.0
2007,Outras etiologias,30 a 39 anos,1,1,1,2546572.0,municipal_soma_com_carry,2546572.0,0.03926847542500271,0.03926847542500271,100.0
2007,Outras etiologias,40 a 49 anos,1,1,1,2546572.0,municipal_soma_com_carry,2546572.0,0.03926847542500271,0.03926847542500271,100.0
2007,Outras etiologias,5 a 9 anos,2,2,0,2546572.0,municipal_soma_com_carry,2546572.0,0.07853695085000542,0.0,0.0
2007,Outras etiologias,< 1 ano,1,1,0,2546572.0,municipal_soma_com_carry,2546572.0,0.03926847542500271,0.0,0.0
2008,Doença meningocócica,1 a 4 anos,4,4,3,2546572.0,municipal_soma_com_carry,2546572.0,0.15707390170001084,0.11780542627500812,75.0
2008,Doença meningocócica,5 a 9 anos,2,2,0,2546572.0,municipal_soma_com_carry,2546572.0,0.07853695085000542,0.0,0.0
2008,Doença meningocócica,< 1 ano,3,3,0,2546572.0,municipal_soma_com_carry,2546572.0,0.11780542627500812,0.0,0.0
2008,Meningite bacteriana/outras bactérias,1 a 4 anos,1,1,0,2546572.0,municipal_soma_com_carry,2546572.0,0.03926847542500271,0.0,0.0
2008,Meningite bacteriana/outras bactérias,10 a 14 anos,8,8,0,2546572.0,municipal_soma_com_carry,2546572.0,0.3141478034000217,0.0,0.0
2008,Meningite bacteriana/outras bactérias,15 a 19 anos,2,2,0,2546572.0,municipal_soma_com_carry,2546572.0,0.07853695085000542,0.0,0.0
2008,Meningite bacteriana/outras bactérias,20 a 29 anos,1,1,0,2546572.0,municipal_soma_com_carry,2546572.0,0.03926847542500271,0.0,0.0
2008,Meningite bacteriana/outras bactérias,30 a 39 anos,4,4,0,2546572.0,municipal_soma_com_carry,2546572.0,0.15707390170001084,0.0,0.0
2008,Meningite bacteriana/outras bactérias,40 a 49 anos,1,1,0,2546572.0,municipal_soma_com_carry,2546572.0,0.03926847542500271,0.0,0.0
2008,Meningite bacteriana/outras bactérias,5 a 9 anos,1,1,0,2546572.0,municipal_soma_com_carry,2546572.0,0.03926847542500271,0.0,0.0
2008,Meningite bacteriana/outras bactérias,50 a 59 anos,3,3,0,2546572.0,municipal_soma_com_carry,2546572.0,0.11780542627500812,0.0,0.0
2008,Meningite bacteriana/outras bactérias,< 1 ano,9,9,0,2546572.0,municipal_soma_com_carry,2546572.0,0.35341627882502435,0.0,0.0
2008,Meningite bacteriana/outras bactérias,> 60 anos,4,4,0,2546572.0,municipal_soma_com_carry,2546572.0,0.15707390170001084,0.0,0.0
2008,Meningite fúngica,15 a 19 anos,1,1,1,2546572.0,municipal_soma_com_carry,2546572.0,0.03926847542500271,0.03926847542500271,100.0
2008,Meningite fúngica,20 a 29 anos,2,2,0,2546572.0,municipal_soma_com_carry,2546572.0,0.07853695085000542,0.0,0.0
2008,Meningite fúngica,30 a 39 anos,7,7,0,2546572.0,municipal_soma_com_carry,2546572.0,0.27487932797501896,0.0,0.0
2008,Meningite fúngica,40 a 49 anos,5,5,0,2546572.0,municipal_soma_com_carry,2546572.0,0.19634237712501357,0.0,0.0
2008,Meningite fúngica,50 a 59 anos,1,1,0,2546572.0,municipal_soma_com_carry,2546572.0,0.03926847542500271,0.0,0.0
2008,Meningite não especificada,1 a 4 anos,29,29,0,2546572.0,municipal_soma_com_carry,2546572.0,1.1387857873250786,0.0,0.0
2008,Meningite não especificada,10 a 14 anos,12,12,0,2546572.0,municipal_soma_com_carry,2546572.0,0.4712217051000325,0.0,0.0
2008,Meningite não especificada,15 a 19 anos,3,3,0,2546572.0,municipal_soma_com_carry,2546572.0,0.11780542627500812,0.0,0.0
2008,Meningite não especificada,20 a 29 anos,6,6,1,2546572.0,municipal_soma_com_carry,2546572.0,0.23561085255001624,0.03926847542500271,16.666666666666664
2008,Meningite não especificada,30 a 39 anos,4,4,0,2546572.0,municipal_soma_com_carry,2546572.0,0.15707390170001084,0.0,0.0
2008,Meningite não especificada,40 a 49 anos,3,3,1,2546572.0,municipal_soma_com_carry,2546572.0,0.11780542627500812,0.03926847542500271,33.33333333333333
2008,Meningite não especificada,5 a 9 anos,16,16,0,2546572.0,municipal_soma_com_carry,2546572.0,0.6282956068000434,0.0,0.0
2008,Meningite não especificada,< 1 ano,25,25,2,2546572.0,municipal_soma_com_carry,2546572.0,0.9817118856250677,0.07853695085000542,8.0
2008,Meningite não especificada,> 60 anos,2,2,0,2546572.0,municipal_soma_com_carry,2546572.0,0.07853695085000542,0.0,0.0
2008,Meningite pneumocócica,1 a 4 anos,4,4,3,2546572.0,municipal_soma_com_carry,2546572.0,0.15707390170001084,0.11780542627500812,75.0
2008,Meningite pneumocócica,10 a 14 anos,4,4,0,2546572.0,municipal_soma_com_carry,2546572.0,0.15707390170001084,0.0,0.0
2008,Meningite pneumocócica,15 a 19 anos,1,1,0,2546572.0,municipal_soma_com_carry,2546572.0,0.03926847542500271,0.0,0.0
2008,Meningite pneumocócica,20 a 29 anos,2,2,1,2546572.0,municipal_soma_com_carry,2546572.0,0.07853695085000542,0.03926847542500271,50.0
2008,Meningite pneumocócica,30 a 39 anos,2,2,0,2546572.0,municipal_soma_com_carry,2546572.0,0.07853695085000542,0.0,0.0
2008,Meningite pneumocócica,40 a 49 anos,1,1,0,2546572.0,municipal_soma_com_carry,2546572.0,0.03926847542500271,0.0,0.0
2008,Meningite pneumocócica,5 a 9 anos,2,2,0,2546572.0,municipal_soma_com_carry,2546572.0,0.07853695085000542,0.0,0.0
2008,Meningite pneumocócica,50 a 59 anos,1,1,0,2546572.0,municipal_soma_com_carry,2546572.0,0.03926847542500271,0.0,0.0
2008,Meningite pneumocócica,< 1 ano,2,2,0,2546572.0,municipal_soma_com_carry,2546572.0,0.07853695085000542,0.0,0.0
2008,Meningite por Hib/Hemófilo,15 a 19 anos,2,2,0,2546572.0,municipal_soma_com_carry,2546572.0,0.07853695085000542,0.0,0.0
2008,Meningite tuberculosa,30 a 39 anos,1,1,0,2546572.0,municipal_soma_com_carry,2546572.0,0.03926847542500271,0.0,0.0
2008,Meningite viral/asséptica,1 a 4 anos,21,21,0,2546572.0,municipal_soma_com_carry,2546572.0,0.8246379839250568,0.0,0.0
2008,Meningite viral/asséptica,10 a 14 anos,7,7,0,2546572.0,municipal_soma_com_carry,2546572.0,0.27487932797501896,0.0,0.0
2008,Meningite viral/asséptica,15 a 19 anos,2,2,0,2546572.0,municipal_soma_com_carry,2546572.0,0.07853695085000542,0.0,0.0
2008,Meningite viral/asséptica,20 a 29 anos,5,5,0,2546572.0,municipal_soma_com_carry,2546572.0,0.19634237712501357,0.0,0.0
2008,Meningite viral/asséptica,30 a 39 anos,3,3,0,2546572.0,municipal_soma_com_carry,2546572.0,0.11780542627500812,0.0,0.0
2008,Meningite viral/asséptica,40 a 49 anos,2,2,0,2546572.0,municipal_soma_com_carry,2546572.0,0.07853695085000542,0.0,0.0
2008,Meningite viral/asséptica,5 a 9 anos,21,21,0,2546572.0,municipal_soma_com_carry,2546572.0,0.8246379839250568,0.0,0.0
2008,Meningite viral/asséptica,50 a 59 anos,3,3,0,2546572.0,municipal_soma_com_carry,2546572.0,0.11780542627500812,0.0,0.0
2008,Meningite viral/asséptica,< 1 ano,15,15,0,2546572.0,municipal_soma_com_carry,2546572.0,0.5890271313750407,0.0,0.0
2008,Outras etiologias,15 a 19 anos,3,3,1,2546572.0,municipal_soma_com_carry,2546572.0,0.11780542627500812,0.03926847542500271,33.33333333333333
2008,Outras etiologias,20 a 29 anos,1,1,0,2546572.0,municipal_soma_com_carry,2546572.0,0.03926847542500271,0.0,0.0
2008,Outras etiologias,30 a 39 anos,2,2,0,2546572.0,municipal_soma_com_carry,2546572.0,0.07853695085000542,0.0,0.0
2008,Outras etiologias,5 a 9 anos,2,2,0,2546572.0,municipal_soma_com_carry,2546572.0,0.07853695085000542,0.0,0.0
2009,Doença meningocócica,1 a 4 anos,6,6,3,2546572.0,municipal_soma_com_carry,2546572.0,0.23561085255001624,0.11780542627500812,50.0
2009,Doença meningocócica,10 a 14 anos,3,3,1,2546572.0,municipal_soma_com_carry,2546572.0,0.11780542627500812,0.03926847542500271,33.33333333333333
2009,Doença meningocócica,15 a 19 anos,1,1,0,2546572.0,municipal_soma_com_carry,2546572.0,0.03926847542500271,0.0,0.0
2009,Doença meningocócica,20 a 29 anos,1,1,1,2546572.0,municipal_soma_com_carry,2546572.0,0.03926847542500271,0.03926847542500271,100.0
2009,Doença meningocócica,30 a 39 anos,2,2,0,2546572.0,municipal_soma_com_carry,2546572.0,0.07853695085000542,0.0,0.0
2009,Doença meningocócica,5 a 9 anos,2,2,0,2546572.0,municipal_soma_com_carry,2546572.0,0.07853695085000542,0.0,0.0
2009,Doença meningocócica,50 a 59 anos,1,1,0,2546572.0,municipal_soma_com_carry,2546572.0,0.03926847542500271,0.0,0.0
2009,Doença meningocócica,< 1 ano,6,6,1,2546572.0,municipal_soma_com_carry,2546572.0,0.23561085255001624,0.03926847542500271,16.666666666666664
2009,Meningite bacteriana/outras bactérias,1 a 4 anos,7,7,3,2546572.0,municipal_soma_com_carry,2546572.0,0.27487932797501896,0.11780542627500812,42.857142857142854
2009,Meningite bacteriana/outras bactérias,10 a 14 anos,5,5,0,2546572.0,municipal_soma_com_carry,2546572.0,0.19634237712501357,0.0,0.0
2009,Meningite bacteriana/outras bactérias,15 a 19 anos,2,2,0,2546572.0,municipal_soma_com_carry,2546572.0,0.07853695085000542,0.0,0.0
2009,Meningite bacteriana/outras bactérias,20 a 29 anos,2,2,0,2546572.0,municipal_soma_com_carry,2546572.0,0.07853695085000542,0.0,0.0
2009,Meningite bacteriana/outras bactérias,30 a 39 anos,5,5,0,2546572.0,municipal_soma_com_carry,2546572.0,0.19634237712501357,0.0,0.0
2009,Meningite bacteriana/outras bactérias,40 a 49 anos,7,7,1,2546572.0,municipal_soma_com_carry,2546572.0,0.27487932797501896,0.03926847542500271,14.285714285714285
2009,Meningite bacteriana/outras bactérias,5 a 9 anos,3,3,0,2546572.0,municipal_soma_com_carry,2546572.0,0.11780542627500812,0.0,0.0
2009,Meningite bacteriana/outras bactérias,50 a 59 anos,1,1,0,2546572.0,municipal_soma_com_carry,2546572.0,0.03926847542500271,0.0,0.0
2009,Meningite bacteriana/outras bactérias,< 1 ano,4,4,0,2546572.0,municipal_soma_com_carry,2546572.0,0.15707390170001084,0.0,0.0
2009,Meningite bacteriana/outras bactérias,> 60 anos,4,4,1,2546572.0,municipal_soma_com_carry,2546572.0,0.15707390170001084,0.03926847542500271,25.0
2009,Meningite fúngica,30 a 39 anos,2,2,0,2546572.0,municipal_soma_com_carry,2546572.0,0.07853695085000542,0.0,0.0
2009,Meningite fúngica,40 a 49 anos,3,3,0,2546572.0,municipal_soma_com_carry,2546572.0,0.11780542627500812,0.0,0.0
2009,Meningite fúngica,5 a 9 anos,1,1,0,2546572.0,municipal_soma_com_carry,2546572.0,0.03926847542500271,0.0,0.0
2009,Meningite fúngica,50 a 59 anos,1,1,1,2546572.0,municipal_soma_com_carry,2546572.0,0.03926847542500271,0.03926847542500271,100.0
2009,Meningite não especificada,1 a 4 anos,17,17,1,2546572.0,municipal_soma_com_carry,2546572.0,0.6675640822250462,0.03926847542500271,5.88235294117647
2009,Meningite não especificada,10 a 14 anos,3,3,0,2546572.0,municipal_soma_com_carry,2546572.0,0.11780542627500812,0.0,0.0
2009,Meningite não especificada,15 a 19 anos,7,7,1,2546572.0,municipal_soma_com_carry,2546572.0,0.27487932797501896,0.03926847542500271,14.285714285714285
2009,Meningite não especificada,20 a 29 anos,6,6,0,2546572.0,municipal_soma_com_carry,2546572.0,0.23561085255001624,0.0,0.0
2009,Meningite não especificada,30 a 39 anos,8,8,1,2546572.0,municipal_soma_com_carry,2546572.0,0.3141478034000217,0.03926847542500271,12.5
2009,Meningite não especificada,40 a 49 anos,5,5,1,2546572.0,municipal_soma_com_carry,2546572.0,0.19634237712501357,0.03926847542500271,20.0
2009,Meningite não especificada,5 a 9 anos,8,8,0,2546572.0,municipal_soma_com_carry,2546572.0,0.3141478034000217,0.0,0.0
2009,Meningite não especificada,50 a 59 anos,2,2,0,2546572.0,municipal_soma_com_carry,2546572.0,0.07853695085000542,0.0,0.0
2009,Meningite não especificada,< 1 ano,19,19,1,2546572.0,municipal_soma_com_carry,2546572.0,0.7461010330750515,0.03926847542500271,5.263157894736842
2009,Meningite não especificada,> 60 anos,1,1,0,2546572.0,municipal_soma_com_carry,2546572.0,0.03926847542500271,0.0,0.0
2009,Meningite pneumocócica,1 a 4 anos,2,2,0,2546572.0,municipal_soma_com_carry,2546572.0,0.07853695085000542,0.0,0.0
2009,Meningite pneumocócica,15 a 19 anos,1,1,0,2546572.0,municipal_soma_com_carry,2546572.0,0.03926847542500271,0.0,0.0
2009,Meningite pneumocócica,20 a 29 anos,1,1,0,2546572.0,municipal_soma_com_carry,2546572.0,0.03926847542500271,0.0,0.0
2009,Meningite pneumocócica,40 a 49 anos,2,2,1,2546572.0,municipal_soma_com_carry,2546572.0,0.07853695085000542,0.03926847542500271,50.0
2009,Meningite pneumocócica,50 a 59 anos,1,1,0,2546572.0,municipal_soma_com_carry,2546572.0,0.03926847542500271,0.0,0.0
2009,Meningite pneumocócica,< 1 ano,6,6,2,2546572.0,municipal_soma_com_carry,2546572.0,0.23561085255001624,0.07853695085000542,33.33333333333333
2009,Meningite tuberculosa,40 a 49 anos,1,1,0,2546572.0,municipal_soma_com_carry,2546572.0,0.03926847542500271,0.0,0.0
2009,Meningite viral/asséptica,1 a 4 anos,4,4,0,2546572.0,municipal_soma_com_carry,2546572.0,0.15707390170001084,0.0,0.0
2009,Meningite viral/asséptica,10 a 14 anos,5,5,1,2546572.0,municipal_soma_com_carry,2546572.0,0.19634237712501357,0.03926847542500271,20.0
2009,Meningite viral/asséptica,15 a 19 anos,1,1,0,2546572.0,municipal_soma_com_carry,2546572.0,0.03926847542500271,0.0,0.0
2009,Meningite viral/asséptica,20 a 29 anos,2,2,0,2546572.0,municipal_soma_com_carry,2546572.0,0.07853695085000542,0.0,0.0
2009,Meningite viral/asséptica,30 a 39 anos,3,3,0,2546572.0,municipal_soma_com_carry,2546572.0,0.11780542627500812,0.0,0.0
2009,Meningite viral/asséptica,40 a 49 anos,4,4,0,2546572.0,municipal_soma_com_carry,2546572.0,0.15707390170001084,0.0,0.0
2009,Meningite viral/asséptica,5 a 9 anos,8,8,1,2546572.0,municipal_soma_com_carry,2546572.0,0.3141478034000217,0.03926847542500271,12.5
2009,Meningite viral/asséptica,< 1 ano,13,13,0,2546572.0,municipal_soma_com_carry,2546572.0,0.5104901805250353,0.0,0.0
2009,Meningite viral/asséptica,> 60 anos,1,1,0,2546572.0,municipal_soma_com_carry,2546572.0,0.03926847542500271,0.0,0.0
2009,Outras etiologias,1 a 4 anos,4,4,2,2546572.0,municipal_soma_com_carry,2546572.0,0.15707390170001084,0.07853695085000542,50.0
2009,Outras etiologias,30 a 39 anos,6,6,0,2546572.0,municipal_soma_com_carry,2546572.0,0.23561085255001624,0.0,0.0
2009,Outras etiologias,40 a 49 anos,2,2,2,2546572.0,municipal_soma_com_carry,2546572.0,0.07853695085000542,0.07853695085000542,100.0
2009,Outras etiologias,5 a 9 anos,3,3,0,2546572.0,municipal_soma_com_carry,2546572.0,0.11780542627500812,0.0,0.0
2009,Outras etiologias,< 1 ano,1,1,0,2546572.0,municipal_soma_com_carry,2546572.0,0.03926847542500271,0.0,0.0
2010,Doença meningocócica,1 a 4 anos,1,1,0,2546572.0,municipal_soma_com_carry,2546572.0,0.03926847542500271,0.0,0.0
2010,Doença meningocócica,10 a 14 anos,3,3,0,2546572.0,municipal_soma_com_carry,2546572.0,0.11780542627500812,0.0,0.0
2010,Doença meningocócica,15 a 19 anos,4,4,0,2546572.0,municipal_soma_com_carry,2546572.0,0.15707390170001084,0.0,0.0
2010,Doença meningocócica,20 a 29 anos,2,2,0,2546572.0,municipal_soma_com_carry,2546572.0,0.07853695085000542,0.0,0.0
2010,Doença meningocócica,30 a 39 anos,2,2,0,2546572.0,municipal_soma_com_carry,2546572.0,0.07853695085000542,0.0,0.0
2010,Doença meningocócica,40 a 49 anos,2,2,0,2546572.0,municipal_soma_com_carry,2546572.0,0.07853695085000542,0.0,0.0
2010,Doença meningocócica,5 a 9 anos,5,5,1,2546572.0,municipal_soma_com_carry,2546572.0,0.19634237712501357,0.03926847542500271,20.0
2010,Doença meningocócica,50 a 59 anos,1,1,0,2546572.0,municipal_soma_com_carry,2546572.0,0.03926847542500271,0.0,0.0
2010,Doença meningocócica,< 1 ano,2,2,1,2546572.0,municipal_soma_com_carry,2546572.0,0.07853695085000542,0.03926847542500271,50.0
2010,Doença meningocócica,> 60 anos,2,2,2,2546572.0,municipal_soma_com_carry,2546572.0,0.07853695085000542,0.07853695085000542,100.0
2010,Meningite bacteriana/outras bactérias,1 a 4 anos,2,2,1,2546572.0,municipal_soma_com_carry,2546572.0,0.07853695085000542,0.03926847542500271,50.0
2010,Meningite bacteriana/outras bactérias,10 a 14 anos,5,5,0,2546572.0,municipal_soma_com_carry,2546572.0,0.19634237712501357,0.0,0.0
2010,Meningite bacteriana/outras bactérias,15 a 19 anos,2,2,0,2546572.0,municipal_soma_com_carry,2546572.0,0.07853695085000542,0.0,0.0
2010,Meningite bacteriana/outras bactérias,20 a 29 anos,4,4,0,2546572.0,municipal_soma_com_carry,2546572.0,0.15707390170001084,0.0,0.0
2010,Meningite bacteriana/outras bactérias,30 a 39 anos,1,1,0,2546572.0,municipal_soma_com_carry,2546572.0,0.03926847542500271,0.0,0.0
2010,Meningite bacteriana/outras bactérias,40 a 49 anos,2,2,0,2546572.0,municipal_soma_com_carry,2546572.0,0.07853695085000542,0.0,0.0
2010,Meningite bacteriana/outras bactérias,5 a 9 anos,3,3,0,2546572.0,municipal_soma_com_carry,2546572.0,0.11780542627500812,0.0,0.0
2010,Meningite bacteriana/outras bactérias,50 a 59 anos,2,2,0,2546572.0,municipal_soma_com_carry,2546572.0,0.07853695085000542,0.0,0.0
2010,Meningite bacteriana/outras bactérias,< 1 ano,7,7,0,2546572.0,municipal_soma_com_carry,2546572.0,0.27487932797501896,0.0,0.0
2010,Meningite bacteriana/outras bactérias,> 60 anos,1,1,1,2546572.0,municipal_soma_com_carry,2546572.0,0.03926847542500271,0.03926847542500271,100.0
2010,Meningite fúngica,15 a 19 anos,1,1,1,2546572.0,municipal_soma_com_carry,2546572.0,0.03926847542500271,0.03926847542500271,100.0
2010,Meningite fúngica,20 a 29 anos,1,1,0,2546572.0,municipal_soma_com_carry,2546572.0,0.03926847542500271,0.0,0.0
2010,Meningite fúngica,30 a 39 anos,2,2,0,2546572.0,municipal_soma_com_carry,2546572.0,0.07853695085000542,0.0,0.0
2010,Meningite fúngica,40 a 49 anos,3,3,0,2546572.0,municipal_soma_com_carry,2546572.0,0.11780542627500812,0.0,0.0
2010,Meningite fúngica,50 a 59 anos,3,3,0,2546572.0,municipal_soma_com_carry,2546572.0,0.11780542627500812,0.0,0.0
2010,Meningite não especificada,1 a 4 anos,7,7,0,2546572.0,municipal_soma_com_carry,2546572.0,0.27487932797501896,0.0,0.0
2010,Meningite não especificada,10 a 14 anos,6,6,0,2546572.0,municipal_soma_com_carry,2546572.0,0.23561085255001624,0.0,0.0
2010,Meningite não especificada,15 a 19 anos,1,1,0,2546572.0,municipal_soma_com_carry,2546572.0,0.03926847542500271,0.0,0.0
2010,Meningite não especificada,20 a 29 anos,5,5,1,2546572.0,municipal_soma_com_carry,2546572.0,0.19634237712501357,0.03926847542500271,20.0
2010,Meningite não especificada,30 a 39 anos,7,7,1,2546572.0,municipal_soma_com_carry,2546572.0,0.27487932797501896,0.03926847542500271,14.285714285714285
2010,Meningite não especificada,40 a 49 anos,6,6,1,2546572.0,municipal_soma_com_carry,2546572.0,0.23561085255001624,0.03926847542500271,16.666666666666664
2010,Meningite não especificada,5 a 9 anos,5,5,1,2546572.0,municipal_soma_com_carry,2546572.0,0.19634237712501357,0.03926847542500271,20.0
2010,Meningite não especificada,< 1 ano,10,10,0,2546572.0,municipal_soma_com_carry,2546572.0,0.39268475425002713,0.0,0.0
2010,Meningite pneumocócica,1 a 4 anos,4,4,2,2546572.0,municipal_soma_com_carry,2546572.0,0.15707390170001084,0.07853695085000542,50.0
2010,Meningite pneumocócica,20 a 29 anos,2,2,1,2546572.0,municipal_soma_com_carry,2546572.0,0.07853695085000542,0.03926847542500271,50.0
2010,Meningite pneumocócica,30 a 39 anos,1,1,1,2546572.0,municipal_soma_com_carry,2546572.0,0.03926847542500271,0.03926847542500271,100.0
2010,Meningite pneumocócica,40 a 49 anos,3,3,0,2546572.0,municipal_soma_com_carry,2546572.0,0.11780542627500812,0.0,0.0
2010,Meningite pneumocócica,50 a 59 anos,1,1,0,2546572.0,municipal_soma_com_carry,2546572.0,0.03926847542500271,0.0,0.0
2010,Meningite pneumocócica,< 1 ano,1,1,1,2546572.0,municipal_soma_com_carry,2546572.0,0.03926847542500271,0.03926847542500271,100.0
2010,Meningite por Hib/Hemófilo,30 a 39 anos,2,2,2,2546572.0,municipal_soma_com_carry,2546572.0,0.07853695085000542,0.07853695085000542,100.0
2010,Meningite por Hib/Hemófilo,5 a 9 anos,1,1,1,2546572.0,municipal_soma_com_carry,2546572.0,0.03926847542500271,0.03926847542500271,100.0
2010,Meningite tuberculosa,15 a 19 anos,1,1,0,2546572.0,municipal_soma_com_carry,2546572.0,0.03926847542500271,0.0,0.0
2010,Meningite viral/asséptica,1 a 4 anos,8,8,0,2546572.0,municipal_soma_com_carry,2546572.0,0.3141478034000217,0.0,0.0
2010,Meningite viral/asséptica,10 a 14 anos,2,2,0,2546572.0,municipal_soma_com_carry,2546572.0,0.07853695085000542,0.0,0.0
2010,Meningite viral/asséptica,20 a 29 anos,3,3,0,2546572.0,municipal_soma_com_carry,2546572.0,0.11780542627500812,0.0,0.0
2010,Meningite viral/asséptica,30 a 39 anos,2,2,0,2546572.0,municipal_soma_com_carry,2546572.0,0.07853695085000542,0.0,0.0
2010,Meningite viral/asséptica,5 a 9 anos,11,11,0,2546572.0,municipal_soma_com_carry,2546572.0,0.43195322967502975,0.0,0.0
2010,Meningite viral/asséptica,50 a 59 anos,1,1,0,2546572.0,municipal_soma_com_carry,2546572.0,0.03926847542500271,0.0,0.0
2010,Meningite viral/asséptica,< 1 ano,9,9,1,2546572.0,municipal_soma_com_carry,2546572.0,0.35341627882502435,0.03926847542500271,11.11111111111111
2010,Outras etiologias,1 a 4 anos,1,1,0,2546572.0,municipal_soma_com_carry,2546572.0,0.03926847542500271,0.0,0.0
2010,Outras etiologias,10 a 14 anos,1,1,0,2546572.0,municipal_soma_com_carry,2546572.0,0.03926847542500271,0.0,0.0
2010,Outras etiologias,20 a 29 anos,2,2,0,2546572.0,municipal_soma_com_carry,2546572.0,0.07853695085000542,0.0,0.0
2010,Outras etiologias,30 a 39 anos,2,2,0,2546572.0,municipal_soma_com_carry,2546572.0,0.07853695085000542,0.0,0.0
2010,Outras etiologias,40 a 49 anos,3,3,0,2546572.0,municipal_soma_com_carry,2546572.0,0.11780542627500812,0.0,0.0
2010,Outras etiologias,5 a 9 anos,1,1,1,2546572.0,municipal_soma_com_carry,2546572.0,0.03926847542500271,0.03926847542500271,100.0
2010,Outras etiologias,50 a 59 anos,3,3,1,2546572.0,municipal_soma_com_carry,2546572.0,0.11780542627500812,0.03926847542500271,33.33333333333333
2010,Outras etiologias,< 1 ano,1,1,0,2546572.0,municipal_soma_com_carry,2546572.0,0.03926847542500271,0.0,0.0
2010,Outras etiologias,> 60 anos,1,1,0,2546572.0,municipal_soma_com_carry,2546572.0,0.03926847542500271,0.0,0.0
2011,Doença meningocócica,1 a 4 anos,6,6,2,2513545.0,municipal_soma_com_carry,2513545.0,0.23870668716891882,0.07956889572297293,33.33333333333333
2011,Doença meningocócica,10 a 14 anos,4,4,2,2513545.0,municipal_soma_com_carry,2513545.0,0.15913779144594586,0.07956889572297293,50.0
2011,Doença meningocócica,15 a 19 anos,1,1,0,2513545.0,municipal_soma_com_carry,2513545.0,0.039784447861486466,0.0,0.0
2011,Doença meningocócica,20 a 29 anos,2,2,0,2513545.0,municipal_soma_com_carry,2513545.0,0.07956889572297293,0.0,0.0
2011,Doença meningocócica,30 a 39 anos,1,1,0,2513545.0,municipal_soma_com_carry,2513545.0,0.039784447861486466,0.0,0.0
2011,Doença meningocócica,40 a 49 anos,4,4,2,2513545.0,municipal_soma_com_carry,2513545.0,0.15913779144594586,0.07956889572297293,50.0
2011,Doença meningocócica,5 a 9 anos,2,2,1,2513545.0,municipal_soma_com_carry,2513545.0,0.07956889572297293,0.039784447861486466,50.0
2011,Doença meningocócica,50 a 59 anos,3,3,1,2513545.0,municipal_soma_com_carry,2513545.0,0.11935334358445941,0.039784447861486466,33.33333333333333
2011,Doença meningocócica,< 1 ano,4,4,1,2513545.0,municipal_soma_com_carry,2513545.0,0.15913779144594586,0.039784447861486466,25.0
2011,Doença meningocócica,> 60 anos,2,2,1,2513545.0,municipal_soma_com_carry,2513545.0,0.07956889572297293,0.039784447861486466,50.0
2011,Meningite bacteriana/outras bactérias,1 a 4 anos,7,7,0,2513545.0,municipal_soma_com_carry,2513545.0,0.2784911350304053,0.0,0.0
2011,Meningite bacteriana/outras bactérias,10 a 14 anos,3,3,0,2513545.0,municipal_soma_com_carry,2513545.0,0.11935334358445941,0.0,0.0
2011,Meningite bacteriana/outras bactérias,15 a 19 anos,5,5,0,2513545.0,municipal_soma_com_carry,2513545.0,0.19892223930743236,0.0,0.0
2011,Meningite bacteriana/outras bactérias,20 a 29 anos,4,4,0,2513545.0,municipal_soma_com_carry,2513545.0,0.15913779144594586,0.0,0.0
2011,Meningite bacteriana/outras bactérias,30 a 39 anos,3,3,1,2513545.0,municipal_soma_com_carry,2513545.0,0.11935334358445941,0.039784447861486466,33.33333333333333
2011,Meningite bacteriana/outras bactérias,40 a 49 anos,2,2,0,2513545.0,municipal_soma_com_carry,2513545.0,0.07956889572297293,0.0,0.0
2011,Meningite bacteriana/outras bactérias,5 a 9 anos,7,7,1,2513545.0,municipal_soma_com_carry,2513545.0,0.2784911350304053,0.039784447861486466,14.285714285714285
2011,Meningite bacteriana/outras bactérias,50 a 59 anos,4,4,1,2513545.0,municipal_soma_com_carry,2513545.0,0.15913779144594586,0.039784447861486466,25.0
2011,Meningite bacteriana/outras bactérias,< 1 ano,10,10,1,2513545.0,municipal_soma_com_carry,2513545.0,0.3978444786148647,0.039784447861486466,10.0
2011,Meningite bacteriana/outras bactérias,> 60 anos,6,6,1,2513545.0,municipal_soma_com_carry,2513545.0,0.23870668716891882,0.039784447861486466,16.666666666666664
2011,Meningite fúngica,20 a 29 anos,4,4,1,2513545.0,municipal_soma_com_carry,2513545.0,0.15913779144594586,0.039784447861486466,25.0
2011,Meningite fúngica,30 a 39 anos,4,4,0,2513545.0,municipal_soma_com_carry,2513545.0,0.15913779144594586,0.0,0.0
2011,Meningite fúngica,40 a 49 anos,1,1,0,2513545.0,municipal_soma_com_carry,2513545.0,0.039784447861486466,0.0,0.0
2011,Meningite fúngica,50 a 59 anos,2,2,2,2513545.0,municipal_soma_com_carry,2513545.0,0.07956889572297293,0.07956889572297293,100.0
2011,Meningite fúngica,> 60 anos,4,4,1,2513545.0,municipal_soma_com_carry,2513545.0,0.15913779144594586,0.039784447861486466,25.0
2011,Meningite não especificada,1 a 4 anos,2,2,0,2513545.0,municipal_soma_com_carry,2513545.0,0.07956889572297293,0.0,0.0
2011,Meningite não especificada,10 a 14 anos,5,5,0,2513545.0,municipal_soma_com_carry,2513545.0,0.19892223930743236,0.0,0.0
2011,Meningite não especificada,15 a 19 anos,4,4,2,2513545.0,municipal_soma_com_carry,2513545.0,0.15913779144594586,0.07956889572297293,50.0
2011,Meningite não especificada,20 a 29 anos,6,6,1,2513545.0,municipal_soma_com_carry,2513545.0,0.23870668716891882,0.039784447861486466,16.666666666666664
2011,Meningite não especificada,30 a 39 anos,7,7,1,2513545.0,municipal_soma_com_carry,2513545.0,0.2784911350304053,0.039784447861486466,14.285714285714285
2011,Meningite não especificada,40 a 49 anos,2,2,1,2513545.0,municipal_soma_com_carry,2513545.0,0.07956889572297293,0.039784447861486466,50.0
2011,Meningite não especificada,5 a 9 anos,8,8,0,2513545.0,municipal_soma_com_carry,2513545.0,0.31827558289189173,0.0,0.0
2011,Meningite não especificada,50 a 59 anos,3,3,0,2513545.0,municipal_soma_com_carry,2513545.0,0.11935334358445941,0.0,0.0
2011,Meningite não especificada,< 1 ano,6,6,0,2513545.0,municipal_soma_com_carry,2513545.0,0.23870668716891882,0.0,0.0
2011,Meningite não especificada,> 60 anos,2,2,0,2513545.0,municipal_soma_com_carry,2513545.0,0.07956889572297293,0.0,0.0
2011,Meningite pneumocócica,10 a 14 anos,3,3,2,2513545.0,municipal_soma_com_carry,2513545.0,0.11935334358445941,0.07956889572297293,66.66666666666666
2011,Meningite pneumocócica,20 a 29 anos,3,3,1,2513545.0,municipal_soma_com_carry,2513545.0,0.11935334358445941,0.039784447861486466,33.33333333333333
2011,Meningite pneumocócica,30 a 39 anos,3,3,1,2513545.0,municipal_soma_com_carry,2513545.0,0.11935334358445941,0.039784447861486466,33.33333333333333
2011,Meningite pneumocócica,40 a 49 anos,2,2,2,2513545.0,municipal_soma_com_carry,2513545.0,0.07956889572297293,0.07956889572297293,100.0
2011,Meningite pneumocócica,5 a 9 anos,1,1,0,2513545.0,municipal_soma_com_carry,2513545.0,0.039784447861486466,0.0,0.0
2011,Meningite pneumocócica,50 a 59 anos,2,2,1,2513545.0,municipal_soma_com_carry,2513545.0,0.07956889572297293,0.039784447861486466,50.0
2011,Meningite pneumocócica,> 60 anos,1,1,0,2513545.0,municipal_soma_com_carry,2513545.0,0.039784447861486466,0.0,0.0
2011,Meningite por Hib/Hemófilo,< 1 ano,3,3,0,2513545.0,municipal_soma_com_carry,2513545.0,0.11935334358445941,0.0,0.0
2011,Meningite tuberculosa,40 a 49 anos,1,1,0,2513545.0,municipal_soma_com_carry,2513545.0,0.039784447861486466,0.0,0.0
2011,Meningite viral/asséptica,1 a 4 anos,13,13,0,2513545.0,municipal_soma_com_carry,2513545.0,0.5171978221993241,0.0,0.0
2011,Meningite viral/asséptica,10 a 14 anos,7,7,1,2513545.0,municipal_soma_com_carry,2513545.0,0.2784911350304053,0.039784447861486466,14.285714285714285
2011,Meningite viral/asséptica,15 a 19 anos,5,5,0,2513545.0,municipal_soma_com_carry,2513545.0,0.19892223930743236,0.0,0.0
2011,Meningite viral/asséptica,20 a 29 anos,9,9,0,2513545.0,municipal_soma_com_carry,2513545.0,0.3580600307533782,0.0,0.0
2011,Meningite viral/asséptica,30 a 39 anos,2,2,0,2513545.0,municipal_soma_com_carry,2513545.0,0.07956889572297293,0.0,0.0
2011,Meningite viral/asséptica,40 a 49 anos,2,2,0,2513545.0,municipal_soma_com_carry,2513545.0,0.07956889572297293,0.0,0.0
2011,Meningite viral/asséptica,5 a 9 anos,13,13,0,2513545.0,municipal_soma_com_carry,2513545.0,0.5171978221993241,0.0,0.0
2011,Meningite viral/asséptica,50 a 59 anos,3,3,0,2513545.0,municipal_soma_com_carry,2513545.0,0.11935334358445941,0.0,0.0
2011,Meningite viral/asséptica,< 1 ano,12,12,0,2513545.0,municipal_soma_com_carry,2513545.0,0.47741337433783765,0.0,0.0
2011,Meningite viral/asséptica,> 60 anos,1,1,0,2513545.0,municipal_soma_com_carry,2513545.0,0.039784447861486466,0.0,0.0
2011,Outras etiologias,15 a 19 anos,2,2,1,2513545.0,municipal_soma_com_carry,2513545.0,0.07956889572297293,0.039784447861486466,50.0
2011,Outras etiologias,20 a 29 anos,1,1,0,2513545.0,municipal_soma_com_carry,2513545.0,0.039784447861486466,0.0,0.0
2011,Outras etiologias,40 a 49 anos,3,3,0,2513545.0,municipal_soma_com_carry,2513545.0,0.11935334358445941,0.0,0.0
2011,Outras etiologias,50 a 59 anos,2,2,0,2513545.0,municipal_soma_com_carry,2513545.0,0.07956889572297293,0.0,0.0
2011,Outras etiologias,> 60 anos,1,1,0,2513545.0,municipal_soma_com_carry,2513545.0,0.039784447861486466,0.0,0.0
2012,Doença meningocócica,1 a 4 anos,5,5,3,2484818.0,municipal_soma_com_carry,2484818.0,0.2012219808452772,0.12073318850716633,60.0
2012,Doença meningocócica,10 a 14 anos,8,8,0,2484818.0,municipal_soma_com_carry,2484818.0,0.3219551693524435,0.0,0.0
2012,Doença meningocócica,15 a 19 anos,6,6,1,2484818.0,municipal_soma_com_carry,2484818.0,0.24146637701433266,0.04024439616905544,16.666666666666664
2012,Doença meningocócica,20 a 29 anos,8,8,2,2484818.0,municipal_soma_com_carry,2484818.0,0.3219551693524435,0.08048879233811088,25.0
2012,Doença meningocócica,30 a 39 anos,2,2,0,2484818.0,municipal_soma_com_carry,2484818.0,0.08048879233811088,0.0,0.0
2012,Doença meningocócica,40 a 49 anos,2,2,0,2484818.0,municipal_soma_com_carry,2484818.0,0.08048879233811088,0.0,0.0
2012,Doença meningocócica,5 a 9 anos,3,3,2,2484818.0,municipal_soma_com_carry,2484818.0,0.12073318850716633,0.08048879233811088,66.66666666666666
2012,Doença meningocócica,50 a 59 anos,1,1,0,2484818.0,municipal_soma_com_carry,2484818.0,0.04024439616905544,0.0,0.0
2012,Doença meningocócica,< 1 ano,2,2,1,2484818.0,municipal_soma_com_carry,2484818.0,0.08048879233811088,0.04024439616905544,50.0
2012,Doença meningocócica,> 60 anos,1,1,1,2484818.0,municipal_soma_com_carry,2484818.0,0.04024439616905544,0.04024439616905544,100.0
2012,Meningite bacteriana/outras bactérias,1 a 4 anos,2,2,0,2484818.0,municipal_soma_com_carry,2484818.0,0.08048879233811088,0.0,0.0
2012,Meningite bacteriana/outras bactérias,10 a 14 anos,5,5,0,2484818.0,municipal_soma_com_carry,2484818.0,0.2012219808452772,0.0,0.0
2012,Meningite bacteriana/outras bactérias,15 a 19 anos,1,1,0,2484818.0,municipal_soma_com_carry,2484818.0,0.04024439616905544,0.0,0.0
2012,Meningite bacteriana/outras bactérias,20 a 29 anos,3,3,0,2484818.0,municipal_soma_com_carry,2484818.0,0.12073318850716633,0.0,0.0
2012,Meningite bacteriana/outras bactérias,30 a 39 anos,3,3,0,2484818.0,municipal_soma_com_carry,2484818.0,0.12073318850716633,0.0,0.0
2012,Meningite bacteriana/outras bactérias,40 a 49 anos,6,6,1,2484818.0,municipal_soma_com_carry,2484818.0,0.24146637701433266,0.04024439616905544,16.666666666666664
2012,Meningite bacteriana/outras bactérias,5 a 9 anos,3,3,0,2484818.0,municipal_soma_com_carry,2484818.0,0.12073318850716633,0.0,0.0
2012,Meningite bacteriana/outras bactérias,50 a 59 anos,4,4,2,2484818.0,municipal_soma_com_carry,2484818.0,0.16097758467622175,0.08048879233811088,50.0
2012,Meningite bacteriana/outras bactérias,< 1 ano,10,10,1,2484818.0,municipal_soma_com_carry,2484818.0,0.4024439616905544,0.04024439616905544,10.0
2012,Meningite bacteriana/outras bactérias,> 60 anos,2,2,0,2484818.0,municipal_soma_com_carry,2484818.0,0.08048879233811088,0.0,0.0
2012,Meningite fúngica,10 a 14 anos,1,1,0,2484818.0,municipal_soma_com_carry,2484818.0,0.04024439616905544,0.0,0.0
2012,Meningite fúngica,20 a 29 anos,2,2,0,2484818.0,municipal_soma_com_carry,2484818.0,0.08048879233811088,0.0,0.0
2012,Meningite fúngica,30 a 39 anos,5,5,1,2484818.0,municipal_soma_com_carry,2484818.0,0.2012219808452772,0.04024439616905544,20.0
2012,Meningite fúngica,40 a 49 anos,1,1,0,2484818.0,municipal_soma_com_carry,2484818.0,0.04024439616905544,0.0,0.0
2012,Meningite fúngica,50 a 59 anos,1,1,0,2484818.0,municipal_soma_com_carry,2484818.0,0.04024439616905544,0.0,0.0
2012,Meningite fúngica,> 60 anos,1,1,0,2484818.0,municipal_soma_com_carry,2484818.0,0.04024439616905544,0.0,0.0
2012,Meningite não especificada,1 a 4 anos,6,6,0,2484818.0,municipal_soma_com_carry,2484818.0,0.24146637701433266,0.0,0.0
2012,Meningite não especificada,10 a 14 anos,4,4,0,2484818.0,municipal_soma_com_carry,2484818.0,0.16097758467622175,0.0,0.0
2012,Meningite não especificada,20 a 29 anos,9,9,1,2484818.0,municipal_soma_com_carry,2484818.0,0.36219956552149896,0.04024439616905544,11.11111111111111
2012,Meningite não especificada,30 a 39 anos,3,3,0,2484818.0,municipal_soma_com_carry,2484818.0,0.12073318850716633,0.0,0.0
2012,Meningite não especificada,40 a 49 anos,6,6,0,2484818.0,municipal_soma_com_carry,2484818.0,0.24146637701433266,0.0,0.0
2012,Meningite não especificada,5 a 9 anos,5,5,0,2484818.0,municipal_soma_com_carry,2484818.0,0.2012219808452772,0.0,0.0
2012,Meningite não especificada,50 a 59 anos,2,2,0,2484818.0,municipal_soma_com_carry,2484818.0,0.08048879233811088,0.0,0.0
2012,Meningite não especificada,< 1 ano,8,8,1,2484818.0,municipal_soma_com_carry,2484818.0,0.3219551693524435,0.04024439616905544,12.5
2012,Meningite não especificada,> 60 anos,4,4,2,2484818.0,municipal_soma_com_carry,2484818.0,0.16097758467622175,0.08048879233811088,50.0
2012,Meningite pneumocócica,10 a 14 anos,1,1,0,2484818.0,municipal_soma_com_carry,2484818.0,0.04024439616905544,0.0,0.0
2012,Meningite pneumocócica,20 a 29 anos,1,1,0,2484818.0,municipal_soma_com_carry,2484818.0,0.04024439616905544,0.0,0.0
2012,Meningite pneumocócica,30 a 39 anos,1,1,0,2484818.0,municipal_soma_com_carry,2484818.0,0.04024439616905544,0.0,0.0
2012,Meningite pneumocócica,40 a 49 anos,1,1,0,2484818.0,municipal_soma_com_carry,2484818.0,0.04024439616905544,0.0,0.0
2012,Meningite pneumocócica,5 a 9 anos,1,1,1,2484818.0,municipal_soma_com_carry,2484818.0,0.04024439616905544,0.04024439616905544,100.0
2012,Meningite pneumocócica,50 a 59 anos,4,4,2,2484818.0,municipal_soma_com_carry,2484818.0,0.16097758467622175,0.08048879233811088,50.0
2012,Meningite pneumocócica,< 1 ano,2,2,1,2484818.0,municipal_soma_com_carry,2484818.0,0.08048879233811088,0.04024439616905544,50.0
2012,Meningite pneumocócica,> 60 anos,2,2,0,2484818.0,municipal_soma_com_carry,2484818.0,0.08048879233811088,0.0,0.0
2012,Meningite tuberculosa,20 a 29 anos,1,1,1,2484818.0,municipal_soma_com_carry,2484818.0,0.04024439616905544,0.04024439616905544,100.0
2012,Meningite tuberculosa,> 60 anos,1,1,0,2484818.0,municipal_soma_com_carry,2484818.0,0.04024439616905544,0.0,0.0
2012,Meningite viral/asséptica,1 a 4 anos,20,20,1,2484818.0,municipal_soma_com_carry,2484818.0,0.8048879233811088,0.04024439616905544,5.0
2012,Meningite viral/asséptica,10 a 14 anos,7,7,0,2484818.0,municipal_soma_com_carry,2484818.0,0.2817107731833881,0.0,0.0
2012,Meningite viral/asséptica,15 a 19 anos,10,10,0,2484818.0,municipal_soma_com_carry,2484818.0,0.4024439616905544,0.0,0.0
2012,Meningite viral/asséptica,20 a 29 anos,8,8,1,2484818.0,municipal_soma_com_carry,2484818.0,0.3219551693524435,0.04024439616905544,12.5
2012,Meningite viral/asséptica,30 a 39 anos,7,7,0,2484818.0,municipal_soma_com_carry,2484818.0,0.2817107731833881,0.0,0.0
2012,Meningite viral/asséptica,40 a 49 anos,4,4,0,2484818.0,municipal_soma_com_carry,2484818.0,0.16097758467622175,0.0,0.0
2012,Meningite viral/asséptica,5 a 9 anos,16,16,0,2484818.0,municipal_soma_com_carry,2484818.0,0.643910338704887,0.0,0.0
2012,Meningite viral/asséptica,50 a 59 anos,3,3,0,2484818.0,municipal_soma_com_carry,2484818.0,0.12073318850716633,0.0,0.0
2012,Meningite viral/asséptica,< 1 ano,11,11,0,2484818.0,municipal_soma_com_carry,2484818.0,0.4426883578596098,0.0,0.0
2012,Meningite viral/asséptica,> 60 anos,1,1,0,2484818.0,municipal_soma_com_carry,2484818.0,0.04024439616905544,0.0,0.0
2012,Outras etiologias,10 a 14 anos,2,2,0,2484818.0,municipal_soma_com_carry,2484818.0,0.08048879233811088,0.0,0.0
2012,Outras etiologias,15 a 19 anos,1,1,0,2484818.0,municipal_soma_com_carry,2484818.0,0.04024439616905544,0.0,0.0
2012,Outras etiologias,30 a 39 anos,2,2,1,2484818.0,municipal_soma_com_carry,2484818.0,0.08048879233811088,0.04024439616905544,50.0
2012,Outras etiologias,40 a 49 anos,2,2,0,2484818.0,municipal_soma_com_carry,2484818.0,0.08048879233811088,0.0,0.0
2012,Outras etiologias,5 a 9 anos,1,1,0,2484818.0,municipal_soma_com_carry,2484818.0,0.04024439616905544,0.0,0.0
2012,Outras etiologias,< 1 ano,1,1,0,2484818.0,municipal_soma_com_carry,2484818.0,0.04024439616905544,0.0,0.0
2013,Doença meningocócica,1 a 4 anos,4,4,1,2569358.0,municipal_soma_com_carry,2569358.0,0.15568091328650968,0.03892022832162742,25.0
2013,Doença meningocócica,10 a 14 anos,2,2,1,2569358.0,municipal_soma_com_carry,2569358.0,0.07784045664325484,0.03892022832162742,50.0
2013,Doença meningocócica,15 a 19 anos,7,7,2,2569358.0,municipal_soma_com_carry,2569358.0,0.27244159825139197,0.07784045664325484,28.57142857142857
2013,Doença meningocócica,20 a 29 anos,8,8,3,2569358.0,municipal_soma_com_carry,2569358.0,0.31136182657301936,0.11676068496488227,37.5
2013,Doença meningocócica,30 a 39 anos,1,1,0,2569358.0,municipal_soma_com_carry,2569358.0,0.03892022832162742,0.0,0.0
2013,Doença meningocócica,40 a 49 anos,2,2,2,2569358.0,municipal_soma_com_carry,2569358.0,0.07784045664325484,0.07784045664325484,100.0
2013,Doença meningocócica,5 a 9 anos,5,5,1,2569358.0,municipal_soma_com_carry,2569358.0,0.19460114160813716,0.03892022832162742,20.0
2013,Doença meningocócica,50 a 59 anos,2,2,1,2569358.0,municipal_soma_com_carry,2569358.0,0.07784045664325484,0.03892022832162742,50.0
2013,Doença meningocócica,< 1 ano,2,2,2,2569358.0,municipal_soma_com_carry,2569358.0,0.07784045664325484,0.07784045664325484,100.0
2013,Doença meningocócica,> 60 anos,1,1,0,2569358.0,municipal_soma_com_carry,2569358.0,0.03892022832162742,0.0,0.0
2013,Meningite bacteriana/outras bactérias,1 a 4 anos,4,4,0,2569358.0,municipal_soma_com_carry,2569358.0,0.15568091328650968,0.0,0.0
2013,Meningite bacteriana/outras bactérias,10 a 14 anos,2,2,1,2569358.0,municipal_soma_com_carry,2569358.0,0.07784045664325484,0.03892022832162742,50.0
2013,Meningite bacteriana/outras bactérias,15 a 19 anos,4,4,0,2569358.0,municipal_soma_com_carry,2569358.0,0.15568091328650968,0.0,0.0
2013,Meningite bacteriana/outras bactérias,20 a 29 anos,3,3,1,2569358.0,municipal_soma_com_carry,2569358.0,0.11676068496488227,0.03892022832162742,33.33333333333333
2013,Meningite bacteriana/outras bactérias,30 a 39 anos,3,3,1,2569358.0,municipal_soma_com_carry,2569358.0,0.11676068496488227,0.03892022832162742,33.33333333333333
2013,Meningite bacteriana/outras bactérias,40 a 49 anos,4,4,0,2569358.0,municipal_soma_com_carry,2569358.0,0.15568091328650968,0.0,0.0
2013,Meningite bacteriana/outras bactérias,5 a 9 anos,3,3,0,2569358.0,municipal_soma_com_carry,2569358.0,0.11676068496488227,0.0,0.0
2013,Meningite bacteriana/outras bactérias,50 a 59 anos,1,1,0,2569358.0,municipal_soma_com_carry,2569358.0,0.03892022832162742,0.0,0.0
2013,Meningite bacteriana/outras bactérias,< 1 ano,5,5,1,2569358.0,municipal_soma_com_carry,2569358.0,0.19460114160813716,0.03892022832162742,20.0
2013,Meningite bacteriana/outras bactérias,> 60 anos,4,4,1,2569358.0,municipal_soma_com_carry,2569358.0,0.15568091328650968,0.03892022832162742,25.0
2013,Meningite fúngica,1 a 4 anos,1,1,0,2569358.0,municipal_soma_com_carry,2569358.0,0.03892022832162742,0.0,0.0
2013,Meningite fúngica,20 a 29 anos,3,3,1,2569358.0,municipal_soma_com_carry,2569358.0,0.11676068496488227,0.03892022832162742,33.33333333333333
2013,Meningite fúngica,30 a 39 anos,1,1,0,2569358.0,municipal_soma_com_carry,2569358.0,0.03892022832162742,0.0,0.0
2013,Meningite fúngica,40 a 49 anos,3,3,2,2569358.0,municipal_soma_com_carry,2569358.0,0.11676068496488227,0.07784045664325484,66.66666666666666
2013,Meningite fúngica,50 a 59 anos,1,1,1,2569358.0,municipal_soma_com_carry,2569358.0,0.03892022832162742,0.03892022832162742,100.0
2013,Meningite fúngica,> 60 anos,1,1,0,2569358.0,municipal_soma_com_carry,2569358.0,0.03892022832162742,0.0,0.0
2013,Meningite não especificada,1 a 4 anos,12,12,0,2569358.0,municipal_soma_com_carry,2569358.0,0.4670427398595291,0.0,0.0
2013,Meningite não especificada,10 a 14 anos,7,7,0,2569358.0,municipal_soma_com_carry,2569358.0,0.27244159825139197,0.0,0.0
2013,Meningite não especificada,15 a 19 anos,6,6,1,2569358.0,municipal_soma_com_carry,2569358.0,0.23352136992976455,0.03892022832162742,16.666666666666664
2013,Meningite não especificada,20 a 29 anos,5,5,0,2569358.0,municipal_soma_com_carry,2569358.0,0.19460114160813716,0.0,0.0
2013,Meningite não especificada,30 a 39 anos,4,4,0,2569358.0,municipal_soma_com_carry,2569358.0,0.15568091328650968,0.0,0.0
2013,Meningite não especificada,40 a 49 anos,10,10,0,2569358.0,municipal_soma_com_carry,2569358.0,0.3892022832162743,0.0,0.0
2013,Meningite não especificada,5 a 9 anos,11,11,2,2569358.0,municipal_soma_com_carry,2569358.0,0.4281225115379017,0.07784045664325484,18.181818181818183
2013,Meningite não especificada,50 a 59 anos,3,3,1,2569358.0,municipal_soma_com_carry,2569358.0,0.11676068496488227,0.03892022832162742,33.33333333333333
2013,Meningite não especificada,< 1 ano,8,8,1,2569358.0,municipal_soma_com_carry,2569358.0,0.31136182657301936,0.03892022832162742,12.5
2013,Meningite pneumocócica,1 a 4 anos,2,2,0,2569358.0,municipal_soma_com_carry,2569358.0,0.07784045664325484,0.0,0.0
2013,Meningite pneumocócica,10 a 14 anos,1,1,0,2569358.0,municipal_soma_com_carry,2569358.0,0.03892022832162742,0.0,0.0
2013,Meningite pneumocócica,15 a 19 anos,1,1,0,2569358.0,municipal_soma_com_carry,2569358.0,0.03892022832162742,0.0,0.0
2013,Meningite pneumocócica,20 a 29 anos,3,3,0,2569358.0,municipal_soma_com_carry,2569358.0,0.11676068496488227,0.0,0.0
2013,Meningite pneumocócica,30 a 39 anos,1,1,0,2569358.0,municipal_soma_com_carry,2569358.0,0.03892022832162742,0.0,0.0
2013,Meningite pneumocócica,40 a 49 anos,2,2,0,2569358.0,municipal_soma_com_carry,2569358.0,0.07784045664325484,0.0,0.0
2013,Meningite pneumocócica,5 a 9 anos,1,1,0,2569358.0,municipal_soma_com_carry,2569358.0,0.03892022832162742,0.0,0.0
2013,Meningite pneumocócica,50 a 59 anos,4,4,2,2569358.0,municipal_soma_com_carry,2569358.0,0.15568091328650968,0.07784045664325484,50.0
2013,Meningite pneumocócica,< 1 ano,3,3,0,2569358.0,municipal_soma_com_carry,2569358.0,0.11676068496488227,0.0,0.0
2013,Meningite pneumocócica,> 60 anos,2,2,0,2569358.0,municipal_soma_com_carry,2569358.0,0.07784045664325484,0.0,0.0
2013,Meningite viral/asséptica,1 a 4 anos,12,12,0,2569358.0,municipal_soma_com_carry,2569358.0,0.4670427398595291,0.0,0.0
2013,Meningite viral/asséptica,10 a 14 anos,15,15,1,2569358.0,municipal_soma_com_carry,2569358.0,0.5838034248244114,0.03892022832162742,6.666666666666667
2013,Meningite viral/asséptica,15 a 19 anos,5,5,0,2569358.0,municipal_soma_com_carry,2569358.0,0.19460114160813716,0.0,0.0
2013,Meningite viral/asséptica,20 a 29 anos,7,7,1,2569358.0,municipal_soma_com_carry,2569358.0,0.27244159825139197,0.03892022832162742,14.285714285714285
2013,Meningite viral/asséptica,30 a 39 anos,8,8,0,2569358.0,municipal_soma_com_carry,2569358.0,0.31136182657301936,0.0,0.0
2013,Meningite viral/asséptica,40 a 49 anos,7,7,1,2569358.0,municipal_soma_com_carry,2569358.0,0.27244159825139197,0.03892022832162742,14.285714285714285
2013,Meningite viral/asséptica,5 a 9 anos,17,17,0,2569358.0,municipal_soma_com_carry,2569358.0,0.6616438814676663,0.0,0.0
2013,Meningite viral/asséptica,50 a 59 anos,1,1,0,2569358.0,municipal_soma_com_carry,2569358.0,0.03892022832162742,0.0,0.0
2013,Meningite viral/asséptica,< 1 ano,6,6,0,2569358.0,municipal_soma_com_carry,2569358.0,0.23352136992976455,0.0,0.0
2013,Meningite viral/asséptica,> 60 anos,2,2,0,2569358.0,municipal_soma_com_carry,2569358.0,0.07784045664325484,0.0,0.0
2013,Outras etiologias,1 a 4 anos,1,1,0,2569358.0,municipal_soma_com_carry,2569358.0,0.03892022832162742,0.0,0.0
2013,Outras etiologias,30 a 39 anos,2,2,0,2569358.0,municipal_soma_com_carry,2569358.0,0.07784045664325484,0.0,0.0
2013,Outras etiologias,5 a 9 anos,1,1,0,2569358.0,municipal_soma_com_carry,2569358.0,0.03892022832162742,0.0,0.0
2013,Outras etiologias,50 a 59 anos,1,1,0,2569358.0,municipal_soma_com_carry,2569358.0,0.03892022832162742,0.0,0.0
2013,Outras etiologias,> 60 anos,1,1,0,2569358.0,municipal_soma_com_carry,2569358.0,0.03892022832162742,0.0,0.0
2014,Doença meningocócica,1 a 4 anos,1,1,0,2651551.0,municipal_soma_com_carry,2651551.0,0.03771377582403657,0.0,0.0
2014,Doença meningocócica,10 a 14 anos,4,4,0,2651551.0,municipal_soma_com_carry,2651551.0,0.1508551032961463,0.0,0.0
2014,Doença meningocócica,15 a 19 anos,1,1,1,2651551.0,municipal_soma_com_carry,2651551.0,0.03771377582403657,0.03771377582403657,100.0
2014,Doença meningocócica,20 a 29 anos,1,1,0,2651551.0,municipal_soma_com_carry,2651551.0,0.03771377582403657,0.0,0.0
2014,Doença meningocócica,30 a 39 anos,4,4,0,2651551.0,municipal_soma_com_carry,2651551.0,0.1508551032961463,0.0,0.0
2014,Doença meningocócica,40 a 49 anos,2,2,2,2651551.0,municipal_soma_com_carry,2651551.0,0.07542755164807315,0.07542755164807315,100.0
2014,Doença meningocócica,5 a 9 anos,2,2,0,2651551.0,municipal_soma_com_carry,2651551.0,0.07542755164807315,0.0,0.0
2014,Doença meningocócica,< 1 ano,2,2,1,2651551.0,municipal_soma_com_carry,2651551.0,0.07542755164807315,0.03771377582403657,50.0
2014,Doença meningocócica,> 60 anos,1,1,0,2651551.0,municipal_soma_com_carry,2651551.0,0.03771377582403657,0.0,0.0
2014,Meningite bacteriana/outras bactérias,1 a 4 anos,7,7,0,2651551.0,municipal_soma_com_carry,2651551.0,0.263996430768256,0.0,0.0
2014,Meningite bacteriana/outras bactérias,10 a 14 anos,2,2,1,2651551.0,municipal_soma_com_carry,2651551.0,0.07542755164807315,0.03771377582403657,50.0
2014,Meningite bacteriana/outras bactérias,15 a 19 anos,2,2,0,2651551.0,municipal_soma_com_carry,2651551.0,0.07542755164807315,0.0,0.0
2014,Meningite bacteriana/outras bactérias,20 a 29 anos,1,1,0,2651551.0,municipal_soma_com_carry,2651551.0,0.03771377582403657,0.0,0.0
2014,Meningite bacteriana/outras bactérias,40 a 49 anos,2,2,0,2651551.0,municipal_soma_com_carry,2651551.0,0.07542755164807315,0.0,0.0
2014,Meningite bacteriana/outras bactérias,5 a 9 anos,2,2,0,2651551.0,municipal_soma_com_carry,2651551.0,0.07542755164807315,0.0,0.0
2014,Meningite bacteriana/outras bactérias,50 a 59 anos,6,6,1,2651551.0,municipal_soma_com_carry,2651551.0,0.22628265494421942,0.03771377582403657,16.666666666666664
2014,Meningite bacteriana/outras bactérias,< 1 ano,3,3,1,2651551.0,municipal_soma_com_carry,2651551.0,0.11314132747210971,0.03771377582403657,33.33333333333333
2014,Meningite bacteriana/outras bactérias,> 60 anos,3,3,0,2651551.0,municipal_soma_com_carry,2651551.0,0.11314132747210971,0.0,0.0
2014,Meningite fúngica,40 a 49 anos,2,2,0,2651551.0,municipal_soma_com_carry,2651551.0,0.07542755164807315,0.0,0.0
2014,Meningite fúngica,5 a 9 anos,1,1,1,2651551.0,municipal_soma_com_carry,2651551.0,0.03771377582403657,0.03771377582403657,100.0
2014,Meningite fúngica,50 a 59 anos,2,2,0,2651551.0,municipal_soma_com_carry,2651551.0,0.07542755164807315,0.0,0.0
2014,Meningite fúngica,< 1 ano,1,1,0,2651551.0,municipal_soma_com_carry,2651551.0,0.03771377582403657,0.0,0.0
2014,Meningite fúngica,> 60 anos,1,1,0,2651551.0,municipal_soma_com_carry,2651551.0,0.03771377582403657,0.0,0.0
2014,Meningite não especificada,1 a 4 anos,3,3,0,2651551.0,municipal_soma_com_carry,2651551.0,0.11314132747210971,0.0,0.0
2014,Meningite não especificada,10 a 14 anos,5,5,0,2651551.0,municipal_soma_com_carry,2651551.0,0.18856887912018286,0.0,0.0
2014,Meningite não especificada,15 a 19 anos,5,5,1,2651551.0,municipal_soma_com_carry,2651551.0,0.18856887912018286,0.03771377582403657,20.0
2014,Meningite não especificada,20 a 29 anos,5,5,0,2651551.0,municipal_soma_com_carry,2651551.0,0.18856887912018286,0.0,0.0
2014,Meningite não especificada,30 a 39 anos,5,5,0,2651551.0,municipal_soma_com_carry,2651551.0,0.18856887912018286,0.0,0.0
2014,Meningite não especificada,40 a 49 anos,7,7,1,2651551.0,municipal_soma_com_carry,2651551.0,0.263996430768256,0.03771377582403657,14.285714285714285
2014,Meningite não especificada,5 a 9 anos,8,8,0,2651551.0,municipal_soma_com_carry,2651551.0,0.3017102065922926,0.0,0.0
2014,Meningite não especificada,< 1 ano,5,5,1,2651551.0,municipal_soma_com_carry,2651551.0,0.18856887912018286,0.03771377582403657,20.0
2014,Meningite não especificada,> 60 anos,4,4,1,2651551.0,municipal_soma_com_carry,2651551.0,0.1508551032961463,0.03771377582403657,25.0
2014,Meningite pneumocócica,15 a 19 anos,1,1,0,2651551.0,municipal_soma_com_carry,2651551.0,0.03771377582403657,0.0,0.0
2014,Meningite pneumocócica,20 a 29 anos,1,1,0,2651551.0,municipal_soma_com_carry,2651551.0,0.03771377582403657,0.0,0.0
2014,Meningite pneumocócica,30 a 39 anos,3,3,0,2651551.0,municipal_soma_com_carry,2651551.0,0.11314132747210971,0.0,0.0
2014,Meningite pneumocócica,40 a 49 anos,4,4,0,2651551.0,municipal_soma_com_carry,2651551.0,0.1508551032961463,0.0,0.0
2014,Meningite pneumocócica,5 a 9 anos,2,2,0,2651551.0,municipal_soma_com_carry,2651551.0,0.07542755164807315,0.0,0.0
2014,Meningite pneumocócica,50 a 59 anos,1,1,0,2651551.0,municipal_soma_com_carry,2651551.0,0.03771377582403657,0.0,0.0
2014,Meningite pneumocócica,< 1 ano,3,3,0,2651551.0,municipal_soma_com_carry,2651551.0,0.11314132747210971,0.0,0.0
2014,Meningite pneumocócica,> 60 anos,3,3,2,2651551.0,municipal_soma_com_carry,2651551.0,0.11314132747210971,0.07542755164807315,66.66666666666666
2014,Meningite tuberculosa,40 a 49 anos,1,1,0,2651551.0,municipal_soma_com_carry,2651551.0,0.03771377582403657,0.0,0.0
2014,Meningite viral/asséptica,1 a 4 anos,21,21,0,2651551.0,municipal_soma_com_carry,2651551.0,0.7919892923047681,0.0,0.0
2014,Meningite viral/asséptica,10 a 14 anos,6,6,0,2651551.0,municipal_soma_com_carry,2651551.0,0.22628265494421942,0.0,0.0
2014,Meningite viral/asséptica,15 a 19 anos,5,5,0,2651551.0,municipal_soma_com_carry,2651551.0,0.18856887912018286,0.0,0.0
2014,Meningite viral/asséptica,20 a 29 anos,8,8,1,2651551.0,municipal_soma_com_carry,2651551.0,0.3017102065922926,0.03771377582403657,12.5
2014,Meningite viral/asséptica,30 a 39 anos,8,8,0,2651551.0,municipal_soma_com_carry,2651551.0,0.3017102065922926,0.0,0.0
2014,Meningite viral/asséptica,40 a 49 anos,6,6,0,2651551.0,municipal_soma_com_carry,2651551.0,0.22628265494421942,0.0,0.0
2014,Meningite viral/asséptica,5 a 9 anos,24,24,0,2651551.0,municipal_soma_com_carry,2651551.0,0.9051306197768777,0.0,0.0
2014,Meningite viral/asséptica,50 a 59 anos,3,3,0,2651551.0,municipal_soma_com_carry,2651551.0,0.11314132747210971,0.0,0.0
2014,Meningite viral/asséptica,< 1 ano,9,9,0,2651551.0,municipal_soma_com_carry,2651551.0,0.33942398241632915,0.0,0.0
2014,Meningite viral/asséptica,> 60 anos,4,4,0,2651551.0,municipal_soma_com_carry,2651551.0,0.1508551032961463,0.0,0.0
2014,Outras etiologias,20 a 29 anos,1,1,0,2651551.0,municipal_soma_com_carry,2651551.0,0.03771377582403657,0.0,0.0
2014,Outras etiologias,30 a 39 anos,3,3,0,2651551.0,municipal_soma_com_carry,2651551.0,0.11314132747210971,0.0,0.0
2014,Outras etiologias,40 a 49 anos,1,1,0,2651551.0,municipal_soma_com_carry,2651551.0,0.03771377582403657,0.0,0.0
2014,Outras etiologias,5 a 9 anos,1,1,0,2651551.0,municipal_soma_com_carry,2651551.0,0.03771377582403657,0.0,0.0
2014,Outras etiologias,< 1 ano,1,1,0,2651551.0,municipal_soma_com_carry,2651551.0,0.03771377582403657,0.0,0.0
2014,Outras etiologias,> 60 anos,1,1,0,2651551.0,municipal_soma_com_carry,2651551.0,0.03771377582403657,0.0,0.0
2015,Doença meningocócica,10 a 14 anos,3,3,0,2683042.0,municipal_soma_com_carry,2683042.0,0.11181338197463925,0.0,0.0
2015,Doença meningocócica,15 a 19 anos,2,2,0,2683042.0,municipal_soma_com_carry,2683042.0,0.0745422546497595,0.0,0.0
2015,Doença meningocócica,20 a 29 anos,1,1,0,2683042.0,municipal_soma_com_carry,2683042.0,0.03727112732487975,0.0,0.0
2015,Doença meningocócica,30 a 39 anos,4,4,2,2683042.0,municipal_soma_com_carry,2683042.0,0.149084509299519,0.0745422546497595,50.0
2015,Doença meningocócica,40 a 49 anos,1,1,0,2683042.0,municipal_soma_com_carry,2683042.0,0.03727112732487975,0.0,0.0
2015,Doença meningocócica,5 a 9 anos,2,2,0,2683042.0,municipal_soma_com_carry,2683042.0,0.0745422546497595,0.0,0.0
2015,Doença meningocócica,50 a 59 anos,2,2,0,2683042.0,municipal_soma_com_carry,2683042.0,0.0745422546497595,0.0,0.0
2015,Doença meningocócica,< 1 ano,2,2,1,2683042.0,municipal_soma_com_carry,2683042.0,0.0745422546497595,0.03727112732487975,50.0
2015,Meningite bacteriana/outras bactérias,1 a 4 anos,2,2,0,2683042.0,municipal_soma_com_carry,2683042.0,0.0745422546497595,0.0,0.0
2015,Meningite bacteriana/outras bactérias,10 a 14 anos,2,2,1,2683042.0,municipal_soma_com_carry,2683042.0,0.0745422546497595,0.03727112732487975,50.0
2015,Meningite bacteriana/outras bactérias,15 a 19 anos,4,4,1,2683042.0,municipal_soma_com_carry,2683042.0,0.149084509299519,0.03727112732487975,25.0
2015,Meningite bacteriana/outras bactérias,20 a 29 anos,1,1,0,2683042.0,municipal_soma_com_carry,2683042.0,0.03727112732487975,0.0,0.0
2015,Meningite bacteriana/outras bactérias,30 a 39 anos,2,2,0,2683042.0,municipal_soma_com_carry,2683042.0,0.0745422546497595,0.0,0.0
2015,Meningite bacteriana/outras bactérias,40 a 49 anos,4,4,0,2683042.0,municipal_soma_com_carry,2683042.0,0.149084509299519,0.0,0.0
2015,Meningite bacteriana/outras bactérias,5 a 9 anos,1,1,0,2683042.0,municipal_soma_com_carry,2683042.0,0.03727112732487975,0.0,0.0
2015,Meningite bacteriana/outras bactérias,< 1 ano,4,4,1,2683042.0,municipal_soma_com_carry,2683042.0,0.149084509299519,0.03727112732487975,25.0
2015,Meningite bacteriana/outras bactérias,> 60 anos,2,2,0,2683042.0,municipal_soma_com_carry,2683042.0,0.0745422546497595,0.0,0.0
2015,Meningite fúngica,15 a 19 anos,2,2,0,2683042.0,municipal_soma_com_carry,2683042.0,0.0745422546497595,0.0,0.0
2015,Meningite fúngica,30 a 39 anos,2,2,1,2683042.0,municipal_soma_com_carry,2683042.0,0.0745422546497595,0.03727112732487975,50.0
2015,Meningite fúngica,40 a 49 anos,5,5,0,2683042.0,municipal_soma_com_carry,2683042.0,0.18635563662439872,0.0,0.0
2015,Meningite fúngica,< 1 ano,1,1,0,2683042.0,municipal_soma_com_carry,2683042.0,0.03727112732487975,0.0,0.0
2015,Meningite não especificada,1 a 4 anos,11,11,1,2683042.0,municipal_soma_com_carry,2683042.0,0.4099824005736772,0.03727112732487975,9.090909090909092
2015,Meningite não especificada,10 a 14 anos,7,7,0,2683042.0,municipal_soma_com_carry,2683042.0,0.2608978912741582,0.0,0.0
2015,Meningite não especificada,15 a 19 anos,2,2,0,2683042.0,municipal_soma_com_carry,2683042.0,0.0745422546497595,0.0,0.0
2015,Meningite não especificada,20 a 29 anos,5,5,0,2683042.0,municipal_soma_com_carry,2683042.0,0.18635563662439872,0.0,0.0
2015,Meningite não especificada,30 a 39 anos,4,4,0,2683042.0,municipal_soma_com_carry,2683042.0,0.149084509299519,0.0,0.0
2015,Meningite não especificada,40 a 49 anos,7,7,1,2683042.0,municipal_soma_com_carry,2683042.0,0.2608978912741582,0.03727112732487975,14.285714285714285
2015,Meningite não especificada,5 a 9 anos,4,4,0,2683042.0,municipal_soma_com_carry,2683042.0,0.149084509299519,0.0,0.0
2015,Meningite não especificada,50 a 59 anos,3,3,1,2683042.0,municipal_soma_com_carry,2683042.0,0.11181338197463925,0.03727112732487975,33.33333333333333
2015,Meningite não especificada,< 1 ano,11,11,2,2683042.0,municipal_soma_com_carry,2683042.0,0.4099824005736772,0.0745422546497595,18.181818181818183
2015,Meningite não especificada,> 60 anos,6,6,1,2683042.0,municipal_soma_com_carry,2683042.0,0.2236267639492785,0.03727112732487975,16.666666666666664
2015,Meningite pneumocócica,1 a 4 anos,2,2,1,2683042.0,municipal_soma_com_carry,2683042.0,0.0745422546497595,0.03727112732487975,50.0
2015,Meningite pneumocócica,15 a 19 anos,1,1,0,2683042.0,municipal_soma_com_carry,2683042.0,0.03727112732487975,0.0,0.0
2015,Meningite pneumocócica,40 a 49 anos,2,2,1,2683042.0,municipal_soma_com_carry,2683042.0,0.0745422546497595,0.03727112732487975,50.0
2015,Meningite pneumocócica,5 a 9 anos,3,3,0,2683042.0,municipal_soma_com_carry,2683042.0,0.11181338197463925,0.0,0.0
2015,Meningite pneumocócica,50 a 59 anos,1,1,1,2683042.0,municipal_soma_com_carry,2683042.0,0.03727112732487975,0.03727112732487975,100.0
2015,Meningite pneumocócica,< 1 ano,2,2,1,2683042.0,municipal_soma_com_carry,2683042.0,0.0745422546497595,0.03727112732487975,50.0
2015,Meningite por Hib/Hemófilo,< 1 ano,1,1,1,2683042.0,municipal_soma_com_carry,2683042.0,0.03727112732487975,0.03727112732487975,100.0
2015,Meningite tuberculosa,1 a 4 anos,2,2,0,2683042.0,municipal_soma_com_carry,2683042.0,0.0745422546497595,0.0,0.0
2015,Meningite tuberculosa,10 a 14 anos,1,1,0,2683042.0,municipal_soma_com_carry,2683042.0,0.03727112732487975,0.0,0.0
2015,Meningite tuberculosa,20 a 29 anos,1,1,0,2683042.0,municipal_soma_com_carry,2683042.0,0.03727112732487975,0.0,0.0
2015,Meningite tuberculosa,40 a 49 anos,1,1,0,2683042.0,municipal_soma_com_carry,2683042.0,0.03727112732487975,0.0,0.0
2015,Meningite viral/asséptica,1 a 4 anos,11,11,0,2683042.0,municipal_soma_com_carry,2683042.0,0.4099824005736772,0.0,0.0
2015,Meningite viral/asséptica,10 a 14 anos,5,5,0,2683042.0,municipal_soma_com_carry,2683042.0,0.18635563662439872,0.0,0.0
2015,Meningite viral/asséptica,15 a 19 anos,1,1,0,2683042.0,municipal_soma_com_carry,2683042.0,0.03727112732487975,0.0,0.0
2015,Meningite viral/asséptica,20 a 29 anos,2,2,0,2683042.0,municipal_soma_com_carry,2683042.0,0.0745422546497595,0.0,0.0
2015,Meningite viral/asséptica,30 a 39 anos,5,5,1,2683042.0,municipal_soma_com_carry,2683042.0,0.18635563662439872,0.03727112732487975,20.0
2015,Meningite viral/asséptica,40 a 49 anos,2,2,0,2683042.0,municipal_soma_com_carry,2683042.0,0.0745422546497595,0.0,0.0
2015,Meningite viral/asséptica,5 a 9 anos,2,2,0,2683042.0,municipal_soma_com_carry,2683042.0,0.0745422546497595,0.0,0.0
2015,Meningite viral/asséptica,50 a 59 anos,1,1,1,2683042.0,municipal_soma_com_carry,2683042.0,0.03727112732487975,0.03727112732487975,100.0
2015,Meningite viral/asséptica,< 1 ano,6,6,0,2683042.0,municipal_soma_com_carry,2683042.0,0.2236267639492785,0.0,0.0
2015,Meningite viral/asséptica,> 60 anos,1,1,0,2683042.0,municipal_soma_com_carry,2683042.0,0.03727112732487975,0.0,0.0
2015,Outras etiologias,10 a 14 anos,1,1,0,2683042.0,municipal_soma_com_carry,2683042.0,0.03727112732487975,0.0,0.0
2015,Outras etiologias,30 a 39 anos,1,1,0,2683042.0,municipal_soma_com_carry,2683042.0,0.03727112732487975,0.0,0.0
2015,Outras etiologias,50 a 59 anos,1,1,0,2683042.0,municipal_soma_com_carry,2683042.0,0.03727112732487975,0.0,0.0
2016,Doença meningocócica,15 a 19 anos,1,1,1,2669959.0,municipal_soma_com_carry,2669959.0,0.037453758653222764,0.037453758653222764,100.0
2016,Doença meningocócica,20 a 29 anos,2,2,1,2669959.0,municipal_soma_com_carry,2669959.0,0.07490751730644553,0.037453758653222764,50.0
2016,Doença meningocócica,30 a 39 anos,1,1,0,2669959.0,municipal_soma_com_carry,2669959.0,0.037453758653222764,0.0,0.0
2016,Doença meningocócica,40 a 49 anos,1,1,1,2669959.0,municipal_soma_com_carry,2669959.0,0.037453758653222764,0.037453758653222764,100.0
2016,Doença meningocócica,50 a 59 anos,1,1,0,2669959.0,municipal_soma_com_carry,2669959.0,0.037453758653222764,0.0,0.0
2016,Doença meningocócica,< 1 ano,3,3,1,2669959.0,municipal_soma_com_carry,2669959.0,0.1123612759596683,0.037453758653222764,33.33333333333333
2016,Doença meningocócica,> 60 anos,2,2,1,2669959.0,municipal_soma_com_carry,2669959.0,0.07490751730644553,0.037453758653222764,50.0
2016,Meningite bacteriana/outras bactérias,10 a 14 anos,1,1,0,2669959.0,municipal_soma_com_carry,2669959.0,0.037453758653222764,0.0,0.0
2016,Meningite bacteriana/outras bactérias,15 a 19 anos,2,2,0,2669959.0,municipal_soma_com_carry,2669959.0,0.07490751730644553,0.0,0.0
2016,Meningite bacteriana/outras bactérias,20 a 29 anos,2,2,0,2669959.0,municipal_soma_com_carry,2669959.0,0.07490751730644553,0.0,0.0
2016,Meningite bacteriana/outras bactérias,30 a 39 anos,2,2,0,2669959.0,municipal_soma_com_carry,2669959.0,0.07490751730644553,0.0,0.0
2016,Meningite bacteriana/outras bactérias,40 a 49 anos,3,3,1,2669959.0,municipal_soma_com_carry,2669959.0,0.1123612759596683,0.037453758653222764,33.33333333333333
2016,Meningite bacteriana/outras bactérias,5 a 9 anos,2,2,0,2669959.0,municipal_soma_com_carry,2669959.0,0.07490751730644553,0.0,0.0
2016,Meningite bacteriana/outras bactérias,50 a 59 anos,3,3,0,2669959.0,municipal_soma_com_carry,2669959.0,0.1123612759596683,0.0,0.0
2016,Meningite bacteriana/outras bactérias,< 1 ano,7,7,0,2669959.0,municipal_soma_com_carry,2669959.0,0.26217631057255936,0.0,0.0
2016,Meningite bacteriana/outras bactérias,> 60 anos,1,1,0,2669959.0,municipal_soma_com_carry,2669959.0,0.037453758653222764,0.0,0.0
2016,Meningite fúngica,20 a 29 anos,2,2,0,2669959.0,municipal_soma_com_carry,2669959.0,0.07490751730644553,0.0,0.0
2016,Meningite fúngica,30 a 39 anos,3,3,0,2669959.0,municipal_soma_com_carry,2669959.0,0.1123612759596683,0.0,0.0
2016,Meningite fúngica,40 a 49 anos,2,2,0,2669959.0,municipal_soma_com_carry,2669959.0,0.07490751730644553,0.0,0.0
2016,Meningite fúngica,50 a 59 anos,2,2,0,2669959.0,municipal_soma_com_carry,2669959.0,0.07490751730644553,0.0,0.0
2016,Meningite fúngica,> 60 anos,1,1,0,2669959.0,municipal_soma_com_carry,2669959.0,0.037453758653222764,0.0,0.0
2016,Meningite não especificada,1 a 4 anos,14,14,0,2669959.0,municipal_soma_com_carry,2669959.0,0.5243526211451187,0.0,0.0
2016,Meningite não especificada,10 a 14 anos,5,5,0,2669959.0,municipal_soma_com_carry,2669959.0,0.18726879326611381,0.0,0.0
2016,Meningite não especificada,15 a 19 anos,3,3,0,2669959.0,municipal_soma_com_carry,2669959.0,0.1123612759596683,0.0,0.0
2016,Meningite não especificada,20 a 29 anos,4,4,1,2669959.0,municipal_soma_com_carry,2669959.0,0.14981503461289106,0.037453758653222764,25.0
2016,Meningite não especificada,30 a 39 anos,7,7,1,2669959.0,municipal_soma_com_carry,2669959.0,0.26217631057255936,0.037453758653222764,14.285714285714285
2016,Meningite não especificada,40 a 49 anos,6,6,0,2669959.0,municipal_soma_com_carry,2669959.0,0.2247225519193366,0.0,0.0
2016,Meningite não especificada,5 a 9 anos,6,6,0,2669959.0,municipal_soma_com_carry,2669959.0,0.2247225519193366,0.0,0.0
2016,Meningite não especificada,50 a 59 anos,3,3,0,2669959.0,municipal_soma_com_carry,2669959.0,0.1123612759596683,0.0,0.0
2016,Meningite não especificada,< 1 ano,13,13,1,2669959.0,municipal_soma_com_carry,2669959.0,0.48689886249189596,0.037453758653222764,7.6923076923076925
2016,Meningite não especificada,> 60 anos,5,5,2,2669959.0,municipal_soma_com_carry,2669959.0,0.18726879326611381,0.07490751730644553,40.0
2016,Meningite pneumocócica,10 a 14 anos,1,1,0,2669959.0,municipal_soma_com_carry,2669959.0,0.037453758653222764,0.0,0.0
2016,Meningite pneumocócica,20 a 29 anos,1,1,0,2669959.0,municipal_soma_com_carry,2669959.0,0.037453758653222764,0.0,0.0
2016,Meningite pneumocócica,40 a 49 anos,2,2,0,2669959.0,municipal_soma_com_carry,2669959.0,0.07490751730644553,0.0,0.0
2016,Meningite pneumocócica,50 a 59 anos,1,1,1,2669959.0,municipal_soma_com_carry,2669959.0,0.037453758653222764,0.037453758653222764,100.0
2016,Meningite pneumocócica,< 1 ano,1,1,0,2669959.0,municipal_soma_com_carry,2669959.0,0.037453758653222764,0.0,0.0
2016,Meningite por Hib/Hemófilo,40 a 49 anos,1,1,0,2669959.0,municipal_soma_com_carry,2669959.0,0.037453758653222764,0.0,0.0
2016,Meningite tuberculosa,30 a 39 anos,1,1,1,2669959.0,municipal_soma_com_carry,2669959.0,0.037453758653222764,0.037453758653222764,100.0
2016,Meningite viral/asséptica,1 a 4 anos,9,9,0,2669959.0,municipal_soma_com_carry,2669959.0,0.33708382787900487,0.0,0.0
2016,Meningite viral/asséptica,10 a 14 anos,5,5,0,2669959.0,municipal_soma_com_carry,2669959.0,0.18726879326611381,0.0,0.0
2016,Meningite viral/asséptica,15 a 19 anos,2,2,0,2669959.0,municipal_soma_com_carry,2669959.0,0.07490751730644553,0.0,0.0
2016,Meningite viral/asséptica,20 a 29 anos,5,5,0,2669959.0,municipal_soma_com_carry,2669959.0,0.18726879326611381,0.0,0.0
2016,Meningite viral/asséptica,30 a 39 anos,2,2,0,2669959.0,municipal_soma_com_carry,2669959.0,0.07490751730644553,0.0,0.0
2016,Meningite viral/asséptica,40 a 49 anos,1,1,0,2669959.0,municipal_soma_com_carry,2669959.0,0.037453758653222764,0.0,0.0
2016,Meningite viral/asséptica,5 a 9 anos,5,5,1,2669959.0,municipal_soma_com_carry,2669959.0,0.18726879326611381,0.037453758653222764,20.0
2016,Meningite viral/asséptica,50 a 59 anos,3,3,0,2669959.0,municipal_soma_com_carry,2669959.0,0.1123612759596683,0.0,0.0
2016,Meningite viral/asséptica,< 1 ano,5,5,1,2669959.0,municipal_soma_com_carry,2669959.0,0.18726879326611381,0.037453758653222764,20.0
2016,Outras etiologias,1 a 4 anos,5,5,1,2669959.0,municipal_soma_com_carry,2669959.0,0.18726879326611381,0.037453758653222764,20.0
2016,Outras etiologias,20 a 29 anos,5,5,0,2669959.0,municipal_soma_com_carry,2669959.0,0.18726879326611381,0.0,0.0
2016,Outras etiologias,30 a 39 anos,7,7,0,2669959.0,municipal_soma_com_carry,2669959.0,0.26217631057255936,0.0,0.0
2016,Outras etiologias,40 a 49 anos,1,1,0,2669959.0,municipal_soma_com_carry,2669959.0,0.037453758653222764,0.0,0.0
2016,Outras etiologias,5 a 9 anos,5,5,0,2669959.0,municipal_soma_com_carry,2669959.0,0.18726879326611381,0.0,0.0
2016,Outras etiologias,50 a 59 anos,1,1,0,2669959.0,municipal_soma_com_carry,2669959.0,0.037453758653222764,0.0,0.0
2016,Outras etiologias,< 1 ano,4,4,0,2669959.0,municipal_soma_com_carry,2669959.0,0.14981503461289106,0.0,0.0
2017,Doença meningocócica,1 a 4 anos,1,1,0,2802506.0,municipal_soma_com_carry,2802506.0,0.03568235001102585,0.0,0.0
2017,Doença meningocócica,10 a 14 anos,1,1,0,2802506.0,municipal_soma_com_carry,2802506.0,0.03568235001102585,0.0,0.0
2017,Doença meningocócica,15 a 19 anos,3,3,3,2802506.0,municipal_soma_com_carry,2802506.0,0.10704705003307753,0.10704705003307753,100.0
2017,Doença meningocócica,20 a 29 anos,3,3,1,2802506.0,municipal_soma_com_carry,2802506.0,0.10704705003307753,0.03568235001102585,33.33333333333333
2017,Doença meningocócica,30 a 39 anos,2,2,0,2802506.0,municipal_soma_com_carry,2802506.0,0.0713647000220517,0.0,0.0
2017,Doença meningocócica,40 a 49 anos,1,1,0,2802506.0,municipal_soma_com_carry,2802506.0,0.03568235001102585,0.0,0.0
2017,Doença meningocócica,50 a 59 anos,1,1,1,2802506.0,municipal_soma_com_carry,2802506.0,0.03568235001102585,0.03568235001102585,100.0
2017,Doença meningocócica,< 1 ano,1,1,0,2802506.0,municipal_soma_com_carry,2802506.0,0.03568235001102585,0.0,0.0
2017,Doença meningocócica,> 60 anos,1,1,1,2802506.0,municipal_soma_com_carry,2802506.0,0.03568235001102585,0.03568235001102585,100.0
2017,Meningite bacteriana/outras bactérias,1 a 4 anos,2,2,0,2802506.0,municipal_soma_com_carry,2802506.0,0.0713647000220517,0.0,0.0
2017,Meningite bacteriana/outras bactérias,10 a 14 anos,1,1,0,2802506.0,municipal_soma_com_carry,2802506.0,0.03568235001102585,0.0,0.0
2017,Meningite bacteriana/outras bactérias,15 a 19 anos,2,2,0,2802506.0,municipal_soma_com_carry,2802506.0,0.0713647000220517,0.0,0.0
2017,Meningite bacteriana/outras bactérias,20 a 29 anos,2,2,0,2802506.0,municipal_soma_com_carry,2802506.0,0.0713647000220517,0.0,0.0
2017,Meningite bacteriana/outras bactérias,40 a 49 anos,4,4,0,2802506.0,municipal_soma_com_carry,2802506.0,0.1427294000441034,0.0,0.0
2017,Meningite bacteriana/outras bactérias,5 a 9 anos,5,5,0,2802506.0,municipal_soma_com_carry,2802506.0,0.17841175005512924,0.0,0.0
2017,Meningite bacteriana/outras bactérias,50 a 59 anos,2,2,0,2802506.0,municipal_soma_com_carry,2802506.0,0.0713647000220517,0.0,0.0
2017,Meningite bacteriana/outras bactérias,< 1 ano,7,7,1,2802506.0,municipal_soma_com_carry,2802506.0,0.2497764500771809,0.03568235001102585,14.285714285714285
2017,Meningite bacteriana/outras bactérias,> 60 anos,1,1,0,2802506.0,municipal_soma_com_carry,2802506.0,0.03568235001102585,0.0,0.0
2017,Meningite fúngica,1 a 4 anos,2,2,1,2802506.0,municipal_soma_com_carry,2802506.0,0.0713647000220517,0.03568235001102585,50.0
2017,Meningite fúngica,20 a 29 anos,4,4,1,2802506.0,municipal_soma_com_carry,2802506.0,0.1427294000441034,0.03568235001102585,25.0
2017,Meningite fúngica,30 a 39 anos,3,3,2,2802506.0,municipal_soma_com_carry,2802506.0,0.10704705003307753,0.0713647000220517,66.66666666666666
2017,Meningite fúngica,40 a 49 anos,4,4,0,2802506.0,municipal_soma_com_carry,2802506.0,0.1427294000441034,0.0,0.0
2017,Meningite fúngica,50 a 59 anos,1,1,1,2802506.0,municipal_soma_com_carry,2802506.0,0.03568235001102585,0.03568235001102585,100.0
2017,Meningite fúngica,> 60 anos,1,1,0,2802506.0,municipal_soma_com_carry,2802506.0,0.03568235001102585,0.0,0.0
2017,Meningite não especificada,1 a 4 anos,6,6,0,2802506.0,municipal_soma_com_carry,2802506.0,0.21409410006615506,0.0,0.0
2017,Meningite não especificada,10 a 14 anos,8,8,0,2802506.0,municipal_soma_com_carry,2802506.0,0.2854588000882068,0.0,0.0
2017,Meningite não especificada,15 a 19 anos,2,2,0,2802506.0,municipal_soma_com_carry,2802506.0,0.0713647000220517,0.0,0.0
2017,Meningite não especificada,20 a 29 anos,9,9,0,2802506.0,municipal_soma_com_carry,2802506.0,0.3211411500992326,0.0,0.0
2017,Meningite não especificada,30 a 39 anos,7,7,1,2802506.0,municipal_soma_com_carry,2802506.0,0.2497764500771809,0.03568235001102585,14.285714285714285
2017,Meningite não especificada,40 a 49 anos,7,7,3,2802506.0,municipal_soma_com_carry,2802506.0,0.2497764500771809,0.10704705003307753,42.857142857142854
2017,Meningite não especificada,5 a 9 anos,7,7,2,2802506.0,municipal_soma_com_carry,2802506.0,0.2497764500771809,0.0713647000220517,28.57142857142857
2017,Meningite não especificada,50 a 59 anos,5,5,3,2802506.0,municipal_soma_com_carry,2802506.0,0.17841175005512924,0.10704705003307753,60.0
2017,Meningite não especificada,< 1 ano,8,8,1,2802506.0,municipal_soma_com_carry,2802506.0,0.2854588000882068,0.03568235001102585,12.5
2017,Meningite não especificada,> 60 anos,5,5,0,2802506.0,municipal_soma_com_carry,2802506.0,0.17841175005512924,0.0,0.0
2017,Meningite pneumocócica,20 a 29 anos,1,1,0,2802506.0,municipal_soma_com_carry,2802506.0,0.03568235001102585,0.0,0.0
2017,Meningite pneumocócica,30 a 39 anos,2,2,2,2802506.0,municipal_soma_com_carry,2802506.0,0.0713647000220517,0.0713647000220517,100.0
2017,Meningite pneumocócica,40 a 49 anos,1,1,1,2802506.0,municipal_soma_com_carry,2802506.0,0.03568235001102585,0.03568235001102585,100.0
2017,Meningite pneumocócica,50 a 59 anos,1,1,0,2802506.0,municipal_soma_com_carry,2802506.0,0.03568235001102585,0.0,0.0
2017,Meningite pneumocócica,< 1 ano,1,1,0,2802506.0,municipal_soma_com_carry,2802506.0,0.03568235001102585,0.0,0.0
2017,Meningite tuberculosa,20 a 29 anos,1,1,0,2802506.0,municipal_soma_com_carry,2802506.0,0.03568235001102585,0.0,0.0
2017,Meningite tuberculosa,30 a 39 anos,1,1,0,2802506.0,municipal_soma_com_carry,2802506.0,0.03568235001102585,0.0,0.0
2017,Meningite tuberculosa,40 a 49 anos,1,1,0,2802506.0,municipal_soma_com_carry,2802506.0,0.03568235001102585,0.0,0.0
2017,Meningite viral/asséptica,1 a 4 anos,7,7,0,2802506.0,municipal_soma_com_carry,2802506.0,0.2497764500771809,0.0,0.0
2017,Meningite viral/asséptica,10 a 14 anos,2,2,0,2802506.0,municipal_soma_com_carry,2802506.0,0.0713647000220517,0.0,0.0
2017,Meningite viral/asséptica,15 a 19 anos,5,5,0,2802506.0,municipal_soma_com_carry,2802506.0,0.17841175005512924,0.0,0.0
2017,Meningite viral/asséptica,20 a 29 anos,4,4,1,2802506.0,municipal_soma_com_carry,2802506.0,0.1427294000441034,0.03568235001102585,25.0
2017,Meningite viral/asséptica,30 a 39 anos,6,6,0,2802506.0,municipal_soma_com_carry,2802506.0,0.21409410006615506,0.0,0.0
2017,Meningite viral/asséptica,40 a 49 anos,3,3,0,2802506.0,municipal_soma_com_carry,2802506.0,0.10704705003307753,0.0,0.0
2017,Meningite viral/asséptica,5 a 9 anos,8,8,0,2802506.0,municipal_soma_com_carry,2802506.0,0.2854588000882068,0.0,0.0
2017,Meningite viral/asséptica,50 a 59 anos,4,4,0,2802506.0,municipal_soma_com_carry,2802506.0,0.1427294000441034,0.0,0.0
2017,Meningite viral/asséptica,< 1 ano,11,11,0,2802506.0,municipal_soma_com_carry,2802506.0,0.3925058501212843,0.0,0.0
2017,Meningite viral/asséptica,> 60 anos,1,1,0,2802506.0,municipal_soma_com_carry,2802506.0,0.03568235001102585,0.0,0.0
2017,Outras etiologias,1 a 4 anos,6,6,0,2802506.0,municipal_soma_com_carry,2802506.0,0.21409410006615506,0.0,0.0
2017,Outras etiologias,15 a 19 anos,2,2,0,2802506.0,municipal_soma_com_carry,2802506.0,0.0713647000220517,0.0,0.0
2017,Outras etiologias,20 a 29 anos,1,1,0,2802506.0,municipal_soma_com_carry,2802506.0,0.03568235001102585,0.0,0.0
2017,Outras etiologias,30 a 39 anos,7,7,0,2802506.0,municipal_soma_com_carry,2802506.0,0.2497764500771809,0.0,0.0
2017,Outras etiologias,40 a 49 anos,3,3,1,2802506.0,municipal_soma_com_carry,2802506.0,0.10704705003307753,0.03568235001102585,33.33333333333333
2017,Outras etiologias,5 a 9 anos,2,2,0,2802506.0,municipal_soma_com_carry,2802506.0,0.0713647000220517,0.0,0.0
2017,Outras etiologias,50 a 59 anos,1,1,0,2802506.0,municipal_soma_com_carry,2802506.0,0.03568235001102585,0.0,0.0
2017,Outras etiologias,< 1 ano,3,3,0,2802506.0,municipal_soma_com_carry,2802506.0,0.10704705003307753,0.0,0.0
2018,Doença meningocócica,10 a 14 anos,1,1,0,2793031.0,municipal_soma_com_carry,2793031.0,0.03580339781405935,0.0,0.0
2018,Doença meningocócica,15 a 19 anos,1,1,0,2793031.0,municipal_soma_com_carry,2793031.0,0.03580339781405935,0.0,0.0
2018,Doença meningocócica,20 a 29 anos,2,2,1,2793031.0,municipal_soma_com_carry,2793031.0,0.0716067956281187,0.03580339781405935,50.0
2018,Doença meningocócica,30 a 39 anos,1,1,0,2793031.0,municipal_soma_com_carry,2793031.0,0.03580339781405935,0.0,0.0
2018,Doença meningocócica,5 a 9 anos,1,1,0,2793031.0,municipal_soma_com_carry,2793031.0,0.03580339781405935,0.0,0.0
2018,Doença meningocócica,50 a 59 anos,1,1,0,2793031.0,municipal_soma_com_carry,2793031.0,0.03580339781405935,0.0,0.0
2018,Doença meningocócica,< 1 ano,2,2,1,2793031.0,municipal_soma_com_carry,2793031.0,0.0716067956281187,0.03580339781405935,50.0
2018,Doença meningocócica,> 60 anos,1,1,0,2793031.0,municipal_soma_com_carry,2793031.0,0.03580339781405935,0.0,0.0
2018,Meningite bacteriana/outras bactérias,1 a 4 anos,2,2,0,2793031.0,municipal_soma_com_carry,2793031.0,0.0716067956281187,0.0,0.0
2018,Meningite bacteriana/outras bactérias,10 a 14 anos,1,1,0,2793031.0,municipal_soma_com_carry,2793031.0,0.03580339781405935,0.0,0.0
2018,Meningite bacteriana/outras bactérias,15 a 19 anos,1,1,0,2793031.0,municipal_soma_com_carry,2793031.0,0.03580339781405935,0.0,0.0
2018,Meningite bacteriana/outras bactérias,30 a 39 anos,4,4,1,2793031.0,municipal_soma_com_carry,2793031.0,0.1432135912562374,0.03580339781405935,25.0
2018,Meningite bacteriana/outras bactérias,5 a 9 anos,3,3,0,2793031.0,municipal_soma_com_carry,2793031.0,0.10741019344217806,0.0,0.0
2018,Meningite bacteriana/outras bactérias,50 a 59 anos,2,2,0,2793031.0,municipal_soma_com_carry,2793031.0,0.0716067956281187,0.0,0.0
2018,Meningite bacteriana/outras bactérias,< 1 ano,6,6,0,2793031.0,municipal_soma_com_carry,2793031.0,0.21482038688435612,0.0,0.0
2018,Meningite bacteriana/outras bactérias,> 60 anos,2,2,1,2793031.0,municipal_soma_com_carry,2793031.0,0.0716067956281187,0.03580339781405935,50.0
2018,Meningite fúngica,20 a 29 anos,2,2,0,2793031.0,municipal_soma_com_carry,2793031.0,0.0716067956281187,0.0,0.0
2018,Meningite fúngica,40 a 49 anos,2,2,1,2793031.0,municipal_soma_com_carry,2793031.0,0.0716067956281187,0.03580339781405935,50.0
2018,Meningite fúngica,> 60 anos,2,2,1,2793031.0,municipal_soma_com_carry,2793031.0,0.0716067956281187,0.03580339781405935,50.0
2018,Meningite não especificada,1 a 4 anos,9,9,0,2793031.0,municipal_soma_com_carry,2793031.0,0.3222305803265342,0.0,0.0
2018,Meningite não especificada,10 a 14 anos,2,2,0,2793031.0,municipal_soma_com_carry,2793031.0,0.0716067956281187,0.0,0.0
2018,Meningite não especificada,15 a 19 anos,3,3,1,2793031.0,municipal_soma_com_carry,2793031.0,0.10741019344217806,0.03580339781405935,33.33333333333333
2018,Meningite não especificada,20 a 29 anos,5,5,2,2793031.0,municipal_soma_com_carry,2793031.0,0.17901698907029676,0.0716067956281187,40.0
2018,Meningite não especificada,30 a 39 anos,5,5,0,2793031.0,municipal_soma_com_carry,2793031.0,0.17901698907029676,0.0,0.0
2018,Meningite não especificada,40 a 49 anos,4,4,0,2793031.0,municipal_soma_com_carry,2793031.0,0.1432135912562374,0.0,0.0
2018,Meningite não especificada,5 a 9 anos,7,7,0,2793031.0,municipal_soma_com_carry,2793031.0,0.25062378469841545,0.0,0.0
2018,Meningite não especificada,50 a 59 anos,7,7,0,2793031.0,municipal_soma_com_carry,2793031.0,0.25062378469841545,0.0,0.0
2018,Meningite não especificada,< 1 ano,10,10,1,2793031.0,municipal_soma_com_carry,2793031.0,0.3580339781405935,0.03580339781405935,10.0
2018,Meningite não especificada,> 60 anos,7,7,1,2793031.0,municipal_soma_com_carry,2793031.0,0.25062378469841545,0.03580339781405935,14.285714285714285
2018,Meningite pneumocócica,10 a 14 anos,1,1,0,2793031.0,municipal_soma_com_carry,2793031.0,0.03580339781405935,0.0,0.0
2018,Meningite pneumocócica,20 a 29 anos,1,1,0,2793031.0,municipal_soma_com_carry,2793031.0,0.03580339781405935,0.0,0.0
2018,Meningite pneumocócica,30 a 39 anos,1,1,0,2793031.0,municipal_soma_com_carry,2793031.0,0.03580339781405935,0.0,0.0
2018,Meningite pneumocócica,40 a 49 anos,1,1,0,2793031.0,municipal_soma_com_carry,2793031.0,0.03580339781405935,0.0,0.0
2018,Meningite pneumocócica,5 a 9 anos,1,1,0,2793031.0,municipal_soma_com_carry,2793031.0,0.03580339781405935,0.0,0.0
2018,Meningite pneumocócica,50 a 59 anos,3,3,2,2793031.0,municipal_soma_com_carry,2793031.0,0.10741019344217806,0.0716067956281187,66.66666666666666
2018,Meningite pneumocócica,> 60 anos,4,4,1,2793031.0,municipal_soma_com_carry,2793031.0,0.1432135912562374,0.03580339781405935,25.0
2018,Meningite tuberculosa,30 a 39 anos,1,1,0,2793031.0,municipal_soma_com_carry,2793031.0,0.03580339781405935,0.0,0.0
2018,Meningite tuberculosa,40 a 49 anos,1,1,0,2793031.0,municipal_soma_com_carry,2793031.0,0.03580339781405935,0.0,0.0
2018,Meningite viral/asséptica,1 a 4 anos,9,9,0,2793031.0,municipal_soma_com_carry,2793031.0,0.3222305803265342,0.0,0.0
2018,Meningite viral/asséptica,10 a 14 anos,2,2,0,2793031.0,municipal_soma_com_carry,2793031.0,0.0716067956281187,0.0,0.0
2018,Meningite viral/asséptica,15 a 19 anos,2,2,0,2793031.0,municipal_soma_com_carry,2793031.0,0.0716067956281187,0.0,0.0
2018,Meningite viral/asséptica,20 a 29 anos,2,2,0,2793031.0,municipal_soma_com_carry,2793031.0,0.0716067956281187,0.0,0.0
2018,Meningite viral/asséptica,30 a 39 anos,6,6,0,2793031.0,municipal_soma_com_carry,2793031.0,0.21482038688435612,0.0,0.0
2018,Meningite viral/asséptica,40 a 49 anos,1,1,1,2793031.0,municipal_soma_com_carry,2793031.0,0.03580339781405935,0.03580339781405935,100.0
2018,Meningite viral/asséptica,5 a 9 anos,5,5,0,2793031.0,municipal_soma_com_carry,2793031.0,0.17901698907029676,0.0,0.0
2018,Meningite viral/asséptica,50 a 59 anos,1,1,0,2793031.0,municipal_soma_com_carry,2793031.0,0.03580339781405935,0.0,0.0
2018,Meningite viral/asséptica,< 1 ano,8,8,0,2793031.0,municipal_soma_com_carry,2793031.0,0.2864271825124748,0.0,0.0
2018,Meningite viral/asséptica,> 60 anos,6,6,0,2793031.0,municipal_soma_com_carry,2793031.0,0.21482038688435612,0.0,0.0
2018,Outras etiologias,10 a 14 anos,1,1,0,2793031.0,municipal_soma_com_carry,2793031.0,0.03580339781405935,0.0,0.0
2018,Outras etiologias,15 a 19 anos,1,1,0,2793031.0,municipal_soma_com_carry,2793031.0,0.03580339781405935,0.0,0.0
2018,Outras etiologias,30 a 39 anos,1,1,0,2793031.0,municipal_soma_com_carry,2793031.0,0.03580339781405935,0.0,0.0
2018,Outras etiologias,40 a 49 anos,2,2,0,2793031.0,municipal_soma_com_carry,2793031.0,0.0716067956281187,0.0,0.0
2018,Outras etiologias,5 a 9 anos,3,3,0,2793031.0,municipal_soma_com_carry,2793031.0,0.10741019344217806,0.0,0.0
2018,Outras etiologias,50 a 59 anos,1,1,1,2793031.0,municipal_soma_com_carry,2793031.0,0.03580339781405935,0.03580339781405935,100.0
2018,Outras etiologias,< 1 ano,1,1,0,2793031.0,municipal_soma_com_carry,2793031.0,0.03580339781405935,0.0,0.0
2018,Outras etiologias,> 60 anos,1,1,1,2793031.0,municipal_soma_com_carry,2793031.0,0.03580339781405935,0.03580339781405935,100.0
2019,Doença meningocócica,20 a 29 anos,1,1,0,2763613.0,municipal_soma_com_carry,2763613.0,0.036184516428313225,0.0,0.0
2019,Doença meningocócica,5 a 9 anos,1,1,0,2763613.0,municipal_soma_com_carry,2763613.0,0.036184516428313225,0.0,0.0
2019,Doença meningocócica,< 1 ano,2,2,1,2763613.0,municipal_soma_com_carry,2763613.0,0.07236903285662645,0.036184516428313225,50.0
2019,Doença meningocócica,> 60 anos,2,2,2,2763613.0,municipal_soma_com_carry,2763613.0,0.07236903285662645,0.07236903285662645,100.0
2019,Meningite bacteriana/outras bactérias,1 a 4 anos,3,3,0,2763613.0,municipal_soma_com_carry,2763613.0,0.10855354928493968,0.0,0.0
2019,Meningite bacteriana/outras bactérias,10 a 14 anos,1,1,0,2763613.0,municipal_soma_com_carry,2763613.0,0.036184516428313225,0.0,0.0
2019,Meningite bacteriana/outras bactérias,15 a 19 anos,1,1,0,2763613.0,municipal_soma_com_carry,2763613.0,0.036184516428313225,0.0,0.0
2019,Meningite bacteriana/outras bactérias,20 a 29 anos,1,1,0,2763613.0,municipal_soma_com_carry,2763613.0,0.036184516428313225,0.0,0.0
2019,Meningite bacteriana/outras bactérias,30 a 39 anos,3,3,0,2763613.0,municipal_soma_com_carry,2763613.0,0.10855354928493968,0.0,0.0
2019,Meningite bacteriana/outras bactérias,40 a 49 anos,2,2,0,2763613.0,municipal_soma_com_carry,2763613.0,0.07236903285662645,0.0,0.0
2019,Meningite bacteriana/outras bactérias,5 a 9 anos,2,2,0,2763613.0,municipal_soma_com_carry,2763613.0,0.07236903285662645,0.0,0.0
2019,Meningite bacteriana/outras bactérias,> 60 anos,3,3,0,2763613.0,municipal_soma_com_carry,2763613.0,0.10855354928493968,0.0,0.0
2019,Meningite fúngica,20 a 29 anos,1,1,0,2763613.0,municipal_soma_com_carry,2763613.0,0.036184516428313225,0.0,0.0
2019,Meningite fúngica,30 a 39 anos,2,2,0,2763613.0,municipal_soma_com_carry,2763613.0,0.07236903285662645,0.0,0.0
2019,Meningite fúngica,40 a 49 anos,1,1,0,2763613.0,municipal_soma_com_carry,2763613.0,0.036184516428313225,0.0,0.0
2019,Meningite fúngica,50 a 59 anos,1,1,0,2763613.0,municipal_soma_com_carry,2763613.0,0.036184516428313225,0.0,0.0
2019,Meningite fúngica,> 60 anos,1,1,0,2763613.0,municipal_soma_com_carry,2763613.0,0.036184516428313225,0.0,0.0
2019,Meningite não especificada,1 a 4 anos,9,9,1,2763613.0,municipal_soma_com_carry,2763613.0,0.325660647854819,0.036184516428313225,11.11111111111111
2019,Meningite não especificada,10 a 14 anos,3,3,0,2763613.0,municipal_soma_com_carry,2763613.0,0.10855354928493968,0.0,0.0
2019,Meningite não especificada,15 a 19 anos,1,1,1,2763613.0,municipal_soma_com_carry,2763613.0,0.036184516428313225,0.036184516428313225,100.0
2019,Meningite não especificada,20 a 29 anos,5,5,0,2763613.0,municipal_soma_com_carry,2763613.0,0.18092258214156612,0.0,0.0
2019,Meningite não especificada,30 a 39 anos,5,5,0,2763613.0,municipal_soma_com_carry,2763613.0,0.18092258214156612,0.0,0.0
2019,Meningite não especificada,40 a 49 anos,8,8,1,2763613.0,municipal_soma_com_carry,2763613.0,0.2894761314265058,0.036184516428313225,12.5
2019,Meningite não especificada,5 a 9 anos,6,6,0,2763613.0,municipal_soma_com_carry,2763613.0,0.21710709856987936,0.0,0.0
2019,Meningite não especificada,50 a 59 anos,3,3,0,2763613.0,municipal_soma_com_carry,2763613.0,0.10855354928493968,0.0,0.0
2019,Meningite não especificada,< 1 ano,8,8,1,2763613.0,municipal_soma_com_carry,2763613.0,0.2894761314265058,0.036184516428313225,12.5
2019,Meningite não especificada,> 60 anos,10,10,2,2763613.0,municipal_soma_com_carry,2763613.0,0.36184516428313224,0.07236903285662645,20.0
2019,Meningite pneumocócica,1 a 4 anos,3,3,0,2763613.0,municipal_soma_com_carry,2763613.0,0.10855354928493968,0.0,0.0
2019,Meningite pneumocócica,15 a 19 anos,2,2,1,2763613.0,municipal_soma_com_carry,2763613.0,0.07236903285662645,0.036184516428313225,50.0
2019,Meningite pneumocócica,20 a 29 anos,2,2,0,2763613.0,municipal_soma_com_carry,2763613.0,0.07236903285662645,0.0,0.0
2019,Meningite pneumocócica,30 a 39 anos,3,3,0,2763613.0,municipal_soma_com_carry,2763613.0,0.10855354928493968,0.0,0.0
2019,Meningite pneumocócica,40 a 49 anos,4,4,1,2763613.0,municipal_soma_com_carry,2763613.0,0.1447380657132529,0.036184516428313225,25.0
2019,Meningite pneumocócica,50 a 59 anos,2,2,1,2763613.0,municipal_soma_com_carry,2763613.0,0.07236903285662645,0.036184516428313225,50.0
2019,Meningite pneumocócica,< 1 ano,2,2,2,2763613.0,municipal_soma_com_carry,2763613.0,0.07236903285662645,0.07236903285662645,100.0
2019,Meningite pneumocócica,> 60 anos,2,2,0,2763613.0,municipal_soma_com_carry,2763613.0,0.07236903285662645,0.0,0.0
2019,Meningite por Hib/Hemófilo,1 a 4 anos,1,1,0,2763613.0,municipal_soma_com_carry,2763613.0,0.036184516428313225,0.0,0.0
2019,Meningite por Hib/Hemófilo,< 1 ano,1,1,1,2763613.0,municipal_soma_com_carry,2763613.0,0.036184516428313225,0.036184516428313225,100.0
2019,Meningite tuberculosa,30 a 39 anos,3,3,0,2763613.0,municipal_soma_com_carry,2763613.0,0.10855354928493968,0.0,0.0
2019,Meningite tuberculosa,50 a 59 anos,1,1,0,2763613.0,municipal_soma_com_carry,2763613.0,0.036184516428313225,0.0,0.0
2019,Meningite viral/asséptica,1 a 4 anos,5,5,0,2763613.0,municipal_soma_com_carry,2763613.0,0.18092258214156612,0.0,0.0
2019,Meningite viral/asséptica,10 a 14 anos,1,1,0,2763613.0,municipal_soma_com_carry,2763613.0,0.036184516428313225,0.0,0.0
2019,Meningite viral/asséptica,20 a 29 anos,3,3,0,2763613.0,municipal_soma_com_carry,2763613.0,0.10855354928493968,0.0,0.0
2019,Meningite viral/asséptica,30 a 39 anos,3,3,0,2763613.0,municipal_soma_com_carry,2763613.0,0.10855354928493968,0.0,0.0
2019,Meningite viral/asséptica,40 a 49 anos,1,1,0,2763613.0,municipal_soma_com_carry,2763613.0,0.036184516428313225,0.0,0.0
2019,Meningite viral/asséptica,5 a 9 anos,4,4,0,2763613.0,municipal_soma_com_carry,2763613.0,0.1447380657132529,0.0,0.0
2019,Meningite viral/asséptica,< 1 ano,7,7,0,2763613.0,municipal_soma_com_carry,2763613.0,0.2532916149981926,0.0,0.0
2019,Outras etiologias,10 a 14 anos,1,1,0,2763613.0,municipal_soma_com_carry,2763613.0,0.036184516428313225,0.0,0.0
2019,Outras etiologias,5 a 9 anos,2,2,0,2763613.0,municipal_soma_com_carry,2763613.0,0.07236903285662645,0.0,0.0
2019,Outras etiologias,50 a 59 anos,3,3,1,2763613.0,municipal_soma_com_carry,2763613.0,0.10855354928493968,0.036184516428313225,33.33333333333333
2019,Outras etiologias,< 1 ano,1,1,1,2763613.0,municipal_soma_com_carry,2763613.0,0.036184516428313225,0.036184516428313225,100.0
2019,Outras etiologias,> 60 anos,1,1,1,2763613.0,municipal_soma_com_carry,2763613.0,0.036184516428313225,0.036184516428313225,100.0
2020,Doença meningocócica,1 a 4 anos,1,1,0,2422855.0,municipal_soma_com_carry,2422855.0,0.0412736214094529,0.0,0.0
2020,Doença meningocócica,20 a 29 anos,1,1,0,2422855.0,municipal_soma_com_carry,2422855.0,0.0412736214094529,0.0,0.0
2020,Doença meningocócica,30 a 39 anos,1,1,0,2422855.0,municipal_soma_com_carry,2422855.0,0.0412736214094529,0.0,0.0
2020,Meningite bacteriana/outras bactérias,10 a 14 anos,1,1,0,2422855.0,municipal_soma_com_carry,2422855.0,0.0412736214094529,0.0,0.0
2020,Meningite bacteriana/outras bactérias,30 a 39 anos,1,1,0,2422855.0,municipal_soma_com_carry,2422855.0,0.0412736214094529,0.0,0.0
2020,Meningite bacteriana/outras bactérias,40 a 49 anos,1,1,1,2422855.0,municipal_soma_com_carry,2422855.0,0.0412736214094529,0.0412736214094529,100.0
2020,Meningite bacteriana/outras bactérias,5 a 9 anos,1,1,1,2422855.0,municipal_soma_com_carry,2422855.0,0.0412736214094529,0.0412736214094529,100.0
2020,Meningite bacteriana/outras bactérias,< 1 ano,2,2,0,2422855.0,municipal_soma_com_carry,2422855.0,0.0825472428189058,0.0,0.0
2020,Meningite bacteriana/outras bactérias,> 60 anos,2,2,0,2422855.0,municipal_soma_com_carry,2422855.0,0.0825472428189058,0.0,0.0
2020,Meningite fúngica,20 a 29 anos,1,1,0,2422855.0,municipal_soma_com_carry,2422855.0,0.0412736214094529,0.0,0.0
2020,Meningite fúngica,30 a 39 anos,1,1,1,2422855.0,municipal_soma_com_carry,2422855.0,0.0412736214094529,0.0412736214094529,100.0
2020,Meningite fúngica,40 a 49 anos,3,3,0,2422855.0,municipal_soma_com_carry,2422855.0,0.1238208642283587,0.0,0.0
2020,Meningite fúngica,50 a 59 anos,2,2,1,2422855.0,municipal_soma_com_carry,2422855.0,0.0825472428189058,0.0412736214094529,50.0
2020,Meningite não especificada,1 a 4 anos,2,2,0,2422855.0,municipal_soma_com_carry,2422855.0,0.0825472428189058,0.0,0.0
2020,Meningite não especificada,10 a 14 anos,1,1,0,2422855.0,municipal_soma_com_carry,2422855.0,0.0412736214094529,0.0,0.0
2020,Meningite não especificada,15 a 19 anos,2,2,2,2422855.0,municipal_soma_com_carry,2422855.0,0.0825472428189058,0.0825472428189058,100.0
2020,Meningite não especificada,20 a 29 anos,1,1,0,2422855.0,municipal_soma_com_carry,2422855.0,0.0412736214094529,0.0,0.0
2020,Meningite não especificada,30 a 39 anos,3,3,1,2422855.0,municipal_soma_com_carry,2422855.0,0.1238208642283587,0.0412736214094529,33.33333333333333
2020,Meningite não especificada,40 a 49 anos,4,4,0,2422855.0,municipal_soma_com_carry,2422855.0,0.1650944856378116,0.0,0.0
2020,Meningite não especificada,5 a 9 anos,1,1,0,2422855.0,municipal_soma_com_carry,2422855.0,0.0412736214094529,0.0,0.0
2020,Meningite não especificada,50 a 59 anos,1,1,0,2422855.0,municipal_soma_com_carry,2422855.0,0.0412736214094529,0.0,0.0
2020,Meningite não especificada,< 1 ano,2,2,0,2422855.0,municipal_soma_com_carry,2422855.0,0.0825472428189058,0.0,0.0
2020,Meningite não especificada,> 60 anos,2,2,0,2422855.0,municipal_soma_com_carry,2422855.0,0.0825472428189058,0.0,0.0
2020,Meningite pneumocócica,30 a 39 anos,1,1,0,2422855.0,municipal_soma_com_carry,2422855.0,0.0412736214094529,0.0,0.0
2020,Meningite pneumocócica,50 a 59 anos,1,1,0,2422855.0,municipal_soma_com_carry,2422855.0,0.0412736214094529,0.0,0.0
2020,Meningite pneumocócica,< 1 ano,2,2,1,2422855.0,municipal_soma_com_carry,2422855.0,0.0825472428189058,0.0412736214094529,50.0
2020,Meningite pneumocócica,> 60 anos,2,2,0,2422855.0,municipal_soma_com_carry,2422855.0,0.0825472428189058,0.0,0.0
2020,Meningite tuberculosa,30 a 39 anos,1,1,0,2422855.0,municipal_soma_com_carry,2422855.0,0.0412736214094529,0.0,0.0
2020,Meningite tuberculosa,40 a 49 anos,3,3,0,2422855.0,municipal_soma_com_carry,2422855.0,0.1238208642283587,0.0,0.0
2020,Meningite tuberculosa,5 a 9 anos,1,1,0,2422855.0,municipal_soma_com_carry,2422855.0,0.0412736214094529,0.0,0.0
2020,Meningite tuberculosa,50 a 59 anos,1,1,0,2422855.0,municipal_soma_com_carry,2422855.0,0.0412736214094529,0.0,0.0
2020,Meningite viral/asséptica,1 a 4 anos,1,1,0,2422855.0,municipal_soma_com_carry,2422855.0,0.0412736214094529,0.0,0.0
2020,Meningite viral/asséptica,10 a 14 anos,1,1,0,2422855.0,municipal_soma_com_carry,2422855.0,0.0412736214094529,0.0,0.0
2020,Meningite viral/asséptica,15 a 19 anos,1,1,0,2422855.0,municipal_soma_com_carry,2422855.0,0.0412736214094529,0.0,0.0
2020,Meningite viral/asséptica,40 a 49 anos,1,1,0,2422855.0,municipal_soma_com_carry,2422855.0,0.0412736214094529,0.0,0.0
2020,Meningite viral/asséptica,< 1 ano,3,3,0,2422855.0,municipal_soma_com_carry,2422855.0,0.1238208642283587,0.0,0.0
2020,Meningite viral/asséptica,> 60 anos,1,1,0,2422855.0,municipal_soma_com_carry,2422855.0,0.0412736214094529,0.0,0.0
2020,Outras etiologias,40 a 49 anos,1,1,0,2422855.0,municipal_soma_com_carry,2422855.0,0.0412736214094529,0.0,0.0
2020,Outras etiologias,50 a 59 anos,1,1,0,2422855.0,municipal_soma_com_carry,2422855.0,0.0412736214094529,0.0,0.0
2020,Outras etiologias,> 60 anos,1,1,0,2422855.0,municipal_soma_com_carry,2422855.0,0.0412736214094529,0.0,0.0
2021,Doença meningocócica,1 a 4 anos,1,1,1,2378753.0,municipal_soma_com_carry,2378753.0,0.04203883295155066,0.04203883295155066,100.0
2021,Doença meningocócica,30 a 39 anos,1,1,1,2378753.0,municipal_soma_com_carry,2378753.0,0.04203883295155066,0.04203883295155066,100.0
2021,Doença meningocócica,< 1 ano,1,1,0,2378753.0,municipal_soma_com_carry,2378753.0,0.04203883295155066,0.0,0.0
2021,Doença meningocócica,> 60 anos,1,1,0,2378753.0,municipal_soma_com_carry,2378753.0,0.04203883295155066,0.0,0.0
2021,Meningite bacteriana/outras bactérias,30 a 39 anos,1,1,1,2378753.0,municipal_soma_com_carry,2378753.0,0.04203883295155066,0.04203883295155066,100.0
2021,Meningite bacteriana/outras bactérias,40 a 49 anos,3,3,0,2378753.0,municipal_soma_com_carry,2378753.0,0.126116498854652,0.0,0.0
2021,Meningite bacteriana/outras bactérias,5 a 9 anos,1,1,1,2378753.0,municipal_soma_com_carry,2378753.0,0.04203883295155066,0.04203883295155066,100.0
2021,Meningite bacteriana/outras bactérias,50 a 59 anos,1,1,0,2378753.0,municipal_soma_com_carry,2378753.0,0.04203883295155066,0.0,0.0
2021,Meningite bacteriana/outras bactérias,< 1 ano,1,1,0,2378753.0,municipal_soma_com_carry,2378753.0,0.04203883295155066,0.0,0.0
2021,Meningite bacteriana/outras bactérias,> 60 anos,2,2,2,2378753.0,municipal_soma_com_carry,2378753.0,0.08407766590310133,0.08407766590310133,100.0
2021,Meningite fúngica,30 a 39 anos,1,1,0,2378753.0,municipal_soma_com_carry,2378753.0,0.04203883295155066,0.0,0.0
2021,Meningite fúngica,40 a 49 anos,1,1,0,2378753.0,municipal_soma_com_carry,2378753.0,0.04203883295155066,0.0,0.0
2021,Meningite não especificada,10 a 14 anos,2,2,0,2378753.0,municipal_soma_com_carry,2378753.0,0.08407766590310133,0.0,0.0
2021,Meningite não especificada,20 a 29 anos,1,1,0,2378753.0,municipal_soma_com_carry,2378753.0,0.04203883295155066,0.0,0.0
2021,Meningite não especificada,30 a 39 anos,3,3,1,2378753.0,municipal_soma_com_carry,2378753.0,0.126116498854652,0.04203883295155066,33.33333333333333
2021,Meningite não especificada,40 a 49 anos,2,2,1,2378753.0,municipal_soma_com_carry,2378753.0,0.08407766590310133,0.04203883295155066,50.0
2021,Meningite não especificada,5 a 9 anos,1,1,1,2378753.0,municipal_soma_com_carry,2378753.0,0.04203883295155066,0.04203883295155066,100.0
2021,Meningite não especificada,50 a 59 anos,1,1,1,2378753.0,municipal_soma_com_carry,2378753.0,0.04203883295155066,0.04203883295155066,100.0
2021,Meningite não especificada,< 1 ano,6,6,1,2378753.0,municipal_soma_com_carry,2378753.0,0.252232997709304,0.04203883295155066,16.666666666666664
2021,Meningite não especificada,> 60 anos,2,2,1,2378753.0,municipal_soma_com_carry,2378753.0,0.08407766590310133,0.04203883295155066,50.0
2021,Meningite pneumocócica,20 a 29 anos,1,1,0,2378753.0,municipal_soma_com_carry,2378753.0,0.04203883295155066,0.0,0.0
2021,Meningite pneumocócica,30 a 39 anos,1,1,0,2378753.0,municipal_soma_com_carry,2378753.0,0.04203883295155066,0.0,0.0
2021,Meningite pneumocócica,5 a 9 anos,1,1,1,2378753.0,municipal_soma_com_carry,2378753.0,0.04203883295155066,0.04203883295155066,100.0
2021,Meningite pneumocócica,< 1 ano,1,1,1,2378753.0,municipal_soma_com_carry,2378753.0,0.04203883295155066,0.04203883295155066,100.0
2021,Meningite tuberculosa,40 a 49 anos,1,1,0,2378753.0,municipal_soma_com_carry,2378753.0,0.04203883295155066,0.0,0.0
2021,Meningite tuberculosa,50 a 59 anos,1,1,0,2378753.0,municipal_soma_com_carry,2378753.0,0.04203883295155066,0.0,0.0
2021,Meningite viral/asséptica,1 a 4 anos,3,3,0,2378753.0,municipal_soma_com_carry,2378753.0,0.126116498854652,0.0,0.0
2021,Meningite viral/asséptica,20 a 29 anos,1,1,0,2378753.0,municipal_soma_com_carry,2378753.0,0.04203883295155066,0.0,0.0
2021,Meningite viral/asséptica,5 a 9 anos,1,1,0,2378753.0,municipal_soma_com_carry,2378753.0,0.04203883295155066,0.0,0.0
2021,Meningite viral/asséptica,< 1 ano,1,1,0,2378753.0,municipal_soma_com_carry,2378753.0,0.04203883295155066,0.0,0.0
2021,Meningite viral/asséptica,> 60 anos,3,3,0,2378753.0,municipal_soma_com_carry,2378753.0,0.126116498854652,0.0,0.0
2021,Outras etiologias,20 a 29 anos,2,2,1,2378753.0,municipal_soma_com_carry,2378753.0,0.08407766590310133,0.04203883295155066,50.0
2021,Outras etiologias,40 a 49 anos,1,1,1,2378753.0,municipal_soma_com_carry,2378753.0,0.04203883295155066,0.04203883295155066,100.0
2021,Outras etiologias,50 a 59 anos,1,1,0,2378753.0,municipal_soma_com_carry,2378753.0,0.04203883295155066,0.0,0.0
2021,Outras etiologias,< 1 ano,1,1,0,2378753.0,municipal_soma_com_carry,2378753.0,0.04203883295155066,0.0,0.0
2021,Outras etiologias,> 60 anos,1,1,0,2378753.0,municipal_soma_com_carry,2378753.0,0.04203883295155066,0.0,0.0
2022,Doença meningocócica,1 a 4 anos,1,1,1,2733835.0,municipal_soma_com_carry,2733835.0,0.036578652332712104,0.036578652332712104,100.0
2022,Doença meningocócica,10 a 14 anos,1,1,0,2733835.0,municipal_soma_com_carry,2733835.0,0.036578652332712104,0.0,0.0
2022,Doença meningocócica,15 a 19 anos,1,1,0,2733835.0,municipal_soma_com_carry,2733835.0,0.036578652332712104,0.0,0.0
2022,Doença meningocócica,20 a 29 anos,1,1,1,2733835.0,municipal_soma_com_carry,2733835.0,0.036578652332712104,0.036578652332712104,100.0
2022,Meningite bacteriana/outras bactérias,1 a 4 anos,1,1,0,2733835.0,municipal_soma_com_carry,2733835.0,0.036578652332712104,0.0,0.0
2022,Meningite bacteriana/outras bactérias,10 a 14 anos,2,2,1,2733835.0,municipal_soma_com_carry,2733835.0,0.07315730466542421,0.036578652332712104,50.0
2022,Meningite bacteriana/outras bactérias,20 a 29 anos,3,3,0,2733835.0,municipal_soma_com_carry,2733835.0,0.1097359569981363,0.0,0.0
2022,Meningite bacteriana/outras bactérias,30 a 39 anos,2,2,1,2733835.0,municipal_soma_com_carry,2733835.0,0.07315730466542421,0.036578652332712104,50.0
2022,Meningite bacteriana/outras bactérias,40 a 49 anos,3,3,1,2733835.0,municipal_soma_com_carry,2733835.0,0.1097359569981363,0.036578652332712104,33.33333333333333
2022,Meningite bacteriana/outras bactérias,5 a 9 anos,1,1,0,2733835.0,municipal_soma_com_carry,2733835.0,0.036578652332712104,0.0,0.0
2022,Meningite bacteriana/outras bactérias,< 1 ano,2,2,2,2733835.0,municipal_soma_com_carry,2733835.0,0.07315730466542421,0.07315730466542421,100.0
2022,Meningite bacteriana/outras bactérias,> 60 anos,1,1,0,2733835.0,municipal_soma_com_carry,2733835.0,0.036578652332712104,0.0,0.0
2022,Meningite fúngica,20 a 29 anos,4,4,0,2733835.0,municipal_soma_com_carry,2733835.0,0.14631460933084842,0.0,0.0
2022,Meningite fúngica,30 a 39 anos,3,3,1,2733835.0,municipal_soma_com_carry,2733835.0,0.1097359569981363,0.036578652332712104,33.33333333333333
2022,Meningite fúngica,40 a 49 anos,1,1,0,2733835.0,municipal_soma_com_carry,2733835.0,0.036578652332712104,0.0,0.0
2022,Meningite fúngica,50 a 59 anos,2,2,0,2733835.0,municipal_soma_com_carry,2733835.0,0.07315730466542421,0.0,0.0
2022,Meningite não especificada,1 a 4 anos,6,6,0,2733835.0,municipal_soma_com_carry,2733835.0,0.2194719139962726,0.0,0.0
2022,Meningite não especificada,10 a 14 anos,4,4,0,2733835.0,municipal_soma_com_carry,2733835.0,0.14631460933084842,0.0,0.0
2022,Meningite não especificada,15 a 19 anos,1,1,0,2733835.0,municipal_soma_com_carry,2733835.0,0.036578652332712104,0.0,0.0
2022,Meningite não especificada,20 a 29 anos,3,3,0,2733835.0,municipal_soma_com_carry,2733835.0,0.1097359569981363,0.0,0.0
2022,Meningite não especificada,30 a 39 anos,5,5,2,2733835.0,municipal_soma_com_carry,2733835.0,0.18289326166356054,0.07315730466542421,40.0
2022,Meningite não especificada,5 a 9 anos,4,4,0,2733835.0,municipal_soma_com_carry,2733835.0,0.14631460933084842,0.0,0.0
2022,Meningite não especificada,50 a 59 anos,3,3,0,2733835.0,municipal_soma_com_carry,2733835.0,0.1097359569981363,0.0,0.0
2022,Meningite não especificada,< 1 ano,10,10,1,2733835.0,municipal_soma_com_carry,2733835.0,0.3657865233271211,0.036578652332712104,10.0
2022,Meningite não especificada,> 60 anos,1,1,0,2733835.0,municipal_soma_com_carry,2733835.0,0.036578652332712104,0.0,0.0
2022,Meningite pneumocócica,50 a 59 anos,1,1,0,2733835.0,municipal_soma_com_carry,2733835.0,0.036578652332712104,0.0,0.0
2022,Meningite pneumocócica,< 1 ano,3,3,0,2733835.0,municipal_soma_com_carry,2733835.0,0.1097359569981363,0.0,0.0
2022,Meningite por Hib/Hemófilo,5 a 9 anos,1,1,0,2733835.0,municipal_soma_com_carry,2733835.0,0.036578652332712104,0.0,0.0
2022,Meningite tuberculosa,30 a 39 anos,2,2,0,2733835.0,municipal_soma_com_carry,2733835.0,0.07315730466542421,0.0,0.0
2022,Meningite viral/asséptica,1 a 4 anos,2,2,0,2733835.0,municipal_soma_com_carry,2733835.0,0.07315730466542421,0.0,0.0
2022,Meningite viral/asséptica,10 a 14 anos,3,3,2,2733835.0,municipal_soma_com_carry,2733835.0,0.1097359569981363,0.07315730466542421,66.66666666666666
2022,Meningite viral/asséptica,15 a 19 anos,1,1,0,2733835.0,municipal_soma_com_carry,2733835.0,0.036578652332712104,0.0,0.0
2022,Meningite viral/asséptica,30 a 39 anos,1,1,0,2733835.0,municipal_soma_com_carry,2733835.0,0.036578652332712104,0.0,0.0
2022,Meningite viral/asséptica,40 a 49 anos,1,1,0,2733835.0,municipal_soma_com_carry,2733835.0,0.036578652332712104,0.0,0.0
2022,Meningite viral/asséptica,5 a 9 anos,2,2,0,2733835.0,municipal_soma_com_carry,2733835.0,0.07315730466542421,0.0,0.0
2022,Meningite viral/asséptica,50 a 59 anos,1,1,0,2733835.0,municipal_soma_com_carry,2733835.0,0.036578652332712104,0.0,0.0
2022,Meningite viral/asséptica,< 1 ano,4,4,0,2733835.0,municipal_soma_com_carry,2733835.0,0.14631460933084842,0.0,0.0
2022,Meningite viral/asséptica,> 60 anos,2,2,0,2733835.0,municipal_soma_com_carry,2733835.0,0.07315730466542421,0.0,0.0
2022,Outras etiologias,20 a 29 anos,1,1,0,2733835.0,municipal_soma_com_carry,2733835.0,0.036578652332712104,0.0,0.0
2022,Outras etiologias,30 a 39 anos,1,1,0,2733835.0,municipal_soma_com_carry,2733835.0,0.036578652332712104,0.0,0.0
2022,Outras etiologias,40 a 49 anos,1,1,0,2733835.0,municipal_soma_com_carry,2733835.0,0.036578652332712104,0.0,0.0
2022,Outras etiologias,< 1 ano,1,1,0,2733835.0,municipal_soma_com_carry,2733835.0,0.036578652332712104,0.0,0.0
2022,Outras etiologias,> 60 anos,1,1,0,2733835.0,municipal_soma_com_carry,2733835.0,0.036578652332712104,0.0,0.0
2023,Doença meningocócica,10 a 14 anos,1,1,1,3033056.0,municipal_soma_com_carry,3033056.0,0.03297004737136406,0.03297004737136406,100.0
2023,Doença meningocócica,15 a 19 anos,1,1,0,3033056.0,municipal_soma_com_carry,3033056.0,0.03297004737136406,0.0,0.0
2023,Doença meningocócica,30 a 39 anos,1,1,0,3033056.0,municipal_soma_com_carry,3033056.0,0.03297004737136406,0.0,0.0
2023,Doença meningocócica,40 a 49 anos,1,1,0,3033056.0,municipal_soma_com_carry,3033056.0,0.03297004737136406,0.0,0.0
2023,Doença meningocócica,< 1 ano,2,2,0,3033056.0,municipal_soma_com_carry,3033056.0,0.06594009474272812,0.0,0.0
2023,Doença meningocócica,> 60 anos,1,1,0,3033056.0,municipal_soma_com_carry,3033056.0,0.03297004737136406,0.0,0.0
2023,Meningite bacteriana/outras bactérias,1 a 4 anos,1,1,0,3033056.0,municipal_soma_com_carry,3033056.0,0.03297004737136406,0.0,0.0
2023,Meningite bacteriana/outras bactérias,10 a 14 anos,2,2,2,3033056.0,municipal_soma_com_carry,3033056.0,0.06594009474272812,0.06594009474272812,100.0
2023,Meningite bacteriana/outras bactérias,15 a 19 anos,1,1,0,3033056.0,municipal_soma_com_carry,3033056.0,0.03297004737136406,0.0,0.0
2023,Meningite bacteriana/outras bactérias,30 a 39 anos,2,2,1,3033056.0,municipal_soma_com_carry,3033056.0,0.06594009474272812,0.03297004737136406,50.0
2023,Meningite bacteriana/outras bactérias,40 a 49 anos,1,1,1,3033056.0,municipal_soma_com_carry,3033056.0,0.03297004737136406,0.03297004737136406,100.0
2023,Meningite bacteriana/outras bactérias,5 a 9 anos,1,1,0,3033056.0,municipal_soma_com_carry,3033056.0,0.03297004737136406,0.0,0.0
2023,Meningite bacteriana/outras bactérias,50 a 59 anos,1,1,0,3033056.0,municipal_soma_com_carry,3033056.0,0.03297004737136406,0.0,0.0
2023,Meningite bacteriana/outras bactérias,< 1 ano,3,3,0,3033056.0,municipal_soma_com_carry,3033056.0,0.09891014211409219,0.0,0.0
2023,Meningite bacteriana/outras bactérias,> 60 anos,2,2,0,3033056.0,municipal_soma_com_carry,3033056.0,0.06594009474272812,0.0,0.0
2023,Meningite fúngica,20 a 29 anos,1,1,0,3033056.0,municipal_soma_com_carry,3033056.0,0.03297004737136406,0.0,0.0
2023,Meningite fúngica,30 a 39 anos,1,1,0,3033056.0,municipal_soma_com_carry,3033056.0,0.03297004737136406,0.0,0.0
2023,Meningite fúngica,40 a 49 anos,1,1,0,3033056.0,municipal_soma_com_carry,3033056.0,0.03297004737136406,0.0,0.0
2023,Meningite fúngica,50 a 59 anos,2,2,0,3033056.0,municipal_soma_com_carry,3033056.0,0.06594009474272812,0.0,0.0
2023,Meningite não especificada,1 a 4 anos,12,12,0,3033056.0,municipal_soma_com_carry,3033056.0,0.39564056845636875,0.0,0.0
2023,Meningite não especificada,10 a 14 anos,6,6,0,3033056.0,municipal_soma_com_carry,3033056.0,0.19782028422818437,0.0,0.0
2023,Meningite não especificada,15 a 19 anos,4,4,1,3033056.0,municipal_soma_com_carry,3033056.0,0.13188018948545624,0.03297004737136406,25.0
2023,Meningite não especificada,20 a 29 anos,3,3,0,3033056.0,municipal_soma_com_carry,3033056.0,0.09891014211409219,0.0,0.0
2023,Meningite não especificada,30 a 39 anos,2,2,1,3033056.0,municipal_soma_com_carry,3033056.0,0.06594009474272812,0.03297004737136406,50.0
2023,Meningite não especificada,40 a 49 anos,4,4,0,3033056.0,municipal_soma_com_carry,3033056.0,0.13188018948545624,0.0,0.0
2023,Meningite não especificada,5 a 9 anos,11,11,1,3033056.0,municipal_soma_com_carry,3033056.0,0.3626705210850047,0.03297004737136406,9.090909090909092
2023,Meningite não especificada,50 a 59 anos,2,2,1,3033056.0,municipal_soma_com_carry,3033056.0,0.06594009474272812,0.03297004737136406,50.0
2023,Meningite não especificada,< 1 ano,14,14,0,3033056.0,municipal_soma_com_carry,3033056.0,0.4615806631990969,0.0,0.0
2023,Meningite não especificada,> 60 anos,5,5,0,3033056.0,municipal_soma_com_carry,3033056.0,0.16485023685682032,0.0,0.0
2023,Meningite pneumocócica,30 a 39 anos,1,1,0,3033056.0,municipal_soma_com_carry,3033056.0,0.03297004737136406,0.0,0.0
2023,Meningite pneumocócica,5 a 9 anos,1,1,1,3033056.0,municipal_soma_com_carry,3033056.0,0.03297004737136406,0.03297004737136406,100.0
2023,Meningite pneumocócica,< 1 ano,2,2,0,3033056.0,municipal_soma_com_carry,3033056.0,0.06594009474272812,0.0,0.0
2023,Meningite pneumocócica,> 60 anos,3,3,1,3033056.0,municipal_soma_com_carry,3033056.0,0.09891014211409219,0.03297004737136406,33.33333333333333
2023,Meningite por Hib/Hemófilo,1 a 4 anos,1,1,0,3033056.0,municipal_soma_com_carry,3033056.0,0.03297004737136406,0.0,0.0
2023,Meningite por Hib/Hemófilo,15 a 19 anos,1,1,0,3033056.0,municipal_soma_com_carry,3033056.0,0.03297004737136406,0.0,0.0
2023,Meningite tuberculosa,20 a 29 anos,1,1,0,3033056.0,municipal_soma_com_carry,3033056.0,0.03297004737136406,0.0,0.0
2023,Meningite tuberculosa,30 a 39 anos,2,2,0,3033056.0,municipal_soma_com_carry,3033056.0,0.06594009474272812,0.0,0.0
2023,Meningite tuberculosa,40 a 49 anos,1,1,0,3033056.0,municipal_soma_com_carry,3033056.0,0.03297004737136406,0.0,0.0
2023,Meningite viral/asséptica,1 a 4 anos,1,1,0,3033056.0,municipal_soma_com_carry,3033056.0,0.03297004737136406,0.0,0.0
2023,Meningite viral/asséptica,10 a 14 anos,1,1,0,3033056.0,municipal_soma_com_carry,3033056.0,0.03297004737136406,0.0,0.0
2023,Meningite viral/asséptica,20 a 29 anos,1,1,0,3033056.0,municipal_soma_com_carry,3033056.0,0.03297004737136406,0.0,0.0
2023,Meningite viral/asséptica,30 a 39 anos,1,1,0,3033056.0,municipal_soma_com_carry,3033056.0,0.03297004737136406,0.0,0.0
2023,Meningite viral/asséptica,5 a 9 anos,4,4,0,3033056.0,municipal_soma_com_carry,3033056.0,0.13188018948545624,0.0,0.0
2023,Meningite viral/asséptica,50 a 59 anos,1,1,0,3033056.0,municipal_soma_com_carry,3033056.0,0.03297004737136406,0.0,0.0
2023,Meningite viral/asséptica,< 1 ano,3,3,0,3033056.0,municipal_soma_com_carry,3033056.0,0.09891014211409219,0.0,0.0
2023,Outras etiologias,1 a 4 anos,3,3,0,3033056.0,municipal_soma_com_carry,3033056.0,0.09891014211409219,0.0,0.0
2023,Outras etiologias,10 a 14 anos,2,2,0,3033056.0,municipal_soma_com_carry,3033056.0,0.06594009474272812,0.0,0.0
2023,Outras etiologias,20 a 29 anos,1,1,0,3033056.0,municipal_soma_com_carry,3033056.0,0.03297004737136406,0.0,0.0
2023,Outras etiologias,30 a 39 anos,4,4,1,3033056.0,municipal_soma_com_carry,3033056.0,0.13188018948545624,0.03297004737136406,25.0
2023,Outras etiologias,40 a 49 anos,2,2,0,3033056.0,municipal_soma_com_carry,3033056.0,0.06594009474272812,0.0,0.0
2023,Outras etiologias,5 a 9 anos,1,1,0,3033056.0,municipal_soma_com_carry,3033056.0,0.03297004737136406,0.0,0.0
2023,Outras etiologias,< 1 ano,1,1,0,3033056.0,municipal_soma_com_carry,3033056.0,0.03297004737136406,0.0,0.0
2024,Doença meningocócica,50 a 59 anos,2,2,1,3187507.0,municipal_soma_com_carry,3187507.0,0.06274496024636181,0.031372480123180904,50.0
2024,Meningite bacteriana/outras bactérias,1 a 4 anos,4,4,2,3187507.0,municipal_soma_com_carry,3187507.0,0.12548992049272362,0.06274496024636181,50.0
2024,Meningite bacteriana/outras bactérias,10 a 14 anos,1,1,0,3187507.0,municipal_soma_com_carry,3187507.0,0.031372480123180904,0.0,0.0
2024,Meningite bacteriana/outras bactérias,20 a 29 anos,2,2,2,3187507.0,municipal_soma_com_carry,3187507.0,0.06274496024636181,0.06274496024636181,100.0
2024,Meningite bacteriana/outras bactérias,30 a 39 anos,2,2,0,3187507.0,municipal_soma_com_carry,3187507.0,0.06274496024636181,0.0,0.0
2024,Meningite bacteriana/outras bactérias,40 a 49 anos,3,3,0,3187507.0,municipal_soma_com_carry,3187507.0,0.09411744036954271,0.0,0.0
2024,Meningite bacteriana/outras bactérias,5 a 9 anos,1,1,1,3187507.0,municipal_soma_com_carry,3187507.0,0.031372480123180904,0.031372480123180904,100.0
2024,Meningite bacteriana/outras bactérias,50 a 59 anos,3,3,0,3187507.0,municipal_soma_com_carry,3187507.0,0.09411744036954271,0.0,0.0
2024,Meningite bacteriana/outras bactérias,< 1 ano,4,4,3,3187507.0,municipal_soma_com_carry,3187507.0,0.12548992049272362,0.09411744036954271,75.0
2024,Meningite bacteriana/outras bactérias,> 60 anos,8,8,3,3187507.0,municipal_soma_com_carry,3187507.0,0.25097984098544723,0.09411744036954271,37.5
2024,Meningite fúngica,20 a 29 anos,2,2,1,3187507.0,municipal_soma_com_carry,3187507.0,0.06274496024636181,0.031372480123180904,50.0
2024,Meningite fúngica,30 a 39 anos,1,1,0,3187507.0,municipal_soma_com_carry,3187507.0,0.031372480123180904,0.0,0.0
2024,Meningite fúngica,40 a 49 anos,2,2,0,3187507.0,municipal_soma_com_carry,3187507.0,0.06274496024636181,0.0,0.0
2024,Meningite fúngica,> 60 anos,2,2,0,3187507.0,municipal_soma_com_carry,3187507.0,0.06274496024636181,0.0,0.0
2024,Meningite não especificada,1 a 4 anos,9,9,0,3187507.0,municipal_soma_com_carry,3187507.0,0.2823523211086281,0.0,0.0
2024,Meningite não especificada,10 a 14 anos,3,3,1,3187507.0,municipal_soma_com_carry,3187507.0,0.09411744036954271,0.031372480123180904,33.33333333333333
2024,Meningite não especificada,20 a 29 anos,6,6,0,3187507.0,municipal_soma_com_carry,3187507.0,0.18823488073908543,0.0,0.0
2024,Meningite não especificada,30 a 39 anos,3,3,1,3187507.0,municipal_soma_com_carry,3187507.0,0.09411744036954271,0.031372480123180904,33.33333333333333
2024,Meningite não especificada,40 a 49 anos,9,9,1,3187507.0,municipal_soma_com_carry,3187507.0,0.2823523211086281,0.031372480123180904,11.11111111111111
2024,Meningite não especificada,5 a 9 anos,5,5,0,3187507.0,municipal_soma_com_carry,3187507.0,0.1568624006159045,0.0,0.0
2024,Meningite não especificada,50 a 59 anos,3,3,2,3187507.0,municipal_soma_com_carry,3187507.0,0.09411744036954271,0.06274496024636181,66.66666666666666
2024,Meningite não especificada,< 1 ano,7,7,1,3187507.0,municipal_soma_com_carry,3187507.0,0.21960736086226632,0.031372480123180904,14.285714285714285
2024,Meningite não especificada,> 60 anos,9,9,4,3187507.0,municipal_soma_com_carry,3187507.0,0.2823523211086281,0.12548992049272362,44.44444444444444
2024,Meningite pneumocócica,40 a 49 anos,2,2,1,3187507.0,municipal_soma_com_carry,3187507.0,0.06274496024636181,0.031372480123180904,50.0
2024,Meningite pneumocócica,50 a 59 anos,1,1,0,3187507.0,municipal_soma_com_carry,3187507.0,0.031372480123180904,0.0,0.0
2024,Meningite pneumocócica,< 1 ano,1,1,0,3187507.0,municipal_soma_com_carry,3187507.0,0.031372480123180904,0.0,0.0
2024,Meningite pneumocócica,> 60 anos,2,2,0,3187507.0,municipal_soma_com_carry,3187507.0,0.06274496024636181,0.0,0.0
2024,Meningite tuberculosa,20 a 29 anos,1,1,0,3187507.0,municipal_soma_com_carry,3187507.0,0.031372480123180904,0.0,0.0
2024,Meningite tuberculosa,30 a 39 anos,1,1,0,3187507.0,municipal_soma_com_carry,3187507.0,0.031372480123180904,0.0,0.0
2024,Meningite tuberculosa,50 a 59 anos,2,2,0,3187507.0,municipal_soma_com_carry,3187507.0,0.06274496024636181,0.0,0.0
2024,Meningite viral/asséptica,1 a 4 anos,5,5,1,3187507.0,municipal_soma_com_carry,3187507.0,0.1568624006159045,0.031372480123180904,20.0
2024,Meningite viral/asséptica,30 a 39 anos,1,1,0,3187507.0,municipal_soma_com_carry,3187507.0,0.031372480123180904,0.0,0.0
2024,Meningite viral/asséptica,< 1 ano,2,2,0,3187507.0,municipal_soma_com_carry,3187507.0,0.06274496024636181,0.0,0.0
2024,Outras etiologias,30 a 39 anos,1,1,0,3187507.0,municipal_soma_com_carry,3187507.0,0.031372480123180904,0.0,0.0
2024,Outras etiologias,40 a 49 anos,1,1,0,3187507.0,municipal_soma_com_carry,3187507.0,0.031372480123180904,0.0,0.0
2024,Outras etiologias,< 1 ano,1,1,0,3187507.0,municipal_soma_com_carry,3187507.0,0.031372480123180904,0.0,0.0
2025,Doença meningocócica,30 a 39 anos,3,3,0,3187507.0,municipal_soma_com_carry,3187507.0,0.09411744036954271,0.0,0.0
2025,Doença meningocócica,5 a 9 anos,1,1,0,3187507.0,municipal_soma_com_carry,3187507.0,0.031372480123180904,0.0,0.0
2025,Doença meningocócica,50 a 59 anos,1,1,1,3187507.0,municipal_soma_com_carry,3187507.0,0.031372480123180904,0.031372480123180904,100.0
2025,Doença meningocócica,< 1 ano,2,2,0,3187507.0,municipal_soma_com_carry,3187507.0,0.06274496024636181,0.0,0.0
2025,Meningite bacteriana/outras bactérias,10 a 14 anos,2,2,0,3187507.0,municipal_soma_com_carry,3187507.0,0.06274496024636181,0.0,0.0
2025,Meningite bacteriana/outras bactérias,15 a 19 anos,1,1,0,3187507.0,municipal_soma_com_carry,3187507.0,0.031372480123180904,0.0,0.0
2025,Meningite bacteriana/outras bactérias,40 a 49 anos,2,2,1,3187507.0,municipal_soma_com_carry,3187507.0,0.06274496024636181,0.031372480123180904,50.0
2025,Meningite bacteriana/outras bactérias,5 a 9 anos,1,1,0,3187507.0,municipal_soma_com_carry,3187507.0,0.031372480123180904,0.0,0.0
2025,Meningite bacteriana/outras bactérias,50 a 59 anos,2,2,1,3187507.0,municipal_soma_com_carry,3187507.0,0.06274496024636181,0.031372480123180904,50.0
2025,Meningite bacteriana/outras bactérias,< 1 ano,4,4,1,3187507.0,municipal_soma_com_carry,3187507.0,0.12548992049272362,0.031372480123180904,25.0
2025,Meningite bacteriana/outras bactérias,> 60 anos,1,1,0,3187507.0,municipal_soma_com_carry,3187507.0,0.031372480123180904,0.0,0.0
2025,Meningite fúngica,20 a 29 anos,1,1,0,3187507.0,municipal_soma_com_carry,3187507.0,0.031372480123180904,0.0,0.0
2025,Meningite fúngica,30 a 39 anos,3,3,2,3187507.0,municipal_soma_com_carry,3187507.0,0.09411744036954271,0.06274496024636181,66.66666666666666
2025,Meningite fúngica,40 a 49 anos,1,1,0,3187507.0,municipal_soma_com_carry,3187507.0,0.031372480123180904,0.0,0.0
2025,Meningite fúngica,50 a 59 anos,2,2,0,3187507.0,municipal_soma_com_carry,3187507.0,0.06274496024636181,0.0,0.0
2025,Meningite fúngica,> 60 anos,1,1,0,3187507.0,municipal_soma_com_carry,3187507.0,0.031372480123180904,0.0,0.0
2025,Meningite não especificada,1 a 4 anos,4,4,0,3187507.0,municipal_soma_com_carry,3187507.0,0.12548992049272362,0.0,0.0
2025,Meningite não especificada,10 a 14 anos,2,2,0,3187507.0,municipal_soma_com_carry,3187507.0,0.06274496024636181,0.0,0.0
2025,Meningite não especificada,20 a 29 anos,4,4,0,3187507.0,municipal_soma_com_carry,3187507.0,0.12548992049272362,0.0,0.0
2025,Meningite não especificada,30 a 39 anos,3,3,0,3187507.0,municipal_soma_com_carry,3187507.0,0.09411744036954271,0.0,0.0
2025,Meningite não especificada,40 a 49 anos,5,5,2,3187507.0,municipal_soma_com_carry,3187507.0,0.1568624006159045,0.06274496024636181,40.0
2025,Meningite não especificada,5 a 9 anos,6,6,1,3187507.0,municipal_soma_com_carry,3187507.0,0.18823488073908543,0.031372480123180904,16.666666666666664
2025,Meningite não especificada,50 a 59 anos,4,4,0,3187507.0,municipal_soma_com_carry,3187507.0,0.12548992049272362,0.0,0.0
2025,Meningite não especificada,< 1 ano,4,4,0,3187507.0,municipal_soma_com_carry,3187507.0,0.12548992049272362,0.0,0.0
2025,Meningite não especificada,> 60 anos,7,7,2,3187507.0,municipal_soma_com_carry,3187507.0,0.21960736086226632,0.06274496024636181,28.57142857142857
2025,Meningite pneumocócica,10 a 14 anos,1,1,1,3187507.0,municipal_soma_com_carry,3187507.0,0.031372480123180904,0.031372480123180904,100.0
2025,Meningite pneumocócica,40 a 49 anos,1,1,1,3187507.0,municipal_soma_com_carry,3187507.0,0.031372480123180904,0.031372480123180904,100.0
2025,Meningite pneumocócica,5 a 9 anos,1,1,1,3187507.0,municipal_soma_com_carry,3187507.0,0.031372480123180904,0.031372480123180904,100.0
2025,Meningite pneumocócica,50 a 59 anos,1,1,0,3187507.0,municipal_soma_com_carry,3187507.0,0.031372480123180904,0.0,0.0
2025,Meningite pneumocócica,< 1 ano,1,1,1,3187507.0,municipal_soma_com_carry,3187507.0,0.031372480123180904,0.031372480123180904,100.0
2025,Meningite por Hib/Hemófilo,50 a 59 anos,1,1,0,3187507.0,municipal_soma_com_carry,3187507.0,0.031372480123180904,0.0,0.0
2025,Meningite por Hib/Hemófilo,> 60 anos,1,1,0,3187507.0,municipal_soma_com_carry,3187507.0,0.031372480123180904,0.0,0.0
2025,Meningite tuberculosa,10 a 14 anos,1,1,0,3187507.0,municipal_soma_com_carry,3187507.0,0.031372480123180904,0.0,0.0
2025,Meningite tuberculosa,20 a 29 anos,1,1,0,3187507.0,municipal_soma_com_carry,3187507.0,0.031372480123180904,0.0,0.0
2025,Meningite tuberculosa,50 a 59 anos,1,1,0,3187507.0,municipal_soma_com_carry,3187507.0,0.031372480123180904,0.0,0.0
2025,Meningite tuberculosa,> 60 anos,1,1,0,3187507.0,municipal_soma_com_carry,3187507.0,0.031372480123180904,0.0,0.0
2025,Meningite viral/asséptica,1 a 4 anos,1,1,0,3187507.0,municipal_soma_com_carry,3187507.0,0.031372480123180904,0.0,0.0
2025,Meningite viral/asséptica,30 a 39 anos,1,1,0,3187507.0,municipal_soma_com_carry,3187507.0,0.031372480123180904,0.0,0.0
2025,Meningite viral/asséptica,40 a 49 anos,1,1,0,3187507.0,municipal_soma_com_carry,3187507.0,0.031372480123180904,0.0,0.0
2025,Meningite viral/asséptica,5 a 9 anos,1,1,0,3187507.0,municipal_soma_com_carry,3187507.0,0.031372480123180904,0.0,0.0
2025,Meningite viral/asséptica,50 a 59 anos,1,1,0,3187507.0,municipal_soma_com_carry,3187507.0,0.031372480123180904,0.0,0.0
2025,Meningite viral/asséptica,< 1 ano,3,3,0,3187507.0,municipal_soma_com_carry,3187507.0,0.09411744036954271,0.0,0.0
2025,Outras etiologias,1 a 4 anos,1,1,0,3187507.0,municipal_soma_com_carry,3187507.0,0.031372480123180904,0.0,0.0
2025,Outras etiologias,30 a 39 anos,1,1,1,3187507.0,municipal_soma_com_carry,3187507.0,0.031372480123180904,0.031372480123180904,100.0
2026,Doença meningocócica,1 a 4 anos,1,1,0,3187507.0,municipal_soma_com_carry,3187507.0,0.031372480123180904,0.0,0.0
2026,Doença meningocócica,10 a 14 anos,1,1,1,3187507.0,municipal_soma_com_carry,3187507.0,0.031372480123180904,0.031372480123180904,100.0
2026,Doença meningocócica,5 a 9 anos,1,1,1,3187507.0,municipal_soma_com_carry,3187507.0,0.031372480123180904,0.031372480123180904,100.0
2026,Meningite bacteriana/outras bactérias,10 a 14 anos,3,3,0,3187507.0,municipal_soma_com_carry,3187507.0,0.09411744036954271,0.0,0.0
2026,Meningite bacteriana/outras bactérias,15 a 19 anos,1,1,0,3187507.0,municipal_soma_com_carry,3187507.0,0.031372480123180904,0.0,0.0
2026,Meningite bacteriana/outras bactérias,20 a 29 anos,1,1,1,3187507.0,municipal_soma_com_carry,3187507.0,0.031372480123180904,0.031372480123180904,100.0
2026,Meningite bacteriana/outras bactérias,30 a 39 anos,1,1,1,3187507.0,municipal_soma_com_carry,3187507.0,0.031372480123180904,0.031372480123180904,100.0
2026,Meningite bacteriana/outras bactérias,40 a 49 anos,3,3,1,3187507.0,municipal_soma_com_carry,3187507.0,0.09411744036954271,0.031372480123180904,33.33333333333333
2026,Meningite bacteriana/outras bactérias,5 a 9 anos,3,3,0,3187507.0,municipal_soma_com_carry,3187507.0,0.09411744036954271,0.0,0.0
2026,Meningite bacteriana/outras bactérias,< 1 ano,2,2,1,3187507.0,municipal_soma_com_carry,3187507.0,0.06274496024636181,0.031372480123180904,50.0
2026,Meningite bacteriana/outras bactérias,> 60 anos,3,3,0,3187507.0,municipal_soma_com_carry,3187507.0,0.09411744036954271,0.0,0.0
2026,Meningite fúngica,30 a 39 anos,4,4,1,3187507.0,municipal_soma_com_carry,3187507.0,0.12548992049272362,0.031372480123180904,25.0
2026,Meningite fúngica,40 a 49 anos,1,1,1,3187507.0,municipal_soma_com_carry,3187507.0,0.031372480123180904,0.031372480123180904,100.0
2026,Meningite fúngica,50 a 59 anos,1,1,1,3187507.0,municipal_soma_com_carry,3187507.0,0.031372480123180904,0.031372480123180904,100.0
2026,Meningite não especificada,1 a 4 anos,6,6,0,3187507.0,municipal_soma_com_carry,3187507.0,0.18823488073908543,0.0,0.0
2026,Meningite não especificada,10 a 14 anos,3,3,0,3187507.0,municipal_soma_com_carry,3187507.0,0.09411744036954271,0.0,0.0
2026,Meningite não especificada,15 a 19 anos,3,3,0,3187507.0,municipal_soma_com_carry,3187507.0,0.09411744036954271,0.0,0.0
2026,Meningite não especificada,20 a 29 anos,1,1,0,3187507.0,municipal_soma_com_carry,3187507.0,0.031372480123180904,0.0,0.0
2026,Meningite não especificada,30 a 39 anos,3,3,0,3187507.0,municipal_soma_com_carry,3187507.0,0.09411744036954271,0.0,0.0
2026,Meningite não especificada,40 a 49 anos,1,1,1,3187507.0,municipal_soma_com_carry,3187507.0,0.031372480123180904,0.031372480123180904,100.0
2026,Meningite não especificada,5 a 9 anos,4,4,1,3187507.0,municipal_soma_com_carry,3187507.0,0.12548992049272362,0.031372480123180904,25.0
2026,Meningite não especificada,50 a 59 anos,2,2,0,3187507.0,municipal_soma_com_carry,3187507.0,0.06274496024636181,0.0,0.0
2026,Meningite não especificada,< 1 ano,5,5,0,3187507.0,municipal_soma_com_carry,3187507.0,0.1568624006159045,0.0,0.0
2026,Meningite não especificada,> 60 anos,3,3,1,3187507.0,municipal_soma_com_carry,3187507.0,0.09411744036954271,0.031372480123180904,33.33333333333333
2026,Meningite pneumocócica,10 a 14 anos,4,4,0,3187507.0,municipal_soma_com_carry,3187507.0,0.12548992049272362,0.0,0.0
2026,Meningite pneumocócica,20 a 29 anos,1,1,0,3187507.0,municipal_soma_com_carry,3187507.0,0.031372480123180904,0.0,0.0
2026,Meningite pneumocócica,30 a 39 anos,1,1,0,3187507.0,municipal_soma_com_carry,3187507.0,0.031372480123180904,0.0,0.0
2026,Meningite pneumocócica,40 a 49 anos,1,1,0,3187507.0,municipal_soma_com_carry,3187507.0,0.031372480123180904,0.0,0.0
2026,Meningite pneumocócica,5 a 9 anos,2,2,0,3187507.0,municipal_soma_com_carry,3187507.0,0.06274496024636181,0.0,0.0
2026,Meningite pneumocócica,50 a 59 anos,1,1,0,3187507.0,municipal_soma_com_carry,3187507.0,0.031372480123180904,0.0,0.0
2026,Meningite pneumocócica,< 1 ano,1,1,0,3187507.0,municipal_soma_com_carry,3187507.0,0.031372480123180904,0.0,0.0
2026,Meningite por Hib/Hemófilo,5 a 9 anos,1,1,0,3187507.0,municipal_soma_com_carry,3187507.0,0.031372480123180904,0.0,0.0
2026,Meningite tuberculosa,20 a 29 anos,1,1,1,3187507.0,municipal_soma_com_carry,3187507.0,0.031372480123180904,0.031372480123180904,100.0
2026,Meningite tuberculosa,40 a 49 anos,1,1,0,3187507.0,municipal_soma_com_carry,3187507.0,0.031372480123180904,0.0,0.0
2026,Meningite tuberculosa,> 60 anos,1,1,0,3187507.0,municipal_soma_com_carry,3187507.0,0.031372480123180904,0.0,0.0
2026,Meningite viral/asséptica,1 a 4 anos,3,3,1,3187507.0,municipal_soma_com_carry,3187507.0,0.09411744036954271,0.031372480123180904,33.33333333333333
2026,Meningite viral/asséptica,10 a 14 anos,1,1,0,3187507.0,municipal_soma_com_carry,3187507.0,0.031372480123180904,0.0,0.0
2026,Meningite viral/asséptica,5 a 9 anos,2,2,0,3187507.0,municipal_soma_com_carry,3187507.0,0.06274496024636181,0.0,0.0
2026,Meningite viral/asséptica,50 a 59 anos,1,1,0,3187507.0,municipal_soma_com_carry,3187507.0,0.031372480123180904,0.0,0.0
2026,Meningite viral/asséptica,< 1 ano,5,5,0,3187507.0,municipal_soma_com_carry,3187507.0,0.1568624006159045,0.0,0.0
2026,Outras etiologias,< 1 ano,1,1,0,3187507.0,municipal_soma_com_carry,3187507.0,0.031372480123180904,0.0,0.0
