regional_v17,classificacao_agrupada_v17,vacina,campo_vacinal,status,motivo,n_registros_no_estrato,registros_com_campo_vacinal
AGUA BOA,Doença meningocócica,BCG,VacinaContraBCG_bin_v17,Não aplicável etiologicamente,"BCG é aplicável a Meningite tuberculosa, não a Doença meningocócica.",8,5
AGUA BOA,Doença meningocócica,Hib/Hemófilos,VacinaContraHemofilos_bin_v17,Não aplicável etiologicamente,"Hib/Hemófilos é aplicável a Meningite por Hib/Hemófilo, não a Doença meningocócica.",8,3
AGUA BOA,Doença meningocócica,Pneumocócica,VacinaContraPneumococo_bin_v17,Não aplicável etiologicamente,"Pneumocócica é aplicável a Meningite pneumocócica, não a Doença meningocócica.",8,3
AGUA BOA,Doença meningocócica,Tríplice bacteriana/DTP,VacinaContraTriplice_bin_v17,Não aplicável etiologicamente,"Tríplice bacteriana/DTP é aplicável a nenhuma etiologia alvo direta, não a Doença meningocócica.",8,2
AGUA BOA,Doença meningocócica,Outras vacinas,VacinaOutras_bin_v17,Não aplicável etiologicamente,"Outras vacinas é aplicável a nenhuma etiologia alvo direta, não a Doença meningocócica.",8,1
AGUA BOA,Meningite bacteriana/outras bactérias,Meningocócica polissacarídica A/C,VacinaContraPolissacaridicaAC_bin_v17,Não aplicável etiologicamente,"Meningocócica polissacarídica A/C é aplicável a Doença meningocócica, não a Meningite bacteriana/outras bactérias.",8,2
AGUA BOA,Meningite bacteriana/outras bactérias,Meningocócica polissacarídica B/C,VacinaContraPolissacaridicaBC_bin_v17,Não aplicável etiologicamente,"Meningocócica polissacarídica B/C é aplicável a Doença meningocócica, não a Meningite bacteriana/outras bactérias.",8,2
AGUA BOA,Meningite bacteriana/outras bactérias,Meningocócica C conjugada,VacinaConjugadaMeningoC_bin_v17,Não aplicável etiologicamente,"Meningocócica C conjugada é aplicável a Doença meningocócica, não a Meningite bacteriana/outras bactérias.",8,1
AGUA BOA,Meningite bacteriana/outras bactérias,BCG,VacinaContraBCG_bin_v17,Não aplicável etiologicamente,"BCG é aplicável a Meningite tuberculosa, não a Meningite bacteriana/outras bactérias.",8,1
AGUA BOA,Meningite bacteriana/outras bactérias,Hib/Hemófilos,VacinaContraHemofilos_bin_v17,Não aplicável etiologicamente,"Hib/Hemófilos é aplicável a Meningite por Hib/Hemófilo, não a Meningite bacteriana/outras bactérias.",8,2
AGUA BOA,Meningite bacteriana/outras bactérias,Pneumocócica,VacinaContraPneumococo_bin_v17,Não aplicável etiologicamente,"Pneumocócica é aplicável a Meningite pneumocócica, não a Meningite bacteriana/outras bactérias.",8,2
AGUA BOA,Meningite bacteriana/outras bactérias,Tríplice bacteriana/DTP,VacinaContraTriplice_bin_v17,Não aplicável etiologicamente,"Tríplice bacteriana/DTP é aplicável a nenhuma etiologia alvo direta, não a Meningite bacteriana/outras bactérias.",8,2
AGUA BOA,Meningite bacteriana/outras bactérias,Outras vacinas,VacinaOutras_bin_v17,Não aplicável etiologicamente,"Outras vacinas é aplicável a nenhuma etiologia alvo direta, não a Meningite bacteriana/outras bactérias.",8,2
AGUA BOA,Meningite fúngica,Meningocócica polissacarídica A/C,VacinaContraPolissacaridicaAC_bin_v17,Não aplicável etiologicamente,"Meningocócica polissacarídica A/C é aplicável a Doença meningocócica, não a Meningite fúngica.",1,0
AGUA BOA,Meningite fúngica,Meningocócica polissacarídica B/C,VacinaContraPolissacaridicaBC_bin_v17,Não aplicável etiologicamente,"Meningocócica polissacarídica B/C é aplicável a Doença meningocócica, não a Meningite fúngica.",1,0
AGUA BOA,Meningite fúngica,Meningocócica C conjugada,VacinaConjugadaMeningoC_bin_v17,Não aplicável etiologicamente,"Meningocócica C conjugada é aplicável a Doença meningocócica, não a Meningite fúngica.",1,0
AGUA BOA,Meningite fúngica,BCG,VacinaContraBCG_bin_v17,Não aplicável etiologicamente,"BCG é aplicável a Meningite tuberculosa, não a Meningite fúngica.",1,0
AGUA BOA,Meningite fúngica,Hib/Hemófilos,VacinaContraHemofilos_bin_v17,Não aplicável etiologicamente,"Hib/Hemófilos é aplicável a Meningite por Hib/Hemófilo, não a Meningite fúngica.",1,0
AGUA BOA,Meningite fúngica,Pneumocócica,VacinaContraPneumococo_bin_v17,Não aplicável etiologicamente,"Pneumocócica é aplicável a Meningite pneumocócica, não a Meningite fúngica.",1,0
AGUA BOA,Meningite fúngica,Tríplice bacteriana/DTP,VacinaContraTriplice_bin_v17,Não aplicável etiologicamente,"Tríplice bacteriana/DTP é aplicável a nenhuma etiologia alvo direta, não a Meningite fúngica.",1,0
AGUA BOA,Meningite fúngica,Outras vacinas,VacinaOutras_bin_v17,Não aplicável etiologicamente,"Outras vacinas é aplicável a nenhuma etiologia alvo direta, não a Meningite fúngica.",1,0
AGUA BOA,Meningite não especificada,Meningocócica polissacarídica A/C,VacinaContraPolissacaridicaAC_bin_v17,Não aplicável etiologicamente,"Meningocócica polissacarídica A/C é aplicável a Doença meningocócica, não a Meningite não especificada.",15,7
AGUA BOA,Meningite não especificada,Meningocócica polissacarídica B/C,VacinaContraPolissacaridicaBC_bin_v17,Não aplicável etiologicamente,"Meningocócica polissacarídica B/C é aplicável a Doença meningocócica, não a Meningite não especificada.",15,7
AGUA BOA,Meningite não especificada,Meningocócica C conjugada,VacinaConjugadaMeningoC_bin_v17,Não aplicável etiologicamente,"Meningocócica C conjugada é aplicável a Doença meningocócica, não a Meningite não especificada.",15,7
AGUA BOA,Meningite não especificada,BCG,VacinaContraBCG_bin_v17,Não aplicável etiologicamente,"BCG é aplicável a Meningite tuberculosa, não a Meningite não especificada.",15,7
AGUA BOA,Meningite não especificada,Hib/Hemófilos,VacinaContraHemofilos_bin_v17,Não aplicável etiologicamente,"Hib/Hemófilos é aplicável a Meningite por Hib/Hemófilo, não a Meningite não especificada.",15,8
AGUA BOA,Meningite não especificada,Pneumocócica,VacinaContraPneumococo_bin_v17,Não aplicável etiologicamente,"Pneumocócica é aplicável a Meningite pneumocócica, não a Meningite não especificada.",15,8
AGUA BOA,Meningite não especificada,Tríplice bacteriana/DTP,VacinaContraTriplice_bin_v17,Não aplicável etiologicamente,"Tríplice bacteriana/DTP é aplicável a nenhuma etiologia alvo direta, não a Meningite não especificada.",15,9
AGUA BOA,Meningite não especificada,Outras vacinas,VacinaOutras_bin_v17,Não aplicável etiologicamente,"Outras vacinas é aplicável a nenhuma etiologia alvo direta, não a Meningite não especificada.",15,6
AGUA BOA,Meningite por Hib/Hemófilo,Meningocócica polissacarídica A/C,VacinaContraPolissacaridicaAC_bin_v17,Não aplicável etiologicamente,"Meningocócica polissacarídica A/C é aplicável a Doença meningocócica, não a Meningite por Hib/Hemófilo.",2,1
AGUA BOA,Meningite por Hib/Hemófilo,Meningocócica polissacarídica B/C,VacinaContraPolissacaridicaBC_bin_v17,Não aplicável etiologicamente,"Meningocócica polissacarídica B/C é aplicável a Doença meningocócica, não a Meningite por Hib/Hemófilo.",2,1
AGUA BOA,Meningite por Hib/Hemófilo,Meningocócica C conjugada,VacinaConjugadaMeningoC_bin_v17,Não aplicável etiologicamente,"Meningocócica C conjugada é aplicável a Doença meningocócica, não a Meningite por Hib/Hemófilo.",2,1
AGUA BOA,Meningite por Hib/Hemófilo,BCG,VacinaContraBCG_bin_v17,Não aplicável etiologicamente,"BCG é aplicável a Meningite tuberculosa, não a Meningite por Hib/Hemófilo.",2,1
AGUA BOA,Meningite por Hib/Hemófilo,Pneumocócica,VacinaContraPneumococo_bin_v17,Não aplicável etiologicamente,"Pneumocócica é aplicável a Meningite pneumocócica, não a Meningite por Hib/Hemófilo.",2,0
AGUA BOA,Meningite por Hib/Hemófilo,Tríplice bacteriana/DTP,VacinaContraTriplice_bin_v17,Não aplicável etiologicamente,"Tríplice bacteriana/DTP é aplicável a nenhuma etiologia alvo direta, não a Meningite por Hib/Hemófilo.",2,0
AGUA BOA,Meningite por Hib/Hemófilo,Outras vacinas,VacinaOutras_bin_v17,Não aplicável etiologicamente,"Outras vacinas é aplicável a nenhuma etiologia alvo direta, não a Meningite por Hib/Hemófilo.",2,0
AGUA BOA,Meningite tuberculosa,Meningocócica polissacarídica A/C,VacinaContraPolissacaridicaAC_bin_v17,Não aplicável etiologicamente,"Meningocócica polissacarídica A/C é aplicável a Doença meningocócica, não a Meningite tuberculosa.",2,1
AGUA BOA,Meningite tuberculosa,Meningocócica polissacarídica B/C,VacinaContraPolissacaridicaBC_bin_v17,Não aplicável etiologicamente,"Meningocócica polissacarídica B/C é aplicável a Doença meningocócica, não a Meningite tuberculosa.",2,1
AGUA BOA,Meningite tuberculosa,Meningocócica C conjugada,VacinaConjugadaMeningoC_bin_v17,Não aplicável etiologicamente,"Meningocócica C conjugada é aplicável a Doença meningocócica, não a Meningite tuberculosa.",2,1
AGUA BOA,Meningite tuberculosa,Hib/Hemófilos,VacinaContraHemofilos_bin_v17,Não aplicável etiologicamente,"Hib/Hemófilos é aplicável a Meningite por Hib/Hemófilo, não a Meningite tuberculosa.",2,1
AGUA BOA,Meningite tuberculosa,Pneumocócica,VacinaContraPneumococo_bin_v17,Não aplicável etiologicamente,"Pneumocócica é aplicável a Meningite pneumocócica, não a Meningite tuberculosa.",2,1
AGUA BOA,Meningite tuberculosa,Tríplice bacteriana/DTP,VacinaContraTriplice_bin_v17,Não aplicável etiologicamente,"Tríplice bacteriana/DTP é aplicável a nenhuma etiologia alvo direta, não a Meningite tuberculosa.",2,1
AGUA BOA,Meningite tuberculosa,Outras vacinas,VacinaOutras_bin_v17,Não aplicável etiologicamente,"Outras vacinas é aplicável a nenhuma etiologia alvo direta, não a Meningite tuberculosa.",2,1
AGUA BOA,Meningite viral/asséptica,Meningocócica polissacarídica A/C,VacinaContraPolissacaridicaAC_bin_v17,Não aplicável etiologicamente,Não há vacina correspondente para esta classificação; viral/asséptica não entra em EV vacinal.,6,2
AGUA BOA,Meningite viral/asséptica,Meningocócica polissacarídica B/C,VacinaContraPolissacaridicaBC_bin_v17,Não aplicável etiologicamente,Não há vacina correspondente para esta classificação; viral/asséptica não entra em EV vacinal.,6,2
AGUA BOA,Meningite viral/asséptica,Meningocócica C conjugada,VacinaConjugadaMeningoC_bin_v17,Não aplicável etiologicamente,Não há vacina correspondente para esta classificação; viral/asséptica não entra em EV vacinal.,6,2
AGUA BOA,Meningite viral/asséptica,BCG,VacinaContraBCG_bin_v17,Não aplicável etiologicamente,Não há vacina correspondente para esta classificação; viral/asséptica não entra em EV vacinal.,6,2
AGUA BOA,Meningite viral/asséptica,Hib/Hemófilos,VacinaContraHemofilos_bin_v17,Não aplicável etiologicamente,Não há vacina correspondente para esta classificação; viral/asséptica não entra em EV vacinal.,6,2
AGUA BOA,Meningite viral/asséptica,Pneumocócica,VacinaContraPneumococo_bin_v17,Não aplicável etiologicamente,Não há vacina correspondente para esta classificação; viral/asséptica não entra em EV vacinal.,6,1
AGUA BOA,Meningite viral/asséptica,Tríplice bacteriana/DTP,VacinaContraTriplice_bin_v17,Não aplicável etiologicamente,Não há vacina correspondente para esta classificação; viral/asséptica não entra em EV vacinal.,6,2
AGUA BOA,Meningite viral/asséptica,Outras vacinas,VacinaOutras_bin_v17,Não aplicável etiologicamente,Não há vacina correspondente para esta classificação; viral/asséptica não entra em EV vacinal.,6,1
AGUA BOA,Outras etiologias,Meningocócica polissacarídica A/C,VacinaContraPolissacaridicaAC_bin_v17,Não aplicável etiologicamente,"Meningocócica polissacarídica A/C é aplicável a Doença meningocócica, não a Outras etiologias.",73,22
AGUA BOA,Outras etiologias,Meningocócica polissacarídica B/C,VacinaContraPolissacaridicaBC_bin_v17,Não aplicável etiologicamente,"Meningocócica polissacarídica B/C é aplicável a Doença meningocócica, não a Outras etiologias.",73,22
AGUA BOA,Outras etiologias,Meningocócica C conjugada,VacinaConjugadaMeningoC_bin_v17,Não aplicável etiologicamente,"Meningocócica C conjugada é aplicável a Doença meningocócica, não a Outras etiologias.",73,24
AGUA BOA,Outras etiologias,BCG,VacinaContraBCG_bin_v17,Não aplicável etiologicamente,"BCG é aplicável a Meningite tuberculosa, não a Outras etiologias.",73,25
AGUA BOA,Outras etiologias,Hib/Hemófilos,VacinaContraHemofilos_bin_v17,Não aplicável etiologicamente,"Hib/Hemófilos é aplicável a Meningite por Hib/Hemófilo, não a Outras etiologias.",73,20
AGUA BOA,Outras etiologias,Pneumocócica,VacinaContraPneumococo_bin_v17,Não aplicável etiologicamente,"Pneumocócica é aplicável a Meningite pneumocócica, não a Outras etiologias.",73,21
AGUA BOA,Outras etiologias,Tríplice bacteriana/DTP,VacinaContraTriplice_bin_v17,Não aplicável etiologicamente,"Tríplice bacteriana/DTP é aplicável a nenhuma etiologia alvo direta, não a Outras etiologias.",73,20
AGUA BOA,Outras etiologias,Outras vacinas,VacinaOutras_bin_v17,Não aplicável etiologicamente,"Outras vacinas é aplicável a nenhuma etiologia alvo direta, não a Outras etiologias.",73,13
ALTA FLORESTA,Doença meningocócica,BCG,VacinaContraBCG_bin_v17,Não aplicável etiologicamente,"BCG é aplicável a Meningite tuberculosa, não a Doença meningocócica.",11,8
ALTA FLORESTA,Doença meningocócica,Hib/Hemófilos,VacinaContraHemofilos_bin_v17,Não aplicável etiologicamente,"Hib/Hemófilos é aplicável a Meningite por Hib/Hemófilo, não a Doença meningocócica.",11,7
ALTA FLORESTA,Doença meningocócica,Pneumocócica,VacinaContraPneumococo_bin_v17,Não aplicável etiologicamente,"Pneumocócica é aplicável a Meningite pneumocócica, não a Doença meningocócica.",11,7
ALTA FLORESTA,Doença meningocócica,Tríplice bacteriana/DTP,VacinaContraTriplice_bin_v17,Não aplicável etiologicamente,"Tríplice bacteriana/DTP é aplicável a nenhuma etiologia alvo direta, não a Doença meningocócica.",11,8
ALTA FLORESTA,Doença meningocócica,Outras vacinas,VacinaOutras_bin_v17,Não aplicável etiologicamente,"Outras vacinas é aplicável a nenhuma etiologia alvo direta, não a Doença meningocócica.",11,5
ALTA FLORESTA,Meningite bacteriana/outras bactérias,Meningocócica polissacarídica A/C,VacinaContraPolissacaridicaAC_bin_v17,Não aplicável etiologicamente,"Meningocócica polissacarídica A/C é aplicável a Doença meningocócica, não a Meningite bacteriana/outras bactérias.",8,5
ALTA FLORESTA,Meningite bacteriana/outras bactérias,Meningocócica polissacarídica B/C,VacinaContraPolissacaridicaBC_bin_v17,Não aplicável etiologicamente,"Meningocócica polissacarídica B/C é aplicável a Doença meningocócica, não a Meningite bacteriana/outras bactérias.",8,5
ALTA FLORESTA,Meningite bacteriana/outras bactérias,Meningocócica C conjugada,VacinaConjugadaMeningoC_bin_v17,Não aplicável etiologicamente,"Meningocócica C conjugada é aplicável a Doença meningocócica, não a Meningite bacteriana/outras bactérias.",8,5
ALTA FLORESTA,Meningite bacteriana/outras bactérias,BCG,VacinaContraBCG_bin_v17,Não aplicável etiologicamente,"BCG é aplicável a Meningite tuberculosa, não a Meningite bacteriana/outras bactérias.",8,5
ALTA FLORESTA,Meningite bacteriana/outras bactérias,Hib/Hemófilos,VacinaContraHemofilos_bin_v17,Não aplicável etiologicamente,"Hib/Hemófilos é aplicável a Meningite por Hib/Hemófilo, não a Meningite bacteriana/outras bactérias.",8,5
ALTA FLORESTA,Meningite bacteriana/outras bactérias,Pneumocócica,VacinaContraPneumococo_bin_v17,Não aplicável etiologicamente,"Pneumocócica é aplicável a Meningite pneumocócica, não a Meningite bacteriana/outras bactérias.",8,5
ALTA FLORESTA,Meningite bacteriana/outras bactérias,Tríplice bacteriana/DTP,VacinaContraTriplice_bin_v17,Não aplicável etiologicamente,"Tríplice bacteriana/DTP é aplicável a nenhuma etiologia alvo direta, não a Meningite bacteriana/outras bactérias.",8,5
ALTA FLORESTA,Meningite bacteriana/outras bactérias,Outras vacinas,VacinaOutras_bin_v17,Não aplicável etiologicamente,"Outras vacinas é aplicável a nenhuma etiologia alvo direta, não a Meningite bacteriana/outras bactérias.",8,6
ALTA FLORESTA,Meningite fúngica,Meningocócica polissacarídica A/C,VacinaContraPolissacaridicaAC_bin_v17,Não aplicável etiologicamente,"Meningocócica polissacarídica A/C é aplicável a Doença meningocócica, não a Meningite fúngica.",3,3
ALTA FLORESTA,Meningite fúngica,Meningocócica polissacarídica B/C,VacinaContraPolissacaridicaBC_bin_v17,Não aplicável etiologicamente,"Meningocócica polissacarídica B/C é aplicável a Doença meningocócica, não a Meningite fúngica.",3,3
ALTA FLORESTA,Meningite fúngica,Meningocócica C conjugada,VacinaConjugadaMeningoC_bin_v17,Não aplicável etiologicamente,"Meningocócica C conjugada é aplicável a Doença meningocócica, não a Meningite fúngica.",3,3
ALTA FLORESTA,Meningite fúngica,BCG,VacinaContraBCG_bin_v17,Não aplicável etiologicamente,"BCG é aplicável a Meningite tuberculosa, não a Meningite fúngica.",3,2
ALTA FLORESTA,Meningite fúngica,Hib/Hemófilos,VacinaContraHemofilos_bin_v17,Não aplicável etiologicamente,"Hib/Hemófilos é aplicável a Meningite por Hib/Hemófilo, não a Meningite fúngica.",3,2
ALTA FLORESTA,Meningite fúngica,Pneumocócica,VacinaContraPneumococo_bin_v17,Não aplicável etiologicamente,"Pneumocócica é aplicável a Meningite pneumocócica, não a Meningite fúngica.",3,3
ALTA FLORESTA,Meningite fúngica,Tríplice bacteriana/DTP,VacinaContraTriplice_bin_v17,Não aplicável etiologicamente,"Tríplice bacteriana/DTP é aplicável a nenhuma etiologia alvo direta, não a Meningite fúngica.",3,2
ALTA FLORESTA,Meningite fúngica,Outras vacinas,VacinaOutras_bin_v17,Não aplicável etiologicamente,"Outras vacinas é aplicável a nenhuma etiologia alvo direta, não a Meningite fúngica.",3,2
ALTA FLORESTA,Meningite não especificada,Meningocócica polissacarídica A/C,VacinaContraPolissacaridicaAC_bin_v17,Não aplicável etiologicamente,"Meningocócica polissacarídica A/C é aplicável a Doença meningocócica, não a Meningite não especificada.",38,21
ALTA FLORESTA,Meningite não especificada,Meningocócica polissacarídica B/C,VacinaContraPolissacaridicaBC_bin_v17,Não aplicável etiologicamente,"Meningocócica polissacarídica B/C é aplicável a Doença meningocócica, não a Meningite não especificada.",38,20
ALTA FLORESTA,Meningite não especificada,Meningocócica C conjugada,VacinaConjugadaMeningoC_bin_v17,Não aplicável etiologicamente,"Meningocócica C conjugada é aplicável a Doença meningocócica, não a Meningite não especificada.",38,23
ALTA FLORESTA,Meningite não especificada,BCG,VacinaContraBCG_bin_v17,Não aplicável etiologicamente,"BCG é aplicável a Meningite tuberculosa, não a Meningite não especificada.",38,24
ALTA FLORESTA,Meningite não especificada,Hib/Hemófilos,VacinaContraHemofilos_bin_v17,Não aplicável etiologicamente,"Hib/Hemófilos é aplicável a Meningite por Hib/Hemófilo, não a Meningite não especificada.",38,19
ALTA FLORESTA,Meningite não especificada,Pneumocócica,VacinaContraPneumococo_bin_v17,Não aplicável etiologicamente,"Pneumocócica é aplicável a Meningite pneumocócica, não a Meningite não especificada.",38,18
ALTA FLORESTA,Meningite não especificada,Tríplice bacteriana/DTP,VacinaContraTriplice_bin_v17,Não aplicável etiologicamente,"Tríplice bacteriana/DTP é aplicável a nenhuma etiologia alvo direta, não a Meningite não especificada.",38,19
ALTA FLORESTA,Meningite não especificada,Outras vacinas,VacinaOutras_bin_v17,Não aplicável etiologicamente,"Outras vacinas é aplicável a nenhuma etiologia alvo direta, não a Meningite não especificada.",38,10
ALTA FLORESTA,Meningite pneumocócica,Meningocócica polissacarídica A/C,VacinaContraPolissacaridicaAC_bin_v17,Não aplicável etiologicamente,"Meningocócica polissacarídica A/C é aplicável a Doença meningocócica, não a Meningite pneumocócica.",4,2
ALTA FLORESTA,Meningite pneumocócica,Meningocócica polissacarídica B/C,VacinaContraPolissacaridicaBC_bin_v17,Não aplicável etiologicamente,"Meningocócica polissacarídica B/C é aplicável a Doença meningocócica, não a Meningite pneumocócica.",4,2
ALTA FLORESTA,Meningite pneumocócica,Meningocócica C conjugada,VacinaConjugadaMeningoC_bin_v17,Não aplicável etiologicamente,"Meningocócica C conjugada é aplicável a Doença meningocócica, não a Meningite pneumocócica.",4,2
ALTA FLORESTA,Meningite pneumocócica,BCG,VacinaContraBCG_bin_v17,Não aplicável etiologicamente,"BCG é aplicável a Meningite tuberculosa, não a Meningite pneumocócica.",4,2
ALTA FLORESTA,Meningite pneumocócica,Hib/Hemófilos,VacinaContraHemofilos_bin_v17,Não aplicável etiologicamente,"Hib/Hemófilos é aplicável a Meningite por Hib/Hemófilo, não a Meningite pneumocócica.",4,2
ALTA FLORESTA,Meningite pneumocócica,Tríplice bacteriana/DTP,VacinaContraTriplice_bin_v17,Não aplicável etiologicamente,"Tríplice bacteriana/DTP é aplicável a nenhuma etiologia alvo direta, não a Meningite pneumocócica.",4,1
ALTA FLORESTA,Meningite pneumocócica,Outras vacinas,VacinaOutras_bin_v17,Não aplicável etiologicamente,"Outras vacinas é aplicável a nenhuma etiologia alvo direta, não a Meningite pneumocócica.",4,1
ALTA FLORESTA,Meningite tuberculosa,Meningocócica polissacarídica A/C,VacinaContraPolissacaridicaAC_bin_v17,Não aplicável etiologicamente,"Meningocócica polissacarídica A/C é aplicável a Doença meningocócica, não a Meningite tuberculosa.",1,1
ALTA FLORESTA,Meningite tuberculosa,Meningocócica polissacarídica B/C,VacinaContraPolissacaridicaBC_bin_v17,Não aplicável etiologicamente,"Meningocócica polissacarídica B/C é aplicável a Doença meningocócica, não a Meningite tuberculosa.",1,1
ALTA FLORESTA,Meningite tuberculosa,Meningocócica C conjugada,VacinaConjugadaMeningoC_bin_v17,Não aplicável etiologicamente,"Meningocócica C conjugada é aplicável a Doença meningocócica, não a Meningite tuberculosa.",1,1
ALTA FLORESTA,Meningite tuberculosa,Hib/Hemófilos,VacinaContraHemofilos_bin_v17,Não aplicável etiologicamente,"Hib/Hemófilos é aplicável a Meningite por Hib/Hemófilo, não a Meningite tuberculosa.",1,1
ALTA FLORESTA,Meningite tuberculosa,Pneumocócica,VacinaContraPneumococo_bin_v17,Não aplicável etiologicamente,"Pneumocócica é aplicável a Meningite pneumocócica, não a Meningite tuberculosa.",1,1
ALTA FLORESTA,Meningite tuberculosa,Tríplice bacteriana/DTP,VacinaContraTriplice_bin_v17,Não aplicável etiologicamente,"Tríplice bacteriana/DTP é aplicável a nenhuma etiologia alvo direta, não a Meningite tuberculosa.",1,1
ALTA FLORESTA,Meningite tuberculosa,Outras vacinas,VacinaOutras_bin_v17,Não aplicável etiologicamente,"Outras vacinas é aplicável a nenhuma etiologia alvo direta, não a Meningite tuberculosa.",1,1
ALTA FLORESTA,Meningite viral/asséptica,Meningocócica polissacarídica A/C,VacinaContraPolissacaridicaAC_bin_v17,Não aplicável etiologicamente,Não há vacina correspondente para esta classificação; viral/asséptica não entra em EV vacinal.,8,4
ALTA FLORESTA,Meningite viral/asséptica,Meningocócica polissacarídica B/C,VacinaContraPolissacaridicaBC_bin_v17,Não aplicável etiologicamente,Não há vacina correspondente para esta classificação; viral/asséptica não entra em EV vacinal.,8,4
ALTA FLORESTA,Meningite viral/asséptica,Meningocócica C conjugada,VacinaConjugadaMeningoC_bin_v17,Não aplicável etiologicamente,Não há vacina correspondente para esta classificação; viral/asséptica não entra em EV vacinal.,8,4
ALTA FLORESTA,Meningite viral/asséptica,BCG,VacinaContraBCG_bin_v17,Não aplicável etiologicamente,Não há vacina correspondente para esta classificação; viral/asséptica não entra em EV vacinal.,8,5
ALTA FLORESTA,Meningite viral/asséptica,Hib/Hemófilos,VacinaContraHemofilos_bin_v17,Não aplicável etiologicamente,Não há vacina correspondente para esta classificação; viral/asséptica não entra em EV vacinal.,8,5
ALTA FLORESTA,Meningite viral/asséptica,Pneumocócica,VacinaContraPneumococo_bin_v17,Não aplicável etiologicamente,Não há vacina correspondente para esta classificação; viral/asséptica não entra em EV vacinal.,8,4
ALTA FLORESTA,Meningite viral/asséptica,Tríplice bacteriana/DTP,VacinaContraTriplice_bin_v17,Não aplicável etiologicamente,Não há vacina correspondente para esta classificação; viral/asséptica não entra em EV vacinal.,8,5
ALTA FLORESTA,Meningite viral/asséptica,Outras vacinas,VacinaOutras_bin_v17,Não aplicável etiologicamente,Não há vacina correspondente para esta classificação; viral/asséptica não entra em EV vacinal.,8,4
ALTA FLORESTA,Outras etiologias,Meningocócica polissacarídica A/C,VacinaContraPolissacaridicaAC_bin_v17,Não aplicável etiologicamente,"Meningocócica polissacarídica A/C é aplicável a Doença meningocócica, não a Outras etiologias.",47,16
ALTA FLORESTA,Outras etiologias,Meningocócica polissacarídica B/C,VacinaContraPolissacaridicaBC_bin_v17,Não aplicável etiologicamente,"Meningocócica polissacarídica B/C é aplicável a Doença meningocócica, não a Outras etiologias.",47,16
ALTA FLORESTA,Outras etiologias,Meningocócica C conjugada,VacinaConjugadaMeningoC_bin_v17,Não aplicável etiologicamente,"Meningocócica C conjugada é aplicável a Doença meningocócica, não a Outras etiologias.",47,18
ALTA FLORESTA,Outras etiologias,BCG,VacinaContraBCG_bin_v17,Não aplicável etiologicamente,"BCG é aplicável a Meningite tuberculosa, não a Outras etiologias.",47,19
ALTA FLORESTA,Outras etiologias,Hib/Hemófilos,VacinaContraHemofilos_bin_v17,Não aplicável etiologicamente,"Hib/Hemófilos é aplicável a Meningite por Hib/Hemófilo, não a Outras etiologias.",47,15
ALTA FLORESTA,Outras etiologias,Pneumocócica,VacinaContraPneumococo_bin_v17,Não aplicável etiologicamente,"Pneumocócica é aplicável a Meningite pneumocócica, não a Outras etiologias.",47,14
ALTA FLORESTA,Outras etiologias,Tríplice bacteriana/DTP,VacinaContraTriplice_bin_v17,Não aplicável etiologicamente,"Tríplice bacteriana/DTP é aplicável a nenhuma etiologia alvo direta, não a Outras etiologias.",47,16
ALTA FLORESTA,Outras etiologias,Outras vacinas,VacinaOutras_bin_v17,Não aplicável etiologicamente,"Outras vacinas é aplicável a nenhuma etiologia alvo direta, não a Outras etiologias.",47,13
BARRA DO GARCAS,Doença meningocócica,BCG,VacinaContraBCG_bin_v17,Não aplicável etiologicamente,"BCG é aplicável a Meningite tuberculosa, não a Doença meningocócica.",18,5
BARRA DO GARCAS,Doença meningocócica,Hib/Hemófilos,VacinaContraHemofilos_bin_v17,Não aplicável etiologicamente,"Hib/Hemófilos é aplicável a Meningite por Hib/Hemófilo, não a Doença meningocócica.",18,5
BARRA DO GARCAS,Doença meningocócica,Pneumocócica,VacinaContraPneumococo_bin_v17,Não aplicável etiologicamente,"Pneumocócica é aplicável a Meningite pneumocócica, não a Doença meningocócica.",18,5
BARRA DO GARCAS,Doença meningocócica,Tríplice bacteriana/DTP,VacinaContraTriplice_bin_v17,Não aplicável etiologicamente,"Tríplice bacteriana/DTP é aplicável a nenhuma etiologia alvo direta, não a Doença meningocócica.",18,3
BARRA DO GARCAS,Doença meningocócica,Outras vacinas,VacinaOutras_bin_v17,Não aplicável etiologicamente,"Outras vacinas é aplicável a nenhuma etiologia alvo direta, não a Doença meningocócica.",18,4
BARRA DO GARCAS,Meningite bacteriana/outras bactérias,Meningocócica polissacarídica A/C,VacinaContraPolissacaridicaAC_bin_v17,Não aplicável etiologicamente,"Meningocócica polissacarídica A/C é aplicável a Doença meningocócica, não a Meningite bacteriana/outras bactérias.",8,4
BARRA DO GARCAS,Meningite bacteriana/outras bactérias,Meningocócica polissacarídica B/C,VacinaContraPolissacaridicaBC_bin_v17,Não aplicável etiologicamente,"Meningocócica polissacarídica B/C é aplicável a Doença meningocócica, não a Meningite bacteriana/outras bactérias.",8,4
BARRA DO GARCAS,Meningite bacteriana/outras bactérias,Meningocócica C conjugada,VacinaConjugadaMeningoC_bin_v17,Não aplicável etiologicamente,"Meningocócica C conjugada é aplicável a Doença meningocócica, não a Meningite bacteriana/outras bactérias.",8,4
BARRA DO GARCAS,Meningite bacteriana/outras bactérias,BCG,VacinaContraBCG_bin_v17,Não aplicável etiologicamente,"BCG é aplicável a Meningite tuberculosa, não a Meningite bacteriana/outras bactérias.",8,4
BARRA DO GARCAS,Meningite bacteriana/outras bactérias,Hib/Hemófilos,VacinaContraHemofilos_bin_v17,Não aplicável etiologicamente,"Hib/Hemófilos é aplicável a Meningite por Hib/Hemófilo, não a Meningite bacteriana/outras bactérias.",8,4
BARRA DO GARCAS,Meningite bacteriana/outras bactérias,Pneumocócica,VacinaContraPneumococo_bin_v17,Não aplicável etiologicamente,"Pneumocócica é aplicável a Meningite pneumocócica, não a Meningite bacteriana/outras bactérias.",8,4
BARRA DO GARCAS,Meningite bacteriana/outras bactérias,Tríplice bacteriana/DTP,VacinaContraTriplice_bin_v17,Não aplicável etiologicamente,"Tríplice bacteriana/DTP é aplicável a nenhuma etiologia alvo direta, não a Meningite bacteriana/outras bactérias.",8,4
BARRA DO GARCAS,Meningite bacteriana/outras bactérias,Outras vacinas,VacinaOutras_bin_v17,Não aplicável etiologicamente,"Outras vacinas é aplicável a nenhuma etiologia alvo direta, não a Meningite bacteriana/outras bactérias.",8,3
BARRA DO GARCAS,Meningite fúngica,Meningocócica polissacarídica A/C,VacinaContraPolissacaridicaAC_bin_v17,Não aplicável etiologicamente,"Meningocócica polissacarídica A/C é aplicável a Doença meningocócica, não a Meningite fúngica.",3,0
BARRA DO GARCAS,Meningite fúngica,Meningocócica polissacarídica B/C,VacinaContraPolissacaridicaBC_bin_v17,Não aplicável etiologicamente,"Meningocócica polissacarídica B/C é aplicável a Doença meningocócica, não a Meningite fúngica.",3,0
BARRA DO GARCAS,Meningite fúngica,Meningocócica C conjugada,VacinaConjugadaMeningoC_bin_v17,Não aplicável etiologicamente,"Meningocócica C conjugada é aplicável a Doença meningocócica, não a Meningite fúngica.",3,0
BARRA DO GARCAS,Meningite fúngica,BCG,VacinaContraBCG_bin_v17,Não aplicável etiologicamente,"BCG é aplicável a Meningite tuberculosa, não a Meningite fúngica.",3,0
BARRA DO GARCAS,Meningite fúngica,Hib/Hemófilos,VacinaContraHemofilos_bin_v17,Não aplicável etiologicamente,"Hib/Hemófilos é aplicável a Meningite por Hib/Hemófilo, não a Meningite fúngica.",3,1
BARRA DO GARCAS,Meningite fúngica,Pneumocócica,VacinaContraPneumococo_bin_v17,Não aplicável etiologicamente,"Pneumocócica é aplicável a Meningite pneumocócica, não a Meningite fúngica.",3,1
BARRA DO GARCAS,Meningite fúngica,Tríplice bacteriana/DTP,VacinaContraTriplice_bin_v17,Não aplicável etiologicamente,"Tríplice bacteriana/DTP é aplicável a nenhuma etiologia alvo direta, não a Meningite fúngica.",3,1
BARRA DO GARCAS,Meningite fúngica,Outras vacinas,VacinaOutras_bin_v17,Não aplicável etiologicamente,"Outras vacinas é aplicável a nenhuma etiologia alvo direta, não a Meningite fúngica.",3,1
BARRA DO GARCAS,Meningite não especificada,Meningocócica polissacarídica A/C,VacinaContraPolissacaridicaAC_bin_v17,Não aplicável etiologicamente,"Meningocócica polissacarídica A/C é aplicável a Doença meningocócica, não a Meningite não especificada.",74,12
BARRA DO GARCAS,Meningite não especificada,Meningocócica polissacarídica B/C,VacinaContraPolissacaridicaBC_bin_v17,Não aplicável etiologicamente,"Meningocócica polissacarídica B/C é aplicável a Doença meningocócica, não a Meningite não especificada.",74,12
BARRA DO GARCAS,Meningite não especificada,Meningocócica C conjugada,VacinaConjugadaMeningoC_bin_v17,Não aplicável etiologicamente,"Meningocócica C conjugada é aplicável a Doença meningocócica, não a Meningite não especificada.",74,14
BARRA DO GARCAS,Meningite não especificada,BCG,VacinaContraBCG_bin_v17,Não aplicável etiologicamente,"BCG é aplicável a Meningite tuberculosa, não a Meningite não especificada.",74,20
BARRA DO GARCAS,Meningite não especificada,Hib/Hemófilos,VacinaContraHemofilos_bin_v17,Não aplicável etiologicamente,"Hib/Hemófilos é aplicável a Meningite por Hib/Hemófilo, não a Meningite não especificada.",74,13
BARRA DO GARCAS,Meningite não especificada,Pneumocócica,VacinaContraPneumococo_bin_v17,Não aplicável etiologicamente,"Pneumocócica é aplicável a Meningite pneumocócica, não a Meningite não especificada.",74,13
BARRA DO GARCAS,Meningite não especificada,Tríplice bacteriana/DTP,VacinaContraTriplice_bin_v17,Não aplicável etiologicamente,"Tríplice bacteriana/DTP é aplicável a nenhuma etiologia alvo direta, não a Meningite não especificada.",74,13
BARRA DO GARCAS,Meningite não especificada,Outras vacinas,VacinaOutras_bin_v17,Não aplicável etiologicamente,"Outras vacinas é aplicável a nenhuma etiologia alvo direta, não a Meningite não especificada.",74,8
BARRA DO GARCAS,Meningite pneumocócica,Meningocócica polissacarídica A/C,VacinaContraPolissacaridicaAC_bin_v17,Não aplicável etiologicamente,"Meningocócica polissacarídica A/C é aplicável a Doença meningocócica, não a Meningite pneumocócica.",4,2
BARRA DO GARCAS,Meningite pneumocócica,Meningocócica polissacarídica B/C,VacinaContraPolissacaridicaBC_bin_v17,Não aplicável etiologicamente,"Meningocócica polissacarídica B/C é aplicável a Doença meningocócica, não a Meningite pneumocócica.",4,1
BARRA DO GARCAS,Meningite pneumocócica,Meningocócica C conjugada,VacinaConjugadaMeningoC_bin_v17,Não aplicável etiologicamente,"Meningocócica C conjugada é aplicável a Doença meningocócica, não a Meningite pneumocócica.",4,1
BARRA DO GARCAS,Meningite pneumocócica,BCG,VacinaContraBCG_bin_v17,Não aplicável etiologicamente,"BCG é aplicável a Meningite tuberculosa, não a Meningite pneumocócica.",4,2
BARRA DO GARCAS,Meningite pneumocócica,Hib/Hemófilos,VacinaContraHemofilos_bin_v17,Não aplicável etiologicamente,"Hib/Hemófilos é aplicável a Meningite por Hib/Hemófilo, não a Meningite pneumocócica.",4,1
BARRA DO GARCAS,Meningite pneumocócica,Tríplice bacteriana/DTP,VacinaContraTriplice_bin_v17,Não aplicável etiologicamente,"Tríplice bacteriana/DTP é aplicável a nenhuma etiologia alvo direta, não a Meningite pneumocócica.",4,1
BARRA DO GARCAS,Meningite pneumocócica,Outras vacinas,VacinaOutras_bin_v17,Não aplicável etiologicamente,"Outras vacinas é aplicável a nenhuma etiologia alvo direta, não a Meningite pneumocócica.",4,0
BARRA DO GARCAS,Meningite por Hib/Hemófilo,Meningocócica polissacarídica A/C,VacinaContraPolissacaridicaAC_bin_v17,Não aplicável etiologicamente,"Meningocócica polissacarídica A/C é aplicável a Doença meningocócica, não a Meningite por Hib/Hemófilo.",1,0
BARRA DO GARCAS,Meningite por Hib/Hemófilo,Meningocócica polissacarídica B/C,VacinaContraPolissacaridicaBC_bin_v17,Não aplicável etiologicamente,"Meningocócica polissacarídica B/C é aplicável a Doença meningocócica, não a Meningite por Hib/Hemófilo.",1,0
BARRA DO GARCAS,Meningite por Hib/Hemófilo,Meningocócica C conjugada,VacinaConjugadaMeningoC_bin_v17,Não aplicável etiologicamente,"Meningocócica C conjugada é aplicável a Doença meningocócica, não a Meningite por Hib/Hemófilo.",1,0
BARRA DO GARCAS,Meningite por Hib/Hemófilo,BCG,VacinaContraBCG_bin_v17,Não aplicável etiologicamente,"BCG é aplicável a Meningite tuberculosa, não a Meningite por Hib/Hemófilo.",1,0
BARRA DO GARCAS,Meningite por Hib/Hemófilo,Pneumocócica,VacinaContraPneumococo_bin_v17,Não aplicável etiologicamente,"Pneumocócica é aplicável a Meningite pneumocócica, não a Meningite por Hib/Hemófilo.",1,0
BARRA DO GARCAS,Meningite por Hib/Hemófilo,Tríplice bacteriana/DTP,VacinaContraTriplice_bin_v17,Não aplicável etiologicamente,"Tríplice bacteriana/DTP é aplicável a nenhuma etiologia alvo direta, não a Meningite por Hib/Hemófilo.",1,0
BARRA DO GARCAS,Meningite por Hib/Hemófilo,Outras vacinas,VacinaOutras_bin_v17,Não aplicável etiologicamente,"Outras vacinas é aplicável a nenhuma etiologia alvo direta, não a Meningite por Hib/Hemófilo.",1,0
BARRA DO GARCAS,Meningite viral/asséptica,Meningocócica polissacarídica A/C,VacinaContraPolissacaridicaAC_bin_v17,Não aplicável etiologicamente,Não há vacina correspondente para esta classificação; viral/asséptica não entra em EV vacinal.,2,1
BARRA DO GARCAS,Meningite viral/asséptica,Meningocócica polissacarídica B/C,VacinaContraPolissacaridicaBC_bin_v17,Não aplicável etiologicamente,Não há vacina correspondente para esta classificação; viral/asséptica não entra em EV vacinal.,2,1
BARRA DO GARCAS,Meningite viral/asséptica,Meningocócica C conjugada,VacinaConjugadaMeningoC_bin_v17,Não aplicável etiologicamente,Não há vacina correspondente para esta classificação; viral/asséptica não entra em EV vacinal.,2,1
BARRA DO GARCAS,Meningite viral/asséptica,BCG,VacinaContraBCG_bin_v17,Não aplicável etiologicamente,Não há vacina correspondente para esta classificação; viral/asséptica não entra em EV vacinal.,2,1
BARRA DO GARCAS,Meningite viral/asséptica,Hib/Hemófilos,VacinaContraHemofilos_bin_v17,Não aplicável etiologicamente,Não há vacina correspondente para esta classificação; viral/asséptica não entra em EV vacinal.,2,1
BARRA DO GARCAS,Meningite viral/asséptica,Pneumocócica,VacinaContraPneumococo_bin_v17,Não aplicável etiologicamente,Não há vacina correspondente para esta classificação; viral/asséptica não entra em EV vacinal.,2,1
BARRA DO GARCAS,Meningite viral/asséptica,Tríplice bacteriana/DTP,VacinaContraTriplice_bin_v17,Não aplicável etiologicamente,Não há vacina correspondente para esta classificação; viral/asséptica não entra em EV vacinal.,2,1
BARRA DO GARCAS,Meningite viral/asséptica,Outras vacinas,VacinaOutras_bin_v17,Não aplicável etiologicamente,Não há vacina correspondente para esta classificação; viral/asséptica não entra em EV vacinal.,2,0
BARRA DO GARCAS,Outras etiologias,Meningocócica polissacarídica A/C,VacinaContraPolissacaridicaAC_bin_v17,Não aplicável etiologicamente,"Meningocócica polissacarídica A/C é aplicável a Doença meningocócica, não a Outras etiologias.",143,32
BARRA DO GARCAS,Outras etiologias,Meningocócica polissacarídica B/C,VacinaContraPolissacaridicaBC_bin_v17,Não aplicável etiologicamente,"Meningocócica polissacarídica B/C é aplicável a Doença meningocócica, não a Outras etiologias.",143,30
BARRA DO GARCAS,Outras etiologias,Meningocócica C conjugada,VacinaConjugadaMeningoC_bin_v17,Não aplicável etiologicamente,"Meningocócica C conjugada é aplicável a Doença meningocócica, não a Outras etiologias.",143,32
BARRA DO GARCAS,Outras etiologias,BCG,VacinaContraBCG_bin_v17,Não aplicável etiologicamente,"BCG é aplicável a Meningite tuberculosa, não a Outras etiologias.",143,38
BARRA DO GARCAS,Outras etiologias,Hib/Hemófilos,VacinaContraHemofilos_bin_v17,Não aplicável etiologicamente,"Hib/Hemófilos é aplicável a Meningite por Hib/Hemófilo, não a Outras etiologias.",143,23
BARRA DO GARCAS,Outras etiologias,Pneumocócica,VacinaContraPneumococo_bin_v17,Não aplicável etiologicamente,"Pneumocócica é aplicável a Meningite pneumocócica, não a Outras etiologias.",143,25
BARRA DO GARCAS,Outras etiologias,Tríplice bacteriana/DTP,VacinaContraTriplice_bin_v17,Não aplicável etiologicamente,"Tríplice bacteriana/DTP é aplicável a nenhuma etiologia alvo direta, não a Outras etiologias.",143,27
BARRA DO GARCAS,Outras etiologias,Outras vacinas,VacinaOutras_bin_v17,Não aplicável etiologicamente,"Outras vacinas é aplicável a nenhuma etiologia alvo direta, não a Outras etiologias.",143,22
CACERES,Doença meningocócica,BCG,VacinaContraBCG_bin_v17,Não aplicável etiologicamente,"BCG é aplicável a Meningite tuberculosa, não a Doença meningocócica.",14,3
CACERES,Doença meningocócica,Hib/Hemófilos,VacinaContraHemofilos_bin_v17,Não aplicável etiologicamente,"Hib/Hemófilos é aplicável a Meningite por Hib/Hemófilo, não a Doença meningocócica.",14,5
CACERES,Doença meningocócica,Pneumocócica,VacinaContraPneumococo_bin_v17,Não aplicável etiologicamente,"Pneumocócica é aplicável a Meningite pneumocócica, não a Doença meningocócica.",14,6
CACERES,Doença meningocócica,Tríplice bacteriana/DTP,VacinaContraTriplice_bin_v17,Não aplicável etiologicamente,"Tríplice bacteriana/DTP é aplicável a nenhuma etiologia alvo direta, não a Doença meningocócica.",14,3
CACERES,Doença meningocócica,Outras vacinas,VacinaOutras_bin_v17,Não aplicável etiologicamente,"Outras vacinas é aplicável a nenhuma etiologia alvo direta, não a Doença meningocócica.",14,4
CACERES,Meningite bacteriana/outras bactérias,Meningocócica polissacarídica A/C,VacinaContraPolissacaridicaAC_bin_v17,Não aplicável etiologicamente,"Meningocócica polissacarídica A/C é aplicável a Doença meningocócica, não a Meningite bacteriana/outras bactérias.",65,42
CACERES,Meningite bacteriana/outras bactérias,Meningocócica polissacarídica B/C,VacinaContraPolissacaridicaBC_bin_v17,Não aplicável etiologicamente,"Meningocócica polissacarídica B/C é aplicável a Doença meningocócica, não a Meningite bacteriana/outras bactérias.",65,42
CACERES,Meningite bacteriana/outras bactérias,Meningocócica C conjugada,VacinaConjugadaMeningoC_bin_v17,Não aplicável etiologicamente,"Meningocócica C conjugada é aplicável a Doença meningocócica, não a Meningite bacteriana/outras bactérias.",65,43
CACERES,Meningite bacteriana/outras bactérias,BCG,VacinaContraBCG_bin_v17,Não aplicável etiologicamente,"BCG é aplicável a Meningite tuberculosa, não a Meningite bacteriana/outras bactérias.",65,41
CACERES,Meningite bacteriana/outras bactérias,Hib/Hemófilos,VacinaContraHemofilos_bin_v17,Não aplicável etiologicamente,"Hib/Hemófilos é aplicável a Meningite por Hib/Hemófilo, não a Meningite bacteriana/outras bactérias.",65,41
CACERES,Meningite bacteriana/outras bactérias,Pneumocócica,VacinaContraPneumococo_bin_v17,Não aplicável etiologicamente,"Pneumocócica é aplicável a Meningite pneumocócica, não a Meningite bacteriana/outras bactérias.",65,42
CACERES,Meningite bacteriana/outras bactérias,Tríplice bacteriana/DTP,VacinaContraTriplice_bin_v17,Não aplicável etiologicamente,"Tríplice bacteriana/DTP é aplicável a nenhuma etiologia alvo direta, não a Meningite bacteriana/outras bactérias.",65,41
CACERES,Meningite bacteriana/outras bactérias,Outras vacinas,VacinaOutras_bin_v17,Não aplicável etiologicamente,"Outras vacinas é aplicável a nenhuma etiologia alvo direta, não a Meningite bacteriana/outras bactérias.",65,41
CACERES,Meningite fúngica,Meningocócica polissacarídica A/C,VacinaContraPolissacaridicaAC_bin_v17,Não aplicável etiologicamente,"Meningocócica polissacarídica A/C é aplicável a Doença meningocócica, não a Meningite fúngica.",10,5
CACERES,Meningite fúngica,Meningocócica polissacarídica B/C,VacinaContraPolissacaridicaBC_bin_v17,Não aplicável etiologicamente,"Meningocócica polissacarídica B/C é aplicável a Doença meningocócica, não a Meningite fúngica.",10,5
CACERES,Meningite fúngica,Meningocócica C conjugada,VacinaConjugadaMeningoC_bin_v17,Não aplicável etiologicamente,"Meningocócica C conjugada é aplicável a Doença meningocócica, não a Meningite fúngica.",10,5
CACERES,Meningite fúngica,BCG,VacinaContraBCG_bin_v17,Não aplicável etiologicamente,"BCG é aplicável a Meningite tuberculosa, não a Meningite fúngica.",10,4
CACERES,Meningite fúngica,Hib/Hemófilos,VacinaContraHemofilos_bin_v17,Não aplicável etiologicamente,"Hib/Hemófilos é aplicável a Meningite por Hib/Hemófilo, não a Meningite fúngica.",10,5
CACERES,Meningite fúngica,Pneumocócica,VacinaContraPneumococo_bin_v17,Não aplicável etiologicamente,"Pneumocócica é aplicável a Meningite pneumocócica, não a Meningite fúngica.",10,4
CACERES,Meningite fúngica,Tríplice bacteriana/DTP,VacinaContraTriplice_bin_v17,Não aplicável etiologicamente,"Tríplice bacteriana/DTP é aplicável a nenhuma etiologia alvo direta, não a Meningite fúngica.",10,5
CACERES,Meningite fúngica,Outras vacinas,VacinaOutras_bin_v17,Não aplicável etiologicamente,"Outras vacinas é aplicável a nenhuma etiologia alvo direta, não a Meningite fúngica.",10,4
CACERES,Meningite não especificada,Meningocócica polissacarídica A/C,VacinaContraPolissacaridicaAC_bin_v17,Não aplicável etiologicamente,"Meningocócica polissacarídica A/C é aplicável a Doença meningocócica, não a Meningite não especificada.",95,58
CACERES,Meningite não especificada,Meningocócica polissacarídica B/C,VacinaContraPolissacaridicaBC_bin_v17,Não aplicável etiologicamente,"Meningocócica polissacarídica B/C é aplicável a Doença meningocócica, não a Meningite não especificada.",95,58
CACERES,Meningite não especificada,Meningocócica C conjugada,VacinaConjugadaMeningoC_bin_v17,Não aplicável etiologicamente,"Meningocócica C conjugada é aplicável a Doença meningocócica, não a Meningite não especificada.",95,58
CACERES,Meningite não especificada,BCG,VacinaContraBCG_bin_v17,Não aplicável etiologicamente,"BCG é aplicável a Meningite tuberculosa, não a Meningite não especificada.",95,51
CACERES,Meningite não especificada,Hib/Hemófilos,VacinaContraHemofilos_bin_v17,Não aplicável etiologicamente,"Hib/Hemófilos é aplicável a Meningite por Hib/Hemófilo, não a Meningite não especificada.",95,48
CACERES,Meningite não especificada,Pneumocócica,VacinaContraPneumococo_bin_v17,Não aplicável etiologicamente,"Pneumocócica é aplicável a Meningite pneumocócica, não a Meningite não especificada.",95,53
CACERES,Meningite não especificada,Tríplice bacteriana/DTP,VacinaContraTriplice_bin_v17,Não aplicável etiologicamente,"Tríplice bacteriana/DTP é aplicável a nenhuma etiologia alvo direta, não a Meningite não especificada.",95,48
CACERES,Meningite não especificada,Outras vacinas,VacinaOutras_bin_v17,Não aplicável etiologicamente,"Outras vacinas é aplicável a nenhuma etiologia alvo direta, não a Meningite não especificada.",95,42
CACERES,Meningite pneumocócica,Meningocócica polissacarídica A/C,VacinaContraPolissacaridicaAC_bin_v17,Não aplicável etiologicamente,"Meningocócica polissacarídica A/C é aplicável a Doença meningocócica, não a Meningite pneumocócica.",3,2
CACERES,Meningite pneumocócica,Meningocócica polissacarídica B/C,VacinaContraPolissacaridicaBC_bin_v17,Não aplicável etiologicamente,"Meningocócica polissacarídica B/C é aplicável a Doença meningocócica, não a Meningite pneumocócica.",3,2
CACERES,Meningite pneumocócica,Meningocócica C conjugada,VacinaConjugadaMeningoC_bin_v17,Não aplicável etiologicamente,"Meningocócica C conjugada é aplicável a Doença meningocócica, não a Meningite pneumocócica.",3,2
CACERES,Meningite pneumocócica,BCG,VacinaContraBCG_bin_v17,Não aplicável etiologicamente,"BCG é aplicável a Meningite tuberculosa, não a Meningite pneumocócica.",3,1
CACERES,Meningite pneumocócica,Hib/Hemófilos,VacinaContraHemofilos_bin_v17,Não aplicável etiologicamente,"Hib/Hemófilos é aplicável a Meningite por Hib/Hemófilo, não a Meningite pneumocócica.",3,1
CACERES,Meningite pneumocócica,Tríplice bacteriana/DTP,VacinaContraTriplice_bin_v17,Não aplicável etiologicamente,"Tríplice bacteriana/DTP é aplicável a nenhuma etiologia alvo direta, não a Meningite pneumocócica.",3,0
CACERES,Meningite pneumocócica,Outras vacinas,VacinaOutras_bin_v17,Não aplicável etiologicamente,"Outras vacinas é aplicável a nenhuma etiologia alvo direta, não a Meningite pneumocócica.",3,1
CACERES,Meningite por Hib/Hemófilo,Meningocócica polissacarídica A/C,VacinaContraPolissacaridicaAC_bin_v17,Não aplicável etiologicamente,"Meningocócica polissacarídica A/C é aplicável a Doença meningocócica, não a Meningite por Hib/Hemófilo.",1,1
CACERES,Meningite por Hib/Hemófilo,Meningocócica polissacarídica B/C,VacinaContraPolissacaridicaBC_bin_v17,Não aplicável etiologicamente,"Meningocócica polissacarídica B/C é aplicável a Doença meningocócica, não a Meningite por Hib/Hemófilo.",1,1
CACERES,Meningite por Hib/Hemófilo,Meningocócica C conjugada,VacinaConjugadaMeningoC_bin_v17,Não aplicável etiologicamente,"Meningocócica C conjugada é aplicável a Doença meningocócica, não a Meningite por Hib/Hemófilo.",1,1
CACERES,Meningite por Hib/Hemófilo,BCG,VacinaContraBCG_bin_v17,Não aplicável etiologicamente,"BCG é aplicável a Meningite tuberculosa, não a Meningite por Hib/Hemófilo.",1,1
CACERES,Meningite por Hib/Hemófilo,Pneumocócica,VacinaContraPneumococo_bin_v17,Não aplicável etiologicamente,"Pneumocócica é aplicável a Meningite pneumocócica, não a Meningite por Hib/Hemófilo.",1,1
CACERES,Meningite por Hib/Hemófilo,Tríplice bacteriana/DTP,VacinaContraTriplice_bin_v17,Não aplicável etiologicamente,"Tríplice bacteriana/DTP é aplicável a nenhuma etiologia alvo direta, não a Meningite por Hib/Hemófilo.",1,1
CACERES,Meningite por Hib/Hemófilo,Outras vacinas,VacinaOutras_bin_v17,Não aplicável etiologicamente,"Outras vacinas é aplicável a nenhuma etiologia alvo direta, não a Meningite por Hib/Hemófilo.",1,1
CACERES,Meningite tuberculosa,Meningocócica polissacarídica A/C,VacinaContraPolissacaridicaAC_bin_v17,Não aplicável etiologicamente,"Meningocócica polissacarídica A/C é aplicável a Doença meningocócica, não a Meningite tuberculosa.",4,1
CACERES,Meningite tuberculosa,Meningocócica polissacarídica B/C,VacinaContraPolissacaridicaBC_bin_v17,Não aplicável etiologicamente,"Meningocócica polissacarídica B/C é aplicável a Doença meningocócica, não a Meningite tuberculosa.",4,1
CACERES,Meningite tuberculosa,Meningocócica C conjugada,VacinaConjugadaMeningoC_bin_v17,Não aplicável etiologicamente,"Meningocócica C conjugada é aplicável a Doença meningocócica, não a Meningite tuberculosa.",4,1
CACERES,Meningite tuberculosa,Hib/Hemófilos,VacinaContraHemofilos_bin_v17,Não aplicável etiologicamente,"Hib/Hemófilos é aplicável a Meningite por Hib/Hemófilo, não a Meningite tuberculosa.",4,1
CACERES,Meningite tuberculosa,Pneumocócica,VacinaContraPneumococo_bin_v17,Não aplicável etiologicamente,"Pneumocócica é aplicável a Meningite pneumocócica, não a Meningite tuberculosa.",4,1
CACERES,Meningite tuberculosa,Tríplice bacteriana/DTP,VacinaContraTriplice_bin_v17,Não aplicável etiologicamente,"Tríplice bacteriana/DTP é aplicável a nenhuma etiologia alvo direta, não a Meningite tuberculosa.",4,1
CACERES,Meningite tuberculosa,Outras vacinas,VacinaOutras_bin_v17,Não aplicável etiologicamente,"Outras vacinas é aplicável a nenhuma etiologia alvo direta, não a Meningite tuberculosa.",4,1
CACERES,Meningite viral/asséptica,Meningocócica polissacarídica A/C,VacinaContraPolissacaridicaAC_bin_v17,Não aplicável etiologicamente,Não há vacina correspondente para esta classificação; viral/asséptica não entra em EV vacinal.,106,57
CACERES,Meningite viral/asséptica,Meningocócica polissacarídica B/C,VacinaContraPolissacaridicaBC_bin_v17,Não aplicável etiologicamente,Não há vacina correspondente para esta classificação; viral/asséptica não entra em EV vacinal.,106,56
CACERES,Meningite viral/asséptica,Meningocócica C conjugada,VacinaConjugadaMeningoC_bin_v17,Não aplicável etiologicamente,Não há vacina correspondente para esta classificação; viral/asséptica não entra em EV vacinal.,106,55
CACERES,Meningite viral/asséptica,BCG,VacinaContraBCG_bin_v17,Não aplicável etiologicamente,Não há vacina correspondente para esta classificação; viral/asséptica não entra em EV vacinal.,106,52
CACERES,Meningite viral/asséptica,Hib/Hemófilos,VacinaContraHemofilos_bin_v17,Não aplicável etiologicamente,Não há vacina correspondente para esta classificação; viral/asséptica não entra em EV vacinal.,106,49
CACERES,Meningite viral/asséptica,Pneumocócica,VacinaContraPneumococo_bin_v17,Não aplicável etiologicamente,Não há vacina correspondente para esta classificação; viral/asséptica não entra em EV vacinal.,106,50
CACERES,Meningite viral/asséptica,Tríplice bacteriana/DTP,VacinaContraTriplice_bin_v17,Não aplicável etiologicamente,Não há vacina correspondente para esta classificação; viral/asséptica não entra em EV vacinal.,106,48
CACERES,Meningite viral/asséptica,Outras vacinas,VacinaOutras_bin_v17,Não aplicável etiologicamente,Não há vacina correspondente para esta classificação; viral/asséptica não entra em EV vacinal.,106,45
CACERES,Outras etiologias,Meningocócica polissacarídica A/C,VacinaContraPolissacaridicaAC_bin_v17,Não aplicável etiologicamente,"Meningocócica polissacarídica A/C é aplicável a Doença meningocócica, não a Outras etiologias.",64,25
CACERES,Outras etiologias,Meningocócica polissacarídica B/C,VacinaContraPolissacaridicaBC_bin_v17,Não aplicável etiologicamente,"Meningocócica polissacarídica B/C é aplicável a Doença meningocócica, não a Outras etiologias.",64,24
CACERES,Outras etiologias,Meningocócica C conjugada,VacinaConjugadaMeningoC_bin_v17,Não aplicável etiologicamente,"Meningocócica C conjugada é aplicável a Doença meningocócica, não a Outras etiologias.",64,24
CACERES,Outras etiologias,BCG,VacinaContraBCG_bin_v17,Não aplicável etiologicamente,"BCG é aplicável a Meningite tuberculosa, não a Outras etiologias.",64,24
CACERES,Outras etiologias,Hib/Hemófilos,VacinaContraHemofilos_bin_v17,Não aplicável etiologicamente,"Hib/Hemófilos é aplicável a Meningite por Hib/Hemófilo, não a Outras etiologias.",64,24
CACERES,Outras etiologias,Pneumocócica,VacinaContraPneumococo_bin_v17,Não aplicável etiologicamente,"Pneumocócica é aplicável a Meningite pneumocócica, não a Outras etiologias.",64,23
CACERES,Outras etiologias,Tríplice bacteriana/DTP,VacinaContraTriplice_bin_v17,Não aplicável etiologicamente,"Tríplice bacteriana/DTP é aplicável a nenhuma etiologia alvo direta, não a Outras etiologias.",64,24
CACERES,Outras etiologias,Outras vacinas,VacinaOutras_bin_v17,Não aplicável etiologicamente,"Outras vacinas é aplicável a nenhuma etiologia alvo direta, não a Outras etiologias.",64,24
COLIDER,Doença meningocócica,BCG,VacinaContraBCG_bin_v17,Não aplicável etiologicamente,"BCG é aplicável a Meningite tuberculosa, não a Doença meningocócica.",2,1
COLIDER,Doença meningocócica,Hib/Hemófilos,VacinaContraHemofilos_bin_v17,Não aplicável etiologicamente,"Hib/Hemófilos é aplicável a Meningite por Hib/Hemófilo, não a Doença meningocócica.",2,0
COLIDER,Doença meningocócica,Pneumocócica,VacinaContraPneumococo_bin_v17,Não aplicável etiologicamente,"Pneumocócica é aplicável a Meningite pneumocócica, não a Doença meningocócica.",2,0
COLIDER,Doença meningocócica,Tríplice bacteriana/DTP,VacinaContraTriplice_bin_v17,Não aplicável etiologicamente,"Tríplice bacteriana/DTP é aplicável a nenhuma etiologia alvo direta, não a Doença meningocócica.",2,1
COLIDER,Doença meningocócica,Outras vacinas,VacinaOutras_bin_v17,Não aplicável etiologicamente,"Outras vacinas é aplicável a nenhuma etiologia alvo direta, não a Doença meningocócica.",2,0
COLIDER,Meningite bacteriana/outras bactérias,Meningocócica polissacarídica A/C,VacinaContraPolissacaridicaAC_bin_v17,Não aplicável etiologicamente,"Meningocócica polissacarídica A/C é aplicável a Doença meningocócica, não a Meningite bacteriana/outras bactérias.",4,2
COLIDER,Meningite bacteriana/outras bactérias,Meningocócica polissacarídica B/C,VacinaContraPolissacaridicaBC_bin_v17,Não aplicável etiologicamente,"Meningocócica polissacarídica B/C é aplicável a Doença meningocócica, não a Meningite bacteriana/outras bactérias.",4,2
COLIDER,Meningite bacteriana/outras bactérias,Meningocócica C conjugada,VacinaConjugadaMeningoC_bin_v17,Não aplicável etiologicamente,"Meningocócica C conjugada é aplicável a Doença meningocócica, não a Meningite bacteriana/outras bactérias.",4,2
COLIDER,Meningite bacteriana/outras bactérias,BCG,VacinaContraBCG_bin_v17,Não aplicável etiologicamente,"BCG é aplicável a Meningite tuberculosa, não a Meningite bacteriana/outras bactérias.",4,2
COLIDER,Meningite bacteriana/outras bactérias,Hib/Hemófilos,VacinaContraHemofilos_bin_v17,Não aplicável etiologicamente,"Hib/Hemófilos é aplicável a Meningite por Hib/Hemófilo, não a Meningite bacteriana/outras bactérias.",4,2
COLIDER,Meningite bacteriana/outras bactérias,Pneumocócica,VacinaContraPneumococo_bin_v17,Não aplicável etiologicamente,"Pneumocócica é aplicável a Meningite pneumocócica, não a Meningite bacteriana/outras bactérias.",4,2
COLIDER,Meningite bacteriana/outras bactérias,Tríplice bacteriana/DTP,VacinaContraTriplice_bin_v17,Não aplicável etiologicamente,"Tríplice bacteriana/DTP é aplicável a nenhuma etiologia alvo direta, não a Meningite bacteriana/outras bactérias.",4,2
COLIDER,Meningite bacteriana/outras bactérias,Outras vacinas,VacinaOutras_bin_v17,Não aplicável etiologicamente,"Outras vacinas é aplicável a nenhuma etiologia alvo direta, não a Meningite bacteriana/outras bactérias.",4,2
COLIDER,Meningite fúngica,Meningocócica polissacarídica A/C,VacinaContraPolissacaridicaAC_bin_v17,Não aplicável etiologicamente,"Meningocócica polissacarídica A/C é aplicável a Doença meningocócica, não a Meningite fúngica.",2,1
COLIDER,Meningite fúngica,Meningocócica polissacarídica B/C,VacinaContraPolissacaridicaBC_bin_v17,Não aplicável etiologicamente,"Meningocócica polissacarídica B/C é aplicável a Doença meningocócica, não a Meningite fúngica.",2,1
COLIDER,Meningite fúngica,Meningocócica C conjugada,VacinaConjugadaMeningoC_bin_v17,Não aplicável etiologicamente,"Meningocócica C conjugada é aplicável a Doença meningocócica, não a Meningite fúngica.",2,1
COLIDER,Meningite fúngica,BCG,VacinaContraBCG_bin_v17,Não aplicável etiologicamente,"BCG é aplicável a Meningite tuberculosa, não a Meningite fúngica.",2,1
COLIDER,Meningite fúngica,Hib/Hemófilos,VacinaContraHemofilos_bin_v17,Não aplicável etiologicamente,"Hib/Hemófilos é aplicável a Meningite por Hib/Hemófilo, não a Meningite fúngica.",2,1
COLIDER,Meningite fúngica,Pneumocócica,VacinaContraPneumococo_bin_v17,Não aplicável etiologicamente,"Pneumocócica é aplicável a Meningite pneumocócica, não a Meningite fúngica.",2,1
COLIDER,Meningite fúngica,Tríplice bacteriana/DTP,VacinaContraTriplice_bin_v17,Não aplicável etiologicamente,"Tríplice bacteriana/DTP é aplicável a nenhuma etiologia alvo direta, não a Meningite fúngica.",2,1
COLIDER,Meningite fúngica,Outras vacinas,VacinaOutras_bin_v17,Não aplicável etiologicamente,"Outras vacinas é aplicável a nenhuma etiologia alvo direta, não a Meningite fúngica.",2,0
COLIDER,Meningite não especificada,Meningocócica polissacarídica A/C,VacinaContraPolissacaridicaAC_bin_v17,Não aplicável etiologicamente,"Meningocócica polissacarídica A/C é aplicável a Doença meningocócica, não a Meningite não especificada.",9,4
COLIDER,Meningite não especificada,Meningocócica polissacarídica B/C,VacinaContraPolissacaridicaBC_bin_v17,Não aplicável etiologicamente,"Meningocócica polissacarídica B/C é aplicável a Doença meningocócica, não a Meningite não especificada.",9,4
COLIDER,Meningite não especificada,Meningocócica C conjugada,VacinaConjugadaMeningoC_bin_v17,Não aplicável etiologicamente,"Meningocócica C conjugada é aplicável a Doença meningocócica, não a Meningite não especificada.",9,4
COLIDER,Meningite não especificada,BCG,VacinaContraBCG_bin_v17,Não aplicável etiologicamente,"BCG é aplicável a Meningite tuberculosa, não a Meningite não especificada.",9,4
COLIDER,Meningite não especificada,Hib/Hemófilos,VacinaContraHemofilos_bin_v17,Não aplicável etiologicamente,"Hib/Hemófilos é aplicável a Meningite por Hib/Hemófilo, não a Meningite não especificada.",9,4
COLIDER,Meningite não especificada,Pneumocócica,VacinaContraPneumococo_bin_v17,Não aplicável etiologicamente,"Pneumocócica é aplicável a Meningite pneumocócica, não a Meningite não especificada.",9,4
COLIDER,Meningite não especificada,Tríplice bacteriana/DTP,VacinaContraTriplice_bin_v17,Não aplicável etiologicamente,"Tríplice bacteriana/DTP é aplicável a nenhuma etiologia alvo direta, não a Meningite não especificada.",9,4
COLIDER,Meningite não especificada,Outras vacinas,VacinaOutras_bin_v17,Não aplicável etiologicamente,"Outras vacinas é aplicável a nenhuma etiologia alvo direta, não a Meningite não especificada.",9,4
COLIDER,Meningite pneumocócica,Meningocócica polissacarídica A/C,VacinaContraPolissacaridicaAC_bin_v17,Não aplicável etiologicamente,"Meningocócica polissacarídica A/C é aplicável a Doença meningocócica, não a Meningite pneumocócica.",1,0
COLIDER,Meningite pneumocócica,Meningocócica polissacarídica B/C,VacinaContraPolissacaridicaBC_bin_v17,Não aplicável etiologicamente,"Meningocócica polissacarídica B/C é aplicável a Doença meningocócica, não a Meningite pneumocócica.",1,0
COLIDER,Meningite pneumocócica,Meningocócica C conjugada,VacinaConjugadaMeningoC_bin_v17,Não aplicável etiologicamente,"Meningocócica C conjugada é aplicável a Doença meningocócica, não a Meningite pneumocócica.",1,0
COLIDER,Meningite pneumocócica,BCG,VacinaContraBCG_bin_v17,Não aplicável etiologicamente,"BCG é aplicável a Meningite tuberculosa, não a Meningite pneumocócica.",1,1
COLIDER,Meningite pneumocócica,Hib/Hemófilos,VacinaContraHemofilos_bin_v17,Não aplicável etiologicamente,"Hib/Hemófilos é aplicável a Meningite por Hib/Hemófilo, não a Meningite pneumocócica.",1,0
COLIDER,Meningite pneumocócica,Tríplice bacteriana/DTP,VacinaContraTriplice_bin_v17,Não aplicável etiologicamente,"Tríplice bacteriana/DTP é aplicável a nenhuma etiologia alvo direta, não a Meningite pneumocócica.",1,0
COLIDER,Meningite pneumocócica,Outras vacinas,VacinaOutras_bin_v17,Não aplicável etiologicamente,"Outras vacinas é aplicável a nenhuma etiologia alvo direta, não a Meningite pneumocócica.",1,0
COLIDER,Meningite tuberculosa,Meningocócica polissacarídica A/C,VacinaContraPolissacaridicaAC_bin_v17,Não aplicável etiologicamente,"Meningocócica polissacarídica A/C é aplicável a Doença meningocócica, não a Meningite tuberculosa.",2,1
COLIDER,Meningite tuberculosa,Meningocócica polissacarídica B/C,VacinaContraPolissacaridicaBC_bin_v17,Não aplicável etiologicamente,"Meningocócica polissacarídica B/C é aplicável a Doença meningocócica, não a Meningite tuberculosa.",2,1
COLIDER,Meningite tuberculosa,Meningocócica C conjugada,VacinaConjugadaMeningoC_bin_v17,Não aplicável etiologicamente,"Meningocócica C conjugada é aplicável a Doença meningocócica, não a Meningite tuberculosa.",2,1
COLIDER,Meningite tuberculosa,Hib/Hemófilos,VacinaContraHemofilos_bin_v17,Não aplicável etiologicamente,"Hib/Hemófilos é aplicável a Meningite por Hib/Hemófilo, não a Meningite tuberculosa.",2,1
COLIDER,Meningite tuberculosa,Pneumocócica,VacinaContraPneumococo_bin_v17,Não aplicável etiologicamente,"Pneumocócica é aplicável a Meningite pneumocócica, não a Meningite tuberculosa.",2,1
COLIDER,Meningite tuberculosa,Tríplice bacteriana/DTP,VacinaContraTriplice_bin_v17,Não aplicável etiologicamente,"Tríplice bacteriana/DTP é aplicável a nenhuma etiologia alvo direta, não a Meningite tuberculosa.",2,1
COLIDER,Meningite tuberculosa,Outras vacinas,VacinaOutras_bin_v17,Não aplicável etiologicamente,"Outras vacinas é aplicável a nenhuma etiologia alvo direta, não a Meningite tuberculosa.",2,1
COLIDER,Meningite viral/asséptica,Meningocócica polissacarídica A/C,VacinaContraPolissacaridicaAC_bin_v17,Não aplicável etiologicamente,Não há vacina correspondente para esta classificação; viral/asséptica não entra em EV vacinal.,6,4
COLIDER,Meningite viral/asséptica,Meningocócica polissacarídica B/C,VacinaContraPolissacaridicaBC_bin_v17,Não aplicável etiologicamente,Não há vacina correspondente para esta classificação; viral/asséptica não entra em EV vacinal.,6,4
COLIDER,Meningite viral/asséptica,Meningocócica C conjugada,VacinaConjugadaMeningoC_bin_v17,Não aplicável etiologicamente,Não há vacina correspondente para esta classificação; viral/asséptica não entra em EV vacinal.,6,5
COLIDER,Meningite viral/asséptica,BCG,VacinaContraBCG_bin_v17,Não aplicável etiologicamente,Não há vacina correspondente para esta classificação; viral/asséptica não entra em EV vacinal.,6,5
COLIDER,Meningite viral/asséptica,Hib/Hemófilos,VacinaContraHemofilos_bin_v17,Não aplicável etiologicamente,Não há vacina correspondente para esta classificação; viral/asséptica não entra em EV vacinal.,6,4
COLIDER,Meningite viral/asséptica,Pneumocócica,VacinaContraPneumococo_bin_v17,Não aplicável etiologicamente,Não há vacina correspondente para esta classificação; viral/asséptica não entra em EV vacinal.,6,5
COLIDER,Meningite viral/asséptica,Tríplice bacteriana/DTP,VacinaContraTriplice_bin_v17,Não aplicável etiologicamente,Não há vacina correspondente para esta classificação; viral/asséptica não entra em EV vacinal.,6,5
COLIDER,Meningite viral/asséptica,Outras vacinas,VacinaOutras_bin_v17,Não aplicável etiologicamente,Não há vacina correspondente para esta classificação; viral/asséptica não entra em EV vacinal.,6,4
COLIDER,Outras etiologias,Meningocócica polissacarídica A/C,VacinaContraPolissacaridicaAC_bin_v17,Não aplicável etiologicamente,"Meningocócica polissacarídica A/C é aplicável a Doença meningocócica, não a Outras etiologias.",63,10
COLIDER,Outras etiologias,Meningocócica polissacarídica B/C,VacinaContraPolissacaridicaBC_bin_v17,Não aplicável etiologicamente,"Meningocócica polissacarídica B/C é aplicável a Doença meningocócica, não a Outras etiologias.",63,10
COLIDER,Outras etiologias,Meningocócica C conjugada,VacinaConjugadaMeningoC_bin_v17,Não aplicável etiologicamente,"Meningocócica C conjugada é aplicável a Doença meningocócica, não a Outras etiologias.",63,14
COLIDER,Outras etiologias,BCG,VacinaContraBCG_bin_v17,Não aplicável etiologicamente,"BCG é aplicável a Meningite tuberculosa, não a Outras etiologias.",63,18
COLIDER,Outras etiologias,Hib/Hemófilos,VacinaContraHemofilos_bin_v17,Não aplicável etiologicamente,"Hib/Hemófilos é aplicável a Meningite por Hib/Hemófilo, não a Outras etiologias.",63,10
COLIDER,Outras etiologias,Pneumocócica,VacinaContraPneumococo_bin_v17,Não aplicável etiologicamente,"Pneumocócica é aplicável a Meningite pneumocócica, não a Outras etiologias.",63,14
COLIDER,Outras etiologias,Tríplice bacteriana/DTP,VacinaContraTriplice_bin_v17,Não aplicável etiologicamente,"Tríplice bacteriana/DTP é aplicável a nenhuma etiologia alvo direta, não a Outras etiologias.",63,11
COLIDER,Outras etiologias,Outras vacinas,VacinaOutras_bin_v17,Não aplicável etiologicamente,"Outras vacinas é aplicável a nenhuma etiologia alvo direta, não a Outras etiologias.",63,10
CUIABA,Doença meningocócica,BCG,VacinaContraBCG_bin_v17,Não aplicável etiologicamente,"BCG é aplicável a Meningite tuberculosa, não a Doença meningocócica.",82,44
CUIABA,Doença meningocócica,Hib/Hemófilos,VacinaContraHemofilos_bin_v17,Não aplicável etiologicamente,"Hib/Hemófilos é aplicável a Meningite por Hib/Hemófilo, não a Doença meningocócica.",82,35
CUIABA,Doença meningocócica,Pneumocócica,VacinaContraPneumococo_bin_v17,Não aplicável etiologicamente,"Pneumocócica é aplicável a Meningite pneumocócica, não a Doença meningocócica.",82,40
CUIABA,Doença meningocócica,Tríplice bacteriana/DTP,VacinaContraTriplice_bin_v17,Não aplicável etiologicamente,"Tríplice bacteriana/DTP é aplicável a nenhuma etiologia alvo direta, não a Doença meningocócica.",82,37
CUIABA,Doença meningocócica,Outras vacinas,VacinaOutras_bin_v17,Não aplicável etiologicamente,"Outras vacinas é aplicável a nenhuma etiologia alvo direta, não a Doença meningocócica.",82,35
CUIABA,Meningite bacteriana/outras bactérias,Meningocócica polissacarídica A/C,VacinaContraPolissacaridicaAC_bin_v17,Não aplicável etiologicamente,"Meningocócica polissacarídica A/C é aplicável a Doença meningocócica, não a Meningite bacteriana/outras bactérias.",191,72
CUIABA,Meningite bacteriana/outras bactérias,Meningocócica polissacarídica B/C,VacinaContraPolissacaridicaBC_bin_v17,Não aplicável etiologicamente,"Meningocócica polissacarídica B/C é aplicável a Doença meningocócica, não a Meningite bacteriana/outras bactérias.",191,71
CUIABA,Meningite bacteriana/outras bactérias,Meningocócica C conjugada,VacinaConjugadaMeningoC_bin_v17,Não aplicável etiologicamente,"Meningocócica C conjugada é aplicável a Doença meningocócica, não a Meningite bacteriana/outras bactérias.",191,77
CUIABA,Meningite bacteriana/outras bactérias,BCG,VacinaContraBCG_bin_v17,Não aplicável etiologicamente,"BCG é aplicável a Meningite tuberculosa, não a Meningite bacteriana/outras bactérias.",191,87
CUIABA,Meningite bacteriana/outras bactérias,Hib/Hemófilos,VacinaContraHemofilos_bin_v17,Não aplicável etiologicamente,"Hib/Hemófilos é aplicável a Meningite por Hib/Hemófilo, não a Meningite bacteriana/outras bactérias.",191,76
CUIABA,Meningite bacteriana/outras bactérias,Pneumocócica,VacinaContraPneumococo_bin_v17,Não aplicável etiologicamente,"Pneumocócica é aplicável a Meningite pneumocócica, não a Meningite bacteriana/outras bactérias.",191,73
CUIABA,Meningite bacteriana/outras bactérias,Tríplice bacteriana/DTP,VacinaContraTriplice_bin_v17,Não aplicável etiologicamente,"Tríplice bacteriana/DTP é aplicável a nenhuma etiologia alvo direta, não a Meningite bacteriana/outras bactérias.",191,79
CUIABA,Meningite bacteriana/outras bactérias,Outras vacinas,VacinaOutras_bin_v17,Não aplicável etiologicamente,"Outras vacinas é aplicável a nenhuma etiologia alvo direta, não a Meningite bacteriana/outras bactérias.",191,66
CUIABA,Meningite fúngica,Meningocócica polissacarídica A/C,VacinaContraPolissacaridicaAC_bin_v17,Não aplicável etiologicamente,"Meningocócica polissacarídica A/C é aplicável a Doença meningocócica, não a Meningite fúngica.",77,28
CUIABA,Meningite fúngica,Meningocócica polissacarídica B/C,VacinaContraPolissacaridicaBC_bin_v17,Não aplicável etiologicamente,"Meningocócica polissacarídica B/C é aplicável a Doença meningocócica, não a Meningite fúngica.",77,27
CUIABA,Meningite fúngica,Meningocócica C conjugada,VacinaConjugadaMeningoC_bin_v17,Não aplicável etiologicamente,"Meningocócica C conjugada é aplicável a Doença meningocócica, não a Meningite fúngica.",77,27
CUIABA,Meningite fúngica,BCG,VacinaContraBCG_bin_v17,Não aplicável etiologicamente,"BCG é aplicável a Meningite tuberculosa, não a Meningite fúngica.",77,27
CUIABA,Meningite fúngica,Hib/Hemófilos,VacinaContraHemofilos_bin_v17,Não aplicável etiologicamente,"Hib/Hemófilos é aplicável a Meningite por Hib/Hemófilo, não a Meningite fúngica.",77,22
CUIABA,Meningite fúngica,Pneumocócica,VacinaContraPneumococo_bin_v17,Não aplicável etiologicamente,"Pneumocócica é aplicável a Meningite pneumocócica, não a Meningite fúngica.",77,23
CUIABA,Meningite fúngica,Tríplice bacteriana/DTP,VacinaContraTriplice_bin_v17,Não aplicável etiologicamente,"Tríplice bacteriana/DTP é aplicável a nenhuma etiologia alvo direta, não a Meningite fúngica.",77,21
CUIABA,Meningite fúngica,Outras vacinas,VacinaOutras_bin_v17,Não aplicável etiologicamente,"Outras vacinas é aplicável a nenhuma etiologia alvo direta, não a Meningite fúngica.",77,20
CUIABA,Meningite não especificada,Meningocócica polissacarídica A/C,VacinaContraPolissacaridicaAC_bin_v17,Não aplicável etiologicamente,"Meningocócica polissacarídica A/C é aplicável a Doença meningocócica, não a Meningite não especificada.",439,241
CUIABA,Meningite não especificada,Meningocócica polissacarídica B/C,VacinaContraPolissacaridicaBC_bin_v17,Não aplicável etiologicamente,"Meningocócica polissacarídica B/C é aplicável a Doença meningocócica, não a Meningite não especificada.",439,241
CUIABA,Meningite não especificada,Meningocócica C conjugada,VacinaConjugadaMeningoC_bin_v17,Não aplicável etiologicamente,"Meningocócica C conjugada é aplicável a Doença meningocócica, não a Meningite não especificada.",439,259
CUIABA,Meningite não especificada,BCG,VacinaContraBCG_bin_v17,Não aplicável etiologicamente,"BCG é aplicável a Meningite tuberculosa, não a Meningite não especificada.",439,277
CUIABA,Meningite não especificada,Hib/Hemófilos,VacinaContraHemofilos_bin_v17,Não aplicável etiologicamente,"Hib/Hemófilos é aplicável a Meningite por Hib/Hemófilo, não a Meningite não especificada.",439,234
CUIABA,Meningite não especificada,Pneumocócica,VacinaContraPneumococo_bin_v17,Não aplicável etiologicamente,"Pneumocócica é aplicável a Meningite pneumocócica, não a Meningite não especificada.",439,235
CUIABA,Meningite não especificada,Tríplice bacteriana/DTP,VacinaContraTriplice_bin_v17,Não aplicável etiologicamente,"Tríplice bacteriana/DTP é aplicável a nenhuma etiologia alvo direta, não a Meningite não especificada.",439,239
CUIABA,Meningite não especificada,Outras vacinas,VacinaOutras_bin_v17,Não aplicável etiologicamente,"Outras vacinas é aplicável a nenhuma etiologia alvo direta, não a Meningite não especificada.",439,193
CUIABA,Meningite pneumocócica,Meningocócica polissacarídica A/C,VacinaContraPolissacaridicaAC_bin_v17,Não aplicável etiologicamente,"Meningocócica polissacarídica A/C é aplicável a Doença meningocócica, não a Meningite pneumocócica.",64,36
CUIABA,Meningite pneumocócica,Meningocócica polissacarídica B/C,VacinaContraPolissacaridicaBC_bin_v17,Não aplicável etiologicamente,"Meningocócica polissacarídica B/C é aplicável a Doença meningocócica, não a Meningite pneumocócica.",64,36
CUIABA,Meningite pneumocócica,Meningocócica C conjugada,VacinaConjugadaMeningoC_bin_v17,Não aplicável etiologicamente,"Meningocócica C conjugada é aplicável a Doença meningocócica, não a Meningite pneumocócica.",64,36
CUIABA,Meningite pneumocócica,BCG,VacinaContraBCG_bin_v17,Não aplicável etiologicamente,"BCG é aplicável a Meningite tuberculosa, não a Meningite pneumocócica.",64,36
CUIABA,Meningite pneumocócica,Hib/Hemófilos,VacinaContraHemofilos_bin_v17,Não aplicável etiologicamente,"Hib/Hemófilos é aplicável a Meningite por Hib/Hemófilo, não a Meningite pneumocócica.",64,30
CUIABA,Meningite pneumocócica,Tríplice bacteriana/DTP,VacinaContraTriplice_bin_v17,Não aplicável etiologicamente,"Tríplice bacteriana/DTP é aplicável a nenhuma etiologia alvo direta, não a Meningite pneumocócica.",64,32
CUIABA,Meningite pneumocócica,Outras vacinas,VacinaOutras_bin_v17,Não aplicável etiologicamente,"Outras vacinas é aplicável a nenhuma etiologia alvo direta, não a Meningite pneumocócica.",64,28
CUIABA,Meningite por Hib/Hemófilo,Meningocócica polissacarídica A/C,VacinaContraPolissacaridicaAC_bin_v17,Não aplicável etiologicamente,"Meningocócica polissacarídica A/C é aplicável a Doença meningocócica, não a Meningite por Hib/Hemófilo.",12,8
CUIABA,Meningite por Hib/Hemófilo,Meningocócica polissacarídica B/C,VacinaContraPolissacaridicaBC_bin_v17,Não aplicável etiologicamente,"Meningocócica polissacarídica B/C é aplicável a Doença meningocócica, não a Meningite por Hib/Hemófilo.",12,8
CUIABA,Meningite por Hib/Hemófilo,Meningocócica C conjugada,VacinaConjugadaMeningoC_bin_v17,Não aplicável etiologicamente,"Meningocócica C conjugada é aplicável a Doença meningocócica, não a Meningite por Hib/Hemófilo.",12,8
CUIABA,Meningite por Hib/Hemófilo,BCG,VacinaContraBCG_bin_v17,Não aplicável etiologicamente,"BCG é aplicável a Meningite tuberculosa, não a Meningite por Hib/Hemófilo.",12,8
CUIABA,Meningite por Hib/Hemófilo,Pneumocócica,VacinaContraPneumococo_bin_v17,Não aplicável etiologicamente,"Pneumocócica é aplicável a Meningite pneumocócica, não a Meningite por Hib/Hemófilo.",12,8
CUIABA,Meningite por Hib/Hemófilo,Tríplice bacteriana/DTP,VacinaContraTriplice_bin_v17,Não aplicável etiologicamente,"Tríplice bacteriana/DTP é aplicável a nenhuma etiologia alvo direta, não a Meningite por Hib/Hemófilo.",12,8
CUIABA,Meningite por Hib/Hemófilo,Outras vacinas,VacinaOutras_bin_v17,Não aplicável etiologicamente,"Outras vacinas é aplicável a nenhuma etiologia alvo direta, não a Meningite por Hib/Hemófilo.",12,5
CUIABA,Meningite tuberculosa,Meningocócica polissacarídica A/C,VacinaContraPolissacaridicaAC_bin_v17,Não aplicável etiologicamente,"Meningocócica polissacarídica A/C é aplicável a Doença meningocócica, não a Meningite tuberculosa.",22,3
CUIABA,Meningite tuberculosa,Meningocócica polissacarídica B/C,VacinaContraPolissacaridicaBC_bin_v17,Não aplicável etiologicamente,"Meningocócica polissacarídica B/C é aplicável a Doença meningocócica, não a Meningite tuberculosa.",22,2
CUIABA,Meningite tuberculosa,Meningocócica C conjugada,VacinaConjugadaMeningoC_bin_v17,Não aplicável etiologicamente,"Meningocócica C conjugada é aplicável a Doença meningocócica, não a Meningite tuberculosa.",22,2
CUIABA,Meningite tuberculosa,Hib/Hemófilos,VacinaContraHemofilos_bin_v17,Não aplicável etiologicamente,"Hib/Hemófilos é aplicável a Meningite por Hib/Hemófilo, não a Meningite tuberculosa.",22,2
CUIABA,Meningite tuberculosa,Pneumocócica,VacinaContraPneumococo_bin_v17,Não aplicável etiologicamente,"Pneumocócica é aplicável a Meningite pneumocócica, não a Meningite tuberculosa.",22,2
CUIABA,Meningite tuberculosa,Tríplice bacteriana/DTP,VacinaContraTriplice_bin_v17,Não aplicável etiologicamente,"Tríplice bacteriana/DTP é aplicável a nenhuma etiologia alvo direta, não a Meningite tuberculosa.",22,2
CUIABA,Meningite tuberculosa,Outras vacinas,VacinaOutras_bin_v17,Não aplicável etiologicamente,"Outras vacinas é aplicável a nenhuma etiologia alvo direta, não a Meningite tuberculosa.",22,2
CUIABA,Meningite viral/asséptica,Meningocócica polissacarídica A/C,VacinaContraPolissacaridicaAC_bin_v17,Não aplicável etiologicamente,Não há vacina correspondente para esta classificação; viral/asséptica não entra em EV vacinal.,291,145
CUIABA,Meningite viral/asséptica,Meningocócica polissacarídica B/C,VacinaContraPolissacaridicaBC_bin_v17,Não aplicável etiologicamente,Não há vacina correspondente para esta classificação; viral/asséptica não entra em EV vacinal.,291,146
CUIABA,Meningite viral/asséptica,Meningocócica C conjugada,VacinaConjugadaMeningoC_bin_v17,Não aplicável etiologicamente,Não há vacina correspondente para esta classificação; viral/asséptica não entra em EV vacinal.,291,155
CUIABA,Meningite viral/asséptica,BCG,VacinaContraBCG_bin_v17,Não aplicável etiologicamente,Não há vacina correspondente para esta classificação; viral/asséptica não entra em EV vacinal.,291,166
CUIABA,Meningite viral/asséptica,Hib/Hemófilos,VacinaContraHemofilos_bin_v17,Não aplicável etiologicamente,Não há vacina correspondente para esta classificação; viral/asséptica não entra em EV vacinal.,291,139
CUIABA,Meningite viral/asséptica,Pneumocócica,VacinaContraPneumococo_bin_v17,Não aplicável etiologicamente,Não há vacina correspondente para esta classificação; viral/asséptica não entra em EV vacinal.,291,141
CUIABA,Meningite viral/asséptica,Tríplice bacteriana/DTP,VacinaContraTriplice_bin_v17,Não aplicável etiologicamente,Não há vacina correspondente para esta classificação; viral/asséptica não entra em EV vacinal.,291,150
CUIABA,Meningite viral/asséptica,Outras vacinas,VacinaOutras_bin_v17,Não aplicável etiologicamente,Não há vacina correspondente para esta classificação; viral/asséptica não entra em EV vacinal.,291,118
CUIABA,Outras etiologias,Meningocócica polissacarídica A/C,VacinaContraPolissacaridicaAC_bin_v17,Não aplicável etiologicamente,"Meningocócica polissacarídica A/C é aplicável a Doença meningocócica, não a Outras etiologias.",1117,426
CUIABA,Outras etiologias,Meningocócica polissacarídica B/C,VacinaContraPolissacaridicaBC_bin_v17,Não aplicável etiologicamente,"Meningocócica polissacarídica B/C é aplicável a Doença meningocócica, não a Outras etiologias.",1117,429
CUIABA,Outras etiologias,Meningocócica C conjugada,VacinaConjugadaMeningoC_bin_v17,Não aplicável etiologicamente,"Meningocócica C conjugada é aplicável a Doença meningocócica, não a Outras etiologias.",1117,466
CUIABA,Outras etiologias,BCG,VacinaContraBCG_bin_v17,Não aplicável etiologicamente,"BCG é aplicável a Meningite tuberculosa, não a Outras etiologias.",1117,458
CUIABA,Outras etiologias,Hib/Hemófilos,VacinaContraHemofilos_bin_v17,Não aplicável etiologicamente,"Hib/Hemófilos é aplicável a Meningite por Hib/Hemófilo, não a Outras etiologias.",1117,386
CUIABA,Outras etiologias,Pneumocócica,VacinaContraPneumococo_bin_v17,Não aplicável etiologicamente,"Pneumocócica é aplicável a Meningite pneumocócica, não a Outras etiologias.",1117,417
CUIABA,Outras etiologias,Tríplice bacteriana/DTP,VacinaContraTriplice_bin_v17,Não aplicável etiologicamente,"Tríplice bacteriana/DTP é aplicável a nenhuma etiologia alvo direta, não a Outras etiologias.",1117,390
CUIABA,Outras etiologias,Outras vacinas,VacinaOutras_bin_v17,Não aplicável etiologicamente,"Outras vacinas é aplicável a nenhuma etiologia alvo direta, não a Outras etiologias.",1117,319
DIAMANTINO,Doença meningocócica,BCG,VacinaContraBCG_bin_v17,Não aplicável etiologicamente,"BCG é aplicável a Meningite tuberculosa, não a Doença meningocócica.",4,0
DIAMANTINO,Doença meningocócica,Hib/Hemófilos,VacinaContraHemofilos_bin_v17,Não aplicável etiologicamente,"Hib/Hemófilos é aplicável a Meningite por Hib/Hemófilo, não a Doença meningocócica.",4,0
DIAMANTINO,Doença meningocócica,Pneumocócica,VacinaContraPneumococo_bin_v17,Não aplicável etiologicamente,"Pneumocócica é aplicável a Meningite pneumocócica, não a Doença meningocócica.",4,0
DIAMANTINO,Doença meningocócica,Tríplice bacteriana/DTP,VacinaContraTriplice_bin_v17,Não aplicável etiologicamente,"Tríplice bacteriana/DTP é aplicável a nenhuma etiologia alvo direta, não a Doença meningocócica.",4,0
DIAMANTINO,Doença meningocócica,Outras vacinas,VacinaOutras_bin_v17,Não aplicável etiologicamente,"Outras vacinas é aplicável a nenhuma etiologia alvo direta, não a Doença meningocócica.",4,0
DIAMANTINO,Meningite bacteriana/outras bactérias,Meningocócica polissacarídica A/C,VacinaContraPolissacaridicaAC_bin_v17,Não aplicável etiologicamente,"Meningocócica polissacarídica A/C é aplicável a Doença meningocócica, não a Meningite bacteriana/outras bactérias.",10,4
DIAMANTINO,Meningite bacteriana/outras bactérias,Meningocócica polissacarídica B/C,VacinaContraPolissacaridicaBC_bin_v17,Não aplicável etiologicamente,"Meningocócica polissacarídica B/C é aplicável a Doença meningocócica, não a Meningite bacteriana/outras bactérias.",10,4
DIAMANTINO,Meningite bacteriana/outras bactérias,Meningocócica C conjugada,VacinaConjugadaMeningoC_bin_v17,Não aplicável etiologicamente,"Meningocócica C conjugada é aplicável a Doença meningocócica, não a Meningite bacteriana/outras bactérias.",10,4
DIAMANTINO,Meningite bacteriana/outras bactérias,BCG,VacinaContraBCG_bin_v17,Não aplicável etiologicamente,"BCG é aplicável a Meningite tuberculosa, não a Meningite bacteriana/outras bactérias.",10,5
DIAMANTINO,Meningite bacteriana/outras bactérias,Hib/Hemófilos,VacinaContraHemofilos_bin_v17,Não aplicável etiologicamente,"Hib/Hemófilos é aplicável a Meningite por Hib/Hemófilo, não a Meningite bacteriana/outras bactérias.",10,2
DIAMANTINO,Meningite bacteriana/outras bactérias,Pneumocócica,VacinaContraPneumococo_bin_v17,Não aplicável etiologicamente,"Pneumocócica é aplicável a Meningite pneumocócica, não a Meningite bacteriana/outras bactérias.",10,3
DIAMANTINO,Meningite bacteriana/outras bactérias,Tríplice bacteriana/DTP,VacinaContraTriplice_bin_v17,Não aplicável etiologicamente,"Tríplice bacteriana/DTP é aplicável a nenhuma etiologia alvo direta, não a Meningite bacteriana/outras bactérias.",10,2
DIAMANTINO,Meningite bacteriana/outras bactérias,Outras vacinas,VacinaOutras_bin_v17,Não aplicável etiologicamente,"Outras vacinas é aplicável a nenhuma etiologia alvo direta, não a Meningite bacteriana/outras bactérias.",10,2
DIAMANTINO,Meningite fúngica,Meningocócica polissacarídica A/C,VacinaContraPolissacaridicaAC_bin_v17,Não aplicável etiologicamente,"Meningocócica polissacarídica A/C é aplicável a Doença meningocócica, não a Meningite fúngica.",3,0
DIAMANTINO,Meningite fúngica,Meningocócica polissacarídica B/C,VacinaContraPolissacaridicaBC_bin_v17,Não aplicável etiologicamente,"Meningocócica polissacarídica B/C é aplicável a Doença meningocócica, não a Meningite fúngica.",3,0
DIAMANTINO,Meningite fúngica,Meningocócica C conjugada,VacinaConjugadaMeningoC_bin_v17,Não aplicável etiologicamente,"Meningocócica C conjugada é aplicável a Doença meningocócica, não a Meningite fúngica.",3,0
DIAMANTINO,Meningite fúngica,BCG,VacinaContraBCG_bin_v17,Não aplicável etiologicamente,"BCG é aplicável a Meningite tuberculosa, não a Meningite fúngica.",3,0
DIAMANTINO,Meningite fúngica,Hib/Hemófilos,VacinaContraHemofilos_bin_v17,Não aplicável etiologicamente,"Hib/Hemófilos é aplicável a Meningite por Hib/Hemófilo, não a Meningite fúngica.",3,0
DIAMANTINO,Meningite fúngica,Pneumocócica,VacinaContraPneumococo_bin_v17,Não aplicável etiologicamente,"Pneumocócica é aplicável a Meningite pneumocócica, não a Meningite fúngica.",3,0
DIAMANTINO,Meningite fúngica,Tríplice bacteriana/DTP,VacinaContraTriplice_bin_v17,Não aplicável etiologicamente,"Tríplice bacteriana/DTP é aplicável a nenhuma etiologia alvo direta, não a Meningite fúngica.",3,0
DIAMANTINO,Meningite fúngica,Outras vacinas,VacinaOutras_bin_v17,Não aplicável etiologicamente,"Outras vacinas é aplicável a nenhuma etiologia alvo direta, não a Meningite fúngica.",3,0
DIAMANTINO,Meningite não especificada,Meningocócica polissacarídica A/C,VacinaContraPolissacaridicaAC_bin_v17,Não aplicável etiologicamente,"Meningocócica polissacarídica A/C é aplicável a Doença meningocócica, não a Meningite não especificada.",23,12
DIAMANTINO,Meningite não especificada,Meningocócica polissacarídica B/C,VacinaContraPolissacaridicaBC_bin_v17,Não aplicável etiologicamente,"Meningocócica polissacarídica B/C é aplicável a Doença meningocócica, não a Meningite não especificada.",23,12
DIAMANTINO,Meningite não especificada,Meningocócica C conjugada,VacinaConjugadaMeningoC_bin_v17,Não aplicável etiologicamente,"Meningocócica C conjugada é aplicável a Doença meningocócica, não a Meningite não especificada.",23,13
DIAMANTINO,Meningite não especificada,BCG,VacinaContraBCG_bin_v17,Não aplicável etiologicamente,"BCG é aplicável a Meningite tuberculosa, não a Meningite não especificada.",23,14
DIAMANTINO,Meningite não especificada,Hib/Hemófilos,VacinaContraHemofilos_bin_v17,Não aplicável etiologicamente,"Hib/Hemófilos é aplicável a Meningite por Hib/Hemófilo, não a Meningite não especificada.",23,11
DIAMANTINO,Meningite não especificada,Pneumocócica,VacinaContraPneumococo_bin_v17,Não aplicável etiologicamente,"Pneumocócica é aplicável a Meningite pneumocócica, não a Meningite não especificada.",23,12
DIAMANTINO,Meningite não especificada,Tríplice bacteriana/DTP,VacinaContraTriplice_bin_v17,Não aplicável etiologicamente,"Tríplice bacteriana/DTP é aplicável a nenhuma etiologia alvo direta, não a Meningite não especificada.",23,11
DIAMANTINO,Meningite não especificada,Outras vacinas,VacinaOutras_bin_v17,Não aplicável etiologicamente,"Outras vacinas é aplicável a nenhuma etiologia alvo direta, não a Meningite não especificada.",23,8
DIAMANTINO,Meningite pneumocócica,Meningocócica polissacarídica A/C,VacinaContraPolissacaridicaAC_bin_v17,Não aplicável etiologicamente,"Meningocócica polissacarídica A/C é aplicável a Doença meningocócica, não a Meningite pneumocócica.",1,0
DIAMANTINO,Meningite pneumocócica,Meningocócica polissacarídica B/C,VacinaContraPolissacaridicaBC_bin_v17,Não aplicável etiologicamente,"Meningocócica polissacarídica B/C é aplicável a Doença meningocócica, não a Meningite pneumocócica.",1,0
DIAMANTINO,Meningite pneumocócica,Meningocócica C conjugada,VacinaConjugadaMeningoC_bin_v17,Não aplicável etiologicamente,"Meningocócica C conjugada é aplicável a Doença meningocócica, não a Meningite pneumocócica.",1,0
DIAMANTINO,Meningite pneumocócica,BCG,VacinaContraBCG_bin_v17,Não aplicável etiologicamente,"BCG é aplicável a Meningite tuberculosa, não a Meningite pneumocócica.",1,0
DIAMANTINO,Meningite pneumocócica,Hib/Hemófilos,VacinaContraHemofilos_bin_v17,Não aplicável etiologicamente,"Hib/Hemófilos é aplicável a Meningite por Hib/Hemófilo, não a Meningite pneumocócica.",1,0
DIAMANTINO,Meningite pneumocócica,Tríplice bacteriana/DTP,VacinaContraTriplice_bin_v17,Não aplicável etiologicamente,"Tríplice bacteriana/DTP é aplicável a nenhuma etiologia alvo direta, não a Meningite pneumocócica.",1,0
DIAMANTINO,Meningite pneumocócica,Outras vacinas,VacinaOutras_bin_v17,Não aplicável etiologicamente,"Outras vacinas é aplicável a nenhuma etiologia alvo direta, não a Meningite pneumocócica.",1,0
DIAMANTINO,Meningite por Hib/Hemófilo,Meningocócica polissacarídica A/C,VacinaContraPolissacaridicaAC_bin_v17,Não aplicável etiologicamente,"Meningocócica polissacarídica A/C é aplicável a Doença meningocócica, não a Meningite por Hib/Hemófilo.",1,0
DIAMANTINO,Meningite por Hib/Hemófilo,Meningocócica polissacarídica B/C,VacinaContraPolissacaridicaBC_bin_v17,Não aplicável etiologicamente,"Meningocócica polissacarídica B/C é aplicável a Doença meningocócica, não a Meningite por Hib/Hemófilo.",1,0
DIAMANTINO,Meningite por Hib/Hemófilo,Meningocócica C conjugada,VacinaConjugadaMeningoC_bin_v17,Não aplicável etiologicamente,"Meningocócica C conjugada é aplicável a Doença meningocócica, não a Meningite por Hib/Hemófilo.",1,0
DIAMANTINO,Meningite por Hib/Hemófilo,BCG,VacinaContraBCG_bin_v17,Não aplicável etiologicamente,"BCG é aplicável a Meningite tuberculosa, não a Meningite por Hib/Hemófilo.",1,0
DIAMANTINO,Meningite por Hib/Hemófilo,Pneumocócica,VacinaContraPneumococo_bin_v17,Não aplicável etiologicamente,"Pneumocócica é aplicável a Meningite pneumocócica, não a Meningite por Hib/Hemófilo.",1,0
DIAMANTINO,Meningite por Hib/Hemófilo,Tríplice bacteriana/DTP,VacinaContraTriplice_bin_v17,Não aplicável etiologicamente,"Tríplice bacteriana/DTP é aplicável a nenhuma etiologia alvo direta, não a Meningite por Hib/Hemófilo.",1,0
DIAMANTINO,Meningite por Hib/Hemófilo,Outras vacinas,VacinaOutras_bin_v17,Não aplicável etiologicamente,"Outras vacinas é aplicável a nenhuma etiologia alvo direta, não a Meningite por Hib/Hemófilo.",1,0
DIAMANTINO,Meningite tuberculosa,Meningocócica polissacarídica A/C,VacinaContraPolissacaridicaAC_bin_v17,Não aplicável etiologicamente,"Meningocócica polissacarídica A/C é aplicável a Doença meningocócica, não a Meningite tuberculosa.",2,0
DIAMANTINO,Meningite tuberculosa,Meningocócica polissacarídica B/C,VacinaContraPolissacaridicaBC_bin_v17,Não aplicável etiologicamente,"Meningocócica polissacarídica B/C é aplicável a Doença meningocócica, não a Meningite tuberculosa.",2,0
DIAMANTINO,Meningite tuberculosa,Meningocócica C conjugada,VacinaConjugadaMeningoC_bin_v17,Não aplicável etiologicamente,"Meningocócica C conjugada é aplicável a Doença meningocócica, não a Meningite tuberculosa.",2,0
DIAMANTINO,Meningite tuberculosa,Hib/Hemófilos,VacinaContraHemofilos_bin_v17,Não aplicável etiologicamente,"Hib/Hemófilos é aplicável a Meningite por Hib/Hemófilo, não a Meningite tuberculosa.",2,0
DIAMANTINO,Meningite tuberculosa,Pneumocócica,VacinaContraPneumococo_bin_v17,Não aplicável etiologicamente,"Pneumocócica é aplicável a Meningite pneumocócica, não a Meningite tuberculosa.",2,0
DIAMANTINO,Meningite tuberculosa,Tríplice bacteriana/DTP,VacinaContraTriplice_bin_v17,Não aplicável etiologicamente,"Tríplice bacteriana/DTP é aplicável a nenhuma etiologia alvo direta, não a Meningite tuberculosa.",2,0
DIAMANTINO,Meningite tuberculosa,Outras vacinas,VacinaOutras_bin_v17,Não aplicável etiologicamente,"Outras vacinas é aplicável a nenhuma etiologia alvo direta, não a Meningite tuberculosa.",2,0
DIAMANTINO,Meningite viral/asséptica,Meningocócica polissacarídica A/C,VacinaContraPolissacaridicaAC_bin_v17,Não aplicável etiologicamente,Não há vacina correspondente para esta classificação; viral/asséptica não entra em EV vacinal.,9,6
DIAMANTINO,Meningite viral/asséptica,Meningocócica polissacarídica B/C,VacinaContraPolissacaridicaBC_bin_v17,Não aplicável etiologicamente,Não há vacina correspondente para esta classificação; viral/asséptica não entra em EV vacinal.,9,6
DIAMANTINO,Meningite viral/asséptica,Meningocócica C conjugada,VacinaConjugadaMeningoC_bin_v17,Não aplicável etiologicamente,Não há vacina correspondente para esta classificação; viral/asséptica não entra em EV vacinal.,9,6
DIAMANTINO,Meningite viral/asséptica,BCG,VacinaContraBCG_bin_v17,Não aplicável etiologicamente,Não há vacina correspondente para esta classificação; viral/asséptica não entra em EV vacinal.,9,6
DIAMANTINO,Meningite viral/asséptica,Hib/Hemófilos,VacinaContraHemofilos_bin_v17,Não aplicável etiologicamente,Não há vacina correspondente para esta classificação; viral/asséptica não entra em EV vacinal.,9,6
DIAMANTINO,Meningite viral/asséptica,Pneumocócica,VacinaContraPneumococo_bin_v17,Não aplicável etiologicamente,Não há vacina correspondente para esta classificação; viral/asséptica não entra em EV vacinal.,9,6
DIAMANTINO,Meningite viral/asséptica,Tríplice bacteriana/DTP,VacinaContraTriplice_bin_v17,Não aplicável etiologicamente,Não há vacina correspondente para esta classificação; viral/asséptica não entra em EV vacinal.,9,5
DIAMANTINO,Meningite viral/asséptica,Outras vacinas,VacinaOutras_bin_v17,Não aplicável etiologicamente,Não há vacina correspondente para esta classificação; viral/asséptica não entra em EV vacinal.,9,5
DIAMANTINO,Outras etiologias,Meningocócica polissacarídica A/C,VacinaContraPolissacaridicaAC_bin_v17,Não aplicável etiologicamente,"Meningocócica polissacarídica A/C é aplicável a Doença meningocócica, não a Outras etiologias.",52,16
DIAMANTINO,Outras etiologias,Meningocócica polissacarídica B/C,VacinaContraPolissacaridicaBC_bin_v17,Não aplicável etiologicamente,"Meningocócica polissacarídica B/C é aplicável a Doença meningocócica, não a Outras etiologias.",52,17
DIAMANTINO,Outras etiologias,Meningocócica C conjugada,VacinaConjugadaMeningoC_bin_v17,Não aplicável etiologicamente,"Meningocócica C conjugada é aplicável a Doença meningocócica, não a Outras etiologias.",52,20
DIAMANTINO,Outras etiologias,BCG,VacinaContraBCG_bin_v17,Não aplicável etiologicamente,"BCG é aplicável a Meningite tuberculosa, não a Outras etiologias.",52,20
DIAMANTINO,Outras etiologias,Hib/Hemófilos,VacinaContraHemofilos_bin_v17,Não aplicável etiologicamente,"Hib/Hemófilos é aplicável a Meningite por Hib/Hemófilo, não a Outras etiologias.",52,19
DIAMANTINO,Outras etiologias,Pneumocócica,VacinaContraPneumococo_bin_v17,Não aplicável etiologicamente,"Pneumocócica é aplicável a Meningite pneumocócica, não a Outras etiologias.",52,19
DIAMANTINO,Outras etiologias,Tríplice bacteriana/DTP,VacinaContraTriplice_bin_v17,Não aplicável etiologicamente,"Tríplice bacteriana/DTP é aplicável a nenhuma etiologia alvo direta, não a Outras etiologias.",52,19
DIAMANTINO,Outras etiologias,Outras vacinas,VacinaOutras_bin_v17,Não aplicável etiologicamente,"Outras vacinas é aplicável a nenhuma etiologia alvo direta, não a Outras etiologias.",52,15
JUARA,Doença meningocócica,BCG,VacinaContraBCG_bin_v17,Não aplicável etiologicamente,"BCG é aplicável a Meningite tuberculosa, não a Doença meningocócica.",3,3
JUARA,Doença meningocócica,Hib/Hemófilos,VacinaContraHemofilos_bin_v17,Não aplicável etiologicamente,"Hib/Hemófilos é aplicável a Meningite por Hib/Hemófilo, não a Doença meningocócica.",3,3
JUARA,Doença meningocócica,Pneumocócica,VacinaContraPneumococo_bin_v17,Não aplicável etiologicamente,"Pneumocócica é aplicável a Meningite pneumocócica, não a Doença meningocócica.",3,3
JUARA,Doença meningocócica,Tríplice bacteriana/DTP,VacinaContraTriplice_bin_v17,Não aplicável etiologicamente,"Tríplice bacteriana/DTP é aplicável a nenhuma etiologia alvo direta, não a Doença meningocócica.",3,3
JUARA,Doença meningocócica,Outras vacinas,VacinaOutras_bin_v17,Não aplicável etiologicamente,"Outras vacinas é aplicável a nenhuma etiologia alvo direta, não a Doença meningocócica.",3,3
JUARA,Meningite bacteriana/outras bactérias,Meningocócica polissacarídica A/C,VacinaContraPolissacaridicaAC_bin_v17,Não aplicável etiologicamente,"Meningocócica polissacarídica A/C é aplicável a Doença meningocócica, não a Meningite bacteriana/outras bactérias.",4,2
JUARA,Meningite bacteriana/outras bactérias,Meningocócica polissacarídica B/C,VacinaContraPolissacaridicaBC_bin_v17,Não aplicável etiologicamente,"Meningocócica polissacarídica B/C é aplicável a Doença meningocócica, não a Meningite bacteriana/outras bactérias.",4,2
JUARA,Meningite bacteriana/outras bactérias,Meningocócica C conjugada,VacinaConjugadaMeningoC_bin_v17,Não aplicável etiologicamente,"Meningocócica C conjugada é aplicável a Doença meningocócica, não a Meningite bacteriana/outras bactérias.",4,2
JUARA,Meningite bacteriana/outras bactérias,BCG,VacinaContraBCG_bin_v17,Não aplicável etiologicamente,"BCG é aplicável a Meningite tuberculosa, não a Meningite bacteriana/outras bactérias.",4,3
JUARA,Meningite bacteriana/outras bactérias,Hib/Hemófilos,VacinaContraHemofilos_bin_v17,Não aplicável etiologicamente,"Hib/Hemófilos é aplicável a Meningite por Hib/Hemófilo, não a Meningite bacteriana/outras bactérias.",4,2
JUARA,Meningite bacteriana/outras bactérias,Pneumocócica,VacinaContraPneumococo_bin_v17,Não aplicável etiologicamente,"Pneumocócica é aplicável a Meningite pneumocócica, não a Meningite bacteriana/outras bactérias.",4,1
JUARA,Meningite bacteriana/outras bactérias,Tríplice bacteriana/DTP,VacinaContraTriplice_bin_v17,Não aplicável etiologicamente,"Tríplice bacteriana/DTP é aplicável a nenhuma etiologia alvo direta, não a Meningite bacteriana/outras bactérias.",4,2
JUARA,Meningite bacteriana/outras bactérias,Outras vacinas,VacinaOutras_bin_v17,Não aplicável etiologicamente,"Outras vacinas é aplicável a nenhuma etiologia alvo direta, não a Meningite bacteriana/outras bactérias.",4,0
JUARA,Meningite fúngica,Meningocócica polissacarídica A/C,VacinaContraPolissacaridicaAC_bin_v17,Não aplicável etiologicamente,"Meningocócica polissacarídica A/C é aplicável a Doença meningocócica, não a Meningite fúngica.",2,2
JUARA,Meningite fúngica,Meningocócica polissacarídica B/C,VacinaContraPolissacaridicaBC_bin_v17,Não aplicável etiologicamente,"Meningocócica polissacarídica B/C é aplicável a Doença meningocócica, não a Meningite fúngica.",2,2
JUARA,Meningite fúngica,Meningocócica C conjugada,VacinaConjugadaMeningoC_bin_v17,Não aplicável etiologicamente,"Meningocócica C conjugada é aplicável a Doença meningocócica, não a Meningite fúngica.",2,2
JUARA,Meningite fúngica,BCG,VacinaContraBCG_bin_v17,Não aplicável etiologicamente,"BCG é aplicável a Meningite tuberculosa, não a Meningite fúngica.",2,2
JUARA,Meningite fúngica,Hib/Hemófilos,VacinaContraHemofilos_bin_v17,Não aplicável etiologicamente,"Hib/Hemófilos é aplicável a Meningite por Hib/Hemófilo, não a Meningite fúngica.",2,1
JUARA,Meningite fúngica,Pneumocócica,VacinaContraPneumococo_bin_v17,Não aplicável etiologicamente,"Pneumocócica é aplicável a Meningite pneumocócica, não a Meningite fúngica.",2,1
JUARA,Meningite fúngica,Tríplice bacteriana/DTP,VacinaContraTriplice_bin_v17,Não aplicável etiologicamente,"Tríplice bacteriana/DTP é aplicável a nenhuma etiologia alvo direta, não a Meningite fúngica.",2,1
JUARA,Meningite fúngica,Outras vacinas,VacinaOutras_bin_v17,Não aplicável etiologicamente,"Outras vacinas é aplicável a nenhuma etiologia alvo direta, não a Meningite fúngica.",2,1
JUARA,Meningite não especificada,Meningocócica polissacarídica A/C,VacinaContraPolissacaridicaAC_bin_v17,Não aplicável etiologicamente,"Meningocócica polissacarídica A/C é aplicável a Doença meningocócica, não a Meningite não especificada.",7,4
JUARA,Meningite não especificada,Meningocócica polissacarídica B/C,VacinaContraPolissacaridicaBC_bin_v17,Não aplicável etiologicamente,"Meningocócica polissacarídica B/C é aplicável a Doença meningocócica, não a Meningite não especificada.",7,4
JUARA,Meningite não especificada,Meningocócica C conjugada,VacinaConjugadaMeningoC_bin_v17,Não aplicável etiologicamente,"Meningocócica C conjugada é aplicável a Doença meningocócica, não a Meningite não especificada.",7,5
JUARA,Meningite não especificada,BCG,VacinaContraBCG_bin_v17,Não aplicável etiologicamente,"BCG é aplicável a Meningite tuberculosa, não a Meningite não especificada.",7,7
JUARA,Meningite não especificada,Hib/Hemófilos,VacinaContraHemofilos_bin_v17,Não aplicável etiologicamente,"Hib/Hemófilos é aplicável a Meningite por Hib/Hemófilo, não a Meningite não especificada.",7,5
JUARA,Meningite não especificada,Pneumocócica,VacinaContraPneumococo_bin_v17,Não aplicável etiologicamente,"Pneumocócica é aplicável a Meningite pneumocócica, não a Meningite não especificada.",7,5
JUARA,Meningite não especificada,Tríplice bacteriana/DTP,VacinaContraTriplice_bin_v17,Não aplicável etiologicamente,"Tríplice bacteriana/DTP é aplicável a nenhuma etiologia alvo direta, não a Meningite não especificada.",7,6
JUARA,Meningite não especificada,Outras vacinas,VacinaOutras_bin_v17,Não aplicável etiologicamente,"Outras vacinas é aplicável a nenhuma etiologia alvo direta, não a Meningite não especificada.",7,4
JUARA,Meningite pneumocócica,Meningocócica polissacarídica A/C,VacinaContraPolissacaridicaAC_bin_v17,Não aplicável etiologicamente,"Meningocócica polissacarídica A/C é aplicável a Doença meningocócica, não a Meningite pneumocócica.",4,4
JUARA,Meningite pneumocócica,Meningocócica polissacarídica B/C,VacinaContraPolissacaridicaBC_bin_v17,Não aplicável etiologicamente,"Meningocócica polissacarídica B/C é aplicável a Doença meningocócica, não a Meningite pneumocócica.",4,4
JUARA,Meningite pneumocócica,Meningocócica C conjugada,VacinaConjugadaMeningoC_bin_v17,Não aplicável etiologicamente,"Meningocócica C conjugada é aplicável a Doença meningocócica, não a Meningite pneumocócica.",4,4
JUARA,Meningite pneumocócica,BCG,VacinaContraBCG_bin_v17,Não aplicável etiologicamente,"BCG é aplicável a Meningite tuberculosa, não a Meningite pneumocócica.",4,3
JUARA,Meningite pneumocócica,Hib/Hemófilos,VacinaContraHemofilos_bin_v17,Não aplicável etiologicamente,"Hib/Hemófilos é aplicável a Meningite por Hib/Hemófilo, não a Meningite pneumocócica.",4,3
JUARA,Meningite pneumocócica,Tríplice bacteriana/DTP,VacinaContraTriplice_bin_v17,Não aplicável etiologicamente,"Tríplice bacteriana/DTP é aplicável a nenhuma etiologia alvo direta, não a Meningite pneumocócica.",4,2
JUARA,Meningite pneumocócica,Outras vacinas,VacinaOutras_bin_v17,Não aplicável etiologicamente,"Outras vacinas é aplicável a nenhuma etiologia alvo direta, não a Meningite pneumocócica.",4,1
JUARA,Meningite tuberculosa,Meningocócica polissacarídica A/C,VacinaContraPolissacaridicaAC_bin_v17,Não aplicável etiologicamente,"Meningocócica polissacarídica A/C é aplicável a Doença meningocócica, não a Meningite tuberculosa.",1,1
JUARA,Meningite tuberculosa,Meningocócica polissacarídica B/C,VacinaContraPolissacaridicaBC_bin_v17,Não aplicável etiologicamente,"Meningocócica polissacarídica B/C é aplicável a Doença meningocócica, não a Meningite tuberculosa.",1,1
JUARA,Meningite tuberculosa,Meningocócica C conjugada,VacinaConjugadaMeningoC_bin_v17,Não aplicável etiologicamente,"Meningocócica C conjugada é aplicável a Doença meningocócica, não a Meningite tuberculosa.",1,1
JUARA,Meningite tuberculosa,Hib/Hemófilos,VacinaContraHemofilos_bin_v17,Não aplicável etiologicamente,"Hib/Hemófilos é aplicável a Meningite por Hib/Hemófilo, não a Meningite tuberculosa.",1,1
JUARA,Meningite tuberculosa,Pneumocócica,VacinaContraPneumococo_bin_v17,Não aplicável etiologicamente,"Pneumocócica é aplicável a Meningite pneumocócica, não a Meningite tuberculosa.",1,1
JUARA,Meningite tuberculosa,Tríplice bacteriana/DTP,VacinaContraTriplice_bin_v17,Não aplicável etiologicamente,"Tríplice bacteriana/DTP é aplicável a nenhuma etiologia alvo direta, não a Meningite tuberculosa.",1,1
JUARA,Meningite tuberculosa,Outras vacinas,VacinaOutras_bin_v17,Não aplicável etiologicamente,"Outras vacinas é aplicável a nenhuma etiologia alvo direta, não a Meningite tuberculosa.",1,1
JUARA,Meningite viral/asséptica,Meningocócica polissacarídica A/C,VacinaContraPolissacaridicaAC_bin_v17,Não aplicável etiologicamente,Não há vacina correspondente para esta classificação; viral/asséptica não entra em EV vacinal.,3,1
JUARA,Meningite viral/asséptica,Meningocócica polissacarídica B/C,VacinaContraPolissacaridicaBC_bin_v17,Não aplicável etiologicamente,Não há vacina correspondente para esta classificação; viral/asséptica não entra em EV vacinal.,3,1
JUARA,Meningite viral/asséptica,Meningocócica C conjugada,VacinaConjugadaMeningoC_bin_v17,Não aplicável etiologicamente,Não há vacina correspondente para esta classificação; viral/asséptica não entra em EV vacinal.,3,2
JUARA,Meningite viral/asséptica,BCG,VacinaContraBCG_bin_v17,Não aplicável etiologicamente,Não há vacina correspondente para esta classificação; viral/asséptica não entra em EV vacinal.,3,2
JUARA,Meningite viral/asséptica,Hib/Hemófilos,VacinaContraHemofilos_bin_v17,Não aplicável etiologicamente,Não há vacina correspondente para esta classificação; viral/asséptica não entra em EV vacinal.,3,2
JUARA,Meningite viral/asséptica,Pneumocócica,VacinaContraPneumococo_bin_v17,Não aplicável etiologicamente,Não há vacina correspondente para esta classificação; viral/asséptica não entra em EV vacinal.,3,2
JUARA,Meningite viral/asséptica,Tríplice bacteriana/DTP,VacinaContraTriplice_bin_v17,Não aplicável etiologicamente,Não há vacina correspondente para esta classificação; viral/asséptica não entra em EV vacinal.,3,2
JUARA,Meningite viral/asséptica,Outras vacinas,VacinaOutras_bin_v17,Não aplicável etiologicamente,Não há vacina correspondente para esta classificação; viral/asséptica não entra em EV vacinal.,3,1
JUARA,Outras etiologias,Meningocócica polissacarídica A/C,VacinaContraPolissacaridicaAC_bin_v17,Não aplicável etiologicamente,"Meningocócica polissacarídica A/C é aplicável a Doença meningocócica, não a Outras etiologias.",45,19
JUARA,Outras etiologias,Meningocócica polissacarídica B/C,VacinaContraPolissacaridicaBC_bin_v17,Não aplicável etiologicamente,"Meningocócica polissacarídica B/C é aplicável a Doença meningocócica, não a Outras etiologias.",45,19
JUARA,Outras etiologias,Meningocócica C conjugada,VacinaConjugadaMeningoC_bin_v17,Não aplicável etiologicamente,"Meningocócica C conjugada é aplicável a Doença meningocócica, não a Outras etiologias.",45,20
JUARA,Outras etiologias,BCG,VacinaContraBCG_bin_v17,Não aplicável etiologicamente,"BCG é aplicável a Meningite tuberculosa, não a Outras etiologias.",45,23
JUARA,Outras etiologias,Hib/Hemófilos,VacinaContraHemofilos_bin_v17,Não aplicável etiologicamente,"Hib/Hemófilos é aplicável a Meningite por Hib/Hemófilo, não a Outras etiologias.",45,19
JUARA,Outras etiologias,Pneumocócica,VacinaContraPneumococo_bin_v17,Não aplicável etiologicamente,"Pneumocócica é aplicável a Meningite pneumocócica, não a Outras etiologias.",45,20
JUARA,Outras etiologias,Tríplice bacteriana/DTP,VacinaContraTriplice_bin_v17,Não aplicável etiologicamente,"Tríplice bacteriana/DTP é aplicável a nenhuma etiologia alvo direta, não a Outras etiologias.",45,20
JUARA,Outras etiologias,Outras vacinas,VacinaOutras_bin_v17,Não aplicável etiologicamente,"Outras vacinas é aplicável a nenhuma etiologia alvo direta, não a Outras etiologias.",45,18
JUINA,Doença meningocócica,BCG,VacinaContraBCG_bin_v17,Não aplicável etiologicamente,"BCG é aplicável a Meningite tuberculosa, não a Doença meningocócica.",6,5
JUINA,Doença meningocócica,Hib/Hemófilos,VacinaContraHemofilos_bin_v17,Não aplicável etiologicamente,"Hib/Hemófilos é aplicável a Meningite por Hib/Hemófilo, não a Doença meningocócica.",6,3
JUINA,Doença meningocócica,Pneumocócica,VacinaContraPneumococo_bin_v17,Não aplicável etiologicamente,"Pneumocócica é aplicável a Meningite pneumocócica, não a Doença meningocócica.",6,3
JUINA,Doença meningocócica,Tríplice bacteriana/DTP,VacinaContraTriplice_bin_v17,Não aplicável etiologicamente,"Tríplice bacteriana/DTP é aplicável a nenhuma etiologia alvo direta, não a Doença meningocócica.",6,5
JUINA,Doença meningocócica,Outras vacinas,VacinaOutras_bin_v17,Não aplicável etiologicamente,"Outras vacinas é aplicável a nenhuma etiologia alvo direta, não a Doença meningocócica.",6,3
JUINA,Meningite bacteriana/outras bactérias,Meningocócica polissacarídica A/C,VacinaContraPolissacaridicaAC_bin_v17,Não aplicável etiologicamente,"Meningocócica polissacarídica A/C é aplicável a Doença meningocócica, não a Meningite bacteriana/outras bactérias.",4,2
JUINA,Meningite bacteriana/outras bactérias,Meningocócica polissacarídica B/C,VacinaContraPolissacaridicaBC_bin_v17,Não aplicável etiologicamente,"Meningocócica polissacarídica B/C é aplicável a Doença meningocócica, não a Meningite bacteriana/outras bactérias.",4,2
JUINA,Meningite bacteriana/outras bactérias,Meningocócica C conjugada,VacinaConjugadaMeningoC_bin_v17,Não aplicável etiologicamente,"Meningocócica C conjugada é aplicável a Doença meningocócica, não a Meningite bacteriana/outras bactérias.",4,2
JUINA,Meningite bacteriana/outras bactérias,BCG,VacinaContraBCG_bin_v17,Não aplicável etiologicamente,"BCG é aplicável a Meningite tuberculosa, não a Meningite bacteriana/outras bactérias.",4,2
JUINA,Meningite bacteriana/outras bactérias,Hib/Hemófilos,VacinaContraHemofilos_bin_v17,Não aplicável etiologicamente,"Hib/Hemófilos é aplicável a Meningite por Hib/Hemófilo, não a Meningite bacteriana/outras bactérias.",4,2
JUINA,Meningite bacteriana/outras bactérias,Pneumocócica,VacinaContraPneumococo_bin_v17,Não aplicável etiologicamente,"Pneumocócica é aplicável a Meningite pneumocócica, não a Meningite bacteriana/outras bactérias.",4,2
JUINA,Meningite bacteriana/outras bactérias,Tríplice bacteriana/DTP,VacinaContraTriplice_bin_v17,Não aplicável etiologicamente,"Tríplice bacteriana/DTP é aplicável a nenhuma etiologia alvo direta, não a Meningite bacteriana/outras bactérias.",4,2
JUINA,Meningite bacteriana/outras bactérias,Outras vacinas,VacinaOutras_bin_v17,Não aplicável etiologicamente,"Outras vacinas é aplicável a nenhuma etiologia alvo direta, não a Meningite bacteriana/outras bactérias.",4,2
JUINA,Meningite fúngica,Meningocócica polissacarídica A/C,VacinaContraPolissacaridicaAC_bin_v17,Não aplicável etiologicamente,"Meningocócica polissacarídica A/C é aplicável a Doença meningocócica, não a Meningite fúngica.",3,1
JUINA,Meningite fúngica,Meningocócica polissacarídica B/C,VacinaContraPolissacaridicaBC_bin_v17,Não aplicável etiologicamente,"Meningocócica polissacarídica B/C é aplicável a Doença meningocócica, não a Meningite fúngica.",3,1
JUINA,Meningite fúngica,Meningocócica C conjugada,VacinaConjugadaMeningoC_bin_v17,Não aplicável etiologicamente,"Meningocócica C conjugada é aplicável a Doença meningocócica, não a Meningite fúngica.",3,1
JUINA,Meningite fúngica,BCG,VacinaContraBCG_bin_v17,Não aplicável etiologicamente,"BCG é aplicável a Meningite tuberculosa, não a Meningite fúngica.",3,1
JUINA,Meningite fúngica,Hib/Hemófilos,VacinaContraHemofilos_bin_v17,Não aplicável etiologicamente,"Hib/Hemófilos é aplicável a Meningite por Hib/Hemófilo, não a Meningite fúngica.",3,0
JUINA,Meningite fúngica,Pneumocócica,VacinaContraPneumococo_bin_v17,Não aplicável etiologicamente,"Pneumocócica é aplicável a Meningite pneumocócica, não a Meningite fúngica.",3,0
JUINA,Meningite fúngica,Tríplice bacteriana/DTP,VacinaContraTriplice_bin_v17,Não aplicável etiologicamente,"Tríplice bacteriana/DTP é aplicável a nenhuma etiologia alvo direta, não a Meningite fúngica.",3,0
JUINA,Meningite fúngica,Outras vacinas,VacinaOutras_bin_v17,Não aplicável etiologicamente,"Outras vacinas é aplicável a nenhuma etiologia alvo direta, não a Meningite fúngica.",3,0
JUINA,Meningite não especificada,Meningocócica polissacarídica A/C,VacinaContraPolissacaridicaAC_bin_v17,Não aplicável etiologicamente,"Meningocócica polissacarídica A/C é aplicável a Doença meningocócica, não a Meningite não especificada.",15,9
JUINA,Meningite não especificada,Meningocócica polissacarídica B/C,VacinaContraPolissacaridicaBC_bin_v17,Não aplicável etiologicamente,"Meningocócica polissacarídica B/C é aplicável a Doença meningocócica, não a Meningite não especificada.",15,9
JUINA,Meningite não especificada,Meningocócica C conjugada,VacinaConjugadaMeningoC_bin_v17,Não aplicável etiologicamente,"Meningocócica C conjugada é aplicável a Doença meningocócica, não a Meningite não especificada.",15,10
JUINA,Meningite não especificada,BCG,VacinaContraBCG_bin_v17,Não aplicável etiologicamente,"BCG é aplicável a Meningite tuberculosa, não a Meningite não especificada.",15,12
JUINA,Meningite não especificada,Hib/Hemófilos,VacinaContraHemofilos_bin_v17,Não aplicável etiologicamente,"Hib/Hemófilos é aplicável a Meningite por Hib/Hemófilo, não a Meningite não especificada.",15,10
JUINA,Meningite não especificada,Pneumocócica,VacinaContraPneumococo_bin_v17,Não aplicável etiologicamente,"Pneumocócica é aplicável a Meningite pneumocócica, não a Meningite não especificada.",15,9
JUINA,Meningite não especificada,Tríplice bacteriana/DTP,VacinaContraTriplice_bin_v17,Não aplicável etiologicamente,"Tríplice bacteriana/DTP é aplicável a nenhuma etiologia alvo direta, não a Meningite não especificada.",15,10
JUINA,Meningite não especificada,Outras vacinas,VacinaOutras_bin_v17,Não aplicável etiologicamente,"Outras vacinas é aplicável a nenhuma etiologia alvo direta, não a Meningite não especificada.",15,6
JUINA,Meningite pneumocócica,Meningocócica polissacarídica A/C,VacinaContraPolissacaridicaAC_bin_v17,Não aplicável etiologicamente,"Meningocócica polissacarídica A/C é aplicável a Doença meningocócica, não a Meningite pneumocócica.",7,3
JUINA,Meningite pneumocócica,Meningocócica polissacarídica B/C,VacinaContraPolissacaridicaBC_bin_v17,Não aplicável etiologicamente,"Meningocócica polissacarídica B/C é aplicável a Doença meningocócica, não a Meningite pneumocócica.",7,3
JUINA,Meningite pneumocócica,Meningocócica C conjugada,VacinaConjugadaMeningoC_bin_v17,Não aplicável etiologicamente,"Meningocócica C conjugada é aplicável a Doença meningocócica, não a Meningite pneumocócica.",7,4
JUINA,Meningite pneumocócica,BCG,VacinaContraBCG_bin_v17,Não aplicável etiologicamente,"BCG é aplicável a Meningite tuberculosa, não a Meningite pneumocócica.",7,5
JUINA,Meningite pneumocócica,Hib/Hemófilos,VacinaContraHemofilos_bin_v17,Não aplicável etiologicamente,"Hib/Hemófilos é aplicável a Meningite por Hib/Hemófilo, não a Meningite pneumocócica.",7,4
JUINA,Meningite pneumocócica,Tríplice bacteriana/DTP,VacinaContraTriplice_bin_v17,Não aplicável etiologicamente,"Tríplice bacteriana/DTP é aplicável a nenhuma etiologia alvo direta, não a Meningite pneumocócica.",7,4
JUINA,Meningite pneumocócica,Outras vacinas,VacinaOutras_bin_v17,Não aplicável etiologicamente,"Outras vacinas é aplicável a nenhuma etiologia alvo direta, não a Meningite pneumocócica.",7,3
JUINA,Meningite tuberculosa,Meningocócica polissacarídica A/C,VacinaContraPolissacaridicaAC_bin_v17,Não aplicável etiologicamente,"Meningocócica polissacarídica A/C é aplicável a Doença meningocócica, não a Meningite tuberculosa.",1,0
JUINA,Meningite tuberculosa,Meningocócica polissacarídica B/C,VacinaContraPolissacaridicaBC_bin_v17,Não aplicável etiologicamente,"Meningocócica polissacarídica B/C é aplicável a Doença meningocócica, não a Meningite tuberculosa.",1,0
JUINA,Meningite tuberculosa,Meningocócica C conjugada,VacinaConjugadaMeningoC_bin_v17,Não aplicável etiologicamente,"Meningocócica C conjugada é aplicável a Doença meningocócica, não a Meningite tuberculosa.",1,0
JUINA,Meningite tuberculosa,Hib/Hemófilos,VacinaContraHemofilos_bin_v17,Não aplicável etiologicamente,"Hib/Hemófilos é aplicável a Meningite por Hib/Hemófilo, não a Meningite tuberculosa.",1,0
JUINA,Meningite tuberculosa,Pneumocócica,VacinaContraPneumococo_bin_v17,Não aplicável etiologicamente,"Pneumocócica é aplicável a Meningite pneumocócica, não a Meningite tuberculosa.",1,0
JUINA,Meningite tuberculosa,Tríplice bacteriana/DTP,VacinaContraTriplice_bin_v17,Não aplicável etiologicamente,"Tríplice bacteriana/DTP é aplicável a nenhuma etiologia alvo direta, não a Meningite tuberculosa.",1,0
JUINA,Meningite tuberculosa,Outras vacinas,VacinaOutras_bin_v17,Não aplicável etiologicamente,"Outras vacinas é aplicável a nenhuma etiologia alvo direta, não a Meningite tuberculosa.",1,0
JUINA,Meningite viral/asséptica,Meningocócica polissacarídica A/C,VacinaContraPolissacaridicaAC_bin_v17,Não aplicável etiologicamente,Não há vacina correspondente para esta classificação; viral/asséptica não entra em EV vacinal.,5,2
JUINA,Meningite viral/asséptica,Meningocócica polissacarídica B/C,VacinaContraPolissacaridicaBC_bin_v17,Não aplicável etiologicamente,Não há vacina correspondente para esta classificação; viral/asséptica não entra em EV vacinal.,5,3
JUINA,Meningite viral/asséptica,Meningocócica C conjugada,VacinaConjugadaMeningoC_bin_v17,Não aplicável etiologicamente,Não há vacina correspondente para esta classificação; viral/asséptica não entra em EV vacinal.,5,4
JUINA,Meningite viral/asséptica,BCG,VacinaContraBCG_bin_v17,Não aplicável etiologicamente,Não há vacina correspondente para esta classificação; viral/asséptica não entra em EV vacinal.,5,4
JUINA,Meningite viral/asséptica,Hib/Hemófilos,VacinaContraHemofilos_bin_v17,Não aplicável etiologicamente,Não há vacina correspondente para esta classificação; viral/asséptica não entra em EV vacinal.,5,4
JUINA,Meningite viral/asséptica,Pneumocócica,VacinaContraPneumococo_bin_v17,Não aplicável etiologicamente,Não há vacina correspondente para esta classificação; viral/asséptica não entra em EV vacinal.,5,4
JUINA,Meningite viral/asséptica,Tríplice bacteriana/DTP,VacinaContraTriplice_bin_v17,Não aplicável etiologicamente,Não há vacina correspondente para esta classificação; viral/asséptica não entra em EV vacinal.,5,3
JUINA,Meningite viral/asséptica,Outras vacinas,VacinaOutras_bin_v17,Não aplicável etiologicamente,Não há vacina correspondente para esta classificação; viral/asséptica não entra em EV vacinal.,5,3
JUINA,Outras etiologias,Meningocócica polissacarídica A/C,VacinaContraPolissacaridicaAC_bin_v17,Não aplicável etiologicamente,"Meningocócica polissacarídica A/C é aplicável a Doença meningocócica, não a Outras etiologias.",54,21
JUINA,Outras etiologias,Meningocócica polissacarídica B/C,VacinaContraPolissacaridicaBC_bin_v17,Não aplicável etiologicamente,"Meningocócica polissacarídica B/C é aplicável a Doença meningocócica, não a Outras etiologias.",54,21
JUINA,Outras etiologias,Meningocócica C conjugada,VacinaConjugadaMeningoC_bin_v17,Não aplicável etiologicamente,"Meningocócica C conjugada é aplicável a Doença meningocócica, não a Outras etiologias.",54,22
JUINA,Outras etiologias,BCG,VacinaContraBCG_bin_v17,Não aplicável etiologicamente,"BCG é aplicável a Meningite tuberculosa, não a Outras etiologias.",54,26
JUINA,Outras etiologias,Hib/Hemófilos,VacinaContraHemofilos_bin_v17,Não aplicável etiologicamente,"Hib/Hemófilos é aplicável a Meningite por Hib/Hemófilo, não a Outras etiologias.",54,18
JUINA,Outras etiologias,Pneumocócica,VacinaContraPneumococo_bin_v17,Não aplicável etiologicamente,"Pneumocócica é aplicável a Meningite pneumocócica, não a Outras etiologias.",54,16
JUINA,Outras etiologias,Tríplice bacteriana/DTP,VacinaContraTriplice_bin_v17,Não aplicável etiologicamente,"Tríplice bacteriana/DTP é aplicável a nenhuma etiologia alvo direta, não a Outras etiologias.",54,18
JUINA,Outras etiologias,Outras vacinas,VacinaOutras_bin_v17,Não aplicável etiologicamente,"Outras vacinas é aplicável a nenhuma etiologia alvo direta, não a Outras etiologias.",54,13
PEIXOTO DE AZEVEDO,Doença meningocócica,BCG,VacinaContraBCG_bin_v17,Não aplicável etiologicamente,"BCG é aplicável a Meningite tuberculosa, não a Doença meningocócica.",4,2
PEIXOTO DE AZEVEDO,Doença meningocócica,Hib/Hemófilos,VacinaContraHemofilos_bin_v17,Não aplicável etiologicamente,"Hib/Hemófilos é aplicável a Meningite por Hib/Hemófilo, não a Doença meningocócica.",4,2
PEIXOTO DE AZEVEDO,Doença meningocócica,Pneumocócica,VacinaContraPneumococo_bin_v17,Não aplicável etiologicamente,"Pneumocócica é aplicável a Meningite pneumocócica, não a Doença meningocócica.",4,2
PEIXOTO DE AZEVEDO,Doença meningocócica,Tríplice bacteriana/DTP,VacinaContraTriplice_bin_v17,Não aplicável etiologicamente,"Tríplice bacteriana/DTP é aplicável a nenhuma etiologia alvo direta, não a Doença meningocócica.",4,2
PEIXOTO DE AZEVEDO,Doença meningocócica,Outras vacinas,VacinaOutras_bin_v17,Não aplicável etiologicamente,"Outras vacinas é aplicável a nenhuma etiologia alvo direta, não a Doença meningocócica.",4,1
PEIXOTO DE AZEVEDO,Meningite bacteriana/outras bactérias,Meningocócica polissacarídica A/C,VacinaContraPolissacaridicaAC_bin_v17,Não aplicável etiologicamente,"Meningocócica polissacarídica A/C é aplicável a Doença meningocócica, não a Meningite bacteriana/outras bactérias.",9,3
PEIXOTO DE AZEVEDO,Meningite bacteriana/outras bactérias,Meningocócica polissacarídica B/C,VacinaContraPolissacaridicaBC_bin_v17,Não aplicável etiologicamente,"Meningocócica polissacarídica B/C é aplicável a Doença meningocócica, não a Meningite bacteriana/outras bactérias.",9,3
PEIXOTO DE AZEVEDO,Meningite bacteriana/outras bactérias,Meningocócica C conjugada,VacinaConjugadaMeningoC_bin_v17,Não aplicável etiologicamente,"Meningocócica C conjugada é aplicável a Doença meningocócica, não a Meningite bacteriana/outras bactérias.",9,4
PEIXOTO DE AZEVEDO,Meningite bacteriana/outras bactérias,BCG,VacinaContraBCG_bin_v17,Não aplicável etiologicamente,"BCG é aplicável a Meningite tuberculosa, não a Meningite bacteriana/outras bactérias.",9,4
PEIXOTO DE AZEVEDO,Meningite bacteriana/outras bactérias,Hib/Hemófilos,VacinaContraHemofilos_bin_v17,Não aplicável etiologicamente,"Hib/Hemófilos é aplicável a Meningite por Hib/Hemófilo, não a Meningite bacteriana/outras bactérias.",9,3
PEIXOTO DE AZEVEDO,Meningite bacteriana/outras bactérias,Pneumocócica,VacinaContraPneumococo_bin_v17,Não aplicável etiologicamente,"Pneumocócica é aplicável a Meningite pneumocócica, não a Meningite bacteriana/outras bactérias.",9,3
PEIXOTO DE AZEVEDO,Meningite bacteriana/outras bactérias,Tríplice bacteriana/DTP,VacinaContraTriplice_bin_v17,Não aplicável etiologicamente,"Tríplice bacteriana/DTP é aplicável a nenhuma etiologia alvo direta, não a Meningite bacteriana/outras bactérias.",9,2
PEIXOTO DE AZEVEDO,Meningite bacteriana/outras bactérias,Outras vacinas,VacinaOutras_bin_v17,Não aplicável etiologicamente,"Outras vacinas é aplicável a nenhuma etiologia alvo direta, não a Meningite bacteriana/outras bactérias.",9,2
PEIXOTO DE AZEVEDO,Meningite fúngica,Meningocócica polissacarídica A/C,VacinaContraPolissacaridicaAC_bin_v17,Não aplicável etiologicamente,"Meningocócica polissacarídica A/C é aplicável a Doença meningocócica, não a Meningite fúngica.",6,3
PEIXOTO DE AZEVEDO,Meningite fúngica,Meningocócica polissacarídica B/C,VacinaContraPolissacaridicaBC_bin_v17,Não aplicável etiologicamente,"Meningocócica polissacarídica B/C é aplicável a Doença meningocócica, não a Meningite fúngica.",6,3
PEIXOTO DE AZEVEDO,Meningite fúngica,Meningocócica C conjugada,VacinaConjugadaMeningoC_bin_v17,Não aplicável etiologicamente,"Meningocócica C conjugada é aplicável a Doença meningocócica, não a Meningite fúngica.",6,3
PEIXOTO DE AZEVEDO,Meningite fúngica,BCG,VacinaContraBCG_bin_v17,Não aplicável etiologicamente,"BCG é aplicável a Meningite tuberculosa, não a Meningite fúngica.",6,3
PEIXOTO DE AZEVEDO,Meningite fúngica,Hib/Hemófilos,VacinaContraHemofilos_bin_v17,Não aplicável etiologicamente,"Hib/Hemófilos é aplicável a Meningite por Hib/Hemófilo, não a Meningite fúngica.",6,2
PEIXOTO DE AZEVEDO,Meningite fúngica,Pneumocócica,VacinaContraPneumococo_bin_v17,Não aplicável etiologicamente,"Pneumocócica é aplicável a Meningite pneumocócica, não a Meningite fúngica.",6,2
PEIXOTO DE AZEVEDO,Meningite fúngica,Tríplice bacteriana/DTP,VacinaContraTriplice_bin_v17,Não aplicável etiologicamente,"Tríplice bacteriana/DTP é aplicável a nenhuma etiologia alvo direta, não a Meningite fúngica.",6,2
PEIXOTO DE AZEVEDO,Meningite fúngica,Outras vacinas,VacinaOutras_bin_v17,Não aplicável etiologicamente,"Outras vacinas é aplicável a nenhuma etiologia alvo direta, não a Meningite fúngica.",6,2
PEIXOTO DE AZEVEDO,Meningite não especificada,Meningocócica polissacarídica A/C,VacinaContraPolissacaridicaAC_bin_v17,Não aplicável etiologicamente,"Meningocócica polissacarídica A/C é aplicável a Doença meningocócica, não a Meningite não especificada.",24,15
PEIXOTO DE AZEVEDO,Meningite não especificada,Meningocócica polissacarídica B/C,VacinaContraPolissacaridicaBC_bin_v17,Não aplicável etiologicamente,"Meningocócica polissacarídica B/C é aplicável a Doença meningocócica, não a Meningite não especificada.",24,15
PEIXOTO DE AZEVEDO,Meningite não especificada,Meningocócica C conjugada,VacinaConjugadaMeningoC_bin_v17,Não aplicável etiologicamente,"Meningocócica C conjugada é aplicável a Doença meningocócica, não a Meningite não especificada.",24,15
PEIXOTO DE AZEVEDO,Meningite não especificada,BCG,VacinaContraBCG_bin_v17,Não aplicável etiologicamente,"BCG é aplicável a Meningite tuberculosa, não a Meningite não especificada.",24,16
PEIXOTO DE AZEVEDO,Meningite não especificada,Hib/Hemófilos,VacinaContraHemofilos_bin_v17,Não aplicável etiologicamente,"Hib/Hemófilos é aplicável a Meningite por Hib/Hemófilo, não a Meningite não especificada.",24,15
PEIXOTO DE AZEVEDO,Meningite não especificada,Pneumocócica,VacinaContraPneumococo_bin_v17,Não aplicável etiologicamente,"Pneumocócica é aplicável a Meningite pneumocócica, não a Meningite não especificada.",24,14
PEIXOTO DE AZEVEDO,Meningite não especificada,Tríplice bacteriana/DTP,VacinaContraTriplice_bin_v17,Não aplicável etiologicamente,"Tríplice bacteriana/DTP é aplicável a nenhuma etiologia alvo direta, não a Meningite não especificada.",24,13
PEIXOTO DE AZEVEDO,Meningite não especificada,Outras vacinas,VacinaOutras_bin_v17,Não aplicável etiologicamente,"Outras vacinas é aplicável a nenhuma etiologia alvo direta, não a Meningite não especificada.",24,9
PEIXOTO DE AZEVEDO,Meningite pneumocócica,Meningocócica polissacarídica A/C,VacinaContraPolissacaridicaAC_bin_v17,Não aplicável etiologicamente,"Meningocócica polissacarídica A/C é aplicável a Doença meningocócica, não a Meningite pneumocócica.",5,4
PEIXOTO DE AZEVEDO,Meningite pneumocócica,Meningocócica polissacarídica B/C,VacinaContraPolissacaridicaBC_bin_v17,Não aplicável etiologicamente,"Meningocócica polissacarídica B/C é aplicável a Doença meningocócica, não a Meningite pneumocócica.",5,4
PEIXOTO DE AZEVEDO,Meningite pneumocócica,Meningocócica C conjugada,VacinaConjugadaMeningoC_bin_v17,Não aplicável etiologicamente,"Meningocócica C conjugada é aplicável a Doença meningocócica, não a Meningite pneumocócica.",5,4
PEIXOTO DE AZEVEDO,Meningite pneumocócica,BCG,VacinaContraBCG_bin_v17,Não aplicável etiologicamente,"BCG é aplicável a Meningite tuberculosa, não a Meningite pneumocócica.",5,4
PEIXOTO DE AZEVEDO,Meningite pneumocócica,Hib/Hemófilos,VacinaContraHemofilos_bin_v17,Não aplicável etiologicamente,"Hib/Hemófilos é aplicável a Meningite por Hib/Hemófilo, não a Meningite pneumocócica.",5,4
PEIXOTO DE AZEVEDO,Meningite pneumocócica,Tríplice bacteriana/DTP,VacinaContraTriplice_bin_v17,Não aplicável etiologicamente,"Tríplice bacteriana/DTP é aplicável a nenhuma etiologia alvo direta, não a Meningite pneumocócica.",5,4
PEIXOTO DE AZEVEDO,Meningite pneumocócica,Outras vacinas,VacinaOutras_bin_v17,Não aplicável etiologicamente,"Outras vacinas é aplicável a nenhuma etiologia alvo direta, não a Meningite pneumocócica.",5,3
PEIXOTO DE AZEVEDO,Meningite tuberculosa,Meningocócica polissacarídica A/C,VacinaContraPolissacaridicaAC_bin_v17,Não aplicável etiologicamente,"Meningocócica polissacarídica A/C é aplicável a Doença meningocócica, não a Meningite tuberculosa.",1,0
PEIXOTO DE AZEVEDO,Meningite tuberculosa,Meningocócica polissacarídica B/C,VacinaContraPolissacaridicaBC_bin_v17,Não aplicável etiologicamente,"Meningocócica polissacarídica B/C é aplicável a Doença meningocócica, não a Meningite tuberculosa.",1,0
PEIXOTO DE AZEVEDO,Meningite tuberculosa,Meningocócica C conjugada,VacinaConjugadaMeningoC_bin_v17,Não aplicável etiologicamente,"Meningocócica C conjugada é aplicável a Doença meningocócica, não a Meningite tuberculosa.",1,0
PEIXOTO DE AZEVEDO,Meningite tuberculosa,Hib/Hemófilos,VacinaContraHemofilos_bin_v17,Não aplicável etiologicamente,"Hib/Hemófilos é aplicável a Meningite por Hib/Hemófilo, não a Meningite tuberculosa.",1,0
PEIXOTO DE AZEVEDO,Meningite tuberculosa,Pneumocócica,VacinaContraPneumococo_bin_v17,Não aplicável etiologicamente,"Pneumocócica é aplicável a Meningite pneumocócica, não a Meningite tuberculosa.",1,0
PEIXOTO DE AZEVEDO,Meningite tuberculosa,Tríplice bacteriana/DTP,VacinaContraTriplice_bin_v17,Não aplicável etiologicamente,"Tríplice bacteriana/DTP é aplicável a nenhuma etiologia alvo direta, não a Meningite tuberculosa.",1,0
PEIXOTO DE AZEVEDO,Meningite tuberculosa,Outras vacinas,VacinaOutras_bin_v17,Não aplicável etiologicamente,"Outras vacinas é aplicável a nenhuma etiologia alvo direta, não a Meningite tuberculosa.",1,0
PEIXOTO DE AZEVEDO,Meningite viral/asséptica,Meningocócica polissacarídica A/C,VacinaContraPolissacaridicaAC_bin_v17,Não aplicável etiologicamente,Não há vacina correspondente para esta classificação; viral/asséptica não entra em EV vacinal.,5,3
PEIXOTO DE AZEVEDO,Meningite viral/asséptica,Meningocócica polissacarídica B/C,VacinaContraPolissacaridicaBC_bin_v17,Não aplicável etiologicamente,Não há vacina correspondente para esta classificação; viral/asséptica não entra em EV vacinal.,5,3
PEIXOTO DE AZEVEDO,Meningite viral/asséptica,Meningocócica C conjugada,VacinaConjugadaMeningoC_bin_v17,Não aplicável etiologicamente,Não há vacina correspondente para esta classificação; viral/asséptica não entra em EV vacinal.,5,3
PEIXOTO DE AZEVEDO,Meningite viral/asséptica,BCG,VacinaContraBCG_bin_v17,Não aplicável etiologicamente,Não há vacina correspondente para esta classificação; viral/asséptica não entra em EV vacinal.,5,3
PEIXOTO DE AZEVEDO,Meningite viral/asséptica,Hib/Hemófilos,VacinaContraHemofilos_bin_v17,Não aplicável etiologicamente,Não há vacina correspondente para esta classificação; viral/asséptica não entra em EV vacinal.,5,3
PEIXOTO DE AZEVEDO,Meningite viral/asséptica,Pneumocócica,VacinaContraPneumococo_bin_v17,Não aplicável etiologicamente,Não há vacina correspondente para esta classificação; viral/asséptica não entra em EV vacinal.,5,3
PEIXOTO DE AZEVEDO,Meningite viral/asséptica,Tríplice bacteriana/DTP,VacinaContraTriplice_bin_v17,Não aplicável etiologicamente,Não há vacina correspondente para esta classificação; viral/asséptica não entra em EV vacinal.,5,3
PEIXOTO DE AZEVEDO,Meningite viral/asséptica,Outras vacinas,VacinaOutras_bin_v17,Não aplicável etiologicamente,Não há vacina correspondente para esta classificação; viral/asséptica não entra em EV vacinal.,5,3
PEIXOTO DE AZEVEDO,Outras etiologias,Meningocócica polissacarídica A/C,VacinaContraPolissacaridicaAC_bin_v17,Não aplicável etiologicamente,"Meningocócica polissacarídica A/C é aplicável a Doença meningocócica, não a Outras etiologias.",88,40
PEIXOTO DE AZEVEDO,Outras etiologias,Meningocócica polissacarídica B/C,VacinaContraPolissacaridicaBC_bin_v17,Não aplicável etiologicamente,"Meningocócica polissacarídica B/C é aplicável a Doença meningocócica, não a Outras etiologias.",88,40
PEIXOTO DE AZEVEDO,Outras etiologias,Meningocócica C conjugada,VacinaConjugadaMeningoC_bin_v17,Não aplicável etiologicamente,"Meningocócica C conjugada é aplicável a Doença meningocócica, não a Outras etiologias.",88,43
PEIXOTO DE AZEVEDO,Outras etiologias,BCG,VacinaContraBCG_bin_v17,Não aplicável etiologicamente,"BCG é aplicável a Meningite tuberculosa, não a Outras etiologias.",88,46
PEIXOTO DE AZEVEDO,Outras etiologias,Hib/Hemófilos,VacinaContraHemofilos_bin_v17,Não aplicável etiologicamente,"Hib/Hemófilos é aplicável a Meningite por Hib/Hemófilo, não a Outras etiologias.",88,40
PEIXOTO DE AZEVEDO,Outras etiologias,Pneumocócica,VacinaContraPneumococo_bin_v17,Não aplicável etiologicamente,"Pneumocócica é aplicável a Meningite pneumocócica, não a Outras etiologias.",88,40
PEIXOTO DE AZEVEDO,Outras etiologias,Tríplice bacteriana/DTP,VacinaContraTriplice_bin_v17,Não aplicável etiologicamente,"Tríplice bacteriana/DTP é aplicável a nenhuma etiologia alvo direta, não a Outras etiologias.",88,41
PEIXOTO DE AZEVEDO,Outras etiologias,Outras vacinas,VacinaOutras_bin_v17,Não aplicável etiologicamente,"Outras vacinas é aplicável a nenhuma etiologia alvo direta, não a Outras etiologias.",88,31
PONTES E LACERDA,Doença meningocócica,BCG,VacinaContraBCG_bin_v17,Não aplicável etiologicamente,"BCG é aplicável a Meningite tuberculosa, não a Doença meningocócica.",3,1
PONTES E LACERDA,Doença meningocócica,Hib/Hemófilos,VacinaContraHemofilos_bin_v17,Não aplicável etiologicamente,"Hib/Hemófilos é aplicável a Meningite por Hib/Hemófilo, não a Doença meningocócica.",3,1
PONTES E LACERDA,Doença meningocócica,Pneumocócica,VacinaContraPneumococo_bin_v17,Não aplicável etiologicamente,"Pneumocócica é aplicável a Meningite pneumocócica, não a Doença meningocócica.",3,1
PONTES E LACERDA,Doença meningocócica,Tríplice bacteriana/DTP,VacinaContraTriplice_bin_v17,Não aplicável etiologicamente,"Tríplice bacteriana/DTP é aplicável a nenhuma etiologia alvo direta, não a Doença meningocócica.",3,1
PONTES E LACERDA,Doença meningocócica,Outras vacinas,VacinaOutras_bin_v17,Não aplicável etiologicamente,"Outras vacinas é aplicável a nenhuma etiologia alvo direta, não a Doença meningocócica.",3,1
PONTES E LACERDA,Meningite bacteriana/outras bactérias,Meningocócica polissacarídica A/C,VacinaContraPolissacaridicaAC_bin_v17,Não aplicável etiologicamente,"Meningocócica polissacarídica A/C é aplicável a Doença meningocócica, não a Meningite bacteriana/outras bactérias.",27,14
PONTES E LACERDA,Meningite bacteriana/outras bactérias,Meningocócica polissacarídica B/C,VacinaContraPolissacaridicaBC_bin_v17,Não aplicável etiologicamente,"Meningocócica polissacarídica B/C é aplicável a Doença meningocócica, não a Meningite bacteriana/outras bactérias.",27,14
PONTES E LACERDA,Meningite bacteriana/outras bactérias,Meningocócica C conjugada,VacinaConjugadaMeningoC_bin_v17,Não aplicável etiologicamente,"Meningocócica C conjugada é aplicável a Doença meningocócica, não a Meningite bacteriana/outras bactérias.",27,15
PONTES E LACERDA,Meningite bacteriana/outras bactérias,BCG,VacinaContraBCG_bin_v17,Não aplicável etiologicamente,"BCG é aplicável a Meningite tuberculosa, não a Meningite bacteriana/outras bactérias.",27,14
PONTES E LACERDA,Meningite bacteriana/outras bactérias,Hib/Hemófilos,VacinaContraHemofilos_bin_v17,Não aplicável etiologicamente,"Hib/Hemófilos é aplicável a Meningite por Hib/Hemófilo, não a Meningite bacteriana/outras bactérias.",27,14
PONTES E LACERDA,Meningite bacteriana/outras bactérias,Pneumocócica,VacinaContraPneumococo_bin_v17,Não aplicável etiologicamente,"Pneumocócica é aplicável a Meningite pneumocócica, não a Meningite bacteriana/outras bactérias.",27,14
PONTES E LACERDA,Meningite bacteriana/outras bactérias,Tríplice bacteriana/DTP,VacinaContraTriplice_bin_v17,Não aplicável etiologicamente,"Tríplice bacteriana/DTP é aplicável a nenhuma etiologia alvo direta, não a Meningite bacteriana/outras bactérias.",27,13
PONTES E LACERDA,Meningite bacteriana/outras bactérias,Outras vacinas,VacinaOutras_bin_v17,Não aplicável etiologicamente,"Outras vacinas é aplicável a nenhuma etiologia alvo direta, não a Meningite bacteriana/outras bactérias.",27,12
PONTES E LACERDA,Meningite não especificada,Meningocócica polissacarídica A/C,VacinaContraPolissacaridicaAC_bin_v17,Não aplicável etiologicamente,"Meningocócica polissacarídica A/C é aplicável a Doença meningocócica, não a Meningite não especificada.",39,26
PONTES E LACERDA,Meningite não especificada,Meningocócica polissacarídica B/C,VacinaContraPolissacaridicaBC_bin_v17,Não aplicável etiologicamente,"Meningocócica polissacarídica B/C é aplicável a Doença meningocócica, não a Meningite não especificada.",39,26
PONTES E LACERDA,Meningite não especificada,Meningocócica C conjugada,VacinaConjugadaMeningoC_bin_v17,Não aplicável etiologicamente,"Meningocócica C conjugada é aplicável a Doença meningocócica, não a Meningite não especificada.",39,27
PONTES E LACERDA,Meningite não especificada,BCG,VacinaContraBCG_bin_v17,Não aplicável etiologicamente,"BCG é aplicável a Meningite tuberculosa, não a Meningite não especificada.",39,29
PONTES E LACERDA,Meningite não especificada,Hib/Hemófilos,VacinaContraHemofilos_bin_v17,Não aplicável etiologicamente,"Hib/Hemófilos é aplicável a Meningite por Hib/Hemófilo, não a Meningite não especificada.",39,25
PONTES E LACERDA,Meningite não especificada,Pneumocócica,VacinaContraPneumococo_bin_v17,Não aplicável etiologicamente,"Pneumocócica é aplicável a Meningite pneumocócica, não a Meningite não especificada.",39,24
PONTES E LACERDA,Meningite não especificada,Tríplice bacteriana/DTP,VacinaContraTriplice_bin_v17,Não aplicável etiologicamente,"Tríplice bacteriana/DTP é aplicável a nenhuma etiologia alvo direta, não a Meningite não especificada.",39,24
PONTES E LACERDA,Meningite não especificada,Outras vacinas,VacinaOutras_bin_v17,Não aplicável etiologicamente,"Outras vacinas é aplicável a nenhuma etiologia alvo direta, não a Meningite não especificada.",39,23
PONTES E LACERDA,Meningite pneumocócica,Meningocócica polissacarídica A/C,VacinaContraPolissacaridicaAC_bin_v17,Não aplicável etiologicamente,"Meningocócica polissacarídica A/C é aplicável a Doença meningocócica, não a Meningite pneumocócica.",1,1
PONTES E LACERDA,Meningite pneumocócica,Meningocócica polissacarídica B/C,VacinaContraPolissacaridicaBC_bin_v17,Não aplicável etiologicamente,"Meningocócica polissacarídica B/C é aplicável a Doença meningocócica, não a Meningite pneumocócica.",1,1
PONTES E LACERDA,Meningite pneumocócica,Meningocócica C conjugada,VacinaConjugadaMeningoC_bin_v17,Não aplicável etiologicamente,"Meningocócica C conjugada é aplicável a Doença meningocócica, não a Meningite pneumocócica.",1,1
PONTES E LACERDA,Meningite pneumocócica,BCG,VacinaContraBCG_bin_v17,Não aplicável etiologicamente,"BCG é aplicável a Meningite tuberculosa, não a Meningite pneumocócica.",1,1
PONTES E LACERDA,Meningite pneumocócica,Hib/Hemófilos,VacinaContraHemofilos_bin_v17,Não aplicável etiologicamente,"Hib/Hemófilos é aplicável a Meningite por Hib/Hemófilo, não a Meningite pneumocócica.",1,0
PONTES E LACERDA,Meningite pneumocócica,Tríplice bacteriana/DTP,VacinaContraTriplice_bin_v17,Não aplicável etiologicamente,"Tríplice bacteriana/DTP é aplicável a nenhuma etiologia alvo direta, não a Meningite pneumocócica.",1,1
PONTES E LACERDA,Meningite pneumocócica,Outras vacinas,VacinaOutras_bin_v17,Não aplicável etiologicamente,"Outras vacinas é aplicável a nenhuma etiologia alvo direta, não a Meningite pneumocócica.",1,0
PONTES E LACERDA,Meningite tuberculosa,Meningocócica polissacarídica A/C,VacinaContraPolissacaridicaAC_bin_v17,Não aplicável etiologicamente,"Meningocócica polissacarídica A/C é aplicável a Doença meningocócica, não a Meningite tuberculosa.",2,0
PONTES E LACERDA,Meningite tuberculosa,Meningocócica polissacarídica B/C,VacinaContraPolissacaridicaBC_bin_v17,Não aplicável etiologicamente,"Meningocócica polissacarídica B/C é aplicável a Doença meningocócica, não a Meningite tuberculosa.",2,0
PONTES E LACERDA,Meningite tuberculosa,Meningocócica C conjugada,VacinaConjugadaMeningoC_bin_v17,Não aplicável etiologicamente,"Meningocócica C conjugada é aplicável a Doença meningocócica, não a Meningite tuberculosa.",2,0
PONTES E LACERDA,Meningite tuberculosa,Hib/Hemófilos,VacinaContraHemofilos_bin_v17,Não aplicável etiologicamente,"Hib/Hemófilos é aplicável a Meningite por Hib/Hemófilo, não a Meningite tuberculosa.",2,0
PONTES E LACERDA,Meningite tuberculosa,Pneumocócica,VacinaContraPneumococo_bin_v17,Não aplicável etiologicamente,"Pneumocócica é aplicável a Meningite pneumocócica, não a Meningite tuberculosa.",2,0
PONTES E LACERDA,Meningite tuberculosa,Tríplice bacteriana/DTP,VacinaContraTriplice_bin_v17,Não aplicável etiologicamente,"Tríplice bacteriana/DTP é aplicável a nenhuma etiologia alvo direta, não a Meningite tuberculosa.",2,0
PONTES E LACERDA,Meningite tuberculosa,Outras vacinas,VacinaOutras_bin_v17,Não aplicável etiologicamente,"Outras vacinas é aplicável a nenhuma etiologia alvo direta, não a Meningite tuberculosa.",2,0
PONTES E LACERDA,Meningite viral/asséptica,Meningocócica polissacarídica A/C,VacinaContraPolissacaridicaAC_bin_v17,Não aplicável etiologicamente,Não há vacina correspondente para esta classificação; viral/asséptica não entra em EV vacinal.,35,14
PONTES E LACERDA,Meningite viral/asséptica,Meningocócica polissacarídica B/C,VacinaContraPolissacaridicaBC_bin_v17,Não aplicável etiologicamente,Não há vacina correspondente para esta classificação; viral/asséptica não entra em EV vacinal.,35,14
PONTES E LACERDA,Meningite viral/asséptica,Meningocócica C conjugada,VacinaConjugadaMeningoC_bin_v17,Não aplicável etiologicamente,Não há vacina correspondente para esta classificação; viral/asséptica não entra em EV vacinal.,35,14
PONTES E LACERDA,Meningite viral/asséptica,BCG,VacinaContraBCG_bin_v17,Não aplicável etiologicamente,Não há vacina correspondente para esta classificação; viral/asséptica não entra em EV vacinal.,35,17
PONTES E LACERDA,Meningite viral/asséptica,Hib/Hemófilos,VacinaContraHemofilos_bin_v17,Não aplicável etiologicamente,Não há vacina correspondente para esta classificação; viral/asséptica não entra em EV vacinal.,35,11
PONTES E LACERDA,Meningite viral/asséptica,Pneumocócica,VacinaContraPneumococo_bin_v17,Não aplicável etiologicamente,Não há vacina correspondente para esta classificação; viral/asséptica não entra em EV vacinal.,35,12
PONTES E LACERDA,Meningite viral/asséptica,Tríplice bacteriana/DTP,VacinaContraTriplice_bin_v17,Não aplicável etiologicamente,Não há vacina correspondente para esta classificação; viral/asséptica não entra em EV vacinal.,35,10
PONTES E LACERDA,Meningite viral/asséptica,Outras vacinas,VacinaOutras_bin_v17,Não aplicável etiologicamente,Não há vacina correspondente para esta classificação; viral/asséptica não entra em EV vacinal.,35,11
PONTES E LACERDA,Outras etiologias,Meningocócica polissacarídica A/C,VacinaContraPolissacaridicaAC_bin_v17,Não aplicável etiologicamente,"Meningocócica polissacarídica A/C é aplicável a Doença meningocócica, não a Outras etiologias.",55,14
PONTES E LACERDA,Outras etiologias,Meningocócica polissacarídica B/C,VacinaContraPolissacaridicaBC_bin_v17,Não aplicável etiologicamente,"Meningocócica polissacarídica B/C é aplicável a Doença meningocócica, não a Outras etiologias.",55,14
PONTES E LACERDA,Outras etiologias,Meningocócica C conjugada,VacinaConjugadaMeningoC_bin_v17,Não aplicável etiologicamente,"Meningocócica C conjugada é aplicável a Doença meningocócica, não a Outras etiologias.",55,20
PONTES E LACERDA,Outras etiologias,BCG,VacinaContraBCG_bin_v17,Não aplicável etiologicamente,"BCG é aplicável a Meningite tuberculosa, não a Outras etiologias.",55,17
PONTES E LACERDA,Outras etiologias,Hib/Hemófilos,VacinaContraHemofilos_bin_v17,Não aplicável etiologicamente,"Hib/Hemófilos é aplicável a Meningite por Hib/Hemófilo, não a Outras etiologias.",55,15
PONTES E LACERDA,Outras etiologias,Pneumocócica,VacinaContraPneumococo_bin_v17,Não aplicável etiologicamente,"Pneumocócica é aplicável a Meningite pneumocócica, não a Outras etiologias.",55,14
PONTES E LACERDA,Outras etiologias,Tríplice bacteriana/DTP,VacinaContraTriplice_bin_v17,Não aplicável etiologicamente,"Tríplice bacteriana/DTP é aplicável a nenhuma etiologia alvo direta, não a Outras etiologias.",55,13
PONTES E LACERDA,Outras etiologias,Outras vacinas,VacinaOutras_bin_v17,Não aplicável etiologicamente,"Outras vacinas é aplicável a nenhuma etiologia alvo direta, não a Outras etiologias.",55,11
PORTO ALEGRE DO NORTE,Doença meningocócica,BCG,VacinaContraBCG_bin_v17,Não aplicável etiologicamente,"BCG é aplicável a Meningite tuberculosa, não a Doença meningocócica.",2,1
PORTO ALEGRE DO NORTE,Doença meningocócica,Hib/Hemófilos,VacinaContraHemofilos_bin_v17,Não aplicável etiologicamente,"Hib/Hemófilos é aplicável a Meningite por Hib/Hemófilo, não a Doença meningocócica.",2,1
PORTO ALEGRE DO NORTE,Doença meningocócica,Pneumocócica,VacinaContraPneumococo_bin_v17,Não aplicável etiologicamente,"Pneumocócica é aplicável a Meningite pneumocócica, não a Doença meningocócica.",2,1
PORTO ALEGRE DO NORTE,Doença meningocócica,Tríplice bacteriana/DTP,VacinaContraTriplice_bin_v17,Não aplicável etiologicamente,"Tríplice bacteriana/DTP é aplicável a nenhuma etiologia alvo direta, não a Doença meningocócica.",2,1
PORTO ALEGRE DO NORTE,Doença meningocócica,Outras vacinas,VacinaOutras_bin_v17,Não aplicável etiologicamente,"Outras vacinas é aplicável a nenhuma etiologia alvo direta, não a Doença meningocócica.",2,1
PORTO ALEGRE DO NORTE,Meningite bacteriana/outras bactérias,Meningocócica polissacarídica A/C,VacinaContraPolissacaridicaAC_bin_v17,Não aplicável etiologicamente,"Meningocócica polissacarídica A/C é aplicável a Doença meningocócica, não a Meningite bacteriana/outras bactérias.",1,0
PORTO ALEGRE DO NORTE,Meningite bacteriana/outras bactérias,Meningocócica polissacarídica B/C,VacinaContraPolissacaridicaBC_bin_v17,Não aplicável etiologicamente,"Meningocócica polissacarídica B/C é aplicável a Doença meningocócica, não a Meningite bacteriana/outras bactérias.",1,0
PORTO ALEGRE DO NORTE,Meningite bacteriana/outras bactérias,Meningocócica C conjugada,VacinaConjugadaMeningoC_bin_v17,Não aplicável etiologicamente,"Meningocócica C conjugada é aplicável a Doença meningocócica, não a Meningite bacteriana/outras bactérias.",1,0
PORTO ALEGRE DO NORTE,Meningite bacteriana/outras bactérias,BCG,VacinaContraBCG_bin_v17,Não aplicável etiologicamente,"BCG é aplicável a Meningite tuberculosa, não a Meningite bacteriana/outras bactérias.",1,0
PORTO ALEGRE DO NORTE,Meningite bacteriana/outras bactérias,Hib/Hemófilos,VacinaContraHemofilos_bin_v17,Não aplicável etiologicamente,"Hib/Hemófilos é aplicável a Meningite por Hib/Hemófilo, não a Meningite bacteriana/outras bactérias.",1,0
PORTO ALEGRE DO NORTE,Meningite bacteriana/outras bactérias,Pneumocócica,VacinaContraPneumococo_bin_v17,Não aplicável etiologicamente,"Pneumocócica é aplicável a Meningite pneumocócica, não a Meningite bacteriana/outras bactérias.",1,0
PORTO ALEGRE DO NORTE,Meningite bacteriana/outras bactérias,Tríplice bacteriana/DTP,VacinaContraTriplice_bin_v17,Não aplicável etiologicamente,"Tríplice bacteriana/DTP é aplicável a nenhuma etiologia alvo direta, não a Meningite bacteriana/outras bactérias.",1,0
PORTO ALEGRE DO NORTE,Meningite bacteriana/outras bactérias,Outras vacinas,VacinaOutras_bin_v17,Não aplicável etiologicamente,"Outras vacinas é aplicável a nenhuma etiologia alvo direta, não a Meningite bacteriana/outras bactérias.",1,0
PORTO ALEGRE DO NORTE,Meningite fúngica,Meningocócica polissacarídica A/C,VacinaContraPolissacaridicaAC_bin_v17,Não aplicável etiologicamente,"Meningocócica polissacarídica A/C é aplicável a Doença meningocócica, não a Meningite fúngica.",1,0
PORTO ALEGRE DO NORTE,Meningite fúngica,Meningocócica polissacarídica B/C,VacinaContraPolissacaridicaBC_bin_v17,Não aplicável etiologicamente,"Meningocócica polissacarídica B/C é aplicável a Doença meningocócica, não a Meningite fúngica.",1,0
PORTO ALEGRE DO NORTE,Meningite fúngica,Meningocócica C conjugada,VacinaConjugadaMeningoC_bin_v17,Não aplicável etiologicamente,"Meningocócica C conjugada é aplicável a Doença meningocócica, não a Meningite fúngica.",1,0
PORTO ALEGRE DO NORTE,Meningite fúngica,BCG,VacinaContraBCG_bin_v17,Não aplicável etiologicamente,"BCG é aplicável a Meningite tuberculosa, não a Meningite fúngica.",1,0
PORTO ALEGRE DO NORTE,Meningite fúngica,Hib/Hemófilos,VacinaContraHemofilos_bin_v17,Não aplicável etiologicamente,"Hib/Hemófilos é aplicável a Meningite por Hib/Hemófilo, não a Meningite fúngica.",1,0
PORTO ALEGRE DO NORTE,Meningite fúngica,Pneumocócica,VacinaContraPneumococo_bin_v17,Não aplicável etiologicamente,"Pneumocócica é aplicável a Meningite pneumocócica, não a Meningite fúngica.",1,0
PORTO ALEGRE DO NORTE,Meningite fúngica,Tríplice bacteriana/DTP,VacinaContraTriplice_bin_v17,Não aplicável etiologicamente,"Tríplice bacteriana/DTP é aplicável a nenhuma etiologia alvo direta, não a Meningite fúngica.",1,0
PORTO ALEGRE DO NORTE,Meningite fúngica,Outras vacinas,VacinaOutras_bin_v17,Não aplicável etiologicamente,"Outras vacinas é aplicável a nenhuma etiologia alvo direta, não a Meningite fúngica.",1,0
PORTO ALEGRE DO NORTE,Meningite não especificada,Meningocócica polissacarídica A/C,VacinaContraPolissacaridicaAC_bin_v17,Não aplicável etiologicamente,"Meningocócica polissacarídica A/C é aplicável a Doença meningocócica, não a Meningite não especificada.",10,5
PORTO ALEGRE DO NORTE,Meningite não especificada,Meningocócica polissacarídica B/C,VacinaContraPolissacaridicaBC_bin_v17,Não aplicável etiologicamente,"Meningocócica polissacarídica B/C é aplicável a Doença meningocócica, não a Meningite não especificada.",10,5
PORTO ALEGRE DO NORTE,Meningite não especificada,Meningocócica C conjugada,VacinaConjugadaMeningoC_bin_v17,Não aplicável etiologicamente,"Meningocócica C conjugada é aplicável a Doença meningocócica, não a Meningite não especificada.",10,5
PORTO ALEGRE DO NORTE,Meningite não especificada,BCG,VacinaContraBCG_bin_v17,Não aplicável etiologicamente,"BCG é aplicável a Meningite tuberculosa, não a Meningite não especificada.",10,6
PORTO ALEGRE DO NORTE,Meningite não especificada,Hib/Hemófilos,VacinaContraHemofilos_bin_v17,Não aplicável etiologicamente,"Hib/Hemófilos é aplicável a Meningite por Hib/Hemófilo, não a Meningite não especificada.",10,4
PORTO ALEGRE DO NORTE,Meningite não especificada,Pneumocócica,VacinaContraPneumococo_bin_v17,Não aplicável etiologicamente,"Pneumocócica é aplicável a Meningite pneumocócica, não a Meningite não especificada.",10,4
PORTO ALEGRE DO NORTE,Meningite não especificada,Tríplice bacteriana/DTP,VacinaContraTriplice_bin_v17,Não aplicável etiologicamente,"Tríplice bacteriana/DTP é aplicável a nenhuma etiologia alvo direta, não a Meningite não especificada.",10,4
PORTO ALEGRE DO NORTE,Meningite não especificada,Outras vacinas,VacinaOutras_bin_v17,Não aplicável etiologicamente,"Outras vacinas é aplicável a nenhuma etiologia alvo direta, não a Meningite não especificada.",10,4
PORTO ALEGRE DO NORTE,Meningite pneumocócica,Meningocócica polissacarídica A/C,VacinaContraPolissacaridicaAC_bin_v17,Não aplicável etiologicamente,"Meningocócica polissacarídica A/C é aplicável a Doença meningocócica, não a Meningite pneumocócica.",2,0
PORTO ALEGRE DO NORTE,Meningite pneumocócica,Meningocócica polissacarídica B/C,VacinaContraPolissacaridicaBC_bin_v17,Não aplicável etiologicamente,"Meningocócica polissacarídica B/C é aplicável a Doença meningocócica, não a Meningite pneumocócica.",2,0
PORTO ALEGRE DO NORTE,Meningite pneumocócica,Meningocócica C conjugada,VacinaConjugadaMeningoC_bin_v17,Não aplicável etiologicamente,"Meningocócica C conjugada é aplicável a Doença meningocócica, não a Meningite pneumocócica.",2,0
PORTO ALEGRE DO NORTE,Meningite pneumocócica,BCG,VacinaContraBCG_bin_v17,Não aplicável etiologicamente,"BCG é aplicável a Meningite tuberculosa, não a Meningite pneumocócica.",2,0
PORTO ALEGRE DO NORTE,Meningite pneumocócica,Hib/Hemófilos,VacinaContraHemofilos_bin_v17,Não aplicável etiologicamente,"Hib/Hemófilos é aplicável a Meningite por Hib/Hemófilo, não a Meningite pneumocócica.",2,0
PORTO ALEGRE DO NORTE,Meningite pneumocócica,Tríplice bacteriana/DTP,VacinaContraTriplice_bin_v17,Não aplicável etiologicamente,"Tríplice bacteriana/DTP é aplicável a nenhuma etiologia alvo direta, não a Meningite pneumocócica.",2,0
PORTO ALEGRE DO NORTE,Meningite pneumocócica,Outras vacinas,VacinaOutras_bin_v17,Não aplicável etiologicamente,"Outras vacinas é aplicável a nenhuma etiologia alvo direta, não a Meningite pneumocócica.",2,0
PORTO ALEGRE DO NORTE,Meningite tuberculosa,Meningocócica polissacarídica A/C,VacinaContraPolissacaridicaAC_bin_v17,Não aplicável etiologicamente,"Meningocócica polissacarídica A/C é aplicável a Doença meningocócica, não a Meningite tuberculosa.",1,0
PORTO ALEGRE DO NORTE,Meningite tuberculosa,Meningocócica polissacarídica B/C,VacinaContraPolissacaridicaBC_bin_v17,Não aplicável etiologicamente,"Meningocócica polissacarídica B/C é aplicável a Doença meningocócica, não a Meningite tuberculosa.",1,0
PORTO ALEGRE DO NORTE,Meningite tuberculosa,Meningocócica C conjugada,VacinaConjugadaMeningoC_bin_v17,Não aplicável etiologicamente,"Meningocócica C conjugada é aplicável a Doença meningocócica, não a Meningite tuberculosa.",1,0
PORTO ALEGRE DO NORTE,Meningite tuberculosa,Hib/Hemófilos,VacinaContraHemofilos_bin_v17,Não aplicável etiologicamente,"Hib/Hemófilos é aplicável a Meningite por Hib/Hemófilo, não a Meningite tuberculosa.",1,0
PORTO ALEGRE DO NORTE,Meningite tuberculosa,Pneumocócica,VacinaContraPneumococo_bin_v17,Não aplicável etiologicamente,"Pneumocócica é aplicável a Meningite pneumocócica, não a Meningite tuberculosa.",1,0
PORTO ALEGRE DO NORTE,Meningite tuberculosa,Tríplice bacteriana/DTP,VacinaContraTriplice_bin_v17,Não aplicável etiologicamente,"Tríplice bacteriana/DTP é aplicável a nenhuma etiologia alvo direta, não a Meningite tuberculosa.",1,0
PORTO ALEGRE DO NORTE,Meningite tuberculosa,Outras vacinas,VacinaOutras_bin_v17,Não aplicável etiologicamente,"Outras vacinas é aplicável a nenhuma etiologia alvo direta, não a Meningite tuberculosa.",1,0
PORTO ALEGRE DO NORTE,Outras etiologias,Meningocócica polissacarídica A/C,VacinaContraPolissacaridicaAC_bin_v17,Não aplicável etiologicamente,"Meningocócica polissacarídica A/C é aplicável a Doença meningocócica, não a Outras etiologias.",45,8
PORTO ALEGRE DO NORTE,Outras etiologias,Meningocócica polissacarídica B/C,VacinaContraPolissacaridicaBC_bin_v17,Não aplicável etiologicamente,"Meningocócica polissacarídica B/C é aplicável a Doença meningocócica, não a Outras etiologias.",45,8
PORTO ALEGRE DO NORTE,Outras etiologias,Meningocócica C conjugada,VacinaConjugadaMeningoC_bin_v17,Não aplicável etiologicamente,"Meningocócica C conjugada é aplicável a Doença meningocócica, não a Outras etiologias.",45,10
PORTO ALEGRE DO NORTE,Outras etiologias,BCG,VacinaContraBCG_bin_v17,Não aplicável etiologicamente,"BCG é aplicável a Meningite tuberculosa, não a Outras etiologias.",45,13
PORTO ALEGRE DO NORTE,Outras etiologias,Hib/Hemófilos,VacinaContraHemofilos_bin_v17,Não aplicável etiologicamente,"Hib/Hemófilos é aplicável a Meningite por Hib/Hemófilo, não a Outras etiologias.",45,11
PORTO ALEGRE DO NORTE,Outras etiologias,Pneumocócica,VacinaContraPneumococo_bin_v17,Não aplicável etiologicamente,"Pneumocócica é aplicável a Meningite pneumocócica, não a Outras etiologias.",45,10
PORTO ALEGRE DO NORTE,Outras etiologias,Tríplice bacteriana/DTP,VacinaContraTriplice_bin_v17,Não aplicável etiologicamente,"Tríplice bacteriana/DTP é aplicável a nenhuma etiologia alvo direta, não a Outras etiologias.",45,10
PORTO ALEGRE DO NORTE,Outras etiologias,Outras vacinas,VacinaOutras_bin_v17,Não aplicável etiologicamente,"Outras vacinas é aplicável a nenhuma etiologia alvo direta, não a Outras etiologias.",45,4
RONDONOPOLIS,Doença meningocócica,BCG,VacinaContraBCG_bin_v17,Não aplicável etiologicamente,"BCG é aplicável a Meningite tuberculosa, não a Doença meningocócica.",48,17
RONDONOPOLIS,Doença meningocócica,Hib/Hemófilos,VacinaContraHemofilos_bin_v17,Não aplicável etiologicamente,"Hib/Hemófilos é aplicável a Meningite por Hib/Hemófilo, não a Doença meningocócica.",48,13
RONDONOPOLIS,Doença meningocócica,Pneumocócica,VacinaContraPneumococo_bin_v17,Não aplicável etiologicamente,"Pneumocócica é aplicável a Meningite pneumocócica, não a Doença meningocócica.",48,12
RONDONOPOLIS,Doença meningocócica,Tríplice bacteriana/DTP,VacinaContraTriplice_bin_v17,Não aplicável etiologicamente,"Tríplice bacteriana/DTP é aplicável a nenhuma etiologia alvo direta, não a Doença meningocócica.",48,12
RONDONOPOLIS,Doença meningocócica,Outras vacinas,VacinaOutras_bin_v17,Não aplicável etiologicamente,"Outras vacinas é aplicável a nenhuma etiologia alvo direta, não a Doença meningocócica.",48,10
RONDONOPOLIS,Meningite bacteriana/outras bactérias,Meningocócica polissacarídica A/C,VacinaContraPolissacaridicaAC_bin_v17,Não aplicável etiologicamente,"Meningocócica polissacarídica A/C é aplicável a Doença meningocócica, não a Meningite bacteriana/outras bactérias.",75,14
RONDONOPOLIS,Meningite bacteriana/outras bactérias,Meningocócica polissacarídica B/C,VacinaContraPolissacaridicaBC_bin_v17,Não aplicável etiologicamente,"Meningocócica polissacarídica B/C é aplicável a Doença meningocócica, não a Meningite bacteriana/outras bactérias.",75,14
RONDONOPOLIS,Meningite bacteriana/outras bactérias,Meningocócica C conjugada,VacinaConjugadaMeningoC_bin_v17,Não aplicável etiologicamente,"Meningocócica C conjugada é aplicável a Doença meningocócica, não a Meningite bacteriana/outras bactérias.",75,15
RONDONOPOLIS,Meningite bacteriana/outras bactérias,BCG,VacinaContraBCG_bin_v17,Não aplicável etiologicamente,"BCG é aplicável a Meningite tuberculosa, não a Meningite bacteriana/outras bactérias.",75,15
RONDONOPOLIS,Meningite bacteriana/outras bactérias,Hib/Hemófilos,VacinaContraHemofilos_bin_v17,Não aplicável etiologicamente,"Hib/Hemófilos é aplicável a Meningite por Hib/Hemófilo, não a Meningite bacteriana/outras bactérias.",75,15
RONDONOPOLIS,Meningite bacteriana/outras bactérias,Pneumocócica,VacinaContraPneumococo_bin_v17,Não aplicável etiologicamente,"Pneumocócica é aplicável a Meningite pneumocócica, não a Meningite bacteriana/outras bactérias.",75,15
RONDONOPOLIS,Meningite bacteriana/outras bactérias,Tríplice bacteriana/DTP,VacinaContraTriplice_bin_v17,Não aplicável etiologicamente,"Tríplice bacteriana/DTP é aplicável a nenhuma etiologia alvo direta, não a Meningite bacteriana/outras bactérias.",75,15
RONDONOPOLIS,Meningite bacteriana/outras bactérias,Outras vacinas,VacinaOutras_bin_v17,Não aplicável etiologicamente,"Outras vacinas é aplicável a nenhuma etiologia alvo direta, não a Meningite bacteriana/outras bactérias.",75,10
RONDONOPOLIS,Meningite fúngica,Meningocócica polissacarídica A/C,VacinaContraPolissacaridicaAC_bin_v17,Não aplicável etiologicamente,"Meningocócica polissacarídica A/C é aplicável a Doença meningocócica, não a Meningite fúngica.",32,8
RONDONOPOLIS,Meningite fúngica,Meningocócica polissacarídica B/C,VacinaContraPolissacaridicaBC_bin_v17,Não aplicável etiologicamente,"Meningocócica polissacarídica B/C é aplicável a Doença meningocócica, não a Meningite fúngica.",32,8
RONDONOPOLIS,Meningite fúngica,Meningocócica C conjugada,VacinaConjugadaMeningoC_bin_v17,Não aplicável etiologicamente,"Meningocócica C conjugada é aplicável a Doença meningocócica, não a Meningite fúngica.",32,8
RONDONOPOLIS,Meningite fúngica,BCG,VacinaContraBCG_bin_v17,Não aplicável etiologicamente,"BCG é aplicável a Meningite tuberculosa, não a Meningite fúngica.",32,5
RONDONOPOLIS,Meningite fúngica,Hib/Hemófilos,VacinaContraHemofilos_bin_v17,Não aplicável etiologicamente,"Hib/Hemófilos é aplicável a Meningite por Hib/Hemófilo, não a Meningite fúngica.",32,8
RONDONOPOLIS,Meningite fúngica,Pneumocócica,VacinaContraPneumococo_bin_v17,Não aplicável etiologicamente,"Pneumocócica é aplicável a Meningite pneumocócica, não a Meningite fúngica.",32,8
RONDONOPOLIS,Meningite fúngica,Tríplice bacteriana/DTP,VacinaContraTriplice_bin_v17,Não aplicável etiologicamente,"Tríplice bacteriana/DTP é aplicável a nenhuma etiologia alvo direta, não a Meningite fúngica.",32,8
RONDONOPOLIS,Meningite fúngica,Outras vacinas,VacinaOutras_bin_v17,Não aplicável etiologicamente,"Outras vacinas é aplicável a nenhuma etiologia alvo direta, não a Meningite fúngica.",32,10
RONDONOPOLIS,Meningite não especificada,Meningocócica polissacarídica A/C,VacinaContraPolissacaridicaAC_bin_v17,Não aplicável etiologicamente,"Meningocócica polissacarídica A/C é aplicável a Doença meningocócica, não a Meningite não especificada.",170,44
RONDONOPOLIS,Meningite não especificada,Meningocócica polissacarídica B/C,VacinaContraPolissacaridicaBC_bin_v17,Não aplicável etiologicamente,"Meningocócica polissacarídica B/C é aplicável a Doença meningocócica, não a Meningite não especificada.",170,45
RONDONOPOLIS,Meningite não especificada,Meningocócica C conjugada,VacinaConjugadaMeningoC_bin_v17,Não aplicável etiologicamente,"Meningocócica C conjugada é aplicável a Doença meningocócica, não a Meningite não especificada.",170,48
RONDONOPOLIS,Meningite não especificada,BCG,VacinaContraBCG_bin_v17,Não aplicável etiologicamente,"BCG é aplicável a Meningite tuberculosa, não a Meningite não especificada.",170,61
RONDONOPOLIS,Meningite não especificada,Hib/Hemófilos,VacinaContraHemofilos_bin_v17,Não aplicável etiologicamente,"Hib/Hemófilos é aplicável a Meningite por Hib/Hemófilo, não a Meningite não especificada.",170,45
RONDONOPOLIS,Meningite não especificada,Pneumocócica,VacinaContraPneumococo_bin_v17,Não aplicável etiologicamente,"Pneumocócica é aplicável a Meningite pneumocócica, não a Meningite não especificada.",170,43
RONDONOPOLIS,Meningite não especificada,Tríplice bacteriana/DTP,VacinaContraTriplice_bin_v17,Não aplicável etiologicamente,"Tríplice bacteriana/DTP é aplicável a nenhuma etiologia alvo direta, não a Meningite não especificada.",170,49
RONDONOPOLIS,Meningite não especificada,Outras vacinas,VacinaOutras_bin_v17,Não aplicável etiologicamente,"Outras vacinas é aplicável a nenhuma etiologia alvo direta, não a Meningite não especificada.",170,36
RONDONOPOLIS,Meningite pneumocócica,Meningocócica polissacarídica A/C,VacinaContraPolissacaridicaAC_bin_v17,Não aplicável etiologicamente,"Meningocócica polissacarídica A/C é aplicável a Doença meningocócica, não a Meningite pneumocócica.",90,21
RONDONOPOLIS,Meningite pneumocócica,Meningocócica polissacarídica B/C,VacinaContraPolissacaridicaBC_bin_v17,Não aplicável etiologicamente,"Meningocócica polissacarídica B/C é aplicável a Doença meningocócica, não a Meningite pneumocócica.",90,20
RONDONOPOLIS,Meningite pneumocócica,Meningocócica C conjugada,VacinaConjugadaMeningoC_bin_v17,Não aplicável etiologicamente,"Meningocócica C conjugada é aplicável a Doença meningocócica, não a Meningite pneumocócica.",90,24
RONDONOPOLIS,Meningite pneumocócica,BCG,VacinaContraBCG_bin_v17,Não aplicável etiologicamente,"BCG é aplicável a Meningite tuberculosa, não a Meningite pneumocócica.",90,25
RONDONOPOLIS,Meningite pneumocócica,Hib/Hemófilos,VacinaContraHemofilos_bin_v17,Não aplicável etiologicamente,"Hib/Hemófilos é aplicável a Meningite por Hib/Hemófilo, não a Meningite pneumocócica.",90,21
RONDONOPOLIS,Meningite pneumocócica,Tríplice bacteriana/DTP,VacinaContraTriplice_bin_v17,Não aplicável etiologicamente,"Tríplice bacteriana/DTP é aplicável a nenhuma etiologia alvo direta, não a Meningite pneumocócica.",90,20
RONDONOPOLIS,Meningite pneumocócica,Outras vacinas,VacinaOutras_bin_v17,Não aplicável etiologicamente,"Outras vacinas é aplicável a nenhuma etiologia alvo direta, não a Meningite pneumocócica.",90,16
RONDONOPOLIS,Meningite por Hib/Hemófilo,Meningocócica polissacarídica A/C,VacinaContraPolissacaridicaAC_bin_v17,Não aplicável etiologicamente,"Meningocócica polissacarídica A/C é aplicável a Doença meningocócica, não a Meningite por Hib/Hemófilo.",1,1
RONDONOPOLIS,Meningite por Hib/Hemófilo,Meningocócica polissacarídica B/C,VacinaContraPolissacaridicaBC_bin_v17,Não aplicável etiologicamente,"Meningocócica polissacarídica B/C é aplicável a Doença meningocócica, não a Meningite por Hib/Hemófilo.",1,1
RONDONOPOLIS,Meningite por Hib/Hemófilo,Meningocócica C conjugada,VacinaConjugadaMeningoC_bin_v17,Não aplicável etiologicamente,"Meningocócica C conjugada é aplicável a Doença meningocócica, não a Meningite por Hib/Hemófilo.",1,1
RONDONOPOLIS,Meningite por Hib/Hemófilo,BCG,VacinaContraBCG_bin_v17,Não aplicável etiologicamente,"BCG é aplicável a Meningite tuberculosa, não a Meningite por Hib/Hemófilo.",1,1
RONDONOPOLIS,Meningite por Hib/Hemófilo,Pneumocócica,VacinaContraPneumococo_bin_v17,Não aplicável etiologicamente,"Pneumocócica é aplicável a Meningite pneumocócica, não a Meningite por Hib/Hemófilo.",1,1
RONDONOPOLIS,Meningite por Hib/Hemófilo,Tríplice bacteriana/DTP,VacinaContraTriplice_bin_v17,Não aplicável etiologicamente,"Tríplice bacteriana/DTP é aplicável a nenhuma etiologia alvo direta, não a Meningite por Hib/Hemófilo.",1,1
RONDONOPOLIS,Meningite por Hib/Hemófilo,Outras vacinas,VacinaOutras_bin_v17,Não aplicável etiologicamente,"Outras vacinas é aplicável a nenhuma etiologia alvo direta, não a Meningite por Hib/Hemófilo.",1,0
RONDONOPOLIS,Meningite tuberculosa,Meningocócica polissacarídica A/C,VacinaContraPolissacaridicaAC_bin_v17,Não aplicável etiologicamente,"Meningocócica polissacarídica A/C é aplicável a Doença meningocócica, não a Meningite tuberculosa.",4,1
RONDONOPOLIS,Meningite tuberculosa,Meningocócica polissacarídica B/C,VacinaContraPolissacaridicaBC_bin_v17,Não aplicável etiologicamente,"Meningocócica polissacarídica B/C é aplicável a Doença meningocócica, não a Meningite tuberculosa.",4,1
RONDONOPOLIS,Meningite tuberculosa,Meningocócica C conjugada,VacinaConjugadaMeningoC_bin_v17,Não aplicável etiologicamente,"Meningocócica C conjugada é aplicável a Doença meningocócica, não a Meningite tuberculosa.",4,1
RONDONOPOLIS,Meningite tuberculosa,Hib/Hemófilos,VacinaContraHemofilos_bin_v17,Não aplicável etiologicamente,"Hib/Hemófilos é aplicável a Meningite por Hib/Hemófilo, não a Meningite tuberculosa.",4,1
RONDONOPOLIS,Meningite tuberculosa,Pneumocócica,VacinaContraPneumococo_bin_v17,Não aplicável etiologicamente,"Pneumocócica é aplicável a Meningite pneumocócica, não a Meningite tuberculosa.",4,1
RONDONOPOLIS,Meningite tuberculosa,Tríplice bacteriana/DTP,VacinaContraTriplice_bin_v17,Não aplicável etiologicamente,"Tríplice bacteriana/DTP é aplicável a nenhuma etiologia alvo direta, não a Meningite tuberculosa.",4,1
RONDONOPOLIS,Meningite tuberculosa,Outras vacinas,VacinaOutras_bin_v17,Não aplicável etiologicamente,"Outras vacinas é aplicável a nenhuma etiologia alvo direta, não a Meningite tuberculosa.",4,1
RONDONOPOLIS,Meningite viral/asséptica,Meningocócica polissacarídica A/C,VacinaContraPolissacaridicaAC_bin_v17,Não aplicável etiologicamente,Não há vacina correspondente para esta classificação; viral/asséptica não entra em EV vacinal.,219,70
RONDONOPOLIS,Meningite viral/asséptica,Meningocócica polissacarídica B/C,VacinaContraPolissacaridicaBC_bin_v17,Não aplicável etiologicamente,Não há vacina correspondente para esta classificação; viral/asséptica não entra em EV vacinal.,219,68
RONDONOPOLIS,Meningite viral/asséptica,Meningocócica C conjugada,VacinaConjugadaMeningoC_bin_v17,Não aplicável etiologicamente,Não há vacina correspondente para esta classificação; viral/asséptica não entra em EV vacinal.,219,76
RONDONOPOLIS,Meningite viral/asséptica,BCG,VacinaContraBCG_bin_v17,Não aplicável etiologicamente,Não há vacina correspondente para esta classificação; viral/asséptica não entra em EV vacinal.,219,82
RONDONOPOLIS,Meningite viral/asséptica,Hib/Hemófilos,VacinaContraHemofilos_bin_v17,Não aplicável etiologicamente,Não há vacina correspondente para esta classificação; viral/asséptica não entra em EV vacinal.,219,63
RONDONOPOLIS,Meningite viral/asséptica,Pneumocócica,VacinaContraPneumococo_bin_v17,Não aplicável etiologicamente,Não há vacina correspondente para esta classificação; viral/asséptica não entra em EV vacinal.,219,68
RONDONOPOLIS,Meningite viral/asséptica,Tríplice bacteriana/DTP,VacinaContraTriplice_bin_v17,Não aplicável etiologicamente,Não há vacina correspondente para esta classificação; viral/asséptica não entra em EV vacinal.,219,64
RONDONOPOLIS,Meningite viral/asséptica,Outras vacinas,VacinaOutras_bin_v17,Não aplicável etiologicamente,Não há vacina correspondente para esta classificação; viral/asséptica não entra em EV vacinal.,219,61
RONDONOPOLIS,Outras etiologias,Meningocócica polissacarídica A/C,VacinaContraPolissacaridicaAC_bin_v17,Não aplicável etiologicamente,"Meningocócica polissacarídica A/C é aplicável a Doença meningocócica, não a Outras etiologias.",249,62
RONDONOPOLIS,Outras etiologias,Meningocócica polissacarídica B/C,VacinaContraPolissacaridicaBC_bin_v17,Não aplicável etiologicamente,"Meningocócica polissacarídica B/C é aplicável a Doença meningocócica, não a Outras etiologias.",249,62
RONDONOPOLIS,Outras etiologias,Meningocócica C conjugada,VacinaConjugadaMeningoC_bin_v17,Não aplicável etiologicamente,"Meningocócica C conjugada é aplicável a Doença meningocócica, não a Outras etiologias.",249,69
RONDONOPOLIS,Outras etiologias,BCG,VacinaContraBCG_bin_v17,Não aplicável etiologicamente,"BCG é aplicável a Meningite tuberculosa, não a Outras etiologias.",249,75
RONDONOPOLIS,Outras etiologias,Hib/Hemófilos,VacinaContraHemofilos_bin_v17,Não aplicável etiologicamente,"Hib/Hemófilos é aplicável a Meningite por Hib/Hemófilo, não a Outras etiologias.",249,57
RONDONOPOLIS,Outras etiologias,Pneumocócica,VacinaContraPneumococo_bin_v17,Não aplicável etiologicamente,"Pneumocócica é aplicável a Meningite pneumocócica, não a Outras etiologias.",249,59
RONDONOPOLIS,Outras etiologias,Tríplice bacteriana/DTP,VacinaContraTriplice_bin_v17,Não aplicável etiologicamente,"Tríplice bacteriana/DTP é aplicável a nenhuma etiologia alvo direta, não a Outras etiologias.",249,57
RONDONOPOLIS,Outras etiologias,Outras vacinas,VacinaOutras_bin_v17,Não aplicável etiologicamente,"Outras vacinas é aplicável a nenhuma etiologia alvo direta, não a Outras etiologias.",249,51
SAO FELIX DO ARAGUAIA,Outras etiologias,Meningocócica polissacarídica A/C,VacinaContraPolissacaridicaAC_bin_v17,Não aplicável etiologicamente,"Meningocócica polissacarídica A/C é aplicável a Doença meningocócica, não a Outras etiologias.",11,2
SAO FELIX DO ARAGUAIA,Outras etiologias,Meningocócica polissacarídica B/C,VacinaContraPolissacaridicaBC_bin_v17,Não aplicável etiologicamente,"Meningocócica polissacarídica B/C é aplicável a Doença meningocócica, não a Outras etiologias.",11,2
SAO FELIX DO ARAGUAIA,Outras etiologias,Meningocócica C conjugada,VacinaConjugadaMeningoC_bin_v17,Não aplicável etiologicamente,"Meningocócica C conjugada é aplicável a Doença meningocócica, não a Outras etiologias.",11,3
SAO FELIX DO ARAGUAIA,Outras etiologias,BCG,VacinaContraBCG_bin_v17,Não aplicável etiologicamente,"BCG é aplicável a Meningite tuberculosa, não a Outras etiologias.",11,2
SAO FELIX DO ARAGUAIA,Outras etiologias,Hib/Hemófilos,VacinaContraHemofilos_bin_v17,Não aplicável etiologicamente,"Hib/Hemófilos é aplicável a Meningite por Hib/Hemófilo, não a Outras etiologias.",11,1
SAO FELIX DO ARAGUAIA,Outras etiologias,Pneumocócica,VacinaContraPneumococo_bin_v17,Não aplicável etiologicamente,"Pneumocócica é aplicável a Meningite pneumocócica, não a Outras etiologias.",11,2
SAO FELIX DO ARAGUAIA,Outras etiologias,Tríplice bacteriana/DTP,VacinaContraTriplice_bin_v17,Não aplicável etiologicamente,"Tríplice bacteriana/DTP é aplicável a nenhuma etiologia alvo direta, não a Outras etiologias.",11,1
SAO FELIX DO ARAGUAIA,Outras etiologias,Outras vacinas,VacinaOutras_bin_v17,Não aplicável etiologicamente,"Outras vacinas é aplicável a nenhuma etiologia alvo direta, não a Outras etiologias.",11,0
SINOP,Doença meningocócica,BCG,VacinaContraBCG_bin_v17,Não aplicável etiologicamente,"BCG é aplicável a Meningite tuberculosa, não a Doença meningocócica.",66,30
SINOP,Doença meningocócica,Hib/Hemófilos,VacinaContraHemofilos_bin_v17,Não aplicável etiologicamente,"Hib/Hemófilos é aplicável a Meningite por Hib/Hemófilo, não a Doença meningocócica.",66,26
SINOP,Doença meningocócica,Pneumocócica,VacinaContraPneumococo_bin_v17,Não aplicável etiologicamente,"Pneumocócica é aplicável a Meningite pneumocócica, não a Doença meningocócica.",66,26
SINOP,Doença meningocócica,Tríplice bacteriana/DTP,VacinaContraTriplice_bin_v17,Não aplicável etiologicamente,"Tríplice bacteriana/DTP é aplicável a nenhuma etiologia alvo direta, não a Doença meningocócica.",66,27
SINOP,Doença meningocócica,Outras vacinas,VacinaOutras_bin_v17,Não aplicável etiologicamente,"Outras vacinas é aplicável a nenhuma etiologia alvo direta, não a Doença meningocócica.",66,24
SINOP,Meningite bacteriana/outras bactérias,Meningocócica polissacarídica A/C,VacinaContraPolissacaridicaAC_bin_v17,Não aplicável etiologicamente,"Meningocócica polissacarídica A/C é aplicável a Doença meningocócica, não a Meningite bacteriana/outras bactérias.",68,25
SINOP,Meningite bacteriana/outras bactérias,Meningocócica polissacarídica B/C,VacinaContraPolissacaridicaBC_bin_v17,Não aplicável etiologicamente,"Meningocócica polissacarídica B/C é aplicável a Doença meningocócica, não a Meningite bacteriana/outras bactérias.",68,24
SINOP,Meningite bacteriana/outras bactérias,Meningocócica C conjugada,VacinaConjugadaMeningoC_bin_v17,Não aplicável etiologicamente,"Meningocócica C conjugada é aplicável a Doença meningocócica, não a Meningite bacteriana/outras bactérias.",68,27
SINOP,Meningite bacteriana/outras bactérias,BCG,VacinaContraBCG_bin_v17,Não aplicável etiologicamente,"BCG é aplicável a Meningite tuberculosa, não a Meningite bacteriana/outras bactérias.",68,31
SINOP,Meningite bacteriana/outras bactérias,Hib/Hemófilos,VacinaContraHemofilos_bin_v17,Não aplicável etiologicamente,"Hib/Hemófilos é aplicável a Meningite por Hib/Hemófilo, não a Meningite bacteriana/outras bactérias.",68,29
SINOP,Meningite bacteriana/outras bactérias,Pneumocócica,VacinaContraPneumococo_bin_v17,Não aplicável etiologicamente,"Pneumocócica é aplicável a Meningite pneumocócica, não a Meningite bacteriana/outras bactérias.",68,26
SINOP,Meningite bacteriana/outras bactérias,Tríplice bacteriana/DTP,VacinaContraTriplice_bin_v17,Não aplicável etiologicamente,"Tríplice bacteriana/DTP é aplicável a nenhuma etiologia alvo direta, não a Meningite bacteriana/outras bactérias.",68,31
SINOP,Meningite bacteriana/outras bactérias,Outras vacinas,VacinaOutras_bin_v17,Não aplicável etiologicamente,"Outras vacinas é aplicável a nenhuma etiologia alvo direta, não a Meningite bacteriana/outras bactérias.",68,26
SINOP,Meningite fúngica,Meningocócica polissacarídica A/C,VacinaContraPolissacaridicaAC_bin_v17,Não aplicável etiologicamente,"Meningocócica polissacarídica A/C é aplicável a Doença meningocócica, não a Meningite fúngica.",24,6
SINOP,Meningite fúngica,Meningocócica polissacarídica B/C,VacinaContraPolissacaridicaBC_bin_v17,Não aplicável etiologicamente,"Meningocócica polissacarídica B/C é aplicável a Doença meningocócica, não a Meningite fúngica.",24,6
SINOP,Meningite fúngica,Meningocócica C conjugada,VacinaConjugadaMeningoC_bin_v17,Não aplicável etiologicamente,"Meningocócica C conjugada é aplicável a Doença meningocócica, não a Meningite fúngica.",24,6
SINOP,Meningite fúngica,BCG,VacinaContraBCG_bin_v17,Não aplicável etiologicamente,"BCG é aplicável a Meningite tuberculosa, não a Meningite fúngica.",24,6
SINOP,Meningite fúngica,Hib/Hemófilos,VacinaContraHemofilos_bin_v17,Não aplicável etiologicamente,"Hib/Hemófilos é aplicável a Meningite por Hib/Hemófilo, não a Meningite fúngica.",24,6
SINOP,Meningite fúngica,Pneumocócica,VacinaContraPneumococo_bin_v17,Não aplicável etiologicamente,"Pneumocócica é aplicável a Meningite pneumocócica, não a Meningite fúngica.",24,6
SINOP,Meningite fúngica,Tríplice bacteriana/DTP,VacinaContraTriplice_bin_v17,Não aplicável etiologicamente,"Tríplice bacteriana/DTP é aplicável a nenhuma etiologia alvo direta, não a Meningite fúngica.",24,6
SINOP,Meningite fúngica,Outras vacinas,VacinaOutras_bin_v17,Não aplicável etiologicamente,"Outras vacinas é aplicável a nenhuma etiologia alvo direta, não a Meningite fúngica.",24,6
SINOP,Meningite não especificada,Meningocócica polissacarídica A/C,VacinaContraPolissacaridicaAC_bin_v17,Não aplicável etiologicamente,"Meningocócica polissacarídica A/C é aplicável a Doença meningocócica, não a Meningite não especificada.",158,43
SINOP,Meningite não especificada,Meningocócica polissacarídica B/C,VacinaContraPolissacaridicaBC_bin_v17,Não aplicável etiologicamente,"Meningocócica polissacarídica B/C é aplicável a Doença meningocócica, não a Meningite não especificada.",158,44
SINOP,Meningite não especificada,Meningocócica C conjugada,VacinaConjugadaMeningoC_bin_v17,Não aplicável etiologicamente,"Meningocócica C conjugada é aplicável a Doença meningocócica, não a Meningite não especificada.",158,48
SINOP,Meningite não especificada,BCG,VacinaContraBCG_bin_v17,Não aplicável etiologicamente,"BCG é aplicável a Meningite tuberculosa, não a Meningite não especificada.",158,50
SINOP,Meningite não especificada,Hib/Hemófilos,VacinaContraHemofilos_bin_v17,Não aplicável etiologicamente,"Hib/Hemófilos é aplicável a Meningite por Hib/Hemófilo, não a Meningite não especificada.",158,40
SINOP,Meningite não especificada,Pneumocócica,VacinaContraPneumococo_bin_v17,Não aplicável etiologicamente,"Pneumocócica é aplicável a Meningite pneumocócica, não a Meningite não especificada.",158,44
SINOP,Meningite não especificada,Tríplice bacteriana/DTP,VacinaContraTriplice_bin_v17,Não aplicável etiologicamente,"Tríplice bacteriana/DTP é aplicável a nenhuma etiologia alvo direta, não a Meningite não especificada.",158,41
SINOP,Meningite não especificada,Outras vacinas,VacinaOutras_bin_v17,Não aplicável etiologicamente,"Outras vacinas é aplicável a nenhuma etiologia alvo direta, não a Meningite não especificada.",158,40
SINOP,Meningite pneumocócica,Meningocócica polissacarídica A/C,VacinaContraPolissacaridicaAC_bin_v17,Não aplicável etiologicamente,"Meningocócica polissacarídica A/C é aplicável a Doença meningocócica, não a Meningite pneumocócica.",25,7
SINOP,Meningite pneumocócica,Meningocócica polissacarídica B/C,VacinaContraPolissacaridicaBC_bin_v17,Não aplicável etiologicamente,"Meningocócica polissacarídica B/C é aplicável a Doença meningocócica, não a Meningite pneumocócica.",25,7
SINOP,Meningite pneumocócica,Meningocócica C conjugada,VacinaConjugadaMeningoC_bin_v17,Não aplicável etiologicamente,"Meningocócica C conjugada é aplicável a Doença meningocócica, não a Meningite pneumocócica.",25,7
SINOP,Meningite pneumocócica,BCG,VacinaContraBCG_bin_v17,Não aplicável etiologicamente,"BCG é aplicável a Meningite tuberculosa, não a Meningite pneumocócica.",25,7
SINOP,Meningite pneumocócica,Hib/Hemófilos,VacinaContraHemofilos_bin_v17,Não aplicável etiologicamente,"Hib/Hemófilos é aplicável a Meningite por Hib/Hemófilo, não a Meningite pneumocócica.",25,7
SINOP,Meningite pneumocócica,Tríplice bacteriana/DTP,VacinaContraTriplice_bin_v17,Não aplicável etiologicamente,"Tríplice bacteriana/DTP é aplicável a nenhuma etiologia alvo direta, não a Meningite pneumocócica.",25,6
SINOP,Meningite pneumocócica,Outras vacinas,VacinaOutras_bin_v17,Não aplicável etiologicamente,"Outras vacinas é aplicável a nenhuma etiologia alvo direta, não a Meningite pneumocócica.",25,7
SINOP,Meningite por Hib/Hemófilo,Meningocócica polissacarídica A/C,VacinaContraPolissacaridicaAC_bin_v17,Não aplicável etiologicamente,"Meningocócica polissacarídica A/C é aplicável a Doença meningocócica, não a Meningite por Hib/Hemófilo.",2,1
SINOP,Meningite por Hib/Hemófilo,Meningocócica polissacarídica B/C,VacinaContraPolissacaridicaBC_bin_v17,Não aplicável etiologicamente,"Meningocócica polissacarídica B/C é aplicável a Doença meningocócica, não a Meningite por Hib/Hemófilo.",2,1
SINOP,Meningite por Hib/Hemófilo,Meningocócica C conjugada,VacinaConjugadaMeningoC_bin_v17,Não aplicável etiologicamente,"Meningocócica C conjugada é aplicável a Doença meningocócica, não a Meningite por Hib/Hemófilo.",2,1
SINOP,Meningite por Hib/Hemófilo,BCG,VacinaContraBCG_bin_v17,Não aplicável etiologicamente,"BCG é aplicável a Meningite tuberculosa, não a Meningite por Hib/Hemófilo.",2,1
SINOP,Meningite por Hib/Hemófilo,Pneumocócica,VacinaContraPneumococo_bin_v17,Não aplicável etiologicamente,"Pneumocócica é aplicável a Meningite pneumocócica, não a Meningite por Hib/Hemófilo.",2,1
SINOP,Meningite por Hib/Hemófilo,Tríplice bacteriana/DTP,VacinaContraTriplice_bin_v17,Não aplicável etiologicamente,"Tríplice bacteriana/DTP é aplicável a nenhuma etiologia alvo direta, não a Meningite por Hib/Hemófilo.",2,1
SINOP,Meningite por Hib/Hemófilo,Outras vacinas,VacinaOutras_bin_v17,Não aplicável etiologicamente,"Outras vacinas é aplicável a nenhuma etiologia alvo direta, não a Meningite por Hib/Hemófilo.",2,2
SINOP,Meningite tuberculosa,Meningocócica polissacarídica A/C,VacinaContraPolissacaridicaAC_bin_v17,Não aplicável etiologicamente,"Meningocócica polissacarídica A/C é aplicável a Doença meningocócica, não a Meningite tuberculosa.",3,0
SINOP,Meningite tuberculosa,Meningocócica polissacarídica B/C,VacinaContraPolissacaridicaBC_bin_v17,Não aplicável etiologicamente,"Meningocócica polissacarídica B/C é aplicável a Doença meningocócica, não a Meningite tuberculosa.",3,0
SINOP,Meningite tuberculosa,Meningocócica C conjugada,VacinaConjugadaMeningoC_bin_v17,Não aplicável etiologicamente,"Meningocócica C conjugada é aplicável a Doença meningocócica, não a Meningite tuberculosa.",3,0
SINOP,Meningite tuberculosa,Hib/Hemófilos,VacinaContraHemofilos_bin_v17,Não aplicável etiologicamente,"Hib/Hemófilos é aplicável a Meningite por Hib/Hemófilo, não a Meningite tuberculosa.",3,0
SINOP,Meningite tuberculosa,Pneumocócica,VacinaContraPneumococo_bin_v17,Não aplicável etiologicamente,"Pneumocócica é aplicável a Meningite pneumocócica, não a Meningite tuberculosa.",3,0
SINOP,Meningite tuberculosa,Tríplice bacteriana/DTP,VacinaContraTriplice_bin_v17,Não aplicável etiologicamente,"Tríplice bacteriana/DTP é aplicável a nenhuma etiologia alvo direta, não a Meningite tuberculosa.",3,0
SINOP,Meningite tuberculosa,Outras vacinas,VacinaOutras_bin_v17,Não aplicável etiologicamente,"Outras vacinas é aplicável a nenhuma etiologia alvo direta, não a Meningite tuberculosa.",3,0
SINOP,Meningite viral/asséptica,Meningocócica polissacarídica A/C,VacinaContraPolissacaridicaAC_bin_v17,Não aplicável etiologicamente,Não há vacina correspondente para esta classificação; viral/asséptica não entra em EV vacinal.,186,82
SINOP,Meningite viral/asséptica,Meningocócica polissacarídica B/C,VacinaContraPolissacaridicaBC_bin_v17,Não aplicável etiologicamente,Não há vacina correspondente para esta classificação; viral/asséptica não entra em EV vacinal.,186,82
SINOP,Meningite viral/asséptica,Meningocócica C conjugada,VacinaConjugadaMeningoC_bin_v17,Não aplicável etiologicamente,Não há vacina correspondente para esta classificação; viral/asséptica não entra em EV vacinal.,186,83
SINOP,Meningite viral/asséptica,BCG,VacinaContraBCG_bin_v17,Não aplicável etiologicamente,Não há vacina correspondente para esta classificação; viral/asséptica não entra em EV vacinal.,186,93
SINOP,Meningite viral/asséptica,Hib/Hemófilos,VacinaContraHemofilos_bin_v17,Não aplicável etiologicamente,Não há vacina correspondente para esta classificação; viral/asséptica não entra em EV vacinal.,186,82
SINOP,Meningite viral/asséptica,Pneumocócica,VacinaContraPneumococo_bin_v17,Não aplicável etiologicamente,Não há vacina correspondente para esta classificação; viral/asséptica não entra em EV vacinal.,186,85
SINOP,Meningite viral/asséptica,Tríplice bacteriana/DTP,VacinaContraTriplice_bin_v17,Não aplicável etiologicamente,Não há vacina correspondente para esta classificação; viral/asséptica não entra em EV vacinal.,186,84
SINOP,Meningite viral/asséptica,Outras vacinas,VacinaOutras_bin_v17,Não aplicável etiologicamente,Não há vacina correspondente para esta classificação; viral/asséptica não entra em EV vacinal.,186,79
SINOP,Outras etiologias,Meningocócica polissacarídica A/C,VacinaContraPolissacaridicaAC_bin_v17,Não aplicável etiologicamente,"Meningocócica polissacarídica A/C é aplicável a Doença meningocócica, não a Outras etiologias.",300,85
SINOP,Outras etiologias,Meningocócica polissacarídica B/C,VacinaContraPolissacaridicaBC_bin_v17,Não aplicável etiologicamente,"Meningocócica polissacarídica B/C é aplicável a Doença meningocócica, não a Outras etiologias.",300,88
SINOP,Outras etiologias,Meningocócica C conjugada,VacinaConjugadaMeningoC_bin_v17,Não aplicável etiologicamente,"Meningocócica C conjugada é aplicável a Doença meningocócica, não a Outras etiologias.",300,109
SINOP,Outras etiologias,BCG,VacinaContraBCG_bin_v17,Não aplicável etiologicamente,"BCG é aplicável a Meningite tuberculosa, não a Outras etiologias.",300,119
SINOP,Outras etiologias,Hib/Hemófilos,VacinaContraHemofilos_bin_v17,Não aplicável etiologicamente,"Hib/Hemófilos é aplicável a Meningite por Hib/Hemófilo, não a Outras etiologias.",300,84
SINOP,Outras etiologias,Pneumocócica,VacinaContraPneumococo_bin_v17,Não aplicável etiologicamente,"Pneumocócica é aplicável a Meningite pneumocócica, não a Outras etiologias.",300,99
SINOP,Outras etiologias,Tríplice bacteriana/DTP,VacinaContraTriplice_bin_v17,Não aplicável etiologicamente,"Tríplice bacteriana/DTP é aplicável a nenhuma etiologia alvo direta, não a Outras etiologias.",300,97
SINOP,Outras etiologias,Outras vacinas,VacinaOutras_bin_v17,Não aplicável etiologicamente,"Outras vacinas é aplicável a nenhuma etiologia alvo direta, não a Outras etiologias.",300,77
TANGARA DA SERRA,Doença meningocócica,BCG,VacinaContraBCG_bin_v17,Não aplicável etiologicamente,"BCG é aplicável a Meningite tuberculosa, não a Doença meningocócica.",7,5
TANGARA DA SERRA,Doença meningocócica,Hib/Hemófilos,VacinaContraHemofilos_bin_v17,Não aplicável etiologicamente,"Hib/Hemófilos é aplicável a Meningite por Hib/Hemófilo, não a Doença meningocócica.",7,4
TANGARA DA SERRA,Doença meningocócica,Pneumocócica,VacinaContraPneumococo_bin_v17,Não aplicável etiologicamente,"Pneumocócica é aplicável a Meningite pneumocócica, não a Doença meningocócica.",7,5
TANGARA DA SERRA,Doença meningocócica,Tríplice bacteriana/DTP,VacinaContraTriplice_bin_v17,Não aplicável etiologicamente,"Tríplice bacteriana/DTP é aplicável a nenhuma etiologia alvo direta, não a Doença meningocócica.",7,4
TANGARA DA SERRA,Doença meningocócica,Outras vacinas,VacinaOutras_bin_v17,Não aplicável etiologicamente,"Outras vacinas é aplicável a nenhuma etiologia alvo direta, não a Doença meningocócica.",7,3
TANGARA DA SERRA,Meningite bacteriana/outras bactérias,Meningocócica polissacarídica A/C,VacinaContraPolissacaridicaAC_bin_v17,Não aplicável etiologicamente,"Meningocócica polissacarídica A/C é aplicável a Doença meningocócica, não a Meningite bacteriana/outras bactérias.",16,5
TANGARA DA SERRA,Meningite bacteriana/outras bactérias,Meningocócica polissacarídica B/C,VacinaContraPolissacaridicaBC_bin_v17,Não aplicável etiologicamente,"Meningocócica polissacarídica B/C é aplicável a Doença meningocócica, não a Meningite bacteriana/outras bactérias.",16,5
TANGARA DA SERRA,Meningite bacteriana/outras bactérias,Meningocócica C conjugada,VacinaConjugadaMeningoC_bin_v17,Não aplicável etiologicamente,"Meningocócica C conjugada é aplicável a Doença meningocócica, não a Meningite bacteriana/outras bactérias.",16,6
TANGARA DA SERRA,Meningite bacteriana/outras bactérias,BCG,VacinaContraBCG_bin_v17,Não aplicável etiologicamente,"BCG é aplicável a Meningite tuberculosa, não a Meningite bacteriana/outras bactérias.",16,7
TANGARA DA SERRA,Meningite bacteriana/outras bactérias,Hib/Hemófilos,VacinaContraHemofilos_bin_v17,Não aplicável etiologicamente,"Hib/Hemófilos é aplicável a Meningite por Hib/Hemófilo, não a Meningite bacteriana/outras bactérias.",16,6
TANGARA DA SERRA,Meningite bacteriana/outras bactérias,Pneumocócica,VacinaContraPneumococo_bin_v17,Não aplicável etiologicamente,"Pneumocócica é aplicável a Meningite pneumocócica, não a Meningite bacteriana/outras bactérias.",16,6
TANGARA DA SERRA,Meningite bacteriana/outras bactérias,Tríplice bacteriana/DTP,VacinaContraTriplice_bin_v17,Não aplicável etiologicamente,"Tríplice bacteriana/DTP é aplicável a nenhuma etiologia alvo direta, não a Meningite bacteriana/outras bactérias.",16,4
TANGARA DA SERRA,Meningite bacteriana/outras bactérias,Outras vacinas,VacinaOutras_bin_v17,Não aplicável etiologicamente,"Outras vacinas é aplicável a nenhuma etiologia alvo direta, não a Meningite bacteriana/outras bactérias.",16,4
TANGARA DA SERRA,Meningite fúngica,Meningocócica polissacarídica A/C,VacinaContraPolissacaridicaAC_bin_v17,Não aplicável etiologicamente,"Meningocócica polissacarídica A/C é aplicável a Doença meningocócica, não a Meningite fúngica.",5,2
TANGARA DA SERRA,Meningite fúngica,Meningocócica polissacarídica B/C,VacinaContraPolissacaridicaBC_bin_v17,Não aplicável etiologicamente,"Meningocócica polissacarídica B/C é aplicável a Doença meningocócica, não a Meningite fúngica.",5,2
TANGARA DA SERRA,Meningite fúngica,Meningocócica C conjugada,VacinaConjugadaMeningoC_bin_v17,Não aplicável etiologicamente,"Meningocócica C conjugada é aplicável a Doença meningocócica, não a Meningite fúngica.",5,2
TANGARA DA SERRA,Meningite fúngica,BCG,VacinaContraBCG_bin_v17,Não aplicável etiologicamente,"BCG é aplicável a Meningite tuberculosa, não a Meningite fúngica.",5,3
TANGARA DA SERRA,Meningite fúngica,Hib/Hemófilos,VacinaContraHemofilos_bin_v17,Não aplicável etiologicamente,"Hib/Hemófilos é aplicável a Meningite por Hib/Hemófilo, não a Meningite fúngica.",5,2
TANGARA DA SERRA,Meningite fúngica,Pneumocócica,VacinaContraPneumococo_bin_v17,Não aplicável etiologicamente,"Pneumocócica é aplicável a Meningite pneumocócica, não a Meningite fúngica.",5,2
TANGARA DA SERRA,Meningite fúngica,Tríplice bacteriana/DTP,VacinaContraTriplice_bin_v17,Não aplicável etiologicamente,"Tríplice bacteriana/DTP é aplicável a nenhuma etiologia alvo direta, não a Meningite fúngica.",5,2
TANGARA DA SERRA,Meningite fúngica,Outras vacinas,VacinaOutras_bin_v17,Não aplicável etiologicamente,"Outras vacinas é aplicável a nenhuma etiologia alvo direta, não a Meningite fúngica.",5,1
TANGARA DA SERRA,Meningite não especificada,Meningocócica polissacarídica A/C,VacinaContraPolissacaridicaAC_bin_v17,Não aplicável etiologicamente,"Meningocócica polissacarídica A/C é aplicável a Doença meningocócica, não a Meningite não especificada.",49,20
TANGARA DA SERRA,Meningite não especificada,Meningocócica polissacarídica B/C,VacinaContraPolissacaridicaBC_bin_v17,Não aplicável etiologicamente,"Meningocócica polissacarídica B/C é aplicável a Doença meningocócica, não a Meningite não especificada.",49,20
TANGARA DA SERRA,Meningite não especificada,Meningocócica C conjugada,VacinaConjugadaMeningoC_bin_v17,Não aplicável etiologicamente,"Meningocócica C conjugada é aplicável a Doença meningocócica, não a Meningite não especificada.",49,23
TANGARA DA SERRA,Meningite não especificada,BCG,VacinaContraBCG_bin_v17,Não aplicável etiologicamente,"BCG é aplicável a Meningite tuberculosa, não a Meningite não especificada.",49,26
TANGARA DA SERRA,Meningite não especificada,Hib/Hemófilos,VacinaContraHemofilos_bin_v17,Não aplicável etiologicamente,"Hib/Hemófilos é aplicável a Meningite por Hib/Hemófilo, não a Meningite não especificada.",49,24
TANGARA DA SERRA,Meningite não especificada,Pneumocócica,VacinaContraPneumococo_bin_v17,Não aplicável etiologicamente,"Pneumocócica é aplicável a Meningite pneumocócica, não a Meningite não especificada.",49,19
TANGARA DA SERRA,Meningite não especificada,Tríplice bacteriana/DTP,VacinaContraTriplice_bin_v17,Não aplicável etiologicamente,"Tríplice bacteriana/DTP é aplicável a nenhuma etiologia alvo direta, não a Meningite não especificada.",49,19
TANGARA DA SERRA,Meningite não especificada,Outras vacinas,VacinaOutras_bin_v17,Não aplicável etiologicamente,"Outras vacinas é aplicável a nenhuma etiologia alvo direta, não a Meningite não especificada.",49,14
TANGARA DA SERRA,Meningite pneumocócica,Meningocócica polissacarídica A/C,VacinaContraPolissacaridicaAC_bin_v17,Não aplicável etiologicamente,"Meningocócica polissacarídica A/C é aplicável a Doença meningocócica, não a Meningite pneumocócica.",11,4
TANGARA DA SERRA,Meningite pneumocócica,Meningocócica polissacarídica B/C,VacinaContraPolissacaridicaBC_bin_v17,Não aplicável etiologicamente,"Meningocócica polissacarídica B/C é aplicável a Doença meningocócica, não a Meningite pneumocócica.",11,4
TANGARA DA SERRA,Meningite pneumocócica,Meningocócica C conjugada,VacinaConjugadaMeningoC_bin_v17,Não aplicável etiologicamente,"Meningocócica C conjugada é aplicável a Doença meningocócica, não a Meningite pneumocócica.",11,4
TANGARA DA SERRA,Meningite pneumocócica,BCG,VacinaContraBCG_bin_v17,Não aplicável etiologicamente,"BCG é aplicável a Meningite tuberculosa, não a Meningite pneumocócica.",11,4
TANGARA DA SERRA,Meningite pneumocócica,Hib/Hemófilos,VacinaContraHemofilos_bin_v17,Não aplicável etiologicamente,"Hib/Hemófilos é aplicável a Meningite por Hib/Hemófilo, não a Meningite pneumocócica.",11,4
TANGARA DA SERRA,Meningite pneumocócica,Tríplice bacteriana/DTP,VacinaContraTriplice_bin_v17,Não aplicável etiologicamente,"Tríplice bacteriana/DTP é aplicável a nenhuma etiologia alvo direta, não a Meningite pneumocócica.",11,4
TANGARA DA SERRA,Meningite pneumocócica,Outras vacinas,VacinaOutras_bin_v17,Não aplicável etiologicamente,"Outras vacinas é aplicável a nenhuma etiologia alvo direta, não a Meningite pneumocócica.",11,2
TANGARA DA SERRA,Meningite por Hib/Hemófilo,Meningocócica polissacarídica A/C,VacinaContraPolissacaridicaAC_bin_v17,Não aplicável etiologicamente,"Meningocócica polissacarídica A/C é aplicável a Doença meningocócica, não a Meningite por Hib/Hemófilo.",1,1
TANGARA DA SERRA,Meningite por Hib/Hemófilo,Meningocócica polissacarídica B/C,VacinaContraPolissacaridicaBC_bin_v17,Não aplicável etiologicamente,"Meningocócica polissacarídica B/C é aplicável a Doença meningocócica, não a Meningite por Hib/Hemófilo.",1,1
TANGARA DA SERRA,Meningite por Hib/Hemófilo,Meningocócica C conjugada,VacinaConjugadaMeningoC_bin_v17,Não aplicável etiologicamente,"Meningocócica C conjugada é aplicável a Doença meningocócica, não a Meningite por Hib/Hemófilo.",1,1
TANGARA DA SERRA,Meningite por Hib/Hemófilo,BCG,VacinaContraBCG_bin_v17,Não aplicável etiologicamente,"BCG é aplicável a Meningite tuberculosa, não a Meningite por Hib/Hemófilo.",1,1
TANGARA DA SERRA,Meningite por Hib/Hemófilo,Pneumocócica,VacinaContraPneumococo_bin_v17,Não aplicável etiologicamente,"Pneumocócica é aplicável a Meningite pneumocócica, não a Meningite por Hib/Hemófilo.",1,1
TANGARA DA SERRA,Meningite por Hib/Hemófilo,Tríplice bacteriana/DTP,VacinaContraTriplice_bin_v17,Não aplicável etiologicamente,"Tríplice bacteriana/DTP é aplicável a nenhuma etiologia alvo direta, não a Meningite por Hib/Hemófilo.",1,1
TANGARA DA SERRA,Meningite por Hib/Hemófilo,Outras vacinas,VacinaOutras_bin_v17,Não aplicável etiologicamente,"Outras vacinas é aplicável a nenhuma etiologia alvo direta, não a Meningite por Hib/Hemófilo.",1,1
TANGARA DA SERRA,Meningite tuberculosa,Meningocócica polissacarídica A/C,VacinaContraPolissacaridicaAC_bin_v17,Não aplicável etiologicamente,"Meningocócica polissacarídica A/C é aplicável a Doença meningocócica, não a Meningite tuberculosa.",1,1
TANGARA DA SERRA,Meningite tuberculosa,Meningocócica polissacarídica B/C,VacinaContraPolissacaridicaBC_bin_v17,Não aplicável etiologicamente,"Meningocócica polissacarídica B/C é aplicável a Doença meningocócica, não a Meningite tuberculosa.",1,1
TANGARA DA SERRA,Meningite tuberculosa,Meningocócica C conjugada,VacinaConjugadaMeningoC_bin_v17,Não aplicável etiologicamente,"Meningocócica C conjugada é aplicável a Doença meningocócica, não a Meningite tuberculosa.",1,1
TANGARA DA SERRA,Meningite tuberculosa,Hib/Hemófilos,VacinaContraHemofilos_bin_v17,Não aplicável etiologicamente,"Hib/Hemófilos é aplicável a Meningite por Hib/Hemófilo, não a Meningite tuberculosa.",1,0
TANGARA DA SERRA,Meningite tuberculosa,Pneumocócica,VacinaContraPneumococo_bin_v17,Não aplicável etiologicamente,"Pneumocócica é aplicável a Meningite pneumocócica, não a Meningite tuberculosa.",1,0
TANGARA DA SERRA,Meningite tuberculosa,Tríplice bacteriana/DTP,VacinaContraTriplice_bin_v17,Não aplicável etiologicamente,"Tríplice bacteriana/DTP é aplicável a nenhuma etiologia alvo direta, não a Meningite tuberculosa.",1,0
TANGARA DA SERRA,Meningite tuberculosa,Outras vacinas,VacinaOutras_bin_v17,Não aplicável etiologicamente,"Outras vacinas é aplicável a nenhuma etiologia alvo direta, não a Meningite tuberculosa.",1,0
TANGARA DA SERRA,Meningite viral/asséptica,Meningocócica polissacarídica A/C,VacinaContraPolissacaridicaAC_bin_v17,Não aplicável etiologicamente,Não há vacina correspondente para esta classificação; viral/asséptica não entra em EV vacinal.,31,8
TANGARA DA SERRA,Meningite viral/asséptica,Meningocócica polissacarídica B/C,VacinaContraPolissacaridicaBC_bin_v17,Não aplicável etiologicamente,Não há vacina correspondente para esta classificação; viral/asséptica não entra em EV vacinal.,31,8
TANGARA DA SERRA,Meningite viral/asséptica,Meningocócica C conjugada,VacinaConjugadaMeningoC_bin_v17,Não aplicável etiologicamente,Não há vacina correspondente para esta classificação; viral/asséptica não entra em EV vacinal.,31,15
TANGARA DA SERRA,Meningite viral/asséptica,BCG,VacinaContraBCG_bin_v17,Não aplicável etiologicamente,Não há vacina correspondente para esta classificação; viral/asséptica não entra em EV vacinal.,31,15
TANGARA DA SERRA,Meningite viral/asséptica,Hib/Hemófilos,VacinaContraHemofilos_bin_v17,Não aplicável etiologicamente,Não há vacina correspondente para esta classificação; viral/asséptica não entra em EV vacinal.,31,13
TANGARA DA SERRA,Meningite viral/asséptica,Pneumocócica,VacinaContraPneumococo_bin_v17,Não aplicável etiologicamente,Não há vacina correspondente para esta classificação; viral/asséptica não entra em EV vacinal.,31,10
TANGARA DA SERRA,Meningite viral/asséptica,Tríplice bacteriana/DTP,VacinaContraTriplice_bin_v17,Não aplicável etiologicamente,Não há vacina correspondente para esta classificação; viral/asséptica não entra em EV vacinal.,31,11
TANGARA DA SERRA,Meningite viral/asséptica,Outras vacinas,VacinaOutras_bin_v17,Não aplicável etiologicamente,Não há vacina correspondente para esta classificação; viral/asséptica não entra em EV vacinal.,31,4
TANGARA DA SERRA,Outras etiologias,Meningocócica polissacarídica A/C,VacinaContraPolissacaridicaAC_bin_v17,Não aplicável etiologicamente,"Meningocócica polissacarídica A/C é aplicável a Doença meningocócica, não a Outras etiologias.",223,63
TANGARA DA SERRA,Outras etiologias,Meningocócica polissacarídica B/C,VacinaContraPolissacaridicaBC_bin_v17,Não aplicável etiologicamente,"Meningocócica polissacarídica B/C é aplicável a Doença meningocócica, não a Outras etiologias.",223,61
TANGARA DA SERRA,Outras etiologias,Meningocócica C conjugada,VacinaConjugadaMeningoC_bin_v17,Não aplicável etiologicamente,"Meningocócica C conjugada é aplicável a Doença meningocócica, não a Outras etiologias.",223,68
TANGARA DA SERRA,Outras etiologias,BCG,VacinaContraBCG_bin_v17,Não aplicável etiologicamente,"BCG é aplicável a Meningite tuberculosa, não a Outras etiologias.",223,82
TANGARA DA SERRA,Outras etiologias,Hib/Hemófilos,VacinaContraHemofilos_bin_v17,Não aplicável etiologicamente,"Hib/Hemófilos é aplicável a Meningite por Hib/Hemófilo, não a Outras etiologias.",223,66
TANGARA DA SERRA,Outras etiologias,Pneumocócica,VacinaContraPneumococo_bin_v17,Não aplicável etiologicamente,"Pneumocócica é aplicável a Meningite pneumocócica, não a Outras etiologias.",223,60
TANGARA DA SERRA,Outras etiologias,Tríplice bacteriana/DTP,VacinaContraTriplice_bin_v17,Não aplicável etiologicamente,"Tríplice bacteriana/DTP é aplicável a nenhuma etiologia alvo direta, não a Outras etiologias.",223,72
TANGARA DA SERRA,Outras etiologias,Outras vacinas,VacinaOutras_bin_v17,Não aplicável etiologicamente,"Outras vacinas é aplicável a nenhuma etiologia alvo direta, não a Outras etiologias.",223,52
